info: ===> TimeStamp : 2025-08-26 06:19:25===> API : null ===> Message : validateRequest() invoked
info: ===> TimeStamp : 2025-08-26 06:19:25===> API : null ===> Message : fetchDBSettings()
info: ===> TimeStamp : 2025-08-26 06:19:25===> API : null ===> Message : validateRequest() Invoked!
info: ===> TimeStamp : 2025-08-26 06:19:25===> API : null ===> Message : validRequest() :: Api validated Successfully
info: ===> TimeStamp : 2025-08-26 06:19:25===> API : /api/billing/addBillingDetails ===> Message : addBillingDetails() invoked!!
info: ===> TimeStamp : 2025-08-26 06:19:25===> API : /api/billing/addBillingDetails ===> Message : getPackageItemDetails() :: DB :: Invoked !
info: ===> TimeStamp : 2025-08-26 06:19:25===> API : /api/billing/addBillingDetails ===> Message : newBooking() :: DB :: Invoked !
info: ===> TimeStamp : 2025-08-26 06:19:25===> API : /api/billing/addBillingDetails ===> Message : newBooking() :: DB :: Invoked !
info: ===> TimeStamp : 2025-08-26 06:19:26===> API : /api/billing/addBillingDetails ===> Message : newBooking() :: DB :: Invoked !
info: ===> TimeStamp : 2025-08-26 06:19:26===> API : /api/billing/addBillingDetails ===> Message : newBooking() :: DB :: Invoked !
info: ===> TimeStamp : 2025-08-26 06:19:28===> API : /api/billing/addBillingDetails ===> Message : addBillingDetailsResponse() invoked!
info: ===> TimeStamp : 2025-08-26 06:19:28===> API : /api/billing/addBillingDetails ===> Message : addBillingDetailsResponse() completed
info: ===> TimeStamp : 2025-08-26 06:19:28===> API : null ===> Message : validateRequest() invoked
info: ===> TimeStamp : 2025-08-26 06:19:28===> API : null ===> Message : fetchDBSettings()
info: ===> TimeStamp : 2025-08-26 06:19:28===> API : null ===> Message : validateRequest() Invoked!
info: ===> TimeStamp : 2025-08-26 06:19:28===> API : null ===> Message : validRequest() :: Api validated Successfully
info: ===> TimeStamp : 2025-08-26 06:19:28===> API : /api/billing/updateItemDetailsBill ===> Message : updateItemDetailsBill() invoked!!
info: ===> TimeStamp : 2025-08-26 06:19:28===> API : /api/billing/updateItemDetailsBill ===> Message : updateItemDetailsBill() :: DB :: Invoked !
info: ===> TimeStamp : 2025-08-26 06:19:28===> API : /api/billing/updateItemDetailsBill ===> Message : updateItemDetailsBillResponse() invoked!
info: ===> TimeStamp : 2025-08-26 06:19:28===> API : /api/billing/updateItemDetailsBill ===> Message : updateItemDetailsBillResponse() completed
info: ===> TimeStamp : 2025-08-26 06:19:29===> API : null ===> Message : validateRequest() invoked
info: ===> TimeStamp : 2025-08-26 06:19:29===> API : null ===> Message : fetchDBSettings()
info: ===> TimeStamp : 2025-08-26 06:19:29===> API : null ===> Message : validateRequest() Invoked!
info: ===> TimeStamp : 2025-08-26 06:19:29===> API : null ===> Message : validRequest() :: Api validated Successfully
info: ===> TimeStamp : 2025-08-26 06:19:29===> API : /api/billing/uploadBillFile ===> Message : uploadBillFile() invoked!!
info: ===> TimeStamp : 2025-08-26 06:19:30===> API : /api/billing/uploadBillFile ===> Message : uploadBillFile() :: DB :: Invoked !
info: ===> TimeStamp : 2025-08-26 06:19:30===> API : /api/billing/uploadBillFile ===> Message : uploadBillFileResponse() invoked!
info: ===> TimeStamp : 2025-08-26 06:19:30===> API : /api/billing/uploadBillFile ===> Message : uploadBillFileResponse() completed
info: ===> TimeStamp : 2025-08-26 06:19:34===> API : null ===> Message : validateRequest() invoked
info: ===> TimeStamp : 2025-08-26 06:19:34===> API : null ===> Message : fetchDBSettings()
info: ===> TimeStamp : 2025-08-26 06:19:34===> API : null ===> Message : validateRequest() Invoked!
info: ===> TimeStamp : 2025-08-26 06:19:34===> API : null ===> Message : validRequest() :: Api validated Successfully
info: ===> TimeStamp : 2025-08-26 06:19:34===> API : /api/billing/uploadBillFile ===> Message : uploadBillFile() invoked!!
info: ===> TimeStamp : 2025-08-26 06:19:34===> API : /api/billing/uploadBillFile ===> Message : uploadBillFile() :: DB :: Invoked !
info: ===> TimeStamp : 2025-08-26 06:19:34===> API : /api/billing/uploadBillFile ===> Message : uploadBillFileResponse() invoked!
info: ===> TimeStamp : 2025-08-26 06:19:34===> API : /api/billing/uploadBillFile ===> Message : uploadBillFileResponse() completed
info: ===> TimeStamp : 2025-08-26 06:19:34===> API : null ===> Message : validateRequest() invoked
info: ===> TimeStamp : 2025-08-26 06:19:34===> API : null ===> Message : fetchDBSettings()
info: ===> TimeStamp : 2025-08-26 06:19:34===> API : null ===> Message : validateRequest() Invoked!
info: ===> TimeStamp : 2025-08-26 06:19:34===> API : null ===> Message : validRequest() :: Api validated Successfully
info: ===> TimeStamp : 2025-08-26 06:19:34===> API : /api/billing/sendBillMail ===> Message : sendBillMail() invoked!!
info: ===> TimeStamp : 2025-08-26 06:19:37===> API : /api/billing/sendBillMail ===> Message : notifySellers() :: Email sent :: Success :: 250 2.0.0 OK  1756169377 d9443c01a7336-246687b52f9sm79421335ad.59 - gsmtp !
info: ===> TimeStamp : 2025-08-26 06:19:37===> API : /api/billing/sendBillMail ===> Message : sendBillMailResponse() invoked!
info: ===> TimeStamp : 2025-08-26 06:19:37===> API : /api/billing/sendBillMail ===> Message : sendBillMailResponse() completed
info: ===> TimeStamp : 2025-08-26 06:23:07===> API : null ===> Message : validateRequest() invoked
info: ===> TimeStamp : 2025-08-26 06:23:07===> API : null ===> Message : fetchDBSettings()
info: ===> TimeStamp : 2025-08-26 06:23:07===> API : null ===> Message : validateRequest() Invoked!
info: ===> TimeStamp : 2025-08-26 06:23:07===> API : null ===> Message : validRequest() :: Api validated Successfully
info: ===> TimeStamp : 2025-08-26 06:23:07===> API : /api/billing/addBillingDetails ===> Message : addBillingDetails() invoked!!
info: ===> TimeStamp : 2025-08-26 06:23:07===> API : /api/billing/addBillingDetails ===> Message : getPackageItemDetails() :: DB :: Invoked !
info: ===> TimeStamp : 2025-08-26 06:23:07===> API : /api/billing/addBillingDetails ===> Message : newBooking() :: DB :: Invoked !
info: ===> TimeStamp : 2025-08-26 06:23:07===> API : /api/billing/addBillingDetails ===> Message : newBooking() :: DB :: Invoked !
info: ===> TimeStamp : 2025-08-26 06:23:08===> API : /api/billing/addBillingDetails ===> Message : newBooking() :: DB :: Invoked !
info: ===> TimeStamp : 2025-08-26 06:23:08===> API : /api/billing/addBillingDetails ===> Message : newBooking() :: DB :: Invoked !
info: ===> TimeStamp : 2025-08-26 06:23:10===> API : /api/billing/addBillingDetails ===> Message : addBillingDetailsResponse() invoked!
info: ===> TimeStamp : 2025-08-26 06:23:10===> API : /api/billing/addBillingDetails ===> Message : addBillingDetailsResponse() completed
info: ===> TimeStamp : 2025-08-26 06:23:10===> API : null ===> Message : validateRequest() invoked
info: ===> TimeStamp : 2025-08-26 06:23:10===> API : null ===> Message : fetchDBSettings()
info: ===> TimeStamp : 2025-08-26 06:23:10===> API : null ===> Message : validateRequest() Invoked!
info: ===> TimeStamp : 2025-08-26 06:23:10===> API : null ===> Message : validRequest() :: Api validated Successfully
info: ===> TimeStamp : 2025-08-26 06:23:10===> API : /api/billing/updateItemDetailsBill ===> Message : updateItemDetailsBill() invoked!!
info: ===> TimeStamp : 2025-08-26 06:23:10===> API : /api/billing/updateItemDetailsBill ===> Message : updateItemDetailsBill() :: DB :: Invoked !
info: ===> TimeStamp : 2025-08-26 06:23:10===> API : /api/billing/updateItemDetailsBill ===> Message : updateItemDetailsBillResponse() completed
info: ===> TimeStamp : 2025-08-26 06:23:10===> API : /api/billing/updateItemDetailsBill ===> Message : updateItemDetailsBillResponse() invoked!
info: ===> TimeStamp : 2025-08-26 06:23:11===> API : null ===> Message : validateRequest() invoked
info: ===> TimeStamp : 2025-08-26 06:23:11===> API : null ===> Message : fetchDBSettings()
info: ===> TimeStamp : 2025-08-26 06:23:11===> API : null ===> Message : validateRequest() Invoked!
info: ===> TimeStamp : 2025-08-26 06:23:11===> API : null ===> Message : validRequest() :: Api validated Successfully
info: ===> TimeStamp : 2025-08-26 06:23:11===> API : /api/billing/uploadBillFile ===> Message : uploadBillFile() invoked!!
info: ===> TimeStamp : 2025-08-26 06:23:11===> API : /api/billing/uploadBillFile ===> Message : uploadBillFile() :: DB :: Invoked !
info: ===> TimeStamp : 2025-08-26 06:23:11===> API : /api/billing/uploadBillFile ===> Message : uploadBillFileResponse() invoked!
info: ===> TimeStamp : 2025-08-26 06:23:11===> API : /api/billing/uploadBillFile ===> Message : uploadBillFileResponse() completed
info: ===> TimeStamp : 2025-08-26 06:23:33===> API : null ===> Message : validateRequest() invoked
info: ===> TimeStamp : 2025-08-26 06:23:33===> API : null ===> Message : fetchDBSettings()
info: ===> TimeStamp : 2025-08-26 06:23:33===> API : null ===> Message : validateRequest() Invoked!
info: ===> TimeStamp : 2025-08-26 06:23:33===> API : null ===> Message : validRequest() :: Api validated Successfully
info: ===> TimeStamp : 2025-08-26 06:23:33===> API : /api/billing/uploadBillFile ===> Message : uploadBillFile() invoked!!
info: ===> TimeStamp : 2025-08-26 06:23:33===> API : /api/billing/uploadBillFile ===> Message : uploadBillFile() :: DB :: Invoked !
info: ===> TimeStamp : 2025-08-26 06:23:33===> API : /api/billing/uploadBillFile ===> Message : uploadBillFileResponse() invoked!
info: ===> TimeStamp : 2025-08-26 06:23:33===> API : /api/billing/uploadBillFile ===> Message : uploadBillFileResponse() completed
info: ===> TimeStamp : 2025-08-26 06:23:33===> API : null ===> Message : validateRequest() invoked
info: ===> TimeStamp : 2025-08-26 06:23:33===> API : null ===> Message : fetchDBSettings()
info: ===> TimeStamp : 2025-08-26 06:23:33===> API : null ===> Message : validateRequest() Invoked!
info: ===> TimeStamp : 2025-08-26 06:23:33===> API : null ===> Message : validRequest() :: Api validated Successfully
info: ===> TimeStamp : 2025-08-26 06:23:33===> API : /api/billing/sendBillMail ===> Message : sendBillMail() invoked!!
info: ===> TimeStamp : 2025-08-26 06:23:36===> API : /api/billing/sendBillMail ===> Message : notifySellers() :: Email sent :: Success :: 250 2.0.0 OK  1756169616 d9443c01a7336-24668660c3bsm79807265ad.0 - gsmtp !
info: ===> TimeStamp : 2025-08-26 06:23:36===> API : /api/billing/sendBillMail ===> Message : sendBillMailResponse() invoked!
info: ===> TimeStamp : 2025-08-26 06:23:36===> API : /api/billing/sendBillMail ===> Message : sendBillMailResponse() completed
info: ===> TimeStamp : 2025-08-26 06:23:51===> API : null ===> Message : validateRequest() invoked
info: ===> TimeStamp : 2025-08-26 06:23:51===> API : null ===> Message : fetchDBSettings()
info: ===> TimeStamp : 2025-08-26 06:23:51===> API : null ===> Message : validateRequest() invoked
info: ===> TimeStamp : 2025-08-26 06:23:51===> API : null ===> Message : fetchDBSettings()
info: ===> TimeStamp : 2025-08-26 06:23:51===> API : null ===> Message : validateRequest() invoked
info: ===> TimeStamp : 2025-08-26 06:23:51===> API : null ===> Message : fetchDBSettings()
info: ===> TimeStamp : 2025-08-26 06:23:51===> API : null ===> Message : validateRequest() Invoked!
info: ===> TimeStamp : 2025-08-26 06:23:51===> API : null ===> Message : validateRequest() invoked
info: ===> TimeStamp : 2025-08-26 06:23:51===> API : null ===> Message : fetchDBSettings()
info: ===> TimeStamp : 2025-08-26 06:23:51===> API : null ===> Message : validateRequest() Invoked!
info: ===> TimeStamp : 2025-08-26 06:23:52===> API : null ===> Message : validateRequest() Invoked!
info: ===> TimeStamp : 2025-08-26 06:23:52===> API : null ===> Message : validateRequest() Invoked!
info: ===> TimeStamp : 2025-08-26 06:23:52===> API : null ===> Message : validRequest() :: Api validated Successfully
info: ===> TimeStamp : 2025-08-26 06:23:52===> API : /api/billing/getBillingDetails?billId=0&userId=0&billingDate=2025-08-26&shiftId=0&isBookingWebsite=0&futureDate=&fromDate=&toDate= ===> Message : getBilliDetailsByBillDate() :: DB :: Invoked !
info: ===> TimeStamp : 2025-08-26 06:23:52===> API : /api/billing/getBillingDetails?billId=0&userId=0&billingDate=2025-08-26&shiftId=0&isBookingWebsite=0&futureDate=&fromDate=&toDate= ===> Message : getBillingDetails() invoked!!
info: ===> TimeStamp : 2025-08-26 06:23:52===> API : null ===> Message : validRequest() :: Api validated Successfully
info: ===> TimeStamp : 2025-08-26 06:23:52===> API : /api/billing/fetchVoidBill ===> Message : fetchVoidBill() :: DB :: Invoked !
info: ===> TimeStamp : 2025-08-26 06:23:52===> API : /api/billing/fetchVoidBill ===> Message : fetchVoidBill() invoked!!
info: ===> TimeStamp : 2025-08-26 06:23:52===> API : /api/billing/getBillingDetails?billId=0&userId=0&billingDate=2025-08-26&shiftId=0&isBookingWebsite=0&futureDate=&fromDate=&toDate= ===> Message : getBillingDetailsResponse() invoked!
info: ===> TimeStamp : 2025-08-26 06:23:52===> API : /api/billing/getBillingDetails?billId=0&userId=0&billingDate=2025-08-26&shiftId=0&isBookingWebsite=0&futureDate=&fromDate=&toDate= ===> Message : getBillingDetailsResponse() completed
info: ===> TimeStamp : 2025-08-26 06:23:52===> API : null ===> Message : validRequest() :: Api validated Successfully
info: ===> TimeStamp : 2025-08-26 06:23:52===> API : /api/billing/getBillingDetails?billId=0&userId=0&billingDate=2025-08-26&shiftId=0&isBookingWebsite=0&futureDate=2025-08-26&fromDate=&toDate= ===> Message : getBillingDetails() invoked!!
info: ===> TimeStamp : 2025-08-26 06:23:52===> API : null ===> Message : validRequest() :: Api validated Successfully
info: ===> TimeStamp : 2025-08-26 06:23:52===> API : /api/billing/noShowGuestList ===> Message : noShowGuestList() invoked!!
info: ===> TimeStamp : 2025-08-26 06:23:52===> API : /api/billing/noShowGuestList ===> Message : noShowGuestList() :: DB :: Invoked !
info: ===> TimeStamp : 2025-08-26 06:23:52===> API : null ===> Message : validateRequest() invoked
info: ===> TimeStamp : 2025-08-26 06:23:52===> API : null ===> Message : fetchDBSettings()
info: ===> TimeStamp : 2025-08-26 06:23:52===> API : null ===> Message : validateRequest() Invoked!
info: ===> TimeStamp : 2025-08-26 06:23:52===> API : null ===> Message : validRequest() :: Api validated Successfully
info: ===> TimeStamp : 2025-08-26 06:23:52===> API : /api/billing/getBillingDetails?billId=0&userId=0&billingDate=2025-08-26&shiftId=0&isBookingWebsite=0&futureDate=&fromDate=&toDate= ===> Message : getBillingDetails() invoked!!
info: ===> TimeStamp : 2025-08-26 06:23:52===> API : /api/billing/getBillingDetails?billId=0&userId=0&billingDate=2025-08-26&shiftId=0&isBookingWebsite=0&futureDate=&fromDate=&toDate= ===> Message : getBilliDetailsByBillDate() :: DB :: Invoked !
info: ===> TimeStamp : 2025-08-26 06:23:52===> API : /api/billing/getBillingDetails?billId=0&userId=0&billingDate=2025-08-26&shiftId=0&isBookingWebsite=0&futureDate=&fromDate=&toDate= ===> Message : getBillingDetailsResponse() invoked!
info: ===> TimeStamp : 2025-08-26 06:23:52===> API : /api/billing/getBillingDetails?billId=0&userId=0&billingDate=2025-08-26&shiftId=0&isBookingWebsite=0&futureDate=&fromDate=&toDate= ===> Message : getBillingDetailsResponse() completed
info: ===> TimeStamp : 2025-08-26 06:23:53===> API : /api/billing/noShowGuestList ===> Message : noShowGuestListResponse() invoked!
info: ===> TimeStamp : 2025-08-26 06:23:53===> API : /api/billing/noShowGuestList ===> Message : noShowGuestListResponse() completed
info: ===> TimeStamp : 2025-08-26 06:23:53===> API : /api/billing/fetchVoidBill ===> Message : fetchVoidBillResponse() invoked!
info: ===> TimeStamp : 2025-08-26 06:23:53===> API : /api/billing/fetchVoidBill ===> Message : fetchVoidBillResponse() completed
info: ===> TimeStamp : 2025-08-26 06:23:53===> API : null ===> Message : validateRequest() invoked
info: ===> TimeStamp : 2025-08-26 06:23:53===> API : null ===> Message : fetchDBSettings()
info: ===> TimeStamp : 2025-08-26 06:23:53===> API : null ===> Message : validateRequest() Invoked!
info: ===> TimeStamp : 2025-08-26 06:23:53===> API : null ===> Message : validRequest() :: Api validated Successfully
info: ===> TimeStamp : 2025-08-26 06:23:53===> API : /api/billing/noShowGuestList ===> Message : noShowGuestList() invoked!!
info: ===> TimeStamp : 2025-08-26 06:23:53===> API : /api/billing/noShowGuestList ===> Message : noShowGuestList() :: DB :: Invoked !
info: ===> TimeStamp : 2025-08-26 06:23:54===> API : /api/billing/noShowGuestList ===> Message : noShowGuestListResponse() invoked!
info: ===> TimeStamp : 2025-08-26 06:23:54===> API : /api/billing/noShowGuestList ===> Message : noShowGuestListResponse() completed
info: ===> TimeStamp : 2025-08-26 06:23:55===> API : null ===> Message : validateRequest() invoked
info: ===> TimeStamp : 2025-08-26 06:23:55===> API : null ===> Message : fetchDBSettings()
info: ===> TimeStamp : 2025-08-26 06:23:55===> API : null ===> Message : validateRequest() Invoked!
info: ===> TimeStamp : 2025-08-26 06:23:55===> API : null ===> Message : validRequest() :: Api validated Successfully
info: ===> TimeStamp : 2025-08-26 06:23:55===> API : /api/billing/updateItemDetailsBill ===> Message : updateItemDetailsBill() invoked!!
info: ===> TimeStamp : 2025-08-26 06:23:55===> API : /api/billing/updateItemDetailsBill ===> Message : updateItemDetailsBill() :: DB :: Invoked !
info: ===> TimeStamp : 2025-08-26 06:23:55===> API : /api/billing/updateItemDetailsBill ===> Message : updateItemDetailsBillResponse() invoked!
info: ===> TimeStamp : 2025-08-26 06:23:55===> API : /api/billing/updateItemDetailsBill ===> Message : updateItemDetailsBillResponse() completed
info: ===> TimeStamp : 2025-08-26 06:23:56===> API : null ===> Message : validateRequest() invoked
info: ===> TimeStamp : 2025-08-26 06:23:56===> API : null ===> Message : fetchDBSettings()
info: ===> TimeStamp : 2025-08-26 06:23:56===> API : null ===> Message : validateRequest() Invoked!
info: ===> TimeStamp : 2025-08-26 06:23:56===> API : null ===> Message : validRequest() :: Api validated Successfully
info: ===> TimeStamp : 2025-08-26 06:23:56===> API : /api/billing/uploadBillFile ===> Message : uploadBillFile() invoked!!
info: ===> TimeStamp : 2025-08-26 06:23:56===> API : /api/billing/uploadBillFile ===> Message : uploadBillFile() :: DB :: Invoked !
info: ===> TimeStamp : 2025-08-26 06:23:56===> API : /api/billing/uploadBillFile ===> Message : uploadBillFileResponse() invoked!
info: ===> TimeStamp : 2025-08-26 06:23:56===> API : /api/billing/uploadBillFile ===> Message : uploadBillFileResponse() completed
info: ===> TimeStamp : 2025-08-26 06:23:59===> API : null ===> Message : validateRequest() invoked
info: ===> TimeStamp : 2025-08-26 06:23:59===> API : null ===> Message : fetchDBSettings()
info: ===> TimeStamp : 2025-08-26 06:23:59===> API : null ===> Message : validateRequest() Invoked!
info: ===> TimeStamp : 2025-08-26 06:23:59===> API : null ===> Message : validRequest() :: Api validated Successfully
info: ===> TimeStamp : 2025-08-26 06:23:59===> API : /api/billing/uploadBillFile ===> Message : uploadBillFile() invoked!!
info: ===> TimeStamp : 2025-08-26 06:24:00===> API : /api/billing/uploadBillFile ===> Message : uploadBillFile() :: DB :: Invoked !
info: ===> TimeStamp : 2025-08-26 06:24:00===> API : /api/billing/uploadBillFile ===> Message : uploadBillFileResponse() invoked!
info: ===> TimeStamp : 2025-08-26 06:24:00===> API : /api/billing/uploadBillFile ===> Message : uploadBillFileResponse() completed
info: ===> TimeStamp : 2025-08-26 06:24:00===> API : null ===> Message : validateRequest() invoked
info: ===> TimeStamp : 2025-08-26 06:24:00===> API : null ===> Message : fetchDBSettings()
info: ===> TimeStamp : 2025-08-26 06:24:00===> API : null ===> Message : validateRequest() Invoked!
info: ===> TimeStamp : 2025-08-26 06:24:00===> API : null ===> Message : validRequest() :: Api validated Successfully
info: ===> TimeStamp : 2025-08-26 06:24:00===> API : /api/billing/sendBillMail ===> Message : sendBillMail() invoked!!
info: ===> TimeStamp : 2025-08-26 06:24:02===> API : /api/billing/sendBillMail ===> Message : notifySellers() :: Email sent :: Success :: 250 2.0.0 OK  1756169642 d2e1a72fcca58-77057368ca0sm5449884b3a.58 - gsmtp !
info: ===> TimeStamp : 2025-08-26 06:24:02===> API : /api/billing/sendBillMail ===> Message : sendBillMailResponse() invoked!
info: ===> TimeStamp : 2025-08-26 06:24:02===> API : /api/billing/sendBillMail ===> Message : sendBillMailResponse() completed
info: ===> TimeStamp : 2025-08-26 06:24:17===> API : null ===> Message : validateRequest() invoked
info: ===> TimeStamp : 2025-08-26 06:24:17===> API : null ===> Message : fetchDBSettings()
info: ===> TimeStamp : 2025-08-26 06:24:17===> API : null ===> Message : validateRequest() invoked
info: ===> TimeStamp : 2025-08-26 06:24:17===> API : null ===> Message : fetchDBSettings()
info: ===> TimeStamp : 2025-08-26 06:24:17===> API : null ===> Message : validateRequest() invoked
info: ===> TimeStamp : 2025-08-26 06:24:17===> API : null ===> Message : fetchDBSettings()
info: ===> TimeStamp : 2025-08-26 06:24:17===> API : null ===> Message : validateRequest() Invoked!
info: ===> TimeStamp : 2025-08-26 06:24:17===> API : null ===> Message : validateRequest() Invoked!
info: ===> TimeStamp : 2025-08-26 06:24:17===> API : null ===> Message : validateRequest() Invoked!
info: ===> TimeStamp : 2025-08-26 06:24:17===> API : null ===> Message : validRequest() :: Api validated Successfully
info: ===> TimeStamp : 2025-08-26 06:24:17===> API : /api/billing/fetchVoidBill ===> Message : fetchVoidBill() invoked!!
info: ===> TimeStamp : 2025-08-26 06:24:17===> API : /api/billing/fetchVoidBill ===> Message : fetchVoidBill() :: DB :: Invoked !
info: ===> TimeStamp : 2025-08-26 06:24:17===> API : null ===> Message : validRequest() :: Api validated Successfully
info: ===> TimeStamp : 2025-08-26 06:24:17===> API : /api/billing/getBillingDetails?billId=0&userId=0&billingDate=2025-08-26&shiftId=0&isBookingWebsite=0&futureDate=&fromDate=&toDate= ===> Message : getBillingDetails() invoked!!
info: ===> TimeStamp : 2025-08-26 06:24:17===> API : /api/billing/getBillingDetails?billId=0&userId=0&billingDate=2025-08-26&shiftId=0&isBookingWebsite=0&futureDate=&fromDate=&toDate= ===> Message : getBilliDetailsByBillDate() :: DB :: Invoked !
info: ===> TimeStamp : 2025-08-26 06:24:17===> API : null ===> Message : validRequest() :: Api validated Successfully
info: ===> TimeStamp : 2025-08-26 06:24:17===> API : /api/billing/noShowGuestList ===> Message : noShowGuestList() invoked!!
info: ===> TimeStamp : 2025-08-26 06:24:17===> API : /api/billing/noShowGuestList ===> Message : noShowGuestList() :: DB :: Invoked !
info: ===> TimeStamp : 2025-08-26 06:24:17===> API : /api/billing/getBillingDetails?billId=0&userId=0&billingDate=2025-08-26&shiftId=0&isBookingWebsite=0&futureDate=&fromDate=&toDate= ===> Message : getBillingDetailsResponse() invoked!
info: ===> TimeStamp : 2025-08-26 06:24:17===> API : /api/billing/getBillingDetails?billId=0&userId=0&billingDate=2025-08-26&shiftId=0&isBookingWebsite=0&futureDate=&fromDate=&toDate= ===> Message : getBillingDetailsResponse() completed
info: ===> TimeStamp : 2025-08-26 06:24:17===> API : null ===> Message : validateRequest() invoked
info: ===> TimeStamp : 2025-08-26 06:24:17===> API : null ===> Message : fetchDBSettings()
info: ===> TimeStamp : 2025-08-26 06:24:17===> API : null ===> Message : validateRequest() Invoked!
info: ===> TimeStamp : 2025-08-26 06:24:17===> API : null ===> Message : validRequest() :: Api validated Successfully
info: ===> TimeStamp : 2025-08-26 06:24:17===> API : /api/billing/getBillingDetails?billId=0&userId=0&billingDate=2025-08-26&shiftId=0&isBookingWebsite=0&futureDate=&fromDate=&toDate= ===> Message : getBilliDetailsByBillDate() :: DB :: Invoked !
info: ===> TimeStamp : 2025-08-26 06:24:17===> API : /api/billing/getBillingDetails?billId=0&userId=0&billingDate=2025-08-26&shiftId=0&isBookingWebsite=0&futureDate=&fromDate=&toDate= ===> Message : getBillingDetails() invoked!!
info: ===> TimeStamp : 2025-08-26 06:24:17===> API : /api/billing/getBillingDetails?billId=0&userId=0&billingDate=2025-08-26&shiftId=0&isBookingWebsite=0&futureDate=&fromDate=&toDate= ===> Message : getBillingDetailsResponse() invoked!
info: ===> TimeStamp : 2025-08-26 06:24:17===> API : /api/billing/getBillingDetails?billId=0&userId=0&billingDate=2025-08-26&shiftId=0&isBookingWebsite=0&futureDate=&fromDate=&toDate= ===> Message : getBillingDetailsResponse() completed
info: ===> TimeStamp : 2025-08-26 06:24:18===> API : /api/billing/noShowGuestList ===> Message : noShowGuestListResponse() invoked!
info: ===> TimeStamp : 2025-08-26 06:24:18===> API : /api/billing/noShowGuestList ===> Message : noShowGuestListResponse() completed
info: ===> TimeStamp : 2025-08-26 06:24:18===> API : null ===> Message : validateRequest() invoked
info: ===> TimeStamp : 2025-08-26 06:24:18===> API : null ===> Message : fetchDBSettings()
info: ===> TimeStamp : 2025-08-26 06:24:18===> API : null ===> Message : validateRequest() Invoked!
info: ===> TimeStamp : 2025-08-26 06:24:18===> API : /api/billing/fetchVoidBill ===> Message : fetchVoidBillResponse() invoked!
info: ===> TimeStamp : 2025-08-26 06:24:18===> API : /api/billing/fetchVoidBill ===> Message : fetchVoidBillResponse() completed
info: ===> TimeStamp : 2025-08-26 06:24:18===> API : null ===> Message : validRequest() :: Api validated Successfully
info: ===> TimeStamp : 2025-08-26 06:24:18===> API : /api/billing/noShowGuestList ===> Message : noShowGuestList() invoked!!
info: ===> TimeStamp : 2025-08-26 06:24:18===> API : /api/billing/noShowGuestList ===> Message : noShowGuestList() :: DB :: Invoked !
info: ===> TimeStamp : 2025-08-26 06:24:19===> API : /api/billing/noShowGuestList ===> Message : noShowGuestListResponse() invoked!
info: ===> TimeStamp : 2025-08-26 06:24:19===> API : /api/billing/noShowGuestList ===> Message : noShowGuestListResponse() completed
info: ===> TimeStamp : 2025-08-26 06:24:37===> API : null ===> Message : validateRequest() invoked
info: ===> TimeStamp : 2025-08-26 06:24:37===> API : null ===> Message : fetchDBSettings()
info: ===> TimeStamp : 2025-08-26 06:24:37===> API : null ===> Message : validateRequest() Invoked!
info: ===> TimeStamp : 2025-08-26 06:24:37===> API : null ===> Message : validRequest() :: Api validated Successfully
info: ===> TimeStamp : 2025-08-26 06:24:37===> API : /api/billing/getBillingDetails?billId=0&userId=0&billingDate=2025-08-26&shiftId=0&isBookingWebsite=0&futureDate=2025-08-26&fromDate=&toDate= ===> Message : getBillingDetails() invoked!!
info: ===> TimeStamp : 2025-08-26 06:31:05===> API : null ===> Message : validateRequest() invoked
info: ===> TimeStamp : 2025-08-26 06:31:05===> API : null ===> Message : fetchDBSettings()
info: ===> TimeStamp : 2025-08-26 06:31:05===> API : null ===> Message : validateRequest() Invoked!
info: ===> TimeStamp : 2025-08-26 06:31:05===> API : null ===> Message : validRequest() :: Api validated Successfully
info: ===> TimeStamp : 2025-08-26 06:31:05===> API : /api/billing/addBillingDetails ===> Message : addBillingDetails() invoked!!
info: ===> TimeStamp : 2025-08-26 06:31:05===> API : /api/billing/addBillingDetails ===> Message : getPackageItemDetails() :: DB :: Invoked !
info: ===> TimeStamp : 2025-08-26 06:31:05===> API : /api/billing/addBillingDetails ===> Message : newBooking() :: DB :: Invoked !
info: ===> TimeStamp : 2025-08-26 06:31:05===> API : /api/billing/addBillingDetails ===> Message : newBooking() :: DB :: Invoked !
info: ===> TimeStamp : 2025-08-26 06:31:07===> API : /api/billing/addBillingDetails ===> Message : newBooking() :: DB :: Invoked !
info: ===> TimeStamp : 2025-08-26 06:31:07===> API : /api/billing/addBillingDetails ===> Message : newBooking() :: DB :: Invoked !
info: ===> TimeStamp : 2025-08-26 06:31:08===> API : /api/billing/addBillingDetails ===> Message : addBillingDetailsResponse() invoked!
info: ===> TimeStamp : 2025-08-26 06:31:08===> API : /api/billing/addBillingDetails ===> Message : addBillingDetailsResponse() completed
info: ===> TimeStamp : 2025-08-26 06:31:08===> API : null ===> Message : validateRequest() invoked
info: ===> TimeStamp : 2025-08-26 06:31:08===> API : null ===> Message : fetchDBSettings()
info: ===> TimeStamp : 2025-08-26 06:31:08===> API : null ===> Message : validateRequest() Invoked!
info: ===> TimeStamp : 2025-08-26 06:31:08===> API : null ===> Message : validRequest() :: Api validated Successfully
info: ===> TimeStamp : 2025-08-26 06:31:08===> API : /api/billing/updateItemDetailsBill ===> Message : updateItemDetailsBill() invoked!!
info: ===> TimeStamp : 2025-08-26 06:31:08===> API : /api/billing/updateItemDetailsBill ===> Message : updateItemDetailsBill() :: DB :: Invoked !
info: ===> TimeStamp : 2025-08-26 06:31:08===> API : /api/billing/updateItemDetailsBill ===> Message : updateItemDetailsBillResponse() invoked!
info: ===> TimeStamp : 2025-08-26 06:31:08===> API : /api/billing/updateItemDetailsBill ===> Message : updateItemDetailsBillResponse() completed
info: ===> TimeStamp : 2025-08-26 06:31:10===> API : null ===> Message : validateRequest() invoked
info: ===> TimeStamp : 2025-08-26 06:31:10===> API : null ===> Message : fetchDBSettings()
info: ===> TimeStamp : 2025-08-26 06:31:10===> API : null ===> Message : validateRequest() Invoked!
info: ===> TimeStamp : 2025-08-26 06:31:10===> API : null ===> Message : validRequest() :: Api validated Successfully
info: ===> TimeStamp : 2025-08-26 06:31:10===> API : /api/billing/uploadBillFile ===> Message : uploadBillFile() invoked!!
info: ===> TimeStamp : 2025-08-26 06:31:10===> API : /api/billing/uploadBillFile ===> Message : uploadBillFile() :: DB :: Invoked !
info: ===> TimeStamp : 2025-08-26 06:31:10===> API : /api/billing/uploadBillFile ===> Message : uploadBillFileResponse() invoked!
info: ===> TimeStamp : 2025-08-26 06:31:10===> API : /api/billing/uploadBillFile ===> Message : uploadBillFileResponse() completed
info: ===> TimeStamp : 2025-08-26 06:31:13===> API : null ===> Message : validateRequest() invoked
info: ===> TimeStamp : 2025-08-26 06:31:13===> API : null ===> Message : fetchDBSettings()
info: ===> TimeStamp : 2025-08-26 06:31:13===> API : null ===> Message : validateRequest() Invoked!
info: ===> TimeStamp : 2025-08-26 06:31:13===> API : null ===> Message : validRequest() :: Api validated Successfully
info: ===> TimeStamp : 2025-08-26 06:31:13===> API : /api/billing/uploadBillFile ===> Message : uploadBillFile() invoked!!
info: ===> TimeStamp : 2025-08-26 06:31:13===> API : /api/billing/uploadBillFile ===> Message : uploadBillFile() :: DB :: Invoked !
info: ===> TimeStamp : 2025-08-26 06:31:13===> API : /api/billing/uploadBillFile ===> Message : uploadBillFileResponse() invoked!
info: ===> TimeStamp : 2025-08-26 06:31:13===> API : /api/billing/uploadBillFile ===> Message : uploadBillFileResponse() completed
info: ===> TimeStamp : 2025-08-26 06:31:13===> API : null ===> Message : validateRequest() invoked
info: ===> TimeStamp : 2025-08-26 06:31:13===> API : null ===> Message : fetchDBSettings()
info: ===> TimeStamp : 2025-08-26 06:31:13===> API : null ===> Message : validateRequest() Invoked!
info: ===> TimeStamp : 2025-08-26 06:31:13===> API : null ===> Message : validRequest() :: Api validated Successfully
info: ===> TimeStamp : 2025-08-26 06:31:13===> API : /api/billing/sendBillMail ===> Message : sendBillMail() invoked!!
info: ===> TimeStamp : 2025-08-26 06:31:16===> API : /api/billing/sendBillMail ===> Message : notifySellers() :: Email sent :: Success :: 250 2.0.0 OK  1756170076 d2e1a72fcca58-770401af16bsm8680506b3a.54 - gsmtp !
info: ===> TimeStamp : 2025-08-26 06:31:16===> API : /api/billing/sendBillMail ===> Message : sendBillMailResponse() invoked!
info: ===> TimeStamp : 2025-08-26 06:31:16===> API : /api/billing/sendBillMail ===> Message : sendBillMailResponse() completed
info: ===> TimeStamp : 2025-08-26 06:31:18===> API : null ===> Message : validateRequest() invoked
info: ===> TimeStamp : 2025-08-26 06:31:18===> API : null ===> Message : fetchDBSettings()
info: ===> TimeStamp : 2025-08-26 06:31:18===> API : null ===> Message : validateRequest() Invoked!
info: ===> TimeStamp : 2025-08-26 06:31:18===> API : null ===> Message : validRequest() :: Api validated Successfully
info: ===> TimeStamp : 2025-08-26 06:31:18===> API : /api/billing/uploadBillFile ===> Message : uploadBillFile() invoked!!
info: ===> TimeStamp : 2025-08-26 06:31:18===> API : /api/billing/uploadBillFile ===> Message : uploadBillFile() :: DB :: Invoked !
info: ===> TimeStamp : 2025-08-26 06:31:18===> API : /api/billing/uploadBillFile ===> Message : uploadBillFileResponse() invoked!
info: ===> TimeStamp : 2025-08-26 06:31:18===> API : /api/billing/uploadBillFile ===> Message : uploadBillFileResponse() completed
info: ===> TimeStamp : 2025-08-26 06:31:18===> API : null ===> Message : validateRequest() invoked
info: ===> TimeStamp : 2025-08-26 06:31:18===> API : null ===> Message : fetchDBSettings()
info: ===> TimeStamp : 2025-08-26 06:31:18===> API : null ===> Message : validateRequest() Invoked!
info: ===> TimeStamp : 2025-08-26 06:31:18===> API : null ===> Message : validRequest() :: Api validated Successfully
info: ===> TimeStamp : 2025-08-26 06:31:18===> API : /api/billing/sendBillMail ===> Message : sendBillMail() invoked!!
info: ===> TimeStamp : 2025-08-26 06:31:21===> API : /api/billing/sendBillMail ===> Message : notifySellers() :: Email sent :: Success :: 250 2.0.0 OK  1756170081 98e67ed59e1d1-3254af5ed54sm8030625a91.20 - gsmtp !
info: ===> TimeStamp : 2025-08-26 06:31:21===> API : /api/billing/sendBillMail ===> Message : sendBillMailResponse() invoked!
info: ===> TimeStamp : 2025-08-26 06:31:21===> API : /api/billing/sendBillMail ===> Message : sendBillMailResponse() completed
info: ===> TimeStamp : 2025-08-26 06:56:19===> API : null ===> Message : validateRequest() invoked
info: ===> TimeStamp : 2025-08-26 06:56:19===> API : null ===> Message : fetchDBSettings()
info: ===> TimeStamp : 2025-08-26 06:56:19===> API : null ===> Message : validateRequest() Invoked!
info: ===> TimeStamp : 2025-08-26 06:56:19===> API : null ===> Message : validRequest() :: Api validated Successfully
info: ===> TimeStamp : 2025-08-26 06:56:19===> API : /api/billing/cashierReportShiftWise?date=2025-08-26&shiftId=1&reportTypeId=7 ===> Message : cashierReportShiftWise() invoked!!
info: ===> TimeStamp : 2025-08-26 06:56:19===> API : /api/billing/cashierReportShiftWise?date=2025-08-26&shiftId=1&reportTypeId=7 ===> Message : cashierReportShiftWise() :: DB :: Invoked !
info: ===> TimeStamp : 2025-08-26 06:56:19===> API : /api/billing/cashierReportShiftWise?date=2025-08-26&shiftId=1&reportTypeId=7 ===> Message : uploadReportFile() :: DB :: Invoked !
info: ===> TimeStamp : 2025-08-26 06:56:20===> API : /api/billing/cashierReportShiftWise?date=2025-08-26&shiftId=1&reportTypeId=7 ===> Message : cashierReportShiftWiseResponse() invoked!
info: ===> TimeStamp : 2025-08-26 06:56:20===> API : /api/billing/cashierReportShiftWise?date=2025-08-26&shiftId=1&reportTypeId=7 ===> Message : cashierReportShiftWiseResponse() completed
info: ===> TimeStamp : 2025-08-26 07:02:37===> API : null ===> Message : validateRequest() invoked
info: ===> TimeStamp : 2025-08-26 07:02:37===> API : null ===> Message : fetchDBSettings()
info: ===> TimeStamp : 2025-08-26 07:02:37===> API : null ===> Message : validateRequest() Invoked!
info: ===> TimeStamp : 2025-08-26 07:02:37===> API : null ===> Message : validRequest() :: Api validated Successfully
info: ===> TimeStamp : 2025-08-26 07:02:37===> API : /api/billing/addBillingDetails ===> Message : addBillingDetails() invoked!!
info: ===> TimeStamp : 2025-08-26 07:02:37===> API : /api/billing/addBillingDetails ===> Message : getPackageItemDetails() :: DB :: Invoked !
info: ===> TimeStamp : 2025-08-26 07:02:37===> API : /api/billing/addBillingDetails ===> Message : newBooking() :: DB :: Invoked !
info: ===> TimeStamp : 2025-08-26 07:02:37===> API : /api/billing/addBillingDetails ===> Message : newBooking() :: DB :: Invoked !
info: ===> TimeStamp : 2025-08-26 07:02:39===> API : /api/billing/addBillingDetails ===> Message : newBooking() :: DB :: Invoked !
info: ===> TimeStamp : 2025-08-26 07:02:39===> API : /api/billing/addBillingDetails ===> Message : newBooking() :: DB :: Invoked !
info: ===> TimeStamp : 2025-08-26 07:02:40===> API : /api/billing/addBillingDetails ===> Message : addBillingDetailsResponse() invoked!
info: ===> TimeStamp : 2025-08-26 07:02:40===> API : /api/billing/addBillingDetails ===> Message : addBillingDetailsResponse() completed
info: ===> TimeStamp : 2025-08-26 07:02:40===> API : null ===> Message : validateRequest() invoked
info: ===> TimeStamp : 2025-08-26 07:02:40===> API : null ===> Message : fetchDBSettings()
info: ===> TimeStamp : 2025-08-26 07:02:40===> API : null ===> Message : validateRequest() Invoked!
info: ===> TimeStamp : 2025-08-26 07:02:40===> API : null ===> Message : validRequest() :: Api validated Successfully
info: ===> TimeStamp : 2025-08-26 07:02:40===> API : /api/billing/updateItemDetailsBill ===> Message : updateItemDetailsBill() invoked!!
info: ===> TimeStamp : 2025-08-26 07:02:40===> API : /api/billing/updateItemDetailsBill ===> Message : updateItemDetailsBill() :: DB :: Invoked !
info: ===> TimeStamp : 2025-08-26 07:02:40===> API : /api/billing/updateItemDetailsBill ===> Message : updateItemDetailsBillResponse() invoked!
info: ===> TimeStamp : 2025-08-26 07:02:40===> API : /api/billing/updateItemDetailsBill ===> Message : updateItemDetailsBillResponse() completed
info: ===> TimeStamp : 2025-08-26 07:02:42===> API : null ===> Message : validateRequest() invoked
info: ===> TimeStamp : 2025-08-26 07:02:42===> API : null ===> Message : fetchDBSettings()
info: ===> TimeStamp : 2025-08-26 07:02:42===> API : null ===> Message : validateRequest() Invoked!
info: ===> TimeStamp : 2025-08-26 07:02:42===> API : null ===> Message : validRequest() :: Api validated Successfully
info: ===> TimeStamp : 2025-08-26 07:02:42===> API : /api/billing/uploadBillFile ===> Message : uploadBillFile() invoked!!
info: ===> TimeStamp : 2025-08-26 07:02:42===> API : /api/billing/uploadBillFile ===> Message : uploadBillFile() :: DB :: Invoked !
info: ===> TimeStamp : 2025-08-26 07:02:42===> API : /api/billing/uploadBillFile ===> Message : uploadBillFileResponse() invoked!
info: ===> TimeStamp : 2025-08-26 07:02:42===> API : /api/billing/uploadBillFile ===> Message : uploadBillFileResponse() completed
info: ===> TimeStamp : 2025-08-26 07:02:46===> API : null ===> Message : validateRequest() invoked
info: ===> TimeStamp : 2025-08-26 07:02:46===> API : null ===> Message : fetchDBSettings()
info: ===> TimeStamp : 2025-08-26 07:02:46===> API : null ===> Message : validateRequest() Invoked!
info: ===> TimeStamp : 2025-08-26 07:02:46===> API : null ===> Message : validRequest() :: Api validated Successfully
info: ===> TimeStamp : 2025-08-26 07:02:46===> API : /api/billing/uploadBillFile ===> Message : uploadBillFile() invoked!!
info: ===> TimeStamp : 2025-08-26 07:02:46===> API : /api/billing/uploadBillFile ===> Message : uploadBillFile() :: DB :: Invoked !
info: ===> TimeStamp : 2025-08-26 07:02:46===> API : /api/billing/uploadBillFile ===> Message : uploadBillFileResponse() invoked!
info: ===> TimeStamp : 2025-08-26 07:02:46===> API : /api/billing/uploadBillFile ===> Message : uploadBillFileResponse() completed
info: ===> TimeStamp : 2025-08-26 07:02:47===> API : null ===> Message : validateRequest() invoked
info: ===> TimeStamp : 2025-08-26 07:02:47===> API : null ===> Message : fetchDBSettings()
info: ===> TimeStamp : 2025-08-26 07:02:47===> API : null ===> Message : validateRequest() Invoked!
info: ===> TimeStamp : 2025-08-26 07:02:47===> API : null ===> Message : validRequest() :: Api validated Successfully
info: ===> TimeStamp : 2025-08-26 07:02:47===> API : /api/billing/sendBillMail ===> Message : sendBillMail() invoked!!
info: ===> TimeStamp : 2025-08-26 07:02:50===> API : /api/billing/sendBillMail ===> Message : notifySellers() :: Email sent :: Success :: 250 2.0.0 OK  1756171970 d2e1a72fcca58-771ebabeee1sm2776653b3a.103 - gsmtp !
info: ===> TimeStamp : 2025-08-26 07:02:50===> API : /api/billing/sendBillMail ===> Message : sendBillMailResponse() invoked!
info: ===> TimeStamp : 2025-08-26 07:02:50===> API : /api/billing/sendBillMail ===> Message : sendBillMailResponse() completed
info: ===> TimeStamp : 2025-08-26 08:28:53===> API : null ===> Message : validateRequest() invoked
info: ===> TimeStamp : 2025-08-26 08:28:53===> API : null ===> Message : fetchDBSettings()
info: ===> TimeStamp : 2025-08-26 08:28:53===> API : null ===> Message : validateRequest() Invoked!
info: ===> TimeStamp : 2025-08-26 08:28:53===> API : null ===> Message : validRequest() :: Api validated Successfully
info: ===> TimeStamp : 2025-08-26 08:28:53===> API : /api/billing/addBillingDetails ===> Message : addBillingDetails() invoked!!
info: ===> TimeStamp : 2025-08-26 08:28:53===> API : /api/billing/addBillingDetails ===> Message : getPackageItemDetails() :: DB :: Invoked !
info: ===> TimeStamp : 2025-08-26 08:28:53===> API : /api/billing/addBillingDetails ===> Message : newBooking() :: DB :: Invoked !
info: ===> TimeStamp : 2025-08-26 08:28:53===> API : /api/billing/addBillingDetails ===> Message : newBooking() :: DB :: Invoked !
info: ===> TimeStamp : 2025-08-26 08:28:55===> API : /api/billing/addBillingDetails ===> Message : newBooking() :: DB :: Invoked !
info: ===> TimeStamp : 2025-08-26 08:28:55===> API : /api/billing/addBillingDetails ===> Message : newBooking() :: DB :: Invoked !
info: ===> TimeStamp : 2025-08-26 08:28:57===> API : /api/billing/addBillingDetails ===> Message : addBillingDetailsResponse() invoked!
info: ===> TimeStamp : 2025-08-26 08:28:57===> API : /api/billing/addBillingDetails ===> Message : addBillingDetailsResponse() completed
info: ===> TimeStamp : 2025-08-26 08:28:57===> API : null ===> Message : validateRequest() invoked
info: ===> TimeStamp : 2025-08-26 08:28:57===> API : null ===> Message : fetchDBSettings()
info: ===> TimeStamp : 2025-08-26 08:28:57===> API : null ===> Message : validateRequest() Invoked!
info: ===> TimeStamp : 2025-08-26 08:28:57===> API : null ===> Message : validRequest() :: Api validated Successfully
info: ===> TimeStamp : 2025-08-26 08:28:57===> API : /api/billing/updateItemDetailsBill ===> Message : updateItemDetailsBill() invoked!!
info: ===> TimeStamp : 2025-08-26 08:28:57===> API : /api/billing/updateItemDetailsBill ===> Message : updateItemDetailsBill() :: DB :: Invoked !
info: ===> TimeStamp : 2025-08-26 08:28:57===> API : /api/billing/updateItemDetailsBill ===> Message : updateItemDetailsBillResponse() invoked!
info: ===> TimeStamp : 2025-08-26 08:28:57===> API : /api/billing/updateItemDetailsBill ===> Message : updateItemDetailsBillResponse() completed
info: ===> TimeStamp : 2025-08-26 08:28:58===> API : null ===> Message : validateRequest() invoked
info: ===> TimeStamp : 2025-08-26 08:28:58===> API : null ===> Message : fetchDBSettings()
info: ===> TimeStamp : 2025-08-26 08:28:58===> API : null ===> Message : validateRequest() Invoked!
info: ===> TimeStamp : 2025-08-26 08:28:58===> API : null ===> Message : validRequest() :: Api validated Successfully
info: ===> TimeStamp : 2025-08-26 08:28:58===> API : /api/billing/uploadBillFile ===> Message : uploadBillFile() invoked!!
info: ===> TimeStamp : 2025-08-26 08:28:58===> API : /api/billing/uploadBillFile ===> Message : uploadBillFile() :: DB :: Invoked !
info: ===> TimeStamp : 2025-08-26 08:28:58===> API : /api/billing/uploadBillFile ===> Message : uploadBillFileResponse() invoked!
info: ===> TimeStamp : 2025-08-26 08:28:58===> API : /api/billing/uploadBillFile ===> Message : uploadBillFileResponse() completed
info: ===> TimeStamp : 2025-08-26 08:29:01===> API : null ===> Message : validateRequest() invoked
info: ===> TimeStamp : 2025-08-26 08:29:01===> API : null ===> Message : fetchDBSettings()
info: ===> TimeStamp : 2025-08-26 08:29:01===> API : null ===> Message : validateRequest() Invoked!
info: ===> TimeStamp : 2025-08-26 08:29:01===> API : null ===> Message : validRequest() :: Api validated Successfully
info: ===> TimeStamp : 2025-08-26 08:29:01===> API : /api/billing/uploadBillFile ===> Message : uploadBillFile() invoked!!
info: ===> TimeStamp : 2025-08-26 08:29:01===> API : /api/billing/uploadBillFile ===> Message : uploadBillFile() :: DB :: Invoked !
info: ===> TimeStamp : 2025-08-26 08:29:01===> API : /api/billing/uploadBillFile ===> Message : uploadBillFileResponse() invoked!
info: ===> TimeStamp : 2025-08-26 08:29:01===> API : /api/billing/uploadBillFile ===> Message : uploadBillFileResponse() completed
info: ===> TimeStamp : 2025-08-26 08:29:01===> API : null ===> Message : validateRequest() invoked
info: ===> TimeStamp : 2025-08-26 08:29:01===> API : null ===> Message : fetchDBSettings()
info: ===> TimeStamp : 2025-08-26 08:29:01===> API : null ===> Message : validateRequest() Invoked!
info: ===> TimeStamp : 2025-08-26 08:29:01===> API : null ===> Message : validRequest() :: Api validated Successfully
info: ===> TimeStamp : 2025-08-26 08:29:01===> API : /api/billing/sendBillMail ===> Message : sendBillMail() invoked!!
info: ===> TimeStamp : 2025-08-26 08:29:04===> API : /api/billing/sendBillMail ===> Message : notifySellers() :: Email sent :: Success :: 250 2.0.0 OK  1756177144 d9443c01a7336-246687af234sm81917265ad.48 - gsmtp !
info: ===> TimeStamp : 2025-08-26 08:29:04===> API : /api/billing/sendBillMail ===> Message : sendBillMailResponse() invoked!
info: ===> TimeStamp : 2025-08-26 08:29:04===> API : /api/billing/sendBillMail ===> Message : sendBillMailResponse() completed
info: ===> TimeStamp : 2025-08-26 08:40:31===> API : null ===> Message : validateRequest() invoked
info: ===> TimeStamp : 2025-08-26 08:40:31===> API : null ===> Message : fetchDBSettings()
info: ===> TimeStamp : 2025-08-26 08:40:31===> API : null ===> Message : validateRequest() Invoked!
info: ===> TimeStamp : 2025-08-26 08:40:31===> API : null ===> Message : validRequest() :: Api validated Successfully
info: ===> TimeStamp : 2025-08-26 08:40:31===> API : /api/billing/addBillingDetails ===> Message : addBillingDetails() invoked!!
info: ===> TimeStamp : 2025-08-26 08:40:31===> API : /api/billing/addBillingDetails ===> Message : getPackageItemDetails() :: DB :: Invoked !
info: ===> TimeStamp : 2025-08-26 08:40:31===> API : /api/billing/addBillingDetails ===> Message : newBooking() :: DB :: Invoked !
info: ===> TimeStamp : 2025-08-26 08:40:31===> API : /api/billing/addBillingDetails ===> Message : newBooking() :: DB :: Invoked !
info: ===> TimeStamp : 2025-08-26 08:40:33===> API : /api/billing/addBillingDetails ===> Message : newBooking() :: DB :: Invoked !
info: ===> TimeStamp : 2025-08-26 08:40:33===> API : /api/billing/addBillingDetails ===> Message : newBooking() :: DB :: Invoked !
info: ===> TimeStamp : 2025-08-26 08:40:35===> API : /api/billing/addBillingDetails ===> Message : addBillingDetailsResponse() invoked!
info: ===> TimeStamp : 2025-08-26 08:40:35===> API : /api/billing/addBillingDetails ===> Message : addBillingDetailsResponse() completed
info: ===> TimeStamp : 2025-08-26 08:40:35===> API : null ===> Message : validateRequest() invoked
info: ===> TimeStamp : 2025-08-26 08:40:35===> API : null ===> Message : fetchDBSettings()
info: ===> TimeStamp : 2025-08-26 08:40:35===> API : null ===> Message : validateRequest() Invoked!
info: ===> TimeStamp : 2025-08-26 08:40:35===> API : null ===> Message : validRequest() :: Api validated Successfully
info: ===> TimeStamp : 2025-08-26 08:40:35===> API : /api/billing/updateItemDetailsBill ===> Message : updateItemDetailsBill() invoked!!
info: ===> TimeStamp : 2025-08-26 08:40:35===> API : /api/billing/updateItemDetailsBill ===> Message : updateItemDetailsBill() :: DB :: Invoked !
info: ===> TimeStamp : 2025-08-26 08:40:35===> API : /api/billing/updateItemDetailsBill ===> Message : updateItemDetailsBillResponse() invoked!
info: ===> TimeStamp : 2025-08-26 08:40:35===> API : /api/billing/updateItemDetailsBill ===> Message : updateItemDetailsBillResponse() completed
info: ===> TimeStamp : 2025-08-26 08:40:37===> API : null ===> Message : validateRequest() invoked
info: ===> TimeStamp : 2025-08-26 08:40:37===> API : null ===> Message : fetchDBSettings()
info: ===> TimeStamp : 2025-08-26 08:40:37===> API : null ===> Message : validateRequest() Invoked!
info: ===> TimeStamp : 2025-08-26 08:40:37===> API : null ===> Message : validRequest() :: Api validated Successfully
info: ===> TimeStamp : 2025-08-26 08:40:37===> API : /api/billing/uploadBillFile ===> Message : uploadBillFile() invoked!!
info: ===> TimeStamp : 2025-08-26 08:40:37===> API : /api/billing/uploadBillFile ===> Message : uploadBillFile() :: DB :: Invoked !
info: ===> TimeStamp : 2025-08-26 08:40:37===> API : /api/billing/uploadBillFile ===> Message : uploadBillFileResponse() invoked!
info: ===> TimeStamp : 2025-08-26 08:40:37===> API : /api/billing/uploadBillFile ===> Message : uploadBillFileResponse() completed
info: ===> TimeStamp : 2025-08-26 08:40:41===> API : null ===> Message : validateRequest() invoked
info: ===> TimeStamp : 2025-08-26 08:40:41===> API : null ===> Message : fetchDBSettings()
info: ===> TimeStamp : 2025-08-26 08:40:41===> API : null ===> Message : validateRequest() Invoked!
info: ===> TimeStamp : 2025-08-26 08:40:41===> API : null ===> Message : validRequest() :: Api validated Successfully
info: ===> TimeStamp : 2025-08-26 08:40:41===> API : /api/billing/uploadBillFile ===> Message : uploadBillFile() invoked!!
info: ===> TimeStamp : 2025-08-26 08:40:41===> API : /api/billing/uploadBillFile ===> Message : uploadBillFile() :: DB :: Invoked !
info: ===> TimeStamp : 2025-08-26 08:40:41===> API : /api/billing/uploadBillFile ===> Message : uploadBillFileResponse() invoked!
info: ===> TimeStamp : 2025-08-26 08:40:41===> API : /api/billing/uploadBillFile ===> Message : uploadBillFileResponse() completed
info: ===> TimeStamp : 2025-08-26 08:40:41===> API : null ===> Message : validateRequest() invoked
info: ===> TimeStamp : 2025-08-26 08:40:41===> API : null ===> Message : fetchDBSettings()
info: ===> TimeStamp : 2025-08-26 08:40:41===> API : null ===> Message : validateRequest() Invoked!
info: ===> TimeStamp : 2025-08-26 08:40:41===> API : null ===> Message : validRequest() :: Api validated Successfully
info: ===> TimeStamp : 2025-08-26 08:40:41===> API : /api/billing/sendBillMail ===> Message : sendBillMail() invoked!!
info: ===> TimeStamp : 2025-08-26 08:40:44===> API : /api/billing/sendBillMail ===> Message : notifySellers() :: Email sent :: Success :: 250 2.0.0 OK  1756177844 41be03b00d2f7-b49dbd48cb9sm5225284a12.57 - gsmtp !
info: ===> TimeStamp : 2025-08-26 08:40:44===> API : /api/billing/sendBillMail ===> Message : sendBillMailResponse() invoked!
info: ===> TimeStamp : 2025-08-26 08:40:44===> API : /api/billing/sendBillMail ===> Message : sendBillMailResponse() completed
info: ===> TimeStamp : 2025-08-26 08:44:56===> API : null ===> Message : validateRequest() invoked
info: ===> TimeStamp : 2025-08-26 08:44:56===> API : null ===> Message : fetchDBSettings()
info: ===> TimeStamp : 2025-08-26 08:44:56===> API : null ===> Message : validateRequest() Invoked!
info: ===> TimeStamp : 2025-08-26 08:44:56===> API : null ===> Message : validRequest() :: Api validated Successfully
info: ===> TimeStamp : 2025-08-26 08:44:56===> API : /api/billing/addBillingDetails ===> Message : addBillingDetails() invoked!!
info: ===> TimeStamp : 2025-08-26 08:44:56===> API : /api/billing/addBillingDetails ===> Message : getPackageItemDetails() :: DB :: Invoked !
info: ===> TimeStamp : 2025-08-26 08:44:56===> API : /api/billing/addBillingDetails ===> Message : newBooking() :: DB :: Invoked !
info: ===> TimeStamp : 2025-08-26 08:44:56===> API : /api/billing/addBillingDetails ===> Message : newBooking() :: DB :: Invoked !
info: ===> TimeStamp : 2025-08-26 08:44:58===> API : /api/billing/addBillingDetails ===> Message : newBooking() :: DB :: Invoked !
info: ===> TimeStamp : 2025-08-26 08:44:58===> API : /api/billing/addBillingDetails ===> Message : newBooking() :: DB :: Invoked !
info: ===> TimeStamp : 2025-08-26 08:45:00===> API : /api/billing/addBillingDetails ===> Message : addBillingDetailsResponse() invoked!
info: ===> TimeStamp : 2025-08-26 08:45:00===> API : /api/billing/addBillingDetails ===> Message : addBillingDetailsResponse() completed
info: ===> TimeStamp : 2025-08-26 08:45:00===> API : null ===> Message : validateRequest() invoked
info: ===> TimeStamp : 2025-08-26 08:45:00===> API : null ===> Message : fetchDBSettings()
info: ===> TimeStamp : 2025-08-26 08:45:00===> API : null ===> Message : validateRequest() Invoked!
info: ===> TimeStamp : 2025-08-26 08:45:00===> API : null ===> Message : validRequest() :: Api validated Successfully
info: ===> TimeStamp : 2025-08-26 08:45:00===> API : /api/billing/updateItemDetailsBill ===> Message : updateItemDetailsBill() invoked!!
info: ===> TimeStamp : 2025-08-26 08:45:00===> API : /api/billing/updateItemDetailsBill ===> Message : updateItemDetailsBill() :: DB :: Invoked !
info: ===> TimeStamp : 2025-08-26 08:45:00===> API : /api/billing/updateItemDetailsBill ===> Message : updateItemDetailsBillResponse() invoked!
info: ===> TimeStamp : 2025-08-26 08:45:00===> API : /api/billing/updateItemDetailsBill ===> Message : updateItemDetailsBillResponse() completed
info: ===> TimeStamp : 2025-08-26 08:45:01===> API : null ===> Message : validateRequest() invoked
info: ===> TimeStamp : 2025-08-26 08:45:01===> API : null ===> Message : fetchDBSettings()
info: ===> TimeStamp : 2025-08-26 08:45:01===> API : null ===> Message : validateRequest() Invoked!
info: ===> TimeStamp : 2025-08-26 08:45:01===> API : null ===> Message : validRequest() :: Api validated Successfully
info: ===> TimeStamp : 2025-08-26 08:45:01===> API : /api/billing/uploadBillFile ===> Message : uploadBillFile() invoked!!
info: ===> TimeStamp : 2025-08-26 08:45:01===> API : /api/billing/uploadBillFile ===> Message : uploadBillFile() :: DB :: Invoked !
info: ===> TimeStamp : 2025-08-26 08:45:01===> API : /api/billing/uploadBillFile ===> Message : uploadBillFileResponse() invoked!
info: ===> TimeStamp : 2025-08-26 08:45:01===> API : /api/billing/uploadBillFile ===> Message : uploadBillFileResponse() completed
info: ===> TimeStamp : 2025-08-26 08:45:12===> API : null ===> Message : validateRequest() invoked
info: ===> TimeStamp : 2025-08-26 08:45:12===> API : null ===> Message : fetchDBSettings()
info: ===> TimeStamp : 2025-08-26 08:45:12===> API : null ===> Message : validateRequest() Invoked!
info: ===> TimeStamp : 2025-08-26 08:45:12===> API : null ===> Message : validRequest() :: Api validated Successfully
info: ===> TimeStamp : 2025-08-26 08:45:12===> API : /api/billing/uploadBillFile ===> Message : uploadBillFile() invoked!!
info: ===> TimeStamp : 2025-08-26 08:45:12===> API : /api/billing/uploadBillFile ===> Message : uploadBillFile() :: DB :: Invoked !
info: ===> TimeStamp : 2025-08-26 08:45:12===> API : /api/billing/uploadBillFile ===> Message : uploadBillFileResponse() invoked!
info: ===> TimeStamp : 2025-08-26 08:45:12===> API : /api/billing/uploadBillFile ===> Message : uploadBillFileResponse() completed
info: ===> TimeStamp : 2025-08-26 08:45:12===> API : null ===> Message : validateRequest() invoked
info: ===> TimeStamp : 2025-08-26 08:45:12===> API : null ===> Message : fetchDBSettings()
info: ===> TimeStamp : 2025-08-26 08:45:12===> API : null ===> Message : validateRequest() Invoked!
info: ===> TimeStamp : 2025-08-26 08:45:12===> API : null ===> Message : validRequest() :: Api validated Successfully
info: ===> TimeStamp : 2025-08-26 08:45:12===> API : /api/billing/sendBillMail ===> Message : sendBillMail() invoked!!
info: ===> TimeStamp : 2025-08-26 08:45:15===> API : /api/billing/sendBillMail ===> Message : notifySellers() :: Email sent :: Success :: 250 2.0.0 OK  1756178115 d9443c01a7336-24668779fd6sm81559125ad.24 - gsmtp !
info: ===> TimeStamp : 2025-08-26 08:45:15===> API : /api/billing/sendBillMail ===> Message : sendBillMailResponse() invoked!
info: ===> TimeStamp : 2025-08-26 08:45:15===> API : /api/billing/sendBillMail ===> Message : sendBillMailResponse() completed
info: ===> TimeStamp : 2025-08-26 08:45:45===> API : null ===> Message : validateRequest() invoked
info: ===> TimeStamp : 2025-08-26 08:45:45===> API : null ===> Message : fetchDBSettings()
info: ===> TimeStamp : 2025-08-26 08:45:45===> API : null ===> Message : validateRequest() invoked
info: ===> TimeStamp : 2025-08-26 08:45:45===> API : null ===> Message : fetchDBSettings()
info: ===> TimeStamp : 2025-08-26 08:45:45===> API : null ===> Message : validateRequest() invoked
info: ===> TimeStamp : 2025-08-26 08:45:45===> API : null ===> Message : fetchDBSettings()
info: ===> TimeStamp : 2025-08-26 08:45:45===> API : null ===> Message : validateRequest() Invoked!
info: ===> TimeStamp : 2025-08-26 08:45:45===> API : null ===> Message : validateRequest() invoked
info: ===> TimeStamp : 2025-08-26 08:45:45===> API : null ===> Message : fetchDBSettings()
info: ===> TimeStamp : 2025-08-26 08:45:45===> API : null ===> Message : validateRequest() Invoked!
info: ===> TimeStamp : 2025-08-26 08:45:45===> API : null ===> Message : validateRequest() Invoked!
info: ===> TimeStamp : 2025-08-26 08:45:45===> API : null ===> Message : validateRequest() Invoked!
info: ===> TimeStamp : 2025-08-26 08:45:46===> API : null ===> Message : validRequest() :: Api validated Successfully
info: ===> TimeStamp : 2025-08-26 08:45:46===> API : /api/billing/getBillingDetails?billId=0&userId=0&billingDate=2025-08-26&shiftId=0&isBookingWebsite=0&futureDate=&fromDate=&toDate= ===> Message : getBillingDetails() invoked!!
info: ===> TimeStamp : 2025-08-26 08:45:46===> API : /api/billing/getBillingDetails?billId=0&userId=0&billingDate=2025-08-26&shiftId=0&isBookingWebsite=0&futureDate=&fromDate=&toDate= ===> Message : getBilliDetailsByBillDate() :: DB :: Invoked !
info: ===> TimeStamp : 2025-08-26 08:45:46===> API : null ===> Message : validRequest() :: Api validated Successfully
info: ===> TimeStamp : 2025-08-26 08:45:46===> API : /api/billing/fetchVoidBill ===> Message : fetchVoidBill() invoked!!
info: ===> TimeStamp : 2025-08-26 08:45:46===> API : /api/billing/fetchVoidBill ===> Message : fetchVoidBill() :: DB :: Invoked !
info: ===> TimeStamp : 2025-08-26 08:45:46===> API : null ===> Message : validRequest() :: Api validated Successfully
info: ===> TimeStamp : 2025-08-26 08:45:46===> API : /api/billing/noShowGuestList ===> Message : noShowGuestList() invoked!!
info: ===> TimeStamp : 2025-08-26 08:45:46===> API : /api/billing/noShowGuestList ===> Message : noShowGuestList() :: DB :: Invoked !
info: ===> TimeStamp : 2025-08-26 08:45:46===> API : null ===> Message : validRequest() :: Api validated Successfully
info: ===> TimeStamp : 2025-08-26 08:45:46===> API : /api/billing/getBillingDetails?billId=0&userId=0&billingDate=2025-08-26&shiftId=0&isBookingWebsite=0&futureDate=2025-08-26&fromDate=&toDate= ===> Message : getBillingDetails() invoked!!
info: ===> TimeStamp : 2025-08-26 08:45:46===> API : /api/billing/getBillingDetails?billId=0&userId=0&billingDate=2025-08-26&shiftId=0&isBookingWebsite=0&futureDate=&fromDate=&toDate= ===> Message : getBillingDetailsResponse() invoked!
info: ===> TimeStamp : 2025-08-26 08:45:46===> API : /api/billing/getBillingDetails?billId=0&userId=0&billingDate=2025-08-26&shiftId=0&isBookingWebsite=0&futureDate=&fromDate=&toDate= ===> Message : getBillingDetailsResponse() completed
info: ===> TimeStamp : 2025-08-26 08:45:46===> API : null ===> Message : validateRequest() invoked
info: ===> TimeStamp : 2025-08-26 08:45:46===> API : null ===> Message : fetchDBSettings()
info: ===> TimeStamp : 2025-08-26 08:45:46===> API : null ===> Message : validateRequest() Invoked!
info: ===> TimeStamp : 2025-08-26 08:45:46===> API : null ===> Message : validRequest() :: Api validated Successfully
info: ===> TimeStamp : 2025-08-26 08:45:46===> API : /api/billing/getBillingDetails?billId=0&userId=0&billingDate=2025-08-26&shiftId=0&isBookingWebsite=0&futureDate=&fromDate=&toDate= ===> Message : getBilliDetailsByBillDate() :: DB :: Invoked !
info: ===> TimeStamp : 2025-08-26 08:45:46===> API : /api/billing/getBillingDetails?billId=0&userId=0&billingDate=2025-08-26&shiftId=0&isBookingWebsite=0&futureDate=&fromDate=&toDate= ===> Message : getBillingDetails() invoked!!
info: ===> TimeStamp : 2025-08-26 08:45:46===> API : /api/billing/getBillingDetails?billId=0&userId=0&billingDate=2025-08-26&shiftId=0&isBookingWebsite=0&futureDate=&fromDate=&toDate= ===> Message : getBillingDetailsResponse() invoked!
info: ===> TimeStamp : 2025-08-26 08:45:46===> API : /api/billing/getBillingDetails?billId=0&userId=0&billingDate=2025-08-26&shiftId=0&isBookingWebsite=0&futureDate=&fromDate=&toDate= ===> Message : getBillingDetailsResponse() completed
info: ===> TimeStamp : 2025-08-26 08:45:47===> API : /api/billing/fetchVoidBill ===> Message : fetchVoidBillResponse() invoked!
info: ===> TimeStamp : 2025-08-26 08:45:47===> API : /api/billing/fetchVoidBill ===> Message : fetchVoidBillResponse() completed
info: ===> TimeStamp : 2025-08-26 08:45:47===> API : /api/billing/noShowGuestList ===> Message : noShowGuestListResponse() invoked!
info: ===> TimeStamp : 2025-08-26 08:45:47===> API : /api/billing/noShowGuestList ===> Message : noShowGuestListResponse() completed
info: ===> TimeStamp : 2025-08-26 08:45:47===> API : null ===> Message : validateRequest() invoked
info: ===> TimeStamp : 2025-08-26 08:45:47===> API : null ===> Message : fetchDBSettings()
info: ===> TimeStamp : 2025-08-26 08:45:47===> API : null ===> Message : validateRequest() Invoked!
info: ===> TimeStamp : 2025-08-26 08:45:47===> API : null ===> Message : validRequest() :: Api validated Successfully
info: ===> TimeStamp : 2025-08-26 08:45:47===> API : /api/billing/noShowGuestList ===> Message : noShowGuestList() invoked!!
info: ===> TimeStamp : 2025-08-26 08:45:47===> API : /api/billing/noShowGuestList ===> Message : noShowGuestList() :: DB :: Invoked !
info: ===> TimeStamp : 2025-08-26 08:45:48===> API : /api/billing/noShowGuestList ===> Message : noShowGuestListResponse() invoked!
info: ===> TimeStamp : 2025-08-26 08:45:48===> API : /api/billing/noShowGuestList ===> Message : noShowGuestListResponse() completed
info: ===> TimeStamp : 2025-08-26 09:52:30===> API : null ===> Message : validateRequest() invoked
info: ===> TimeStamp : 2025-08-26 09:52:30===> API : null ===> Message : fetchDBSettings()
info: ===> TimeStamp : 2025-08-26 09:52:30===> API : null ===> Message : validateRequest() Invoked!
info: ===> TimeStamp : 2025-08-26 09:52:30===> API : null ===> Message : validRequest() :: Api validated Successfully
info: ===> TimeStamp : 2025-08-26 09:52:30===> API : /api/billing/addBillingDetails ===> Message : addBillingDetails() invoked!!
info: ===> TimeStamp : 2025-08-26 09:52:30===> API : /api/billing/addBillingDetails ===> Message : getPackageItemDetails() :: DB :: Invoked !
info: ===> TimeStamp : 2025-08-26 09:52:30===> API : /api/billing/addBillingDetails ===> Message : newBooking() :: DB :: Invoked !
info: ===> TimeStamp : 2025-08-26 09:52:30===> API : /api/billing/addBillingDetails ===> Message : newBooking() :: DB :: Invoked !
info: ===> TimeStamp : 2025-08-26 09:52:32===> API : /api/billing/addBillingDetails ===> Message : newBooking() :: DB :: Invoked !
info: ===> TimeStamp : 2025-08-26 09:52:32===> API : /api/billing/addBillingDetails ===> Message : newBooking() :: DB :: Invoked !
info: ===> TimeStamp : 2025-08-26 09:52:33===> API : /api/billing/addBillingDetails ===> Message : addBillingDetailsResponse() invoked!
info: ===> TimeStamp : 2025-08-26 09:52:33===> API : /api/billing/addBillingDetails ===> Message : addBillingDetailsResponse() completed
info: ===> TimeStamp : 2025-08-26 09:52:33===> API : null ===> Message : validateRequest() invoked
info: ===> TimeStamp : 2025-08-26 09:52:33===> API : null ===> Message : fetchDBSettings()
info: ===> TimeStamp : 2025-08-26 09:52:33===> API : null ===> Message : validateRequest() Invoked!
info: ===> TimeStamp : 2025-08-26 09:52:33===> API : null ===> Message : validRequest() :: Api validated Successfully
info: ===> TimeStamp : 2025-08-26 09:52:33===> API : /api/billing/updateItemDetailsBill ===> Message : updateItemDetailsBill() invoked!!
info: ===> TimeStamp : 2025-08-26 09:52:33===> API : /api/billing/updateItemDetailsBill ===> Message : updateItemDetailsBill() :: DB :: Invoked !
info: ===> TimeStamp : 2025-08-26 09:52:33===> API : /api/billing/updateItemDetailsBill ===> Message : updateItemDetailsBillResponse() invoked!
info: ===> TimeStamp : 2025-08-26 09:52:33===> API : /api/billing/updateItemDetailsBill ===> Message : updateItemDetailsBillResponse() completed
info: ===> TimeStamp : 2025-08-26 09:52:35===> API : null ===> Message : validateRequest() invoked
info: ===> TimeStamp : 2025-08-26 09:52:35===> API : null ===> Message : fetchDBSettings()
info: ===> TimeStamp : 2025-08-26 09:52:35===> API : null ===> Message : validateRequest() Invoked!
info: ===> TimeStamp : 2025-08-26 09:52:35===> API : null ===> Message : validRequest() :: Api validated Successfully
info: ===> TimeStamp : 2025-08-26 09:52:35===> API : /api/billing/uploadBillFile ===> Message : uploadBillFile() invoked!!
info: ===> TimeStamp : 2025-08-26 09:52:35===> API : /api/billing/uploadBillFile ===> Message : uploadBillFile() :: DB :: Invoked !
info: ===> TimeStamp : 2025-08-26 09:52:35===> API : /api/billing/uploadBillFile ===> Message : uploadBillFileResponse() invoked!
info: ===> TimeStamp : 2025-08-26 09:52:35===> API : /api/billing/uploadBillFile ===> Message : uploadBillFileResponse() completed
info: ===> TimeStamp : 2025-08-26 09:52:42===> API : null ===> Message : validateRequest() invoked
info: ===> TimeStamp : 2025-08-26 09:52:42===> API : null ===> Message : fetchDBSettings()
info: ===> TimeStamp : 2025-08-26 09:52:42===> API : null ===> Message : validateRequest() Invoked!
info: ===> TimeStamp : 2025-08-26 09:52:42===> API : null ===> Message : validRequest() :: Api validated Successfully
info: ===> TimeStamp : 2025-08-26 09:52:42===> API : /api/billing/uploadBillFile ===> Message : uploadBillFile() invoked!!
info: ===> TimeStamp : 2025-08-26 09:52:42===> API : /api/billing/uploadBillFile ===> Message : uploadBillFile() :: DB :: Invoked !
info: ===> TimeStamp : 2025-08-26 09:52:42===> API : /api/billing/uploadBillFile ===> Message : uploadBillFileResponse() invoked!
info: ===> TimeStamp : 2025-08-26 09:52:42===> API : /api/billing/uploadBillFile ===> Message : uploadBillFileResponse() completed
info: ===> TimeStamp : 2025-08-26 09:52:42===> API : null ===> Message : validateRequest() invoked
info: ===> TimeStamp : 2025-08-26 09:52:42===> API : null ===> Message : fetchDBSettings()
info: ===> TimeStamp : 2025-08-26 09:52:42===> API : null ===> Message : validateRequest() Invoked!
info: ===> TimeStamp : 2025-08-26 09:52:42===> API : null ===> Message : validRequest() :: Api validated Successfully
info: ===> TimeStamp : 2025-08-26 09:52:42===> API : /api/billing/sendBillMail ===> Message : sendBillMail() invoked!!
info: ===> TimeStamp : 2025-08-26 09:52:44===> API : /api/billing/sendBillMail ===> Message : notifyUsers() :: Email not sent :: Error :: Error: No recipients defined !
info: ===> TimeStamp : 2025-08-26 09:52:44===> API : /api/billing/sendBillMail ===> Message : sendBillMailResponse() invoked!
info: ===> TimeStamp : 2025-08-26 09:52:44===> API : /api/billing/sendBillMail ===> Message : sendBillMailResponse() completed
info: ===> TimeStamp : 2025-08-26 09:55:02===> API : null ===> Message : validateRequest() invoked
info: ===> TimeStamp : 2025-08-26 09:55:02===> API : null ===> Message : validateRequest() Error:: Invalid Request :: 
      {"apiUri":"/robots.txt"}
info: ===> TimeStamp : 2025-08-26 10:50:47===> API : null ===> Message : validateRequest() invoked
info: ===> TimeStamp : 2025-08-26 10:50:47===> API : null ===> Message : fetchDBSettings()
info: ===> TimeStamp : 2025-08-26 10:50:47===> API : null ===> Message : validateRequest() invoked
info: ===> TimeStamp : 2025-08-26 10:50:47===> API : null ===> Message : fetchDBSettings()
info: ===> TimeStamp : 2025-08-26 10:50:47===> API : null ===> Message : validateRequest() invoked
info: ===> TimeStamp : 2025-08-26 10:50:47===> API : null ===> Message : fetchDBSettings()
info: ===> TimeStamp : 2025-08-26 10:50:47===> API : null ===> Message : validateRequest() invoked
info: ===> TimeStamp : 2025-08-26 10:50:47===> API : null ===> Message : fetchDBSettings()
info: ===> TimeStamp : 2025-08-26 10:50:47===> API : null ===> Message : validateRequest() Invoked!
info: ===> TimeStamp : 2025-08-26 10:50:47===> API : null ===> Message : validateRequest() Invoked!
info: ===> TimeStamp : 2025-08-26 10:50:47===> API : null ===> Message : validateRequest() Invoked!
info: ===> TimeStamp : 2025-08-26 10:50:47===> API : null ===> Message : validateRequest() Invoked!
info: ===> TimeStamp : 2025-08-26 10:50:47===> API : null ===> Message : validRequest() :: Api validated Successfully
info: ===> TimeStamp : 2025-08-26 10:50:47===> API : /api/billing/getBillingDetails?billId=0&userId=0&billingDate=2025-08-26&shiftId=0&isBookingWebsite=0&futureDate=&fromDate=&toDate= ===> Message : getBillingDetails() invoked!!
info: ===> TimeStamp : 2025-08-26 10:50:47===> API : /api/billing/getBillingDetails?billId=0&userId=0&billingDate=2025-08-26&shiftId=0&isBookingWebsite=0&futureDate=&fromDate=&toDate= ===> Message : getBilliDetailsByBillDate() :: DB :: Invoked !
info: ===> TimeStamp : 2025-08-26 10:50:47===> API : null ===> Message : validRequest() :: Api validated Successfully
info: ===> TimeStamp : 2025-08-26 10:50:47===> API : /api/billing/fetchVoidBill ===> Message : fetchVoidBill() invoked!!
info: ===> TimeStamp : 2025-08-26 10:50:47===> API : /api/billing/fetchVoidBill ===> Message : fetchVoidBill() :: DB :: Invoked !
info: ===> TimeStamp : 2025-08-26 10:50:47===> API : null ===> Message : validRequest() :: Api validated Successfully
info: ===> TimeStamp : 2025-08-26 10:50:47===> API : /api/billing/noShowGuestList ===> Message : noShowGuestList() invoked!!
info: ===> TimeStamp : 2025-08-26 10:50:47===> API : /api/billing/noShowGuestList ===> Message : noShowGuestList() :: DB :: Invoked !
info: ===> TimeStamp : 2025-08-26 10:50:47===> API : null ===> Message : validRequest() :: Api validated Successfully
info: ===> TimeStamp : 2025-08-26 10:50:47===> API : /api/billing/getBillingDetails?billId=0&userId=0&billingDate=2025-08-26&shiftId=0&isBookingWebsite=0&futureDate=2025-08-26&fromDate=&toDate= ===> Message : getBillingDetails() invoked!!
info: ===> TimeStamp : 2025-08-26 10:50:47===> API : /api/billing/getBillingDetails?billId=0&userId=0&billingDate=2025-08-26&shiftId=0&isBookingWebsite=0&futureDate=&fromDate=&toDate= ===> Message : getBillingDetailsResponse() invoked!
info: ===> TimeStamp : 2025-08-26 10:50:47===> API : /api/billing/getBillingDetails?billId=0&userId=0&billingDate=2025-08-26&shiftId=0&isBookingWebsite=0&futureDate=&fromDate=&toDate= ===> Message : getBillingDetailsResponse() completed
info: ===> TimeStamp : 2025-08-26 10:50:47===> API : null ===> Message : validateRequest() invoked
info: ===> TimeStamp : 2025-08-26 10:50:47===> API : null ===> Message : fetchDBSettings()
info: ===> TimeStamp : 2025-08-26 10:50:47===> API : null ===> Message : validateRequest() Invoked!
info: ===> TimeStamp : 2025-08-26 10:50:48===> API : null ===> Message : validRequest() :: Api validated Successfully
info: ===> TimeStamp : 2025-08-26 10:50:48===> API : /api/billing/getBillingDetails?billId=0&userId=0&billingDate=2025-08-26&shiftId=0&isBookingWebsite=0&futureDate=&fromDate=&toDate= ===> Message : getBillingDetails() invoked!!
info: ===> TimeStamp : 2025-08-26 10:50:48===> API : /api/billing/getBillingDetails?billId=0&userId=0&billingDate=2025-08-26&shiftId=0&isBookingWebsite=0&futureDate=&fromDate=&toDate= ===> Message : getBilliDetailsByBillDate() :: DB :: Invoked !
info: ===> TimeStamp : 2025-08-26 10:50:48===> API : /api/billing/getBillingDetails?billId=0&userId=0&billingDate=2025-08-26&shiftId=0&isBookingWebsite=0&futureDate=&fromDate=&toDate= ===> Message : getBillingDetailsResponse() invoked!
info: ===> TimeStamp : 2025-08-26 10:50:48===> API : /api/billing/getBillingDetails?billId=0&userId=0&billingDate=2025-08-26&shiftId=0&isBookingWebsite=0&futureDate=&fromDate=&toDate= ===> Message : getBillingDetailsResponse() completed
info: ===> TimeStamp : 2025-08-26 10:50:48===> API : null ===> Message : validateRequest() invoked
info: ===> TimeStamp : 2025-08-26 10:50:48===> API : null ===> Message : fetchDBSettings()
info: ===> TimeStamp : 2025-08-26 10:50:48===> API : null ===> Message : validateRequest() Invoked!
info: ===> TimeStamp : 2025-08-26 10:50:48===> API : null ===> Message : validRequest() :: Api validated Successfully
info: ===> TimeStamp : 2025-08-26 10:50:48===> API : /api/billing/getBillingDetails?billId=0&userId=0&billingDate=2025-08-26&shiftId=0&isBookingWebsite=0&futureDate=&fromDate=&toDate= ===> Message : getBillingDetails() invoked!!
info: ===> TimeStamp : 2025-08-26 10:50:48===> API : /api/billing/getBillingDetails?billId=0&userId=0&billingDate=2025-08-26&shiftId=0&isBookingWebsite=0&futureDate=&fromDate=&toDate= ===> Message : getBilliDetailsByBillDate() :: DB :: Invoked !
info: ===> TimeStamp : 2025-08-26 10:50:48===> API : /api/billing/getBillingDetails?billId=0&userId=0&billingDate=2025-08-26&shiftId=0&isBookingWebsite=0&futureDate=&fromDate=&toDate= ===> Message : getBillingDetailsResponse() invoked!
info: ===> TimeStamp : 2025-08-26 10:50:48===> API : /api/billing/getBillingDetails?billId=0&userId=0&billingDate=2025-08-26&shiftId=0&isBookingWebsite=0&futureDate=&fromDate=&toDate= ===> Message : getBillingDetailsResponse() completed
info: ===> TimeStamp : 2025-08-26 10:50:49===> API : /api/billing/fetchVoidBill ===> Message : fetchVoidBillResponse() invoked!
info: ===> TimeStamp : 2025-08-26 10:50:49===> API : /api/billing/fetchVoidBill ===> Message : fetchVoidBillResponse() completed
info: ===> TimeStamp : 2025-08-26 10:50:49===> API : /api/billing/noShowGuestList ===> Message : noShowGuestListResponse() invoked!
info: ===> TimeStamp : 2025-08-26 10:50:49===> API : /api/billing/noShowGuestList ===> Message : noShowGuestListResponse() completed
info: ===> TimeStamp : 2025-08-26 10:50:49===> API : null ===> Message : validateRequest() invoked
info: ===> TimeStamp : 2025-08-26 10:50:49===> API : null ===> Message : fetchDBSettings()
info: ===> TimeStamp : 2025-08-26 10:50:49===> API : null ===> Message : validateRequest() Invoked!
info: ===> TimeStamp : 2025-08-26 10:50:49===> API : null ===> Message : validateRequest() invoked
info: ===> TimeStamp : 2025-08-26 10:50:49===> API : null ===> Message : fetchDBSettings()
info: ===> TimeStamp : 2025-08-26 10:50:49===> API : null ===> Message : validateRequest() Invoked!
info: ===> TimeStamp : 2025-08-26 10:50:49===> API : null ===> Message : validRequest() :: Api validated Successfully
info: ===> TimeStamp : 2025-08-26 10:50:49===> API : /api/billing/noShowGuestList ===> Message : noShowGuestList() invoked!!
info: ===> TimeStamp : 2025-08-26 10:50:49===> API : /api/billing/noShowGuestList ===> Message : noShowGuestList() :: DB :: Invoked !
info: ===> TimeStamp : 2025-08-26 10:50:49===> API : null ===> Message : validRequest() :: Api validated Successfully
info: ===> TimeStamp : 2025-08-26 10:50:49===> API : /api/billing/getBillingDetails?billId=0&userId=0&billingDate=2025-08-26&shiftId=1&isBookingWebsite=0&futureDate=&fromDate=&toDate= ===> Message : getBilliDetailsByShift() :: DB :: Invoked !
info: ===> TimeStamp : 2025-08-26 10:50:49===> API : /api/billing/getBillingDetails?billId=0&userId=0&billingDate=2025-08-26&shiftId=1&isBookingWebsite=0&futureDate=&fromDate=&toDate= ===> Message : getBillingDetails() invoked!!
info: ===> TimeStamp : 2025-08-26 10:50:49===> API : /api/billing/getBillingDetails?billId=0&userId=0&billingDate=2025-08-26&shiftId=1&isBookingWebsite=0&futureDate=&fromDate=&toDate= ===> Message : getBillingDetailsResponse() invoked!
info: ===> TimeStamp : 2025-08-26 10:50:49===> API : /api/billing/getBillingDetails?billId=0&userId=0&billingDate=2025-08-26&shiftId=1&isBookingWebsite=0&futureDate=&fromDate=&toDate= ===> Message : getBillingDetailsResponse() completed
info: ===> TimeStamp : 2025-08-26 10:50:50===> API : null ===> Message : validateRequest() invoked
info: ===> TimeStamp : 2025-08-26 10:50:50===> API : null ===> Message : fetchDBSettings()
info: ===> TimeStamp : 2025-08-26 10:50:50===> API : null ===> Message : validateRequest() Invoked!
info: ===> TimeStamp : 2025-08-26 10:50:50===> API : null ===> Message : validRequest() :: Api validated Successfully
info: ===> TimeStamp : 2025-08-26 10:50:50===> API : /api/billing/generateCSVReport ===> Message : generateReports() invoked!!
info: ===> TimeStamp : 2025-08-26 10:50:50===> API : /api/billing/generateCSVReport ===> Message : generateReportsByShift() :: DB :: Invoked !
info: ===> TimeStamp : 2025-08-26 10:50:50===> API : /api/billing/noShowGuestList ===> Message : noShowGuestListResponse() invoked!
info: ===> TimeStamp : 2025-08-26 10:50:50===> API : /api/billing/noShowGuestList ===> Message : noShowGuestListResponse() completed
info: ===> TimeStamp : 2025-08-26 10:50:50===> API : /api/billing/generateCSVReport ===> Message : uploadReportFile() :: DB :: Invoked !
info: ===> TimeStamp : 2025-08-26 10:50:50===> API : /api/billing/generateCSVReport ===> Message : generateReportsResponse() invoked!
info: ===> TimeStamp : 2025-08-26 10:50:50===> API : /api/billing/generateCSVReport ===> Message : generateReportsResponse() completed
info: ===> TimeStamp : 2025-08-26 10:51:08===> API : null ===> Message : validateRequest() invoked
info: ===> TimeStamp : 2025-08-26 10:51:08===> API : null ===> Message : fetchDBSettings()
info: ===> TimeStamp : 2025-08-26 10:51:08===> API : null ===> Message : validateRequest() Invoked!
info: ===> TimeStamp : 2025-08-26 10:51:08===> API : null ===> Message : validRequest() :: Api validated Successfully
info: ===> TimeStamp : 2025-08-26 10:51:08===> API : /api/billing/getBillingDetails?billId=0&userId=0&billingDate=2025-08-26&shiftId=0&isBookingWebsite=0&futureDate=2025-08-26&fromDate=&toDate= ===> Message : getBillingDetails() invoked!!
info: ===> TimeStamp : 2025-08-26 10:58:39===> API : null ===> Message : fetchDBSettings()
info: ===> TimeStamp : 2025-08-26 10:58:39===> API : null ===> Message : validateRequest() invoked
info: ===> TimeStamp : 2025-08-26 10:58:39===> API : null ===> Message : validateRequest() Invoked!
info: ===> TimeStamp : 2025-08-26 10:58:39===> API : null ===> Message : validRequest() :: Api validated Successfully
info: ===> TimeStamp : 2025-08-26 10:58:39===> API : /api/billing/addBillingDetails ===> Message : addBillingDetails() invoked!!
info: ===> TimeStamp : 2025-08-26 10:58:39===> API : /api/billing/addBillingDetails ===> Message : getPackageItemDetails() :: DB :: Invoked !
info: ===> TimeStamp : 2025-08-26 10:58:39===> API : /api/billing/addBillingDetails ===> Message : newBooking() :: DB :: Invoked !
info: ===> TimeStamp : 2025-08-26 10:58:39===> API : /api/billing/addBillingDetails ===> Message : newBooking() :: DB :: Invoked !
info: ===> TimeStamp : 2025-08-26 10:58:41===> API : /api/billing/addBillingDetails ===> Message : newBooking() :: DB :: Invoked !
info: ===> TimeStamp : 2025-08-26 10:58:41===> API : /api/billing/addBillingDetails ===> Message : newBooking() :: DB :: Invoked !
info: ===> TimeStamp : 2025-08-26 10:58:42===> API : /api/billing/addBillingDetails ===> Message : addBillingDetailsResponse() invoked!
info: ===> TimeStamp : 2025-08-26 10:58:42===> API : /api/billing/addBillingDetails ===> Message : addBillingDetailsResponse() completed
info: ===> TimeStamp : 2025-08-26 10:58:42===> API : null ===> Message : validateRequest() invoked
info: ===> TimeStamp : 2025-08-26 10:58:42===> API : null ===> Message : fetchDBSettings()
info: ===> TimeStamp : 2025-08-26 10:58:42===> API : null ===> Message : validateRequest() Invoked!
info: ===> TimeStamp : 2025-08-26 10:58:42===> API : null ===> Message : validRequest() :: Api validated Successfully
info: ===> TimeStamp : 2025-08-26 10:58:42===> API : /api/billing/updateItemDetailsBill ===> Message : updateItemDetailsBill() invoked!!
info: ===> TimeStamp : 2025-08-26 10:58:42===> API : /api/billing/updateItemDetailsBill ===> Message : updateItemDetailsBill() :: DB :: Invoked !
info: ===> TimeStamp : 2025-08-26 10:58:42===> API : /api/billing/updateItemDetailsBill ===> Message : updateItemDetailsBillResponse() invoked!
info: ===> TimeStamp : 2025-08-26 10:58:42===> API : /api/billing/updateItemDetailsBill ===> Message : updateItemDetailsBillResponse() completed
info: ===> TimeStamp : 2025-08-26 10:58:44===> API : null ===> Message : validateRequest() invoked
info: ===> TimeStamp : 2025-08-26 10:58:44===> API : null ===> Message : fetchDBSettings()
info: ===> TimeStamp : 2025-08-26 10:58:44===> API : null ===> Message : validateRequest() Invoked!
info: ===> TimeStamp : 2025-08-26 10:58:44===> API : null ===> Message : validRequest() :: Api validated Successfully
info: ===> TimeStamp : 2025-08-26 10:58:44===> API : /api/billing/uploadBillFile ===> Message : uploadBillFile() invoked!!
info: ===> TimeStamp : 2025-08-26 10:58:44===> API : /api/billing/uploadBillFile ===> Message : uploadBillFile() :: DB :: Invoked !
info: ===> TimeStamp : 2025-08-26 10:58:44===> API : /api/billing/uploadBillFile ===> Message : uploadBillFileResponse() invoked!
info: ===> TimeStamp : 2025-08-26 10:58:44===> API : /api/billing/uploadBillFile ===> Message : uploadBillFileResponse() completed
info: ===> TimeStamp : 2025-08-26 10:58:50===> API : null ===> Message : validateRequest() invoked
info: ===> TimeStamp : 2025-08-26 10:58:50===> API : null ===> Message : fetchDBSettings()
info: ===> TimeStamp : 2025-08-26 10:58:50===> API : null ===> Message : validateRequest() Invoked!
info: ===> TimeStamp : 2025-08-26 10:58:50===> API : null ===> Message : validRequest() :: Api validated Successfully
info: ===> TimeStamp : 2025-08-26 10:58:50===> API : /api/billing/uploadBillFile ===> Message : uploadBillFile() invoked!!
info: ===> TimeStamp : 2025-08-26 10:58:50===> API : /api/billing/uploadBillFile ===> Message : uploadBillFile() :: DB :: Invoked !
info: ===> TimeStamp : 2025-08-26 10:58:50===> API : /api/billing/uploadBillFile ===> Message : uploadBillFileResponse() invoked!
info: ===> TimeStamp : 2025-08-26 10:58:50===> API : /api/billing/uploadBillFile ===> Message : uploadBillFileResponse() completed
info: ===> TimeStamp : 2025-08-26 10:58:50===> API : null ===> Message : validateRequest() invoked
info: ===> TimeStamp : 2025-08-26 10:58:50===> API : null ===> Message : fetchDBSettings()
info: ===> TimeStamp : 2025-08-26 10:58:50===> API : null ===> Message : validateRequest() Invoked!
info: ===> TimeStamp : 2025-08-26 10:58:50===> API : null ===> Message : validateRequest() invoked
info: ===> TimeStamp : 2025-08-26 10:58:50===> API : null ===> Message : fetchDBSettings()
info: ===> TimeStamp : 2025-08-26 10:58:50===> API : null ===> Message : validateRequest() Invoked!
info: ===> TimeStamp : 2025-08-26 10:58:50===> API : null ===> Message : validRequest() :: Api validated Successfully
info: ===> TimeStamp : 2025-08-26 10:58:50===> API : /api/billing/sendBillMail ===> Message : sendBillMail() invoked!!
info: ===> TimeStamp : 2025-08-26 10:58:50===> API : null ===> Message : validRequest() :: Api validated Successfully
info: ===> TimeStamp : 2025-08-26 10:58:50===> API : /api/billing/updateItemDetailsBill ===> Message : updateItemDetailsBill() invoked!!
info: ===> TimeStamp : 2025-08-26 10:58:50===> API : /api/billing/updateItemDetailsBill ===> Message : updateItemDetailsBill() :: DB :: Invoked !
info: ===> TimeStamp : 2025-08-26 10:58:50===> API : /api/billing/updateItemDetailsBill ===> Message : updateItemDetailsBillResponse() invoked!
info: ===> TimeStamp : 2025-08-26 10:58:50===> API : /api/billing/updateItemDetailsBill ===> Message : updateItemDetailsBillResponse() completed
info: ===> TimeStamp : 2025-08-26 10:58:53===> API : null ===> Message : validateRequest() invoked
info: ===> TimeStamp : 2025-08-26 10:58:53===> API : null ===> Message : fetchDBSettings()
info: ===> TimeStamp : 2025-08-26 10:58:53===> API : null ===> Message : validateRequest() Invoked!
info: ===> TimeStamp : 2025-08-26 10:58:53===> API : null ===> Message : validRequest() :: Api validated Successfully
info: ===> TimeStamp : 2025-08-26 10:58:53===> API : /api/billing/uploadBillFile ===> Message : uploadBillFile() invoked!!
info: ===> TimeStamp : 2025-08-26 10:58:53===> API : /api/billing/uploadBillFile ===> Message : uploadBillFile() :: DB :: Invoked !
info: ===> TimeStamp : 2025-08-26 10:58:53===> API : /api/billing/uploadBillFile ===> Message : uploadBillFileResponse() invoked!
info: ===> TimeStamp : 2025-08-26 10:58:53===> API : /api/billing/uploadBillFile ===> Message : uploadBillFileResponse() completed
info: ===> TimeStamp : 2025-08-26 10:58:53===> API : /api/billing/sendBillMail ===> Message : notifySellers() :: Email sent :: Success :: 250 2.0.0 OK  1756186133 d2e1a72fcca58-770401af6b2sm9104201b3a.56 - gsmtp !
info: ===> TimeStamp : 2025-08-26 10:58:53===> API : /api/billing/sendBillMail ===> Message : sendBillMailResponse() invoked!
info: ===> TimeStamp : 2025-08-26 10:58:53===> API : /api/billing/sendBillMail ===> Message : sendBillMailResponse() completed
info: ===> TimeStamp : 2025-08-26 10:58:59===> API : null ===> Message : validateRequest() invoked
info: ===> TimeStamp : 2025-08-26 10:58:59===> API : null ===> Message : fetchDBSettings()
info: ===> TimeStamp : 2025-08-26 10:58:59===> API : null ===> Message : validateRequest() Invoked!
info: ===> TimeStamp : 2025-08-26 10:58:59===> API : null ===> Message : validRequest() :: Api validated Successfully
info: ===> TimeStamp : 2025-08-26 10:58:59===> API : /api/billing/uploadBillFile ===> Message : uploadBillFile() invoked!!
info: ===> TimeStamp : 2025-08-26 10:58:59===> API : /api/billing/uploadBillFile ===> Message : uploadBillFile() :: DB :: Invoked !
info: ===> TimeStamp : 2025-08-26 10:59:00===> API : /api/billing/uploadBillFile ===> Message : uploadBillFileResponse() invoked!
info: ===> TimeStamp : 2025-08-26 10:59:00===> API : /api/billing/uploadBillFile ===> Message : uploadBillFileResponse() completed
info: ===> TimeStamp : 2025-08-26 10:59:00===> API : null ===> Message : validateRequest() invoked
info: ===> TimeStamp : 2025-08-26 10:59:00===> API : null ===> Message : fetchDBSettings()
info: ===> TimeStamp : 2025-08-26 10:59:00===> API : null ===> Message : validateRequest() Invoked!
info: ===> TimeStamp : 2025-08-26 10:59:00===> API : null ===> Message : validRequest() :: Api validated Successfully
info: ===> TimeStamp : 2025-08-26 10:59:00===> API : /api/billing/sendBillMail ===> Message : sendBillMail() invoked!!
info: ===> TimeStamp : 2025-08-26 10:59:02===> API : /api/billing/sendBillMail ===> Message : notifySellers() :: Email sent :: Success :: 250 2.0.0 OK  1756186142 d2e1a72fcca58-7703ffbb40esm9137344b3a.11 - gsmtp !
info: ===> TimeStamp : 2025-08-26 10:59:02===> API : /api/billing/sendBillMail ===> Message : sendBillMailResponse() invoked!
info: ===> TimeStamp : 2025-08-26 10:59:02===> API : /api/billing/sendBillMail ===> Message : sendBillMailResponse() completed
info: ===> TimeStamp : 2025-08-26 11:01:56===> API : null ===> Message : validateRequest() invoked
info: ===> TimeStamp : 2025-08-26 11:01:56===> API : null ===> Message : fetchDBSettings()
info: ===> TimeStamp : 2025-08-26 11:01:56===> API : null ===> Message : validateRequest() invoked
info: ===> TimeStamp : 2025-08-26 11:01:56===> API : null ===> Message : fetchDBSettings()
info: ===> TimeStamp : 2025-08-26 11:01:56===> API : null ===> Message : validateRequest() invoked
info: ===> TimeStamp : 2025-08-26 11:01:56===> API : null ===> Message : fetchDBSettings()
info: ===> TimeStamp : 2025-08-26 11:01:56===> API : null ===> Message : validateRequest() Invoked!
info: ===> TimeStamp : 2025-08-26 11:01:56===> API : null ===> Message : validateRequest() Invoked!
info: ===> TimeStamp : 2025-08-26 11:01:56===> API : null ===> Message : validateRequest() Invoked!
info: ===> TimeStamp : 2025-08-26 11:01:56===> API : null ===> Message : validRequest() :: Api validated Successfully
info: ===> TimeStamp : 2025-08-26 11:01:56===> API : /api/billing/getBillingDetails?billId=0&userId=0&billingDate=2025-08-26&shiftId=0&isBookingWebsite=0&futureDate=&fromDate=&toDate= ===> Message : getBillingDetails() invoked!!
info: ===> TimeStamp : 2025-08-26 11:01:56===> API : /api/billing/getBillingDetails?billId=0&userId=0&billingDate=2025-08-26&shiftId=0&isBookingWebsite=0&futureDate=&fromDate=&toDate= ===> Message : getBilliDetailsByBillDate() :: DB :: Invoked !
info: ===> TimeStamp : 2025-08-26 11:01:56===> API : null ===> Message : validRequest() :: Api validated Successfully
info: ===> TimeStamp : 2025-08-26 11:01:56===> API : /api/billing/noShowGuestList ===> Message : noShowGuestList() invoked!!
info: ===> TimeStamp : 2025-08-26 11:01:56===> API : /api/billing/noShowGuestList ===> Message : noShowGuestList() :: DB :: Invoked !
info: ===> TimeStamp : 2025-08-26 11:01:56===> API : null ===> Message : validRequest() :: Api validated Successfully
info: ===> TimeStamp : 2025-08-26 11:01:56===> API : /api/billing/fetchVoidBill ===> Message : fetchVoidBill() invoked!!
info: ===> TimeStamp : 2025-08-26 11:01:56===> API : /api/billing/fetchVoidBill ===> Message : fetchVoidBill() :: DB :: Invoked !
info: ===> TimeStamp : 2025-08-26 11:01:56===> API : /api/billing/getBillingDetails?billId=0&userId=0&billingDate=2025-08-26&shiftId=0&isBookingWebsite=0&futureDate=&fromDate=&toDate= ===> Message : getBillingDetailsResponse() invoked!
info: ===> TimeStamp : 2025-08-26 11:01:56===> API : /api/billing/getBillingDetails?billId=0&userId=0&billingDate=2025-08-26&shiftId=0&isBookingWebsite=0&futureDate=&fromDate=&toDate= ===> Message : getBillingDetailsResponse() completed
info: ===> TimeStamp : 2025-08-26 11:01:56===> API : null ===> Message : validateRequest() invoked
info: ===> TimeStamp : 2025-08-26 11:01:56===> API : null ===> Message : fetchDBSettings()
info: ===> TimeStamp : 2025-08-26 11:01:56===> API : null ===> Message : validateRequest() Invoked!
info: ===> TimeStamp : 2025-08-26 11:01:56===> API : null ===> Message : validRequest() :: Api validated Successfully
info: ===> TimeStamp : 2025-08-26 11:01:56===> API : /api/billing/getBillingDetails?billId=0&userId=0&billingDate=2025-08-26&shiftId=0&isBookingWebsite=0&futureDate=&fromDate=&toDate= ===> Message : getBillingDetails() invoked!!
info: ===> TimeStamp : 2025-08-26 11:01:56===> API : /api/billing/getBillingDetails?billId=0&userId=0&billingDate=2025-08-26&shiftId=0&isBookingWebsite=0&futureDate=&fromDate=&toDate= ===> Message : getBilliDetailsByBillDate() :: DB :: Invoked !
info: ===> TimeStamp : 2025-08-26 11:01:56===> API : /api/billing/getBillingDetails?billId=0&userId=0&billingDate=2025-08-26&shiftId=0&isBookingWebsite=0&futureDate=&fromDate=&toDate= ===> Message : getBillingDetailsResponse() invoked!
info: ===> TimeStamp : 2025-08-26 11:01:56===> API : /api/billing/getBillingDetails?billId=0&userId=0&billingDate=2025-08-26&shiftId=0&isBookingWebsite=0&futureDate=&fromDate=&toDate= ===> Message : getBillingDetailsResponse() completed
info: ===> TimeStamp : 2025-08-26 11:01:57===> API : /api/billing/fetchVoidBill ===> Message : fetchVoidBillResponse() invoked!
info: ===> TimeStamp : 2025-08-26 11:01:57===> API : /api/billing/fetchVoidBill ===> Message : fetchVoidBillResponse() completed
info: ===> TimeStamp : 2025-08-26 11:01:57===> API : /api/billing/noShowGuestList ===> Message : noShowGuestListResponse() invoked!
info: ===> TimeStamp : 2025-08-26 11:01:57===> API : /api/billing/noShowGuestList ===> Message : noShowGuestListResponse() completed
info: ===> TimeStamp : 2025-08-26 11:01:57===> API : null ===> Message : validateRequest() invoked
info: ===> TimeStamp : 2025-08-26 11:01:57===> API : null ===> Message : fetchDBSettings()
info: ===> TimeStamp : 2025-08-26 11:01:57===> API : null ===> Message : validateRequest() Invoked!
info: ===> TimeStamp : 2025-08-26 11:01:58===> API : null ===> Message : validRequest() :: Api validated Successfully
info: ===> TimeStamp : 2025-08-26 11:01:58===> API : /api/billing/noShowGuestList ===> Message : noShowGuestList() invoked!!
info: ===> TimeStamp : 2025-08-26 11:01:58===> API : /api/billing/noShowGuestList ===> Message : noShowGuestList() :: DB :: Invoked !
info: ===> TimeStamp : 2025-08-26 11:01:58===> API : /api/billing/noShowGuestList ===> Message : noShowGuestListResponse() invoked!
info: ===> TimeStamp : 2025-08-26 11:01:58===> API : /api/billing/noShowGuestList ===> Message : noShowGuestListResponse() completed
info: ===> TimeStamp : 2025-08-26 11:02:00===> API : null ===> Message : validateRequest() invoked
info: ===> TimeStamp : 2025-08-26 11:02:00===> API : null ===> Message : fetchDBSettings()
info: ===> TimeStamp : 2025-08-26 11:02:00===> API : null ===> Message : validateRequest() Invoked!
info: ===> TimeStamp : 2025-08-26 11:02:00===> API : null ===> Message : validRequest() :: Api validated Successfully
info: ===> TimeStamp : 2025-08-26 11:02:00===> API : /api/billing/getBillingDetails?billId=0&userId=0&billingDate=2025-08-25&shiftId=0&isBookingWebsite=0&futureDate=&fromDate=&toDate= ===> Message : getBillingDetails() invoked!!
info: ===> TimeStamp : 2025-08-26 11:02:00===> API : /api/billing/getBillingDetails?billId=0&userId=0&billingDate=2025-08-25&shiftId=0&isBookingWebsite=0&futureDate=&fromDate=&toDate= ===> Message : getBilliDetailsByBillDate() :: DB :: Invoked !
info: ===> TimeStamp : 2025-08-26 11:02:00===> API : /api/billing/getBillingDetails?billId=0&userId=0&billingDate=2025-08-25&shiftId=0&isBookingWebsite=0&futureDate=&fromDate=&toDate= ===> Message : getBillingDetailsResponse() invoked!
info: ===> TimeStamp : 2025-08-26 11:02:00===> API : /api/billing/getBillingDetails?billId=0&userId=0&billingDate=2025-08-25&shiftId=0&isBookingWebsite=0&futureDate=&fromDate=&toDate= ===> Message : getBillingDetailsResponse() completed
info: ===> TimeStamp : 2025-08-26 11:02:02===> API : null ===> Message : validateRequest() invoked
info: ===> TimeStamp : 2025-08-26 11:02:02===> API : null ===> Message : fetchDBSettings()
info: ===> TimeStamp : 2025-08-26 11:02:02===> API : null ===> Message : validateRequest() Invoked!
info: ===> TimeStamp : 2025-08-26 11:02:02===> API : null ===> Message : validRequest() :: Api validated Successfully
info: ===> TimeStamp : 2025-08-26 11:02:02===> API : /api/billing/generateCSVReport ===> Message : generateReports() invoked!!
info: ===> TimeStamp : 2025-08-26 11:02:02===> API : /api/billing/generateCSVReport ===> Message : generateReportsByBillDate() :: DB :: Invoked !
info: ===> TimeStamp : 2025-08-26 11:02:02===> API : /api/billing/generateCSVReport ===> Message : uploadReportFile() :: DB :: Invoked !
info: ===> TimeStamp : 2025-08-26 11:02:02===> API : /api/billing/generateCSVReport ===> Message : generateReportsResponse() invoked!
info: ===> TimeStamp : 2025-08-26 11:02:02===> API : /api/billing/generateCSVReport ===> Message : generateReportsResponse() completed
info: ===> TimeStamp : 2025-08-26 11:04:42===> API : null ===> Message : validateRequest() invoked
info: ===> TimeStamp : 2025-08-26 11:04:42===> API : null ===> Message : fetchDBSettings()
info: ===> TimeStamp : 2025-08-26 11:04:42===> API : null ===> Message : validateRequest() Invoked!
info: ===> TimeStamp : 2025-08-26 11:04:42===> API : null ===> Message : validRequest() :: Api validated Successfully
info: ===> TimeStamp : 2025-08-26 11:04:42===> API : /api/billing/addBillingDetails ===> Message : addBillingDetails() invoked!!
info: ===> TimeStamp : 2025-08-26 11:04:42===> API : /api/billing/addBillingDetails ===> Message : getPackageItemDetails() :: DB :: Invoked !
info: ===> TimeStamp : 2025-08-26 11:04:42===> API : /api/billing/addBillingDetails ===> Message : newBooking() :: DB :: Invoked !
info: ===> TimeStamp : 2025-08-26 11:04:42===> API : /api/billing/addBillingDetails ===> Message : newBooking() :: DB :: Invoked !
info: ===> TimeStamp : 2025-08-26 11:04:44===> API : /api/billing/addBillingDetails ===> Message : newBooking() :: DB :: Invoked !
info: ===> TimeStamp : 2025-08-26 11:04:44===> API : /api/billing/addBillingDetails ===> Message : newBooking() :: DB :: Invoked !
info: ===> TimeStamp : 2025-08-26 11:04:46===> API : /api/billing/addBillingDetails ===> Message : addBillingDetailsResponse() invoked!
info: ===> TimeStamp : 2025-08-26 11:04:46===> API : /api/billing/addBillingDetails ===> Message : addBillingDetailsResponse() completed
info: ===> TimeStamp : 2025-08-26 11:04:46===> API : null ===> Message : validateRequest() invoked
info: ===> TimeStamp : 2025-08-26 11:04:46===> API : null ===> Message : fetchDBSettings()
info: ===> TimeStamp : 2025-08-26 11:04:46===> API : null ===> Message : validateRequest() Invoked!
info: ===> TimeStamp : 2025-08-26 11:04:46===> API : null ===> Message : validRequest() :: Api validated Successfully
info: ===> TimeStamp : 2025-08-26 11:04:46===> API : /api/billing/updateItemDetailsBill ===> Message : updateItemDetailsBill() invoked!!
info: ===> TimeStamp : 2025-08-26 11:04:46===> API : /api/billing/updateItemDetailsBill ===> Message : updateItemDetailsBill() :: DB :: Invoked !
info: ===> TimeStamp : 2025-08-26 11:04:46===> API : /api/billing/updateItemDetailsBill ===> Message : updateItemDetailsBillResponse() invoked!
info: ===> TimeStamp : 2025-08-26 11:04:46===> API : /api/billing/updateItemDetailsBill ===> Message : updateItemDetailsBillResponse() completed
info: ===> TimeStamp : 2025-08-26 11:04:48===> API : null ===> Message : validateRequest() invoked
info: ===> TimeStamp : 2025-08-26 11:04:48===> API : null ===> Message : fetchDBSettings()
info: ===> TimeStamp : 2025-08-26 11:04:48===> API : null ===> Message : validateRequest() Invoked!
info: ===> TimeStamp : 2025-08-26 11:04:48===> API : null ===> Message : validRequest() :: Api validated Successfully
info: ===> TimeStamp : 2025-08-26 11:04:48===> API : /api/billing/uploadBillFile ===> Message : uploadBillFile() invoked!!
info: ===> TimeStamp : 2025-08-26 11:04:49===> API : /api/billing/uploadBillFile ===> Message : uploadBillFile() :: DB :: Invoked !
info: ===> TimeStamp : 2025-08-26 11:04:49===> API : /api/billing/uploadBillFile ===> Message : uploadBillFileResponse() invoked!
info: ===> TimeStamp : 2025-08-26 11:04:49===> API : /api/billing/uploadBillFile ===> Message : uploadBillFileResponse() completed
info: ===> TimeStamp : 2025-08-26 11:04:54===> API : null ===> Message : validateRequest() invoked
info: ===> TimeStamp : 2025-08-26 11:04:54===> API : null ===> Message : fetchDBSettings()
info: ===> TimeStamp : 2025-08-26 11:04:54===> API : null ===> Message : validateRequest() Invoked!
info: ===> TimeStamp : 2025-08-26 11:04:54===> API : null ===> Message : validRequest() :: Api validated Successfully
info: ===> TimeStamp : 2025-08-26 11:04:54===> API : /api/billing/uploadBillFile ===> Message : uploadBillFile() invoked!!
info: ===> TimeStamp : 2025-08-26 11:04:54===> API : /api/billing/uploadBillFile ===> Message : uploadBillFile() :: DB :: Invoked !
info: ===> TimeStamp : 2025-08-26 11:04:54===> API : /api/billing/uploadBillFile ===> Message : uploadBillFileResponse() invoked!
info: ===> TimeStamp : 2025-08-26 11:04:54===> API : /api/billing/uploadBillFile ===> Message : uploadBillFileResponse() completed
info: ===> TimeStamp : 2025-08-26 11:04:55===> API : null ===> Message : validateRequest() invoked
info: ===> TimeStamp : 2025-08-26 11:04:55===> API : null ===> Message : fetchDBSettings()
info: ===> TimeStamp : 2025-08-26 11:04:55===> API : null ===> Message : validateRequest() Invoked!
info: ===> TimeStamp : 2025-08-26 11:04:55===> API : null ===> Message : validRequest() :: Api validated Successfully
info: ===> TimeStamp : 2025-08-26 11:04:55===> API : /api/billing/sendBillMail ===> Message : sendBillMail() invoked!!
info: ===> TimeStamp : 2025-08-26 11:04:57===> API : /api/billing/sendBillMail ===> Message : notifySellers() :: Email sent :: Success :: 250 2.0.0 OK  1756186497 d2e1a72fcca58-771e814cbe1sm3700773b3a.27 - gsmtp !
info: ===> TimeStamp : 2025-08-26 11:04:57===> API : /api/billing/sendBillMail ===> Message : sendBillMailResponse() invoked!
info: ===> TimeStamp : 2025-08-26 11:04:57===> API : /api/billing/sendBillMail ===> Message : sendBillMailResponse() completed
info: ===> TimeStamp : 2025-08-26 11:07:40===> API : null ===> Message : validateRequest() invoked
info: ===> TimeStamp : 2025-08-26 11:07:40===> API : null ===> Message : fetchDBSettings()
info: ===> TimeStamp : 2025-08-26 11:07:40===> API : null ===> Message : validateRequest() invoked
info: ===> TimeStamp : 2025-08-26 11:07:40===> API : null ===> Message : fetchDBSettings()
info: ===> TimeStamp : 2025-08-26 11:07:40===> API : null ===> Message : validateRequest() invoked
info: ===> TimeStamp : 2025-08-26 11:07:40===> API : null ===> Message : fetchDBSettings()
info: ===> TimeStamp : 2025-08-26 11:07:40===> API : null ===> Message : validateRequest() invoked
info: ===> TimeStamp : 2025-08-26 11:07:40===> API : null ===> Message : fetchDBSettings()
info: ===> TimeStamp : 2025-08-26 11:07:40===> API : null ===> Message : validateRequest() Invoked!
info: ===> TimeStamp : 2025-08-26 11:07:40===> API : null ===> Message : validateRequest() Invoked!
info: ===> TimeStamp : 2025-08-26 11:07:40===> API : null ===> Message : validateRequest() Invoked!
info: ===> TimeStamp : 2025-08-26 11:07:40===> API : null ===> Message : validateRequest() Invoked!
info: ===> TimeStamp : 2025-08-26 11:07:40===> API : null ===> Message : validRequest() :: Api validated Successfully
info: ===> TimeStamp : 2025-08-26 11:07:40===> API : /api/billing/getBillingDetails?billId=0&userId=0&billingDate=2025-08-26&shiftId=0&isBookingWebsite=0&futureDate=&fromDate=&toDate= ===> Message : getBillingDetails() invoked!!
info: ===> TimeStamp : 2025-08-26 11:07:40===> API : /api/billing/getBillingDetails?billId=0&userId=0&billingDate=2025-08-26&shiftId=0&isBookingWebsite=0&futureDate=&fromDate=&toDate= ===> Message : getBilliDetailsByBillDate() :: DB :: Invoked !
info: ===> TimeStamp : 2025-08-26 11:07:40===> API : null ===> Message : validRequest() :: Api validated Successfully
info: ===> TimeStamp : 2025-08-26 11:07:40===> API : /api/billing/fetchVoidBill ===> Message : fetchVoidBill() invoked!!
info: ===> TimeStamp : 2025-08-26 11:07:40===> API : /api/billing/fetchVoidBill ===> Message : fetchVoidBill() :: DB :: Invoked !
info: ===> TimeStamp : 2025-08-26 11:07:40===> API : null ===> Message : validRequest() :: Api validated Successfully
info: ===> TimeStamp : 2025-08-26 11:07:40===> API : /api/billing/getBillingDetails?billId=0&userId=0&billingDate=2025-08-26&shiftId=0&isBookingWebsite=0&futureDate=2025-08-26&fromDate=&toDate= ===> Message : getBillingDetails() invoked!!
info: ===> TimeStamp : 2025-08-26 11:07:40===> API : null ===> Message : validRequest() :: Api validated Successfully
info: ===> TimeStamp : 2025-08-26 11:07:40===> API : /api/billing/noShowGuestList ===> Message : noShowGuestList() invoked!!
info: ===> TimeStamp : 2025-08-26 11:07:40===> API : /api/billing/noShowGuestList ===> Message : noShowGuestList() :: DB :: Invoked !
info: ===> TimeStamp : 2025-08-26 11:07:40===> API : /api/billing/getBillingDetails?billId=0&userId=0&billingDate=2025-08-26&shiftId=0&isBookingWebsite=0&futureDate=&fromDate=&toDate= ===> Message : getBillingDetailsResponse() invoked!
info: ===> TimeStamp : 2025-08-26 11:07:40===> API : /api/billing/getBillingDetails?billId=0&userId=0&billingDate=2025-08-26&shiftId=0&isBookingWebsite=0&futureDate=&fromDate=&toDate= ===> Message : getBillingDetailsResponse() completed
info: ===> TimeStamp : 2025-08-26 11:07:40===> API : null ===> Message : validateRequest() invoked
info: ===> TimeStamp : 2025-08-26 11:07:40===> API : null ===> Message : fetchDBSettings()
info: ===> TimeStamp : 2025-08-26 11:07:40===> API : null ===> Message : validateRequest() Invoked!
info: ===> TimeStamp : 2025-08-26 11:07:40===> API : null ===> Message : validRequest() :: Api validated Successfully
info: ===> TimeStamp : 2025-08-26 11:07:40===> API : /api/billing/getBillingDetails?billId=0&userId=0&billingDate=2025-08-26&shiftId=0&isBookingWebsite=0&futureDate=&fromDate=&toDate= ===> Message : getBillingDetails() invoked!!
info: ===> TimeStamp : 2025-08-26 11:07:40===> API : /api/billing/getBillingDetails?billId=0&userId=0&billingDate=2025-08-26&shiftId=0&isBookingWebsite=0&futureDate=&fromDate=&toDate= ===> Message : getBilliDetailsByBillDate() :: DB :: Invoked !
info: ===> TimeStamp : 2025-08-26 11:07:40===> API : /api/billing/getBillingDetails?billId=0&userId=0&billingDate=2025-08-26&shiftId=0&isBookingWebsite=0&futureDate=&fromDate=&toDate= ===> Message : getBillingDetailsResponse() invoked!
info: ===> TimeStamp : 2025-08-26 11:07:40===> API : /api/billing/getBillingDetails?billId=0&userId=0&billingDate=2025-08-26&shiftId=0&isBookingWebsite=0&futureDate=&fromDate=&toDate= ===> Message : getBillingDetailsResponse() completed
info: ===> TimeStamp : 2025-08-26 11:07:42===> API : /api/billing/fetchVoidBill ===> Message : fetchVoidBillResponse() invoked!
info: ===> TimeStamp : 2025-08-26 11:07:42===> API : /api/billing/fetchVoidBill ===> Message : fetchVoidBillResponse() completed
info: ===> TimeStamp : 2025-08-26 11:07:42===> API : /api/billing/noShowGuestList ===> Message : noShowGuestListResponse() invoked!
info: ===> TimeStamp : 2025-08-26 11:07:42===> API : /api/billing/noShowGuestList ===> Message : noShowGuestListResponse() completed
info: ===> TimeStamp : 2025-08-26 11:07:42===> API : null ===> Message : validateRequest() invoked
info: ===> TimeStamp : 2025-08-26 11:07:42===> API : null ===> Message : fetchDBSettings()
info: ===> TimeStamp : 2025-08-26 11:07:42===> API : null ===> Message : validateRequest() Invoked!
info: ===> TimeStamp : 2025-08-26 11:07:42===> API : null ===> Message : validRequest() :: Api validated Successfully
info: ===> TimeStamp : 2025-08-26 11:07:42===> API : /api/billing/noShowGuestList ===> Message : noShowGuestList() invoked!!
info: ===> TimeStamp : 2025-08-26 11:07:42===> API : /api/billing/noShowGuestList ===> Message : noShowGuestList() :: DB :: Invoked !
info: ===> TimeStamp : 2025-08-26 11:07:42===> API : /api/billing/noShowGuestList ===> Message : noShowGuestListResponse() invoked!
info: ===> TimeStamp : 2025-08-26 11:07:42===> API : /api/billing/noShowGuestList ===> Message : noShowGuestListResponse() completed
info: ===> TimeStamp : 2025-08-26 11:07:43===> API : null ===> Message : validateRequest() invoked
info: ===> TimeStamp : 2025-08-26 11:07:43===> API : null ===> Message : fetchDBSettings()
info: ===> TimeStamp : 2025-08-26 11:07:43===> API : null ===> Message : validateRequest() Invoked!
info: ===> TimeStamp : 2025-08-26 11:07:43===> API : null ===> Message : validRequest() :: Api validated Successfully
info: ===> TimeStamp : 2025-08-26 11:07:43===> API : /api/billing/getBillingDetails?billId=0&userId=0&billingDate=2025-08-26&shiftId=0&isBookingWebsite=0&futureDate=&fromDate=&toDate= ===> Message : getBillingDetails() invoked!!
info: ===> TimeStamp : 2025-08-26 11:07:43===> API : /api/billing/getBillingDetails?billId=0&userId=0&billingDate=2025-08-26&shiftId=0&isBookingWebsite=0&futureDate=&fromDate=&toDate= ===> Message : getBilliDetailsByBillDate() :: DB :: Invoked !
info: ===> TimeStamp : 2025-08-26 11:07:43===> API : /api/billing/getBillingDetails?billId=0&userId=0&billingDate=2025-08-26&shiftId=0&isBookingWebsite=0&futureDate=&fromDate=&toDate= ===> Message : getBillingDetailsResponse() invoked!
info: ===> TimeStamp : 2025-08-26 11:07:43===> API : /api/billing/getBillingDetails?billId=0&userId=0&billingDate=2025-08-26&shiftId=0&isBookingWebsite=0&futureDate=&fromDate=&toDate= ===> Message : getBillingDetailsResponse() completed
info: ===> TimeStamp : 2025-08-26 11:07:47===> API : null ===> Message : validateRequest() invoked
info: ===> TimeStamp : 2025-08-26 11:07:47===> API : null ===> Message : fetchDBSettings()
info: ===> TimeStamp : 2025-08-26 11:07:47===> API : null ===> Message : validateRequest() Invoked!
info: ===> TimeStamp : 2025-08-26 11:07:47===> API : null ===> Message : validRequest() :: Api validated Successfully
info: ===> TimeStamp : 2025-08-26 11:07:47===> API : /api/billing/getBillingDetails?billId=0&userId=0&billingDate=2025-08-25&shiftId=0&isBookingWebsite=0&futureDate=&fromDate=&toDate= ===> Message : getBillingDetails() invoked!!
info: ===> TimeStamp : 2025-08-26 11:07:47===> API : /api/billing/getBillingDetails?billId=0&userId=0&billingDate=2025-08-25&shiftId=0&isBookingWebsite=0&futureDate=&fromDate=&toDate= ===> Message : getBilliDetailsByBillDate() :: DB :: Invoked !
info: ===> TimeStamp : 2025-08-26 11:07:47===> API : /api/billing/getBillingDetails?billId=0&userId=0&billingDate=2025-08-25&shiftId=0&isBookingWebsite=0&futureDate=&fromDate=&toDate= ===> Message : getBillingDetailsResponse() invoked!
info: ===> TimeStamp : 2025-08-26 11:07:47===> API : /api/billing/getBillingDetails?billId=0&userId=0&billingDate=2025-08-25&shiftId=0&isBookingWebsite=0&futureDate=&fromDate=&toDate= ===> Message : getBillingDetailsResponse() completed
info: ===> TimeStamp : 2025-08-26 11:07:48===> API : null ===> Message : validateRequest() invoked
info: ===> TimeStamp : 2025-08-26 11:07:48===> API : null ===> Message : fetchDBSettings()
info: ===> TimeStamp : 2025-08-26 11:07:48===> API : null ===> Message : validateRequest() Invoked!
info: ===> TimeStamp : 2025-08-26 11:07:48===> API : null ===> Message : validRequest() :: Api validated Successfully
info: ===> TimeStamp : 2025-08-26 11:07:48===> API : /api/billing/generateCSVReport ===> Message : generateReports() invoked!!
info: ===> TimeStamp : 2025-08-26 11:07:48===> API : /api/billing/generateCSVReport ===> Message : generateReportsByBillDate() :: DB :: Invoked !
info: ===> TimeStamp : 2025-08-26 11:07:49===> API : /api/billing/generateCSVReport ===> Message : uploadReportFile() :: DB :: Invoked !
info: ===> TimeStamp : 2025-08-26 11:07:49===> API : /api/billing/generateCSVReport ===> Message : generateReportsResponse() invoked!
info: ===> TimeStamp : 2025-08-26 11:07:49===> API : /api/billing/generateCSVReport ===> Message : generateReportsResponse() completed
info: ===> TimeStamp : 2025-08-26 11:08:03===> API : null ===> Message : validateRequest() invoked
info: ===> TimeStamp : 2025-08-26 11:08:03===> API : null ===> Message : fetchDBSettings()
info: ===> TimeStamp : 2025-08-26 11:08:03===> API : null ===> Message : validateRequest() Invoked!
info: ===> TimeStamp : 2025-08-26 11:08:03===> API : null ===> Message : validRequest() :: Api validated Successfully
info: ===> TimeStamp : 2025-08-26 11:08:03===> API : /api/billing/getBillingDetails?billId=0&userId=0&billingDate=2025-08-26&shiftId=0&isBookingWebsite=0&futureDate=2025-08-26&fromDate=&toDate= ===> Message : getBillingDetails() invoked!!
info: ===> TimeStamp : 2025-08-26 11:12:29===> API : null ===> Message : validateRequest() invoked
info: ===> TimeStamp : 2025-08-26 11:12:29===> API : null ===> Message : fetchDBSettings()
info: ===> TimeStamp : 2025-08-26 11:12:29===> API : null ===> Message : validateRequest() Invoked!
info: ===> TimeStamp : 2025-08-26 11:12:29===> API : null ===> Message : validRequest() :: Api validated Successfully
info: ===> TimeStamp : 2025-08-26 11:12:29===> API : /api/billing/addBillingDetails ===> Message : addBillingDetails() invoked!!
info: ===> TimeStamp : 2025-08-26 11:12:29===> API : /api/billing/addBillingDetails ===> Message : getPackageItemDetails() :: DB :: Invoked !
info: ===> TimeStamp : 2025-08-26 11:12:29===> API : /api/billing/addBillingDetails ===> Message : newBooking() :: DB :: Invoked !
info: ===> TimeStamp : 2025-08-26 11:12:29===> API : /api/billing/addBillingDetails ===> Message : newBooking() :: DB :: Invoked !
info: ===> TimeStamp : 2025-08-26 11:12:31===> API : /api/billing/addBillingDetails ===> Message : newBooking() :: DB :: Invoked !
info: ===> TimeStamp : 2025-08-26 11:12:31===> API : /api/billing/addBillingDetails ===> Message : newBooking() :: DB :: Invoked !
info: ===> TimeStamp : 2025-08-26 11:12:32===> API : /api/billing/addBillingDetails ===> Message : addBillingDetailsResponse() invoked!
info: ===> TimeStamp : 2025-08-26 11:12:32===> API : /api/billing/addBillingDetails ===> Message : addBillingDetailsResponse() completed
info: ===> TimeStamp : 2025-08-26 11:12:32===> API : null ===> Message : validateRequest() invoked
info: ===> TimeStamp : 2025-08-26 11:12:32===> API : null ===> Message : fetchDBSettings()
info: ===> TimeStamp : 2025-08-26 11:12:32===> API : null ===> Message : validateRequest() Invoked!
info: ===> TimeStamp : 2025-08-26 11:12:32===> API : null ===> Message : validRequest() :: Api validated Successfully
info: ===> TimeStamp : 2025-08-26 11:12:32===> API : /api/billing/updateItemDetailsBill ===> Message : updateItemDetailsBill() invoked!!
info: ===> TimeStamp : 2025-08-26 11:12:32===> API : /api/billing/updateItemDetailsBill ===> Message : updateItemDetailsBill() :: DB :: Invoked !
info: ===> TimeStamp : 2025-08-26 11:12:32===> API : /api/billing/updateItemDetailsBill ===> Message : updateItemDetailsBillResponse() invoked!
info: ===> TimeStamp : 2025-08-26 11:12:32===> API : /api/billing/updateItemDetailsBill ===> Message : updateItemDetailsBillResponse() completed
info: ===> TimeStamp : 2025-08-26 11:12:35===> API : null ===> Message : validateRequest() invoked
info: ===> TimeStamp : 2025-08-26 11:12:35===> API : null ===> Message : fetchDBSettings()
info: ===> TimeStamp : 2025-08-26 11:12:35===> API : null ===> Message : validateRequest() Invoked!
info: ===> TimeStamp : 2025-08-26 11:12:35===> API : null ===> Message : validRequest() :: Api validated Successfully
info: ===> TimeStamp : 2025-08-26 11:12:35===> API : /api/billing/uploadBillFile ===> Message : uploadBillFile() invoked!!
info: ===> TimeStamp : 2025-08-26 11:12:35===> API : /api/billing/uploadBillFile ===> Message : uploadBillFile() :: DB :: Invoked !
info: ===> TimeStamp : 2025-08-26 11:12:35===> API : /api/billing/uploadBillFile ===> Message : uploadBillFileResponse() invoked!
info: ===> TimeStamp : 2025-08-26 11:12:35===> API : /api/billing/uploadBillFile ===> Message : uploadBillFileResponse() completed
info: ===> TimeStamp : 2025-08-26 11:12:51===> API : null ===> Message : validateRequest() invoked
info: ===> TimeStamp : 2025-08-26 11:12:51===> API : null ===> Message : fetchDBSettings()
info: ===> TimeStamp : 2025-08-26 11:12:51===> API : null ===> Message : validateRequest() Invoked!
info: ===> TimeStamp : 2025-08-26 11:12:51===> API : null ===> Message : validRequest() :: Api validated Successfully
info: ===> TimeStamp : 2025-08-26 11:12:51===> API : /api/billing/uploadBillFile ===> Message : uploadBillFile() invoked!!
info: ===> TimeStamp : 2025-08-26 11:12:51===> API : /api/billing/uploadBillFile ===> Message : uploadBillFile() :: DB :: Invoked !
info: ===> TimeStamp : 2025-08-26 11:12:51===> API : /api/billing/uploadBillFile ===> Message : uploadBillFileResponse() invoked!
info: ===> TimeStamp : 2025-08-26 11:12:51===> API : /api/billing/uploadBillFile ===> Message : uploadBillFileResponse() completed
info: ===> TimeStamp : 2025-08-26 11:12:51===> API : null ===> Message : validateRequest() invoked
info: ===> TimeStamp : 2025-08-26 11:12:51===> API : null ===> Message : fetchDBSettings()
info: ===> TimeStamp : 2025-08-26 11:12:51===> API : null ===> Message : validateRequest() Invoked!
info: ===> TimeStamp : 2025-08-26 11:12:51===> API : null ===> Message : validRequest() :: Api validated Successfully
info: ===> TimeStamp : 2025-08-26 11:12:51===> API : /api/billing/sendBillMail ===> Message : sendBillMail() invoked!!
info: ===> TimeStamp : 2025-08-26 11:12:54===> API : /api/billing/sendBillMail ===> Message : notifySellers() :: Email sent :: Success :: 250 2.0.0 OK  1756186974 d2e1a72fcca58-771fc26aa82sm294802b3a.104 - gsmtp !
info: ===> TimeStamp : 2025-08-26 11:12:54===> API : /api/billing/sendBillMail ===> Message : sendBillMailResponse() invoked!
info: ===> TimeStamp : 2025-08-26 11:12:54===> API : /api/billing/sendBillMail ===> Message : sendBillMailResponse() completed
info: ===> TimeStamp : 2025-08-26 11:19:25===> API : null ===> Message : validateRequest() invoked
info: ===> TimeStamp : 2025-08-26 11:19:25===> API : null ===> Message : fetchDBSettings()
info: ===> TimeStamp : 2025-08-26 11:19:25===> API : null ===> Message : validateRequest() Invoked!
info: ===> TimeStamp : 2025-08-26 11:19:25===> API : null ===> Message : validRequest() :: Api validated Successfully
info: ===> TimeStamp : 2025-08-26 11:19:25===> API : /api/billing/addBillingDetails ===> Message : addBillingDetails() invoked!!
info: ===> TimeStamp : 2025-08-26 11:19:25===> API : /api/billing/addBillingDetails ===> Message : getPackageItemDetails() :: DB :: Invoked !
info: ===> TimeStamp : 2025-08-26 11:19:25===> API : /api/billing/addBillingDetails ===> Message : newBooking() :: DB :: Invoked !
info: ===> TimeStamp : 2025-08-26 11:19:25===> API : /api/billing/addBillingDetails ===> Message : newBooking() :: DB :: Invoked !
info: ===> TimeStamp : 2025-08-26 11:19:26===> API : /api/billing/addBillingDetails ===> Message : newBooking() :: DB :: Invoked !
info: ===> TimeStamp : 2025-08-26 11:19:26===> API : /api/billing/addBillingDetails ===> Message : newBooking() :: DB :: Invoked !
info: ===> TimeStamp : 2025-08-26 11:19:28===> API : /api/billing/addBillingDetails ===> Message : addBillingDetailsResponse() invoked!
info: ===> TimeStamp : 2025-08-26 11:19:28===> API : /api/billing/addBillingDetails ===> Message : addBillingDetailsResponse() completed
info: ===> TimeStamp : 2025-08-26 11:19:28===> API : null ===> Message : validateRequest() invoked
info: ===> TimeStamp : 2025-08-26 11:19:28===> API : null ===> Message : fetchDBSettings()
info: ===> TimeStamp : 2025-08-26 11:19:28===> API : null ===> Message : validateRequest() Invoked!
info: ===> TimeStamp : 2025-08-26 11:19:28===> API : null ===> Message : validRequest() :: Api validated Successfully
info: ===> TimeStamp : 2025-08-26 11:19:28===> API : /api/billing/updateItemDetailsBill ===> Message : updateItemDetailsBill() :: DB :: Invoked !
info: ===> TimeStamp : 2025-08-26 11:19:28===> API : /api/billing/updateItemDetailsBill ===> Message : updateItemDetailsBill() invoked!!
info: ===> TimeStamp : 2025-08-26 11:19:28===> API : /api/billing/updateItemDetailsBill ===> Message : updateItemDetailsBillResponse() invoked!
info: ===> TimeStamp : 2025-08-26 11:19:28===> API : /api/billing/updateItemDetailsBill ===> Message : updateItemDetailsBillResponse() completed
info: ===> TimeStamp : 2025-08-26 11:19:31===> API : null ===> Message : validateRequest() invoked
info: ===> TimeStamp : 2025-08-26 11:19:31===> API : null ===> Message : fetchDBSettings()
info: ===> TimeStamp : 2025-08-26 11:19:31===> API : null ===> Message : validateRequest() Invoked!
info: ===> TimeStamp : 2025-08-26 11:19:31===> API : null ===> Message : validRequest() :: Api validated Successfully
info: ===> TimeStamp : 2025-08-26 11:19:31===> API : /api/billing/uploadBillFile ===> Message : uploadBillFile() invoked!!
info: ===> TimeStamp : 2025-08-26 11:19:31===> API : /api/billing/uploadBillFile ===> Message : uploadBillFile() :: DB :: Invoked !
info: ===> TimeStamp : 2025-08-26 11:19:31===> API : /api/billing/uploadBillFile ===> Message : uploadBillFileResponse() invoked!
info: ===> TimeStamp : 2025-08-26 11:19:31===> API : /api/billing/uploadBillFile ===> Message : uploadBillFileResponse() completed
info: ===> TimeStamp : 2025-08-26 11:19:42===> API : null ===> Message : validateRequest() invoked
info: ===> TimeStamp : 2025-08-26 11:19:42===> API : null ===> Message : fetchDBSettings()
info: ===> TimeStamp : 2025-08-26 11:19:42===> API : null ===> Message : validateRequest() Invoked!
info: ===> TimeStamp : 2025-08-26 11:19:42===> API : null ===> Message : validRequest() :: Api validated Successfully
info: ===> TimeStamp : 2025-08-26 11:19:42===> API : /api/billing/uploadBillFile ===> Message : uploadBillFile() invoked!!
info: ===> TimeStamp : 2025-08-26 11:19:42===> API : /api/billing/uploadBillFile ===> Message : uploadBillFile() :: DB :: Invoked !
info: ===> TimeStamp : 2025-08-26 11:19:42===> API : /api/billing/uploadBillFile ===> Message : uploadBillFileResponse() invoked!
info: ===> TimeStamp : 2025-08-26 11:19:42===> API : /api/billing/uploadBillFile ===> Message : uploadBillFileResponse() completed
info: ===> TimeStamp : 2025-08-26 11:19:42===> API : null ===> Message : validateRequest() invoked
info: ===> TimeStamp : 2025-08-26 11:19:42===> API : null ===> Message : fetchDBSettings()
info: ===> TimeStamp : 2025-08-26 11:19:42===> API : null ===> Message : validateRequest() Invoked!
info: ===> TimeStamp : 2025-08-26 11:19:42===> API : null ===> Message : validRequest() :: Api validated Successfully
info: ===> TimeStamp : 2025-08-26 11:19:42===> API : /api/billing/sendBillMail ===> Message : sendBillMail() invoked!!
info: ===> TimeStamp : 2025-08-26 11:19:45===> API : /api/billing/sendBillMail ===> Message : notifySellers() :: Email sent :: Success :: 250 2.0.0 OK  1756187385 d9443c01a7336-24668871027sm84512895ad.118 - gsmtp !
info: ===> TimeStamp : 2025-08-26 11:19:45===> API : /api/billing/sendBillMail ===> Message : sendBillMailResponse() invoked!
info: ===> TimeStamp : 2025-08-26 11:19:45===> API : /api/billing/sendBillMail ===> Message : sendBillMailResponse() completed
info: ===> TimeStamp : 2025-08-26 11:33:11===> API : null ===> Message : validateRequest() invoked
info: ===> TimeStamp : 2025-08-26 11:33:11===> API : null ===> Message : fetchDBSettings()
info: ===> TimeStamp : 2025-08-26 11:33:11===> API : null ===> Message : validateRequest() Invoked!
info: ===> TimeStamp : 2025-08-26 11:33:11===> API : /api/billing/addBillingDetails ===> Message : addBillingDetails() invoked!!
info: ===> TimeStamp : 2025-08-26 11:33:11===> API : /api/billing/addBillingDetails ===> Message : getPackageItemDetails() :: DB :: Invoked !
info: ===> TimeStamp : 2025-08-26 11:33:11===> API : null ===> Message : validRequest() :: Api validated Successfully
info: ===> TimeStamp : 2025-08-26 11:33:11===> API : /api/billing/addBillingDetails ===> Message : newBooking() :: DB :: Invoked !
info: ===> TimeStamp : 2025-08-26 11:33:11===> API : /api/billing/addBillingDetails ===> Message : newBooking() :: DB :: Invoked !
info: ===> TimeStamp : 2025-08-26 11:33:13===> API : /api/billing/addBillingDetails ===> Message : newBooking() :: DB :: Invoked !
info: ===> TimeStamp : 2025-08-26 11:33:13===> API : /api/billing/addBillingDetails ===> Message : newBooking() :: DB :: Invoked !
info: ===> TimeStamp : 2025-08-26 11:33:15===> API : /api/billing/addBillingDetails ===> Message : addBillingDetailsResponse() invoked!
info: ===> TimeStamp : 2025-08-26 11:33:15===> API : /api/billing/addBillingDetails ===> Message : addBillingDetailsResponse() completed
info: ===> TimeStamp : 2025-08-26 11:33:15===> API : null ===> Message : validateRequest() invoked
info: ===> TimeStamp : 2025-08-26 11:33:15===> API : null ===> Message : fetchDBSettings()
info: ===> TimeStamp : 2025-08-26 11:33:15===> API : null ===> Message : validateRequest() Invoked!
info: ===> TimeStamp : 2025-08-26 11:33:15===> API : null ===> Message : validRequest() :: Api validated Successfully
info: ===> TimeStamp : 2025-08-26 11:33:15===> API : /api/billing/updateItemDetailsBill ===> Message : updateItemDetailsBill() invoked!!
info: ===> TimeStamp : 2025-08-26 11:33:15===> API : /api/billing/updateItemDetailsBill ===> Message : updateItemDetailsBill() :: DB :: Invoked !
info: ===> TimeStamp : 2025-08-26 11:33:15===> API : /api/billing/updateItemDetailsBill ===> Message : updateItemDetailsBillResponse() invoked!
info: ===> TimeStamp : 2025-08-26 11:33:15===> API : /api/billing/updateItemDetailsBill ===> Message : updateItemDetailsBillResponse() completed
info: ===> TimeStamp : 2025-08-26 11:33:17===> API : null ===> Message : validateRequest() invoked
info: ===> TimeStamp : 2025-08-26 11:33:17===> API : null ===> Message : fetchDBSettings()
info: ===> TimeStamp : 2025-08-26 11:33:17===> API : null ===> Message : validateRequest() Invoked!
info: ===> TimeStamp : 2025-08-26 11:33:17===> API : null ===> Message : validRequest() :: Api validated Successfully
info: ===> TimeStamp : 2025-08-26 11:33:17===> API : /api/billing/uploadBillFile ===> Message : uploadBillFile() invoked!!
info: ===> TimeStamp : 2025-08-26 11:33:18===> API : /api/billing/uploadBillFile ===> Message : uploadBillFile() :: DB :: Invoked !
info: ===> TimeStamp : 2025-08-26 11:33:18===> API : /api/billing/uploadBillFile ===> Message : uploadBillFileResponse() invoked!
info: ===> TimeStamp : 2025-08-26 11:33:18===> API : /api/billing/uploadBillFile ===> Message : uploadBillFileResponse() completed
info: ===> TimeStamp : 2025-08-26 11:33:20===> API : null ===> Message : fetchDBSettings()
info: ===> TimeStamp : 2025-08-26 11:33:20===> API : null ===> Message : validateRequest() invoked
info: ===> TimeStamp : 2025-08-26 11:33:20===> API : null ===> Message : validateRequest() Invoked!
info: ===> TimeStamp : 2025-08-26 11:33:20===> API : null ===> Message : validRequest() :: Api validated Successfully
info: ===> TimeStamp : 2025-08-26 11:33:20===> API : /api/billing/uploadBillFile ===> Message : uploadBillFile() invoked!!
info: ===> TimeStamp : 2025-08-26 11:33:21===> API : /api/billing/uploadBillFile ===> Message : uploadBillFile() :: DB :: Invoked !
info: ===> TimeStamp : 2025-08-26 11:33:21===> API : /api/billing/uploadBillFile ===> Message : uploadBillFileResponse() invoked!
info: ===> TimeStamp : 2025-08-26 11:33:21===> API : /api/billing/uploadBillFile ===> Message : uploadBillFileResponse() completed
info: ===> TimeStamp : 2025-08-26 11:33:25===> API : null ===> Message : validateRequest() invoked
info: ===> TimeStamp : 2025-08-26 11:33:25===> API : null ===> Message : fetchDBSettings()
info: ===> TimeStamp : 2025-08-26 11:33:25===> API : null ===> Message : validateRequest() Invoked!
info: ===> TimeStamp : 2025-08-26 11:33:25===> API : null ===> Message : validRequest() :: Api validated Successfully
info: ===> TimeStamp : 2025-08-26 11:33:25===> API : /api/billing/sendBillMail ===> Message : sendBillMail() invoked!!
info: ===> TimeStamp : 2025-08-26 11:33:26===> API : null ===> Message : validateRequest() invoked
info: ===> TimeStamp : 2025-08-26 11:33:26===> API : null ===> Message : fetchDBSettings()
info: ===> TimeStamp : 2025-08-26 11:33:26===> API : null ===> Message : validateRequest() Invoked!
info: ===> TimeStamp : 2025-08-26 11:33:26===> API : null ===> Message : validRequest() :: Api validated Successfully
info: ===> TimeStamp : 2025-08-26 11:33:26===> API : /api/billing/uploadBillFile ===> Message : uploadBillFile() invoked!!
info: ===> TimeStamp : 2025-08-26 11:33:26===> API : /api/billing/uploadBillFile ===> Message : uploadBillFile() :: DB :: Invoked !
info: ===> TimeStamp : 2025-08-26 11:33:26===> API : /api/billing/uploadBillFile ===> Message : uploadBillFileResponse() invoked!
info: ===> TimeStamp : 2025-08-26 11:33:26===> API : /api/billing/uploadBillFile ===> Message : uploadBillFileResponse() completed
info: ===> TimeStamp : 2025-08-26 11:33:26===> API : null ===> Message : validateRequest() invoked
info: ===> TimeStamp : 2025-08-26 11:33:26===> API : null ===> Message : fetchDBSettings()
info: ===> TimeStamp : 2025-08-26 11:33:26===> API : null ===> Message : validateRequest() Invoked!
info: ===> TimeStamp : 2025-08-26 11:33:26===> API : null ===> Message : validRequest() :: Api validated Successfully
info: ===> TimeStamp : 2025-08-26 11:33:26===> API : /api/billing/sendBillMail ===> Message : sendBillMail() invoked!!
info: ===> TimeStamp : 2025-08-26 11:33:28===> API : /api/billing/sendBillMail ===> Message : notifySellers() :: Email sent :: Success :: 250 2.0.0 OK  1756188208 98e67ed59e1d1-32548842931sm8767172a91.0 - gsmtp !
info: ===> TimeStamp : 2025-08-26 11:33:28===> API : /api/billing/sendBillMail ===> Message : sendBillMailResponse() invoked!
info: ===> TimeStamp : 2025-08-26 11:33:28===> API : /api/billing/sendBillMail ===> Message : sendBillMailResponse() completed
info: ===> TimeStamp : 2025-08-26 11:33:29===> API : /api/billing/sendBillMail ===> Message : notifySellers() :: Email sent :: Success :: 250 2.0.0 OK  1756188208 d2e1a72fcca58-771e39cb4b8sm4383139b3a.92 - gsmtp !
info: ===> TimeStamp : 2025-08-26 11:33:29===> API : /api/billing/sendBillMail ===> Message : sendBillMailResponse() invoked!
info: ===> TimeStamp : 2025-08-26 11:33:29===> API : /api/billing/sendBillMail ===> Message : sendBillMailResponse() completed
info: ===> TimeStamp : 2025-08-26 11:33:37===> API : null ===> Message : validateRequest() invoked
info: ===> TimeStamp : 2025-08-26 11:33:37===> API : null ===> Message : fetchDBSettings()
info: ===> TimeStamp : 2025-08-26 11:33:37===> API : null ===> Message : validateRequest() invoked
info: ===> TimeStamp : 2025-08-26 11:33:37===> API : null ===> Message : fetchDBSettings()
info: ===> TimeStamp : 2025-08-26 11:33:37===> API : null ===> Message : validateRequest() invoked
info: ===> TimeStamp : 2025-08-26 11:33:37===> API : null ===> Message : fetchDBSettings()
info: ===> TimeStamp : 2025-08-26 11:33:37===> API : null ===> Message : validateRequest() invoked
info: ===> TimeStamp : 2025-08-26 11:33:37===> API : null ===> Message : fetchDBSettings()
info: ===> TimeStamp : 2025-08-26 11:33:37===> API : null ===> Message : validateRequest() Invoked!
info: ===> TimeStamp : 2025-08-26 11:33:37===> API : null ===> Message : validateRequest() Invoked!
info: ===> TimeStamp : 2025-08-26 11:33:37===> API : null ===> Message : validateRequest() Invoked!
info: ===> TimeStamp : 2025-08-26 11:33:37===> API : null ===> Message : validateRequest() Invoked!
info: ===> TimeStamp : 2025-08-26 11:33:37===> API : null ===> Message : validRequest() :: Api validated Successfully
info: ===> TimeStamp : 2025-08-26 11:33:37===> API : /api/billing/getBillingDetails?billId=0&userId=0&billingDate=2025-08-26&shiftId=0&isBookingWebsite=0&futureDate=&fromDate=&toDate= ===> Message : getBillingDetails() invoked!!
info: ===> TimeStamp : 2025-08-26 11:33:37===> API : /api/billing/getBillingDetails?billId=0&userId=0&billingDate=2025-08-26&shiftId=0&isBookingWebsite=0&futureDate=&fromDate=&toDate= ===> Message : getBilliDetailsByBillDate() :: DB :: Invoked !
info: ===> TimeStamp : 2025-08-26 11:33:37===> API : null ===> Message : validRequest() :: Api validated Successfully
info: ===> TimeStamp : 2025-08-26 11:33:37===> API : /api/billing/fetchVoidBill ===> Message : fetchVoidBill() invoked!!
info: ===> TimeStamp : 2025-08-26 11:33:37===> API : /api/billing/fetchVoidBill ===> Message : fetchVoidBill() :: DB :: Invoked !
info: ===> TimeStamp : 2025-08-26 11:33:37===> API : null ===> Message : validRequest() :: Api validated Successfully
info: ===> TimeStamp : 2025-08-26 11:33:37===> API : /api/billing/noShowGuestList ===> Message : noShowGuestList() invoked!!
info: ===> TimeStamp : 2025-08-26 11:33:37===> API : /api/billing/noShowGuestList ===> Message : noShowGuestList() :: DB :: Invoked !
info: ===> TimeStamp : 2025-08-26 11:33:37===> API : null ===> Message : validRequest() :: Api validated Successfully
info: ===> TimeStamp : 2025-08-26 11:33:37===> API : /api/billing/getBillingDetails?billId=0&userId=0&billingDate=2025-08-26&shiftId=0&isBookingWebsite=0&futureDate=2025-08-26&fromDate=&toDate= ===> Message : getBillingDetails() invoked!!
info: ===> TimeStamp : 2025-08-26 11:33:37===> API : /api/billing/getBillingDetails?billId=0&userId=0&billingDate=2025-08-26&shiftId=0&isBookingWebsite=0&futureDate=&fromDate=&toDate= ===> Message : getBillingDetailsResponse() invoked!
info: ===> TimeStamp : 2025-08-26 11:33:37===> API : /api/billing/getBillingDetails?billId=0&userId=0&billingDate=2025-08-26&shiftId=0&isBookingWebsite=0&futureDate=&fromDate=&toDate= ===> Message : getBillingDetailsResponse() completed
info: ===> TimeStamp : 2025-08-26 11:33:37===> API : null ===> Message : validateRequest() invoked
info: ===> TimeStamp : 2025-08-26 11:33:37===> API : null ===> Message : fetchDBSettings()
info: ===> TimeStamp : 2025-08-26 11:33:37===> API : null ===> Message : validateRequest() Invoked!
info: ===> TimeStamp : 2025-08-26 11:33:37===> API : null ===> Message : validRequest() :: Api validated Successfully
info: ===> TimeStamp : 2025-08-26 11:33:37===> API : /api/billing/getBillingDetails?billId=0&userId=0&billingDate=2025-08-26&shiftId=0&isBookingWebsite=0&futureDate=&fromDate=&toDate= ===> Message : getBillingDetails() invoked!!
info: ===> TimeStamp : 2025-08-26 11:33:37===> API : /api/billing/getBillingDetails?billId=0&userId=0&billingDate=2025-08-26&shiftId=0&isBookingWebsite=0&futureDate=&fromDate=&toDate= ===> Message : getBilliDetailsByBillDate() :: DB :: Invoked !
info: ===> TimeStamp : 2025-08-26 11:33:37===> API : /api/billing/getBillingDetails?billId=0&userId=0&billingDate=2025-08-26&shiftId=0&isBookingWebsite=0&futureDate=&fromDate=&toDate= ===> Message : getBillingDetailsResponse() invoked!
info: ===> TimeStamp : 2025-08-26 11:33:37===> API : /api/billing/getBillingDetails?billId=0&userId=0&billingDate=2025-08-26&shiftId=0&isBookingWebsite=0&futureDate=&fromDate=&toDate= ===> Message : getBillingDetailsResponse() completed
info: ===> TimeStamp : 2025-08-26 11:33:38===> API : /api/billing/fetchVoidBill ===> Message : fetchVoidBillResponse() invoked!
info: ===> TimeStamp : 2025-08-26 11:33:38===> API : /api/billing/fetchVoidBill ===> Message : fetchVoidBillResponse() completed
info: ===> TimeStamp : 2025-08-26 11:33:38===> API : /api/billing/noShowGuestList ===> Message : noShowGuestListResponse() invoked!
info: ===> TimeStamp : 2025-08-26 11:33:38===> API : /api/billing/noShowGuestList ===> Message : noShowGuestListResponse() completed
info: ===> TimeStamp : 2025-08-26 11:33:38===> API : null ===> Message : validateRequest() invoked
info: ===> TimeStamp : 2025-08-26 11:33:38===> API : null ===> Message : fetchDBSettings()
info: ===> TimeStamp : 2025-08-26 11:33:38===> API : null ===> Message : validateRequest() Invoked!
info: ===> TimeStamp : 2025-08-26 11:33:38===> API : null ===> Message : validRequest() :: Api validated Successfully
info: ===> TimeStamp : 2025-08-26 11:33:38===> API : /api/billing/noShowGuestList ===> Message : noShowGuestList() invoked!!
info: ===> TimeStamp : 2025-08-26 11:33:38===> API : /api/billing/noShowGuestList ===> Message : noShowGuestList() :: DB :: Invoked !
info: ===> TimeStamp : 2025-08-26 11:33:39===> API : /api/billing/noShowGuestList ===> Message : noShowGuestListResponse() invoked!
info: ===> TimeStamp : 2025-08-26 11:33:39===> API : /api/billing/noShowGuestList ===> Message : noShowGuestListResponse() completed
info: ===> TimeStamp : 2025-08-26 11:34:43===> API : null ===> Message : validateRequest() invoked
info: ===> TimeStamp : 2025-08-26 11:34:43===> API : null ===> Message : fetchDBSettings()
info: ===> TimeStamp : 2025-08-26 11:34:43===> API : null ===> Message : validateRequest() invoked
info: ===> TimeStamp : 2025-08-26 11:34:43===> API : null ===> Message : fetchDBSettings()
info: ===> TimeStamp : 2025-08-26 11:34:43===> API : null ===> Message : validateRequest() invoked
info: ===> TimeStamp : 2025-08-26 11:34:43===> API : null ===> Message : fetchDBSettings()
info: ===> TimeStamp : 2025-08-26 11:34:43===> API : null ===> Message : validateRequest() Invoked!
info: ===> TimeStamp : 2025-08-26 11:34:43===> API : null ===> Message : validateRequest() Invoked!
info: ===> TimeStamp : 2025-08-26 11:34:43===> API : null ===> Message : validateRequest() Invoked!
info: ===> TimeStamp : 2025-08-26 11:34:43===> API : null ===> Message : validRequest() :: Api validated Successfully
info: ===> TimeStamp : 2025-08-26 11:34:43===> API : /api/billing/getBillingDetails?billId=0&userId=0&billingDate=2025-08-26&shiftId=0&isBookingWebsite=0&futureDate=&fromDate=&toDate= ===> Message : getBillingDetails() invoked!!
info: ===> TimeStamp : 2025-08-26 11:34:43===> API : /api/billing/getBillingDetails?billId=0&userId=0&billingDate=2025-08-26&shiftId=0&isBookingWebsite=0&futureDate=&fromDate=&toDate= ===> Message : getBilliDetailsByBillDate() :: DB :: Invoked !
info: ===> TimeStamp : 2025-08-26 11:34:43===> API : null ===> Message : validRequest() :: Api validated Successfully
info: ===> TimeStamp : 2025-08-26 11:34:43===> API : /api/billing/fetchVoidBill ===> Message : fetchVoidBill() invoked!!
info: ===> TimeStamp : 2025-08-26 11:34:43===> API : /api/billing/fetchVoidBill ===> Message : fetchVoidBill() :: DB :: Invoked !
info: ===> TimeStamp : 2025-08-26 11:34:43===> API : null ===> Message : validRequest() :: Api validated Successfully
info: ===> TimeStamp : 2025-08-26 11:34:43===> API : /api/billing/noShowGuestList ===> Message : noShowGuestList() invoked!!
info: ===> TimeStamp : 2025-08-26 11:34:43===> API : /api/billing/noShowGuestList ===> Message : noShowGuestList() :: DB :: Invoked !
info: ===> TimeStamp : 2025-08-26 11:34:43===> API : /api/billing/getBillingDetails?billId=0&userId=0&billingDate=2025-08-26&shiftId=0&isBookingWebsite=0&futureDate=&fromDate=&toDate= ===> Message : getBillingDetailsResponse() invoked!
info: ===> TimeStamp : 2025-08-26 11:34:43===> API : /api/billing/getBillingDetails?billId=0&userId=0&billingDate=2025-08-26&shiftId=0&isBookingWebsite=0&futureDate=&fromDate=&toDate= ===> Message : getBillingDetailsResponse() completed
info: ===> TimeStamp : 2025-08-26 11:34:43===> API : null ===> Message : validateRequest() invoked
info: ===> TimeStamp : 2025-08-26 11:34:43===> API : null ===> Message : fetchDBSettings()
info: ===> TimeStamp : 2025-08-26 11:34:43===> API : null ===> Message : validateRequest() Invoked!
info: ===> TimeStamp : 2025-08-26 11:34:43===> API : null ===> Message : validRequest() :: Api validated Successfully
info: ===> TimeStamp : 2025-08-26 11:34:43===> API : /api/billing/getBillingDetails?billId=0&userId=0&billingDate=2025-08-26&shiftId=0&isBookingWebsite=0&futureDate=&fromDate=&toDate= ===> Message : getBillingDetails() invoked!!
info: ===> TimeStamp : 2025-08-26 11:34:43===> API : /api/billing/getBillingDetails?billId=0&userId=0&billingDate=2025-08-26&shiftId=0&isBookingWebsite=0&futureDate=&fromDate=&toDate= ===> Message : getBilliDetailsByBillDate() :: DB :: Invoked !
info: ===> TimeStamp : 2025-08-26 11:34:43===> API : /api/billing/getBillingDetails?billId=0&userId=0&billingDate=2025-08-26&shiftId=0&isBookingWebsite=0&futureDate=&fromDate=&toDate= ===> Message : getBillingDetailsResponse() invoked!
info: ===> TimeStamp : 2025-08-26 11:34:43===> API : /api/billing/getBillingDetails?billId=0&userId=0&billingDate=2025-08-26&shiftId=0&isBookingWebsite=0&futureDate=&fromDate=&toDate= ===> Message : getBillingDetailsResponse() completed
info: ===> TimeStamp : 2025-08-26 11:34:44===> API : /api/billing/fetchVoidBill ===> Message : fetchVoidBillResponse() invoked!
info: ===> TimeStamp : 2025-08-26 11:34:44===> API : /api/billing/fetchVoidBill ===> Message : fetchVoidBillResponse() completed
info: ===> TimeStamp : 2025-08-26 11:34:44===> API : /api/billing/noShowGuestList ===> Message : noShowGuestListResponse() invoked!
info: ===> TimeStamp : 2025-08-26 11:34:44===> API : /api/billing/noShowGuestList ===> Message : noShowGuestListResponse() completed
info: ===> TimeStamp : 2025-08-26 11:34:44===> API : null ===> Message : validateRequest() invoked
info: ===> TimeStamp : 2025-08-26 11:34:44===> API : null ===> Message : fetchDBSettings()
info: ===> TimeStamp : 2025-08-26 11:34:44===> API : null ===> Message : validateRequest() Invoked!
info: ===> TimeStamp : 2025-08-26 11:34:45===> API : null ===> Message : validRequest() :: Api validated Successfully
info: ===> TimeStamp : 2025-08-26 11:34:45===> API : /api/billing/noShowGuestList ===> Message : noShowGuestList() invoked!!
info: ===> TimeStamp : 2025-08-26 11:34:45===> API : /api/billing/noShowGuestList ===> Message : noShowGuestList() :: DB :: Invoked !
info: ===> TimeStamp : 2025-08-26 11:34:45===> API : /api/billing/noShowGuestList ===> Message : noShowGuestListResponse() invoked!
info: ===> TimeStamp : 2025-08-26 11:34:45===> API : /api/billing/noShowGuestList ===> Message : noShowGuestListResponse() completed
info: ===> TimeStamp : 2025-08-26 11:34:48===> API : null ===> Message : validateRequest() invoked
info: ===> TimeStamp : 2025-08-26 11:34:48===> API : null ===> Message : fetchDBSettings()
info: ===> TimeStamp : 2025-08-26 11:34:48===> API : null ===> Message : validateRequest() Invoked!
info: ===> TimeStamp : 2025-08-26 11:34:48===> API : null ===> Message : validRequest() :: Api validated Successfully
info: ===> TimeStamp : 2025-08-26 11:34:48===> API : /api/billing/updateItemDetailsBill ===> Message : updateItemDetailsBill() invoked!!
info: ===> TimeStamp : 2025-08-26 11:34:48===> API : /api/billing/updateItemDetailsBill ===> Message : updateItemDetailsBill() :: DB :: Invoked !
info: ===> TimeStamp : 2025-08-26 11:34:48===> API : /api/billing/updateItemDetailsBill ===> Message : updateItemDetailsBillResponse() invoked!
info: ===> TimeStamp : 2025-08-26 11:34:48===> API : /api/billing/updateItemDetailsBill ===> Message : updateItemDetailsBillResponse() completed
info: ===> TimeStamp : 2025-08-26 11:34:49===> API : null ===> Message : validateRequest() invoked
info: ===> TimeStamp : 2025-08-26 11:34:49===> API : null ===> Message : fetchDBSettings()
info: ===> TimeStamp : 2025-08-26 11:34:49===> API : null ===> Message : validateRequest() Invoked!
info: ===> TimeStamp : 2025-08-26 11:34:49===> API : null ===> Message : validRequest() :: Api validated Successfully
info: ===> TimeStamp : 2025-08-26 11:34:49===> API : /api/billing/uploadBillFile ===> Message : uploadBillFile() invoked!!
info: ===> TimeStamp : 2025-08-26 11:34:49===> API : /api/billing/uploadBillFile ===> Message : uploadBillFile() :: DB :: Invoked !
info: ===> TimeStamp : 2025-08-26 11:34:49===> API : /api/billing/uploadBillFile ===> Message : uploadBillFileResponse() invoked!
info: ===> TimeStamp : 2025-08-26 11:34:49===> API : /api/billing/uploadBillFile ===> Message : uploadBillFileResponse() completed
info: ===> TimeStamp : 2025-08-26 11:35:31===> API : null ===> Message : validateRequest() invoked
info: ===> TimeStamp : 2025-08-26 11:35:31===> API : null ===> Message : fetchDBSettings()
info: ===> TimeStamp : 2025-08-26 11:35:31===> API : null ===> Message : validateRequest() Invoked!
info: ===> TimeStamp : 2025-08-26 11:35:31===> API : null ===> Message : validRequest() :: Api validated Successfully
info: ===> TimeStamp : 2025-08-26 11:35:31===> API : /api/billing/updateBillingDetails ===> Message : updateBillingDetails() invoked!!
info: ===> TimeStamp : 2025-08-26 11:35:31===> API : /api/billing/updateBillingDetails ===> Message : updateBillingDetails() :: DB :: Invoked !
info: ===> TimeStamp : 2025-08-26 11:35:31===> API : /api/billing/updateBillingDetails ===> Message : updateBillingDetailsResponse() invoked!
info: ===> TimeStamp : 2025-08-26 11:35:31===> API : /api/billing/updateBillingDetails ===> Message : updateBillingDetailsResponse() completed
info: ===> TimeStamp : 2025-08-26 11:35:31===> API : null ===> Message : validateRequest() invoked
info: ===> TimeStamp : 2025-08-26 11:35:31===> API : null ===> Message : fetchDBSettings()
info: ===> TimeStamp : 2025-08-26 11:35:31===> API : null ===> Message : validateRequest() Invoked!
info: ===> TimeStamp : 2025-08-26 11:35:31===> API : null ===> Message : validRequest() :: Api validated Successfully
info: ===> TimeStamp : 2025-08-26 11:35:31===> API : /api/billing/updateItemDetailsBill ===> Message : updateItemDetailsBill() invoked!!
info: ===> TimeStamp : 2025-08-26 11:35:31===> API : /api/billing/updateItemDetailsBill ===> Message : updateItemDetailsBill() :: DB :: Invoked !
info: ===> TimeStamp : 2025-08-26 11:35:31===> API : /api/billing/updateItemDetailsBill ===> Message : updateItemDetailsBillResponse() invoked!
info: ===> TimeStamp : 2025-08-26 11:35:31===> API : /api/billing/updateItemDetailsBill ===> Message : updateItemDetailsBillResponse() completed
info: ===> TimeStamp : 2025-08-26 11:35:31===> API : null ===> Message : validateRequest() invoked
info: ===> TimeStamp : 2025-08-26 11:35:31===> API : null ===> Message : fetchDBSettings()
info: ===> TimeStamp : 2025-08-26 11:35:31===> API : null ===> Message : validateRequest() Invoked!
info: ===> TimeStamp : 2025-08-26 11:35:32===> API : null ===> Message : validRequest() :: Api validated Successfully
info: ===> TimeStamp : 2025-08-26 11:35:32===> API : /api/billing/uploadBillFile ===> Message : uploadBillFile() invoked!!
info: ===> TimeStamp : 2025-08-26 11:35:32===> API : /api/billing/uploadBillFile ===> Message : uploadBillFile() :: DB :: Invoked !
info: ===> TimeStamp : 2025-08-26 11:35:32===> API : /api/billing/uploadBillFile ===> Message : uploadBillFileResponse() invoked!
info: ===> TimeStamp : 2025-08-26 11:35:32===> API : /api/billing/uploadBillFile ===> Message : uploadBillFileResponse() completed
info: ===> TimeStamp : 2025-08-26 11:35:35===> API : null ===> Message : validateRequest() invoked
info: ===> TimeStamp : 2025-08-26 11:35:35===> API : null ===> Message : fetchDBSettings()
info: ===> TimeStamp : 2025-08-26 11:35:35===> API : null ===> Message : validateRequest() invoked
info: ===> TimeStamp : 2025-08-26 11:35:35===> API : null ===> Message : fetchDBSettings()
info: ===> TimeStamp : 2025-08-26 11:35:35===> API : null ===> Message : validateRequest() invoked
info: ===> TimeStamp : 2025-08-26 11:35:35===> API : null ===> Message : fetchDBSettings()
info: ===> TimeStamp : 2025-08-26 11:35:35===> API : null ===> Message : validateRequest() Invoked!
info: ===> TimeStamp : 2025-08-26 11:35:35===> API : null ===> Message : validateRequest() Invoked!
info: ===> TimeStamp : 2025-08-26 11:35:35===> API : null ===> Message : validateRequest() Invoked!
info: ===> TimeStamp : 2025-08-26 11:35:35===> API : null ===> Message : validRequest() :: Api validated Successfully
info: ===> TimeStamp : 2025-08-26 11:35:35===> API : /api/billing/fetchVoidBill ===> Message : fetchVoidBill() invoked!!
info: ===> TimeStamp : 2025-08-26 11:35:35===> API : /api/billing/fetchVoidBill ===> Message : fetchVoidBill() :: DB :: Invoked !
info: ===> TimeStamp : 2025-08-26 11:35:35===> API : null ===> Message : validRequest() :: Api validated Successfully
info: ===> TimeStamp : 2025-08-26 11:35:35===> API : /api/billing/noShowGuestList ===> Message : noShowGuestList() invoked!!
info: ===> TimeStamp : 2025-08-26 11:35:35===> API : /api/billing/noShowGuestList ===> Message : noShowGuestList() :: DB :: Invoked !
info: ===> TimeStamp : 2025-08-26 11:35:35===> API : null ===> Message : validRequest() :: Api validated Successfully
info: ===> TimeStamp : 2025-08-26 11:35:35===> API : /api/billing/getBillingDetails?billId=0&userId=0&billingDate=2025-08-26&shiftId=0&isBookingWebsite=0&futureDate=&fromDate=&toDate= ===> Message : getBillingDetails() invoked!!
info: ===> TimeStamp : 2025-08-26 11:35:35===> API : /api/billing/getBillingDetails?billId=0&userId=0&billingDate=2025-08-26&shiftId=0&isBookingWebsite=0&futureDate=&fromDate=&toDate= ===> Message : getBilliDetailsByBillDate() :: DB :: Invoked !
info: ===> TimeStamp : 2025-08-26 11:35:35===> API : /api/billing/getBillingDetails?billId=0&userId=0&billingDate=2025-08-26&shiftId=0&isBookingWebsite=0&futureDate=&fromDate=&toDate= ===> Message : getBillingDetailsResponse() invoked!
info: ===> TimeStamp : 2025-08-26 11:35:35===> API : /api/billing/getBillingDetails?billId=0&userId=0&billingDate=2025-08-26&shiftId=0&isBookingWebsite=0&futureDate=&fromDate=&toDate= ===> Message : getBillingDetailsResponse() completed
info: ===> TimeStamp : 2025-08-26 11:35:35===> API : null ===> Message : validateRequest() invoked
info: ===> TimeStamp : 2025-08-26 11:35:35===> API : null ===> Message : fetchDBSettings()
info: ===> TimeStamp : 2025-08-26 11:35:35===> API : null ===> Message : validateRequest() Invoked!
info: ===> TimeStamp : 2025-08-26 11:35:35===> API : null ===> Message : validRequest() :: Api validated Successfully
info: ===> TimeStamp : 2025-08-26 11:35:35===> API : /api/billing/getBillingDetails?billId=0&userId=0&billingDate=2025-08-26&shiftId=0&isBookingWebsite=0&futureDate=&fromDate=&toDate= ===> Message : getBillingDetails() invoked!!
info: ===> TimeStamp : 2025-08-26 11:35:35===> API : /api/billing/getBillingDetails?billId=0&userId=0&billingDate=2025-08-26&shiftId=0&isBookingWebsite=0&futureDate=&fromDate=&toDate= ===> Message : getBilliDetailsByBillDate() :: DB :: Invoked !
info: ===> TimeStamp : 2025-08-26 11:35:35===> API : /api/billing/getBillingDetails?billId=0&userId=0&billingDate=2025-08-26&shiftId=0&isBookingWebsite=0&futureDate=&fromDate=&toDate= ===> Message : getBillingDetailsResponse() invoked!
info: ===> TimeStamp : 2025-08-26 11:35:35===> API : /api/billing/getBillingDetails?billId=0&userId=0&billingDate=2025-08-26&shiftId=0&isBookingWebsite=0&futureDate=&fromDate=&toDate= ===> Message : getBillingDetailsResponse() completed
info: ===> TimeStamp : 2025-08-26 11:35:36===> API : /api/billing/noShowGuestList ===> Message : noShowGuestListResponse() invoked!
info: ===> TimeStamp : 2025-08-26 11:35:36===> API : /api/billing/noShowGuestList ===> Message : noShowGuestListResponse() completed
info: ===> TimeStamp : 2025-08-26 11:35:36===> API : /api/billing/fetchVoidBill ===> Message : fetchVoidBillResponse() invoked!
info: ===> TimeStamp : 2025-08-26 11:35:36===> API : /api/billing/fetchVoidBill ===> Message : fetchVoidBillResponse() completed
info: ===> TimeStamp : 2025-08-26 11:35:36===> API : null ===> Message : validateRequest() invoked
info: ===> TimeStamp : 2025-08-26 11:35:36===> API : null ===> Message : fetchDBSettings()
info: ===> TimeStamp : 2025-08-26 11:35:36===> API : null ===> Message : validateRequest() Invoked!
info: ===> TimeStamp : 2025-08-26 11:35:37===> API : null ===> Message : validRequest() :: Api validated Successfully
info: ===> TimeStamp : 2025-08-26 11:35:37===> API : /api/billing/noShowGuestList ===> Message : noShowGuestList() invoked!!
info: ===> TimeStamp : 2025-08-26 11:35:37===> API : /api/billing/noShowGuestList ===> Message : noShowGuestList() :: DB :: Invoked !
info: ===> TimeStamp : 2025-08-26 11:35:37===> API : /api/billing/noShowGuestList ===> Message : noShowGuestListResponse() invoked!
info: ===> TimeStamp : 2025-08-26 11:35:37===> API : /api/billing/noShowGuestList ===> Message : noShowGuestListResponse() completed
info: ===> TimeStamp : 2025-08-26 11:35:55===> API : null ===> Message : validateRequest() invoked
info: ===> TimeStamp : 2025-08-26 11:35:55===> API : null ===> Message : fetchDBSettings()
info: ===> TimeStamp : 2025-08-26 11:35:55===> API : null ===> Message : validateRequest() invoked
info: ===> TimeStamp : 2025-08-26 11:35:55===> API : null ===> Message : fetchDBSettings()
info: ===> TimeStamp : 2025-08-26 11:35:55===> API : null ===> Message : validateRequest() invoked
info: ===> TimeStamp : 2025-08-26 11:35:55===> API : null ===> Message : fetchDBSettings()
info: ===> TimeStamp : 2025-08-26 11:35:55===> API : null ===> Message : validateRequest() Invoked!
info: ===> TimeStamp : 2025-08-26 11:35:55===> API : null ===> Message : validateRequest() Invoked!
info: ===> TimeStamp : 2025-08-26 11:35:55===> API : null ===> Message : validateRequest() Invoked!
info: ===> TimeStamp : 2025-08-26 11:35:55===> API : null ===> Message : validateRequest() invoked
info: ===> TimeStamp : 2025-08-26 11:35:55===> API : null ===> Message : fetchDBSettings()
info: ===> TimeStamp : 2025-08-26 11:35:55===> API : null ===> Message : validateRequest() Invoked!
info: ===> TimeStamp : 2025-08-26 11:35:55===> API : null ===> Message : validRequest() :: Api validated Successfully
info: ===> TimeStamp : 2025-08-26 11:35:55===> API : /api/billing/fetchVoidBill ===> Message : fetchVoidBill() invoked!!
info: ===> TimeStamp : 2025-08-26 11:35:55===> API : /api/billing/fetchVoidBill ===> Message : fetchVoidBill() :: DB :: Invoked !
info: ===> TimeStamp : 2025-08-26 11:35:55===> API : null ===> Message : validRequest() :: Api validated Successfully
info: ===> TimeStamp : 2025-08-26 11:35:55===> API : /api/billing/getBillingDetails?billId=0&userId=0&billingDate=2025-08-26&shiftId=0&isBookingWebsite=0&futureDate=&fromDate=&toDate= ===> Message : getBillingDetails() invoked!!
info: ===> TimeStamp : 2025-08-26 11:35:55===> API : /api/billing/getBillingDetails?billId=0&userId=0&billingDate=2025-08-26&shiftId=0&isBookingWebsite=0&futureDate=&fromDate=&toDate= ===> Message : getBilliDetailsByBillDate() :: DB :: Invoked !
info: ===> TimeStamp : 2025-08-26 11:35:55===> API : null ===> Message : validRequest() :: Api validated Successfully
info: ===> TimeStamp : 2025-08-26 11:35:55===> API : /api/billing/noShowGuestList ===> Message : noShowGuestList() invoked!!
info: ===> TimeStamp : 2025-08-26 11:35:55===> API : /api/billing/noShowGuestList ===> Message : noShowGuestList() :: DB :: Invoked !
info: ===> TimeStamp : 2025-08-26 11:35:55===> API : null ===> Message : validRequest() :: Api validated Successfully
info: ===> TimeStamp : 2025-08-26 11:35:55===> API : /api/billing/getBillingDetails?billId=0&userId=0&billingDate=2025-08-26&shiftId=0&isBookingWebsite=0&futureDate=2025-08-26&fromDate=&toDate= ===> Message : getBillingDetails() invoked!!
info: ===> TimeStamp : 2025-08-26 11:35:55===> API : /api/billing/getBillingDetails?billId=0&userId=0&billingDate=2025-08-26&shiftId=0&isBookingWebsite=0&futureDate=&fromDate=&toDate= ===> Message : getBillingDetailsResponse() invoked!
info: ===> TimeStamp : 2025-08-26 11:35:55===> API : /api/billing/getBillingDetails?billId=0&userId=0&billingDate=2025-08-26&shiftId=0&isBookingWebsite=0&futureDate=&fromDate=&toDate= ===> Message : getBillingDetailsResponse() completed
info: ===> TimeStamp : 2025-08-26 11:35:55===> API : null ===> Message : validateRequest() invoked
info: ===> TimeStamp : 2025-08-26 11:35:55===> API : null ===> Message : fetchDBSettings()
info: ===> TimeStamp : 2025-08-26 11:35:55===> API : null ===> Message : validateRequest() Invoked!
info: ===> TimeStamp : 2025-08-26 11:35:55===> API : null ===> Message : validRequest() :: Api validated Successfully
info: ===> TimeStamp : 2025-08-26 11:35:55===> API : /api/billing/getBillingDetails?billId=0&userId=0&billingDate=2025-08-26&shiftId=0&isBookingWebsite=0&futureDate=&fromDate=&toDate= ===> Message : getBillingDetails() invoked!!
info: ===> TimeStamp : 2025-08-26 11:35:55===> API : /api/billing/getBillingDetails?billId=0&userId=0&billingDate=2025-08-26&shiftId=0&isBookingWebsite=0&futureDate=&fromDate=&toDate= ===> Message : getBilliDetailsByBillDate() :: DB :: Invoked !
info: ===> TimeStamp : 2025-08-26 11:35:55===> API : /api/billing/getBillingDetails?billId=0&userId=0&billingDate=2025-08-26&shiftId=0&isBookingWebsite=0&futureDate=&fromDate=&toDate= ===> Message : getBillingDetailsResponse() invoked!
info: ===> TimeStamp : 2025-08-26 11:35:55===> API : /api/billing/getBillingDetails?billId=0&userId=0&billingDate=2025-08-26&shiftId=0&isBookingWebsite=0&futureDate=&fromDate=&toDate= ===> Message : getBillingDetailsResponse() completed
info: ===> TimeStamp : 2025-08-26 11:35:56===> API : /api/billing/noShowGuestList ===> Message : noShowGuestListResponse() invoked!
info: ===> TimeStamp : 2025-08-26 11:35:56===> API : /api/billing/noShowGuestList ===> Message : noShowGuestListResponse() completed
info: ===> TimeStamp : 2025-08-26 11:35:56===> API : null ===> Message : validateRequest() invoked
info: ===> TimeStamp : 2025-08-26 11:35:56===> API : null ===> Message : fetchDBSettings()
info: ===> TimeStamp : 2025-08-26 11:35:56===> API : null ===> Message : validateRequest() Invoked!
info: ===> TimeStamp : 2025-08-26 11:35:56===> API : /api/billing/fetchVoidBill ===> Message : fetchVoidBillResponse() invoked!
info: ===> TimeStamp : 2025-08-26 11:35:56===> API : /api/billing/fetchVoidBill ===> Message : fetchVoidBillResponse() completed
info: ===> TimeStamp : 2025-08-26 11:35:56===> API : null ===> Message : validRequest() :: Api validated Successfully
info: ===> TimeStamp : 2025-08-26 11:35:56===> API : /api/billing/noShowGuestList ===> Message : noShowGuestList() invoked!!
info: ===> TimeStamp : 2025-08-26 11:35:56===> API : /api/billing/noShowGuestList ===> Message : noShowGuestList() :: DB :: Invoked !
info: ===> TimeStamp : 2025-08-26 11:35:57===> API : /api/billing/noShowGuestList ===> Message : noShowGuestListResponse() invoked!
info: ===> TimeStamp : 2025-08-26 11:35:57===> API : /api/billing/noShowGuestList ===> Message : noShowGuestListResponse() completed
info: ===> TimeStamp : 2025-08-26 11:36:26===> API : null ===> Message : validateRequest() invoked
info: ===> TimeStamp : 2025-08-26 11:36:26===> API : null ===> Message : fetchDBSettings()
info: ===> TimeStamp : 2025-08-26 11:36:26===> API : null ===> Message : validateRequest() Invoked!
info: ===> TimeStamp : 2025-08-26 11:36:26===> API : null ===> Message : validRequest() :: Api validated Successfully
info: ===> TimeStamp : 2025-08-26 11:36:26===> API : /api/billing/updateBillingDetails ===> Message : updateBillingDetails() invoked!!
info: ===> TimeStamp : 2025-08-26 11:36:26===> API : /api/billing/updateBillingDetails ===> Message : updateBillingDetails() :: DB :: Invoked !
info: ===> TimeStamp : 2025-08-26 11:36:26===> API : /api/billing/updateBillingDetails ===> Message : updateBillingDetailsResponse() invoked!
info: ===> TimeStamp : 2025-08-26 11:36:26===> API : /api/billing/updateBillingDetails ===> Message : updateBillingDetailsResponse() completed
info: ===> TimeStamp : 2025-08-26 11:36:26===> API : null ===> Message : validateRequest() invoked
info: ===> TimeStamp : 2025-08-26 11:36:26===> API : null ===> Message : fetchDBSettings()
info: ===> TimeStamp : 2025-08-26 11:36:26===> API : null ===> Message : validateRequest() Invoked!
info: ===> TimeStamp : 2025-08-26 11:36:26===> API : null ===> Message : validRequest() :: Api validated Successfully
info: ===> TimeStamp : 2025-08-26 11:36:26===> API : /api/billing/updateItemDetailsBill ===> Message : updateItemDetailsBill() :: DB :: Invoked !
info: ===> TimeStamp : 2025-08-26 11:36:26===> API : /api/billing/updateItemDetailsBill ===> Message : updateItemDetailsBill() invoked!!
info: ===> TimeStamp : 2025-08-26 11:36:26===> API : /api/billing/updateItemDetailsBill ===> Message : updateItemDetailsBillResponse() invoked!
info: ===> TimeStamp : 2025-08-26 11:36:26===> API : /api/billing/updateItemDetailsBill ===> Message : updateItemDetailsBillResponse() completed
info: ===> TimeStamp : 2025-08-26 11:36:27===> API : null ===> Message : validateRequest() invoked
info: ===> TimeStamp : 2025-08-26 11:36:27===> API : null ===> Message : fetchDBSettings()
info: ===> TimeStamp : 2025-08-26 11:36:27===> API : null ===> Message : validateRequest() Invoked!
info: ===> TimeStamp : 2025-08-26 11:36:27===> API : null ===> Message : validRequest() :: Api validated Successfully
info: ===> TimeStamp : 2025-08-26 11:36:27===> API : /api/billing/uploadBillFile ===> Message : uploadBillFile() invoked!!
info: ===> TimeStamp : 2025-08-26 11:36:27===> API : /api/billing/uploadBillFile ===> Message : uploadBillFile() :: DB :: Invoked !
info: ===> TimeStamp : 2025-08-26 11:36:27===> API : /api/billing/uploadBillFile ===> Message : uploadBillFileResponse() invoked!
info: ===> TimeStamp : 2025-08-26 11:36:27===> API : /api/billing/uploadBillFile ===> Message : uploadBillFileResponse() completed
info: ===> TimeStamp : 2025-08-26 11:36:29===> API : null ===> Message : validateRequest() invoked
info: ===> TimeStamp : 2025-08-26 11:36:29===> API : null ===> Message : fetchDBSettings()
info: ===> TimeStamp : 2025-08-26 11:36:29===> API : null ===> Message : validateRequest() Invoked!
info: ===> TimeStamp : 2025-08-26 11:36:30===> API : null ===> Message : validRequest() :: Api validated Successfully
info: ===> TimeStamp : 2025-08-26 11:36:30===> API : /api/billing/uploadBillFile ===> Message : uploadBillFile() invoked!!
info: ===> TimeStamp : 2025-08-26 11:36:30===> API : /api/billing/uploadBillFile ===> Message : uploadBillFile() :: DB :: Invoked !
info: ===> TimeStamp : 2025-08-26 11:36:30===> API : /api/billing/uploadBillFile ===> Message : uploadBillFileResponse() invoked!
info: ===> TimeStamp : 2025-08-26 11:36:30===> API : /api/billing/uploadBillFile ===> Message : uploadBillFileResponse() completed
info: ===> TimeStamp : 2025-08-26 11:36:31===> API : null ===> Message : validateRequest() invoked
info: ===> TimeStamp : 2025-08-26 11:36:31===> API : null ===> Message : fetchDBSettings()
info: ===> TimeStamp : 2025-08-26 11:36:31===> API : null ===> Message : validateRequest() Invoked!
info: ===> TimeStamp : 2025-08-26 11:36:31===> API : null ===> Message : validRequest() :: Api validated Successfully
info: ===> TimeStamp : 2025-08-26 11:36:31===> API : /api/billing/sendBillMail ===> Message : sendBillMail() invoked!!
info: ===> TimeStamp : 2025-08-26 11:36:34===> API : /api/billing/sendBillMail ===> Message : notifySellers() :: Email sent :: Success :: 250 2.0.0 OK  1756188393 d9443c01a7336-2466885ed21sm85303955ad.98 - gsmtp !
info: ===> TimeStamp : 2025-08-26 11:36:34===> API : /api/billing/sendBillMail ===> Message : sendBillMailResponse() invoked!
info: ===> TimeStamp : 2025-08-26 11:36:34===> API : /api/billing/sendBillMail ===> Message : sendBillMailResponse() completed
info: ===> TimeStamp : 2025-08-26 11:42:58===> API : null ===> Message : fetchDBSettings()
info: ===> TimeStamp : 2025-08-26 11:42:58===> API : null ===> Message : validateRequest() invoked
info: ===> TimeStamp : 2025-08-26 11:42:58===> API : null ===> Message : validateRequest() Invoked!
info: ===> TimeStamp : 2025-08-26 11:42:58===> API : null ===> Message : validRequest() :: Api validated Successfully
info: ===> TimeStamp : 2025-08-26 11:42:58===> API : /api/billing/addBillingDetails ===> Message : addBillingDetails() invoked!!
info: ===> TimeStamp : 2025-08-26 11:42:58===> API : /api/billing/addBillingDetails ===> Message : getPackageItemDetails() :: DB :: Invoked !
info: ===> TimeStamp : 2025-08-26 11:42:58===> API : /api/billing/addBillingDetails ===> Message : newBooking() :: DB :: Invoked !
info: ===> TimeStamp : 2025-08-26 11:42:58===> API : /api/billing/addBillingDetails ===> Message : newBooking() :: DB :: Invoked !
info: ===> TimeStamp : 2025-08-26 11:43:01===> API : /api/billing/addBillingDetails ===> Message : newBooking() :: DB :: Invoked !
info: ===> TimeStamp : 2025-08-26 11:43:01===> API : /api/billing/addBillingDetails ===> Message : newBooking() :: DB :: Invoked !
info: ===> TimeStamp : 2025-08-26 11:43:03===> API : /api/billing/addBillingDetails ===> Message : addBillingDetailsResponse() invoked!
info: ===> TimeStamp : 2025-08-26 11:43:03===> API : /api/billing/addBillingDetails ===> Message : addBillingDetailsResponse() completed
info: ===> TimeStamp : 2025-08-26 11:43:03===> API : null ===> Message : validateRequest() invoked
info: ===> TimeStamp : 2025-08-26 11:43:03===> API : null ===> Message : fetchDBSettings()
info: ===> TimeStamp : 2025-08-26 11:43:03===> API : null ===> Message : validateRequest() Invoked!
info: ===> TimeStamp : 2025-08-26 11:43:03===> API : null ===> Message : validRequest() :: Api validated Successfully
info: ===> TimeStamp : 2025-08-26 11:43:03===> API : /api/billing/updateItemDetailsBill ===> Message : updateItemDetailsBill() invoked!!
info: ===> TimeStamp : 2025-08-26 11:43:03===> API : /api/billing/updateItemDetailsBill ===> Message : updateItemDetailsBill() :: DB :: Invoked !
info: ===> TimeStamp : 2025-08-26 11:43:03===> API : /api/billing/updateItemDetailsBill ===> Message : updateItemDetailsBillResponse() invoked!
info: ===> TimeStamp : 2025-08-26 11:43:03===> API : /api/billing/updateItemDetailsBill ===> Message : updateItemDetailsBillResponse() completed
info: ===> TimeStamp : 2025-08-26 11:43:06===> API : null ===> Message : validateRequest() invoked
info: ===> TimeStamp : 2025-08-26 11:43:06===> API : null ===> Message : fetchDBSettings()
info: ===> TimeStamp : 2025-08-26 11:43:06===> API : null ===> Message : validateRequest() Invoked!
info: ===> TimeStamp : 2025-08-26 11:43:06===> API : null ===> Message : validRequest() :: Api validated Successfully
info: ===> TimeStamp : 2025-08-26 11:43:06===> API : /api/billing/uploadBillFile ===> Message : uploadBillFile() invoked!!
info: ===> TimeStamp : 2025-08-26 11:43:06===> API : /api/billing/uploadBillFile ===> Message : uploadBillFile() :: DB :: Invoked !
info: ===> TimeStamp : 2025-08-26 11:43:06===> API : /api/billing/uploadBillFile ===> Message : uploadBillFileResponse() invoked!
info: ===> TimeStamp : 2025-08-26 11:43:06===> API : /api/billing/uploadBillFile ===> Message : uploadBillFileResponse() completed
info: ===> TimeStamp : 2025-08-26 11:43:20===> API : null ===> Message : validateRequest() invoked
info: ===> TimeStamp : 2025-08-26 11:43:20===> API : null ===> Message : fetchDBSettings()
info: ===> TimeStamp : 2025-08-26 11:43:20===> API : null ===> Message : validateRequest() Invoked!
info: ===> TimeStamp : 2025-08-26 11:43:20===> API : null ===> Message : validRequest() :: Api validated Successfully
info: ===> TimeStamp : 2025-08-26 11:43:20===> API : /api/billing/addBillingDetails ===> Message : addBillingDetails() invoked!!
info: ===> TimeStamp : 2025-08-26 11:43:20===> API : /api/billing/addBillingDetails ===> Message : getPackageItemDetails() :: DB :: Invoked !
info: ===> TimeStamp : 2025-08-26 11:43:20===> API : /api/billing/addBillingDetails ===> Message : newBooking() :: DB :: Invoked !
info: ===> TimeStamp : 2025-08-26 11:43:20===> API : /api/billing/addBillingDetails ===> Message : newBooking() :: DB :: Invoked !
info: ===> TimeStamp : 2025-08-26 11:43:21===> API : null ===> Message : validateRequest() invoked
info: ===> TimeStamp : 2025-08-26 11:43:21===> API : null ===> Message : fetchDBSettings()
info: ===> TimeStamp : 2025-08-26 11:43:21===> API : null ===> Message : validateRequest() Invoked!
info: ===> TimeStamp : 2025-08-26 11:43:21===> API : null ===> Message : validRequest() :: Api validated Successfully
info: ===> TimeStamp : 2025-08-26 11:43:21===> API : /api/billing/uploadBillFile ===> Message : uploadBillFile() invoked!!
info: ===> TimeStamp : 2025-08-26 11:43:21===> API : /api/billing/uploadBillFile ===> Message : uploadBillFile() :: DB :: Invoked !
info: ===> TimeStamp : 2025-08-26 11:43:21===> API : /api/billing/uploadBillFile ===> Message : uploadBillFileResponse() invoked!
info: ===> TimeStamp : 2025-08-26 11:43:21===> API : /api/billing/uploadBillFile ===> Message : uploadBillFileResponse() completed
info: ===> TimeStamp : 2025-08-26 11:43:21===> API : null ===> Message : validateRequest() invoked
info: ===> TimeStamp : 2025-08-26 11:43:21===> API : null ===> Message : fetchDBSettings()
info: ===> TimeStamp : 2025-08-26 11:43:21===> API : null ===> Message : validateRequest() Invoked!
info: ===> TimeStamp : 2025-08-26 11:43:21===> API : null ===> Message : validRequest() :: Api validated Successfully
info: ===> TimeStamp : 2025-08-26 11:43:21===> API : /api/billing/sendBillMail ===> Message : sendBillMail() invoked!!
info: ===> TimeStamp : 2025-08-26 11:43:22===> API : /api/billing/addBillingDetails ===> Message : newBooking() :: DB :: Invoked !
info: ===> TimeStamp : 2025-08-26 11:43:22===> API : /api/billing/addBillingDetails ===> Message : newBooking() :: DB :: Invoked !
info: ===> TimeStamp : 2025-08-26 11:43:23===> API : /api/billing/addBillingDetails ===> Message : addBillingDetailsResponse() invoked!
info: ===> TimeStamp : 2025-08-26 11:43:23===> API : /api/billing/addBillingDetails ===> Message : addBillingDetailsResponse() completed
info: ===> TimeStamp : 2025-08-26 11:43:23===> API : null ===> Message : validateRequest() invoked
info: ===> TimeStamp : 2025-08-26 11:43:23===> API : null ===> Message : fetchDBSettings()
info: ===> TimeStamp : 2025-08-26 11:43:23===> API : null ===> Message : validateRequest() Invoked!
info: ===> TimeStamp : 2025-08-26 11:43:24===> API : null ===> Message : validRequest() :: Api validated Successfully
info: ===> TimeStamp : 2025-08-26 11:43:24===> API : /api/billing/updateItemDetailsBill ===> Message : updateItemDetailsBill() :: DB :: Invoked !
info: ===> TimeStamp : 2025-08-26 11:43:24===> API : /api/billing/updateItemDetailsBill ===> Message : updateItemDetailsBill() invoked!!
info: ===> TimeStamp : 2025-08-26 11:43:24===> API : /api/billing/updateItemDetailsBill ===> Message : updateItemDetailsBillResponse() invoked!
info: ===> TimeStamp : 2025-08-26 11:43:24===> API : /api/billing/updateItemDetailsBill ===> Message : updateItemDetailsBillResponse() completed
info: ===> TimeStamp : 2025-08-26 11:43:24===> API : /api/billing/sendBillMail ===> Message : notifySellers() :: Email sent :: Success :: 250 2.0.0 OK  1756188804 d9443c01a7336-2466885ed21sm85486735ad.98 - gsmtp !
info: ===> TimeStamp : 2025-08-26 11:43:24===> API : /api/billing/sendBillMail ===> Message : sendBillMailResponse() invoked!
info: ===> TimeStamp : 2025-08-26 11:43:24===> API : /api/billing/sendBillMail ===> Message : sendBillMailResponse() completed
info: ===> TimeStamp : 2025-08-26 11:43:25===> API : null ===> Message : validateRequest() invoked
info: ===> TimeStamp : 2025-08-26 11:43:25===> API : null ===> Message : fetchDBSettings()
info: ===> TimeStamp : 2025-08-26 11:43:25===> API : null ===> Message : validateRequest() Invoked!
info: ===> TimeStamp : 2025-08-26 11:43:25===> API : null ===> Message : validRequest() :: Api validated Successfully
info: ===> TimeStamp : 2025-08-26 11:43:25===> API : /api/billing/uploadBillFile ===> Message : uploadBillFile() invoked!!
info: ===> TimeStamp : 2025-08-26 11:43:25===> API : /api/billing/uploadBillFile ===> Message : uploadBillFile() :: DB :: Invoked !
info: ===> TimeStamp : 2025-08-26 11:43:25===> API : /api/billing/uploadBillFile ===> Message : uploadBillFileResponse() invoked!
info: ===> TimeStamp : 2025-08-26 11:43:25===> API : /api/billing/uploadBillFile ===> Message : uploadBillFileResponse() completed
info: ===> TimeStamp : 2025-08-26 11:43:41===> API : null ===> Message : validateRequest() invoked
info: ===> TimeStamp : 2025-08-26 11:43:41===> API : null ===> Message : fetchDBSettings()
info: ===> TimeStamp : 2025-08-26 11:43:41===> API : null ===> Message : validateRequest() Invoked!
info: ===> TimeStamp : 2025-08-26 11:43:41===> API : null ===> Message : validRequest() :: Api validated Successfully
info: ===> TimeStamp : 2025-08-26 11:43:41===> API : /api/billing/uploadBillFile ===> Message : uploadBillFile() invoked!!
info: ===> TimeStamp : 2025-08-26 11:43:41===> API : /api/billing/uploadBillFile ===> Message : uploadBillFile() :: DB :: Invoked !
info: ===> TimeStamp : 2025-08-26 11:43:41===> API : /api/billing/uploadBillFile ===> Message : uploadBillFileResponse() invoked!
info: ===> TimeStamp : 2025-08-26 11:43:41===> API : /api/billing/uploadBillFile ===> Message : uploadBillFileResponse() completed
info: ===> TimeStamp : 2025-08-26 11:43:41===> API : null ===> Message : validateRequest() invoked
info: ===> TimeStamp : 2025-08-26 11:43:41===> API : null ===> Message : fetchDBSettings()
info: ===> TimeStamp : 2025-08-26 11:43:41===> API : null ===> Message : validateRequest() Invoked!
info: ===> TimeStamp : 2025-08-26 11:43:41===> API : null ===> Message : validRequest() :: Api validated Successfully
info: ===> TimeStamp : 2025-08-26 11:43:41===> API : /api/billing/sendBillMail ===> Message : sendBillMail() invoked!!
info: ===> TimeStamp : 2025-08-26 11:43:44===> API : /api/billing/sendBillMail ===> Message : notifySellers() :: Email sent :: Success :: 250 2.0.0 OK  1756188824 41be03b00d2f7-b49cb8b4b8csm8175478a12.20 - gsmtp !
info: ===> TimeStamp : 2025-08-26 11:43:44===> API : /api/billing/sendBillMail ===> Message : sendBillMailResponse() invoked!
info: ===> TimeStamp : 2025-08-26 11:43:44===> API : /api/billing/sendBillMail ===> Message : sendBillMailResponse() completed
info: ===> TimeStamp : 2025-08-26 11:43:55===> API : null ===> Message : validateRequest() invoked
info: ===> TimeStamp : 2025-08-26 11:43:55===> API : null ===> Message : fetchDBSettings()
info: ===> TimeStamp : 2025-08-26 11:43:55===> API : null ===> Message : validateRequest() Invoked!
info: ===> TimeStamp : 2025-08-26 11:43:55===> API : null ===> Message : validRequest() :: Api validated Successfully
info: ===> TimeStamp : 2025-08-26 11:43:55===> API : /api/billing/addBillingDetails ===> Message : addBillingDetails() invoked!!
info: ===> TimeStamp : 2025-08-26 11:43:55===> API : /api/billing/addBillingDetails ===> Message : getPackageItemDetails() :: DB :: Invoked !
info: ===> TimeStamp : 2025-08-26 11:43:55===> API : /api/billing/addBillingDetails ===> Message : newBooking() :: DB :: Invoked !
info: ===> TimeStamp : 2025-08-26 11:43:55===> API : /api/billing/addBillingDetails ===> Message : newBooking() :: DB :: Invoked !
info: ===> TimeStamp : 2025-08-26 11:43:57===> API : /api/billing/addBillingDetails ===> Message : newBooking() :: DB :: Invoked !
info: ===> TimeStamp : 2025-08-26 11:43:57===> API : /api/billing/addBillingDetails ===> Message : newBooking() :: DB :: Invoked !
info: ===> TimeStamp : 2025-08-26 11:43:59===> API : /api/billing/addBillingDetails ===> Message : addBillingDetailsResponse() invoked!
info: ===> TimeStamp : 2025-08-26 11:43:59===> API : /api/billing/addBillingDetails ===> Message : addBillingDetailsResponse() completed
info: ===> TimeStamp : 2025-08-26 11:43:59===> API : null ===> Message : validateRequest() invoked
info: ===> TimeStamp : 2025-08-26 11:43:59===> API : null ===> Message : fetchDBSettings()
info: ===> TimeStamp : 2025-08-26 11:43:59===> API : null ===> Message : validateRequest() Invoked!
info: ===> TimeStamp : 2025-08-26 11:43:59===> API : null ===> Message : validRequest() :: Api validated Successfully
info: ===> TimeStamp : 2025-08-26 11:43:59===> API : /api/billing/updateItemDetailsBill ===> Message : updateItemDetailsBill() invoked!!
info: ===> TimeStamp : 2025-08-26 11:43:59===> API : /api/billing/updateItemDetailsBill ===> Message : updateItemDetailsBill() :: DB :: Invoked !
info: ===> TimeStamp : 2025-08-26 11:43:59===> API : /api/billing/updateItemDetailsBill ===> Message : updateItemDetailsBillResponse() invoked!
info: ===> TimeStamp : 2025-08-26 11:43:59===> API : /api/billing/updateItemDetailsBill ===> Message : updateItemDetailsBillResponse() completed
info: ===> TimeStamp : 2025-08-26 11:44:02===> API : null ===> Message : validateRequest() invoked
info: ===> TimeStamp : 2025-08-26 11:44:02===> API : null ===> Message : fetchDBSettings()
info: ===> TimeStamp : 2025-08-26 11:44:02===> API : null ===> Message : validateRequest() Invoked!
info: ===> TimeStamp : 2025-08-26 11:44:02===> API : null ===> Message : validRequest() :: Api validated Successfully
info: ===> TimeStamp : 2025-08-26 11:44:02===> API : /api/billing/uploadBillFile ===> Message : uploadBillFile() invoked!!
info: ===> TimeStamp : 2025-08-26 11:44:02===> API : /api/billing/uploadBillFile ===> Message : uploadBillFile() :: DB :: Invoked !
info: ===> TimeStamp : 2025-08-26 11:44:02===> API : /api/billing/uploadBillFile ===> Message : uploadBillFileResponse() invoked!
info: ===> TimeStamp : 2025-08-26 11:44:02===> API : /api/billing/uploadBillFile ===> Message : uploadBillFileResponse() completed
info: ===> TimeStamp : 2025-08-26 11:44:07===> API : null ===> Message : validateRequest() invoked
info: ===> TimeStamp : 2025-08-26 11:44:07===> API : null ===> Message : fetchDBSettings()
info: ===> TimeStamp : 2025-08-26 11:44:07===> API : null ===> Message : validateRequest() Invoked!
info: ===> TimeStamp : 2025-08-26 11:44:07===> API : null ===> Message : validRequest() :: Api validated Successfully
info: ===> TimeStamp : 2025-08-26 11:44:07===> API : /api/billing/uploadBillFile ===> Message : uploadBillFile() invoked!!
info: ===> TimeStamp : 2025-08-26 11:44:07===> API : /api/billing/uploadBillFile ===> Message : uploadBillFile() :: DB :: Invoked !
info: ===> TimeStamp : 2025-08-26 11:44:07===> API : /api/billing/uploadBillFile ===> Message : uploadBillFileResponse() invoked!
info: ===> TimeStamp : 2025-08-26 11:44:07===> API : /api/billing/uploadBillFile ===> Message : uploadBillFileResponse() completed
info: ===> TimeStamp : 2025-08-26 11:44:07===> API : null ===> Message : validateRequest() invoked
info: ===> TimeStamp : 2025-08-26 11:44:07===> API : null ===> Message : fetchDBSettings()
info: ===> TimeStamp : 2025-08-26 11:44:07===> API : null ===> Message : validateRequest() Invoked!
info: ===> TimeStamp : 2025-08-26 11:44:07===> API : null ===> Message : validRequest() :: Api validated Successfully
info: ===> TimeStamp : 2025-08-26 11:44:07===> API : /api/billing/sendBillMail ===> Message : sendBillMail() invoked!!
info: ===> TimeStamp : 2025-08-26 11:44:08===> API : /api/billing/sendBillMail ===> Message : notifyUsers() :: Email not sent :: Error :: Error: No recipients defined !
info: ===> TimeStamp : 2025-08-26 11:44:08===> API : /api/billing/sendBillMail ===> Message : sendBillMailResponse() invoked!
info: ===> TimeStamp : 2025-08-26 11:44:08===> API : /api/billing/sendBillMail ===> Message : sendBillMailResponse() completed
info: ===> TimeStamp : 2025-08-26 11:44:29===> API : null ===> Message : validateRequest() invoked
info: ===> TimeStamp : 2025-08-26 11:44:29===> API : null ===> Message : fetchDBSettings()
info: ===> TimeStamp : 2025-08-26 11:44:29===> API : null ===> Message : validateRequest() Invoked!
info: ===> TimeStamp : 2025-08-26 11:44:29===> API : null ===> Message : validRequest() :: Api validated Successfully
info: ===> TimeStamp : 2025-08-26 11:44:29===> API : /api/billing/uploadBillFile ===> Message : uploadBillFile() invoked!!
info: ===> TimeStamp : 2025-08-26 11:44:29===> API : /api/billing/uploadBillFile ===> Message : uploadBillFile() :: DB :: Invoked !
info: ===> TimeStamp : 2025-08-26 11:44:29===> API : /api/billing/uploadBillFile ===> Message : uploadBillFileResponse() invoked!
info: ===> TimeStamp : 2025-08-26 11:44:29===> API : /api/billing/uploadBillFile ===> Message : uploadBillFileResponse() completed
info: ===> TimeStamp : 2025-08-26 11:44:29===> API : null ===> Message : validateRequest() invoked
info: ===> TimeStamp : 2025-08-26 11:44:29===> API : null ===> Message : fetchDBSettings()
info: ===> TimeStamp : 2025-08-26 11:44:29===> API : null ===> Message : validateRequest() Invoked!
info: ===> TimeStamp : 2025-08-26 11:44:29===> API : null ===> Message : validRequest() :: Api validated Successfully
info: ===> TimeStamp : 2025-08-26 11:44:29===> API : /api/billing/sendBillMail ===> Message : sendBillMail() invoked!!
info: ===> TimeStamp : 2025-08-26 11:44:30===> API : /api/billing/sendBillMail ===> Message : notifyUsers() :: Email not sent :: Error :: Error: No recipients defined !
info: ===> TimeStamp : 2025-08-26 11:44:30===> API : /api/billing/sendBillMail ===> Message : sendBillMailResponse() invoked!
info: ===> TimeStamp : 2025-08-26 11:44:30===> API : /api/billing/sendBillMail ===> Message : sendBillMailResponse() completed
info: ===> TimeStamp : 2025-08-26 11:45:46===> API : null ===> Message : validateRequest() invoked
info: ===> TimeStamp : 2025-08-26 11:45:46===> API : null ===> Message : fetchDBSettings()
info: ===> TimeStamp : 2025-08-26 11:45:46===> API : null ===> Message : validateRequest() Invoked!
info: ===> TimeStamp : 2025-08-26 11:45:46===> API : null ===> Message : validRequest() :: Api validated Successfully
info: ===> TimeStamp : 2025-08-26 11:45:46===> API : /api/billing/addBillingDetails ===> Message : addBillingDetails() invoked!!
info: ===> TimeStamp : 2025-08-26 11:45:46===> API : /api/billing/addBillingDetails ===> Message : getPackageItemDetails() :: DB :: Invoked !
info: ===> TimeStamp : 2025-08-26 11:45:46===> API : /api/billing/addBillingDetails ===> Message : newBooking() :: DB :: Invoked !
info: ===> TimeStamp : 2025-08-26 11:45:46===> API : /api/billing/addBillingDetails ===> Message : newBooking() :: DB :: Invoked !
info: ===> TimeStamp : 2025-08-26 11:45:48===> API : /api/billing/addBillingDetails ===> Message : newBooking() :: DB :: Invoked !
info: ===> TimeStamp : 2025-08-26 11:45:48===> API : /api/billing/addBillingDetails ===> Message : newBooking() :: DB :: Invoked !
info: ===> TimeStamp : 2025-08-26 11:45:49===> API : /api/billing/addBillingDetails ===> Message : addBillingDetailsResponse() invoked!
info: ===> TimeStamp : 2025-08-26 11:45:49===> API : /api/billing/addBillingDetails ===> Message : addBillingDetailsResponse() completed
info: ===> TimeStamp : 2025-08-26 11:45:49===> API : null ===> Message : validateRequest() invoked
info: ===> TimeStamp : 2025-08-26 11:45:49===> API : null ===> Message : fetchDBSettings()
info: ===> TimeStamp : 2025-08-26 11:45:49===> API : null ===> Message : validateRequest() Invoked!
info: ===> TimeStamp : 2025-08-26 11:45:49===> API : null ===> Message : validRequest() :: Api validated Successfully
info: ===> TimeStamp : 2025-08-26 11:45:49===> API : /api/billing/updateItemDetailsBill ===> Message : updateItemDetailsBill() invoked!!
info: ===> TimeStamp : 2025-08-26 11:45:49===> API : /api/billing/updateItemDetailsBill ===> Message : updateItemDetailsBill() :: DB :: Invoked !
info: ===> TimeStamp : 2025-08-26 11:45:49===> API : /api/billing/updateItemDetailsBill ===> Message : updateItemDetailsBillResponse() invoked!
info: ===> TimeStamp : 2025-08-26 11:45:49===> API : /api/billing/updateItemDetailsBill ===> Message : updateItemDetailsBillResponse() completed
info: ===> TimeStamp : 2025-08-26 11:45:51===> API : null ===> Message : validateRequest() invoked
info: ===> TimeStamp : 2025-08-26 11:45:51===> API : null ===> Message : fetchDBSettings()
info: ===> TimeStamp : 2025-08-26 11:45:51===> API : null ===> Message : validateRequest() Invoked!
info: ===> TimeStamp : 2025-08-26 11:45:51===> API : null ===> Message : validRequest() :: Api validated Successfully
info: ===> TimeStamp : 2025-08-26 11:45:51===> API : /api/billing/uploadBillFile ===> Message : uploadBillFile() invoked!!
info: ===> TimeStamp : 2025-08-26 11:45:51===> API : /api/billing/uploadBillFile ===> Message : uploadBillFile() :: DB :: Invoked !
info: ===> TimeStamp : 2025-08-26 11:45:51===> API : /api/billing/uploadBillFile ===> Message : uploadBillFileResponse() invoked!
info: ===> TimeStamp : 2025-08-26 11:45:51===> API : /api/billing/uploadBillFile ===> Message : uploadBillFileResponse() completed
info: ===> TimeStamp : 2025-08-26 11:45:57===> API : null ===> Message : validateRequest() invoked
info: ===> TimeStamp : 2025-08-26 11:45:57===> API : null ===> Message : fetchDBSettings()
info: ===> TimeStamp : 2025-08-26 11:45:57===> API : null ===> Message : validateRequest() Invoked!
info: ===> TimeStamp : 2025-08-26 11:45:57===> API : null ===> Message : validRequest() :: Api validated Successfully
info: ===> TimeStamp : 2025-08-26 11:45:57===> API : /api/billing/uploadBillFile ===> Message : uploadBillFile() invoked!!
info: ===> TimeStamp : 2025-08-26 11:45:57===> API : /api/billing/uploadBillFile ===> Message : uploadBillFile() :: DB :: Invoked !
info: ===> TimeStamp : 2025-08-26 11:45:57===> API : /api/billing/uploadBillFile ===> Message : uploadBillFileResponse() invoked!
info: ===> TimeStamp : 2025-08-26 11:45:57===> API : /api/billing/uploadBillFile ===> Message : uploadBillFileResponse() completed
info: ===> TimeStamp : 2025-08-26 11:45:57===> API : null ===> Message : validateRequest() invoked
info: ===> TimeStamp : 2025-08-26 11:45:57===> API : null ===> Message : fetchDBSettings()
info: ===> TimeStamp : 2025-08-26 11:45:57===> API : null ===> Message : validateRequest() Invoked!
info: ===> TimeStamp : 2025-08-26 11:45:57===> API : null ===> Message : validRequest() :: Api validated Successfully
info: ===> TimeStamp : 2025-08-26 11:45:57===> API : /api/billing/sendBillMail ===> Message : sendBillMail() invoked!!
info: ===> TimeStamp : 2025-08-26 11:46:00===> API : /api/billing/sendBillMail ===> Message : notifySellers() :: Email sent :: Success :: 250 2.0.0 OK  1756188960 d9443c01a7336-2466887fc75sm85007895ad.105 - gsmtp !
info: ===> TimeStamp : 2025-08-26 11:46:00===> API : /api/billing/sendBillMail ===> Message : sendBillMailResponse() completed
info: ===> TimeStamp : 2025-08-26 11:46:00===> API : /api/billing/sendBillMail ===> Message : sendBillMailResponse() invoked!
info: ===> TimeStamp : 2025-08-26 11:46:10===> API : null ===> Message : validateRequest() invoked
info: ===> TimeStamp : 2025-08-26 11:46:10===> API : null ===> Message : fetchDBSettings()
info: ===> TimeStamp : 2025-08-26 11:46:10===> API : null ===> Message : validateRequest() Invoked!
info: ===> TimeStamp : 2025-08-26 11:46:10===> API : null ===> Message : validRequest() :: Api validated Successfully
info: ===> TimeStamp : 2025-08-26 11:46:10===> API : /api/billing/uploadBillFile ===> Message : uploadBillFile() invoked!!
info: ===> TimeStamp : 2025-08-26 11:46:10===> API : /api/billing/uploadBillFile ===> Message : uploadBillFile() :: DB :: Invoked !
info: ===> TimeStamp : 2025-08-26 11:46:10===> API : /api/billing/uploadBillFile ===> Message : uploadBillFileResponse() invoked!
info: ===> TimeStamp : 2025-08-26 11:46:10===> API : /api/billing/uploadBillFile ===> Message : uploadBillFileResponse() completed
info: ===> TimeStamp : 2025-08-26 11:46:10===> API : null ===> Message : validateRequest() invoked
info: ===> TimeStamp : 2025-08-26 11:46:10===> API : null ===> Message : fetchDBSettings()
info: ===> TimeStamp : 2025-08-26 11:46:10===> API : null ===> Message : validateRequest() Invoked!
info: ===> TimeStamp : 2025-08-26 11:46:10===> API : null ===> Message : validRequest() :: Api validated Successfully
info: ===> TimeStamp : 2025-08-26 11:46:10===> API : /api/billing/sendBillMail ===> Message : sendBillMail() invoked!!
info: ===> TimeStamp : 2025-08-26 11:46:13===> API : /api/billing/sendBillMail ===> Message : notifySellers() :: Email sent :: Success :: 250 2.0.0 OK  1756188973 98e67ed59e1d1-3254af5f38bsm8642964a91.22 - gsmtp !
info: ===> TimeStamp : 2025-08-26 11:46:13===> API : /api/billing/sendBillMail ===> Message : sendBillMailResponse() invoked!
info: ===> TimeStamp : 2025-08-26 11:46:13===> API : /api/billing/sendBillMail ===> Message : sendBillMailResponse() completed
info: ===> TimeStamp : 2025-08-26 11:48:39===> API : null ===> Message : validateRequest() invoked
info: ===> TimeStamp : 2025-08-26 11:48:39===> API : null ===> Message : fetchDBSettings()
info: ===> TimeStamp : 2025-08-26 11:48:39===> API : null ===> Message : validateRequest() Invoked!
info: ===> TimeStamp : 2025-08-26 11:48:39===> API : null ===> Message : validRequest() :: Api validated Successfully
info: ===> TimeStamp : 2025-08-26 11:48:39===> API : /api/billing/addBillingDetails ===> Message : addBillingDetails() invoked!!
info: ===> TimeStamp : 2025-08-26 11:48:39===> API : /api/billing/addBillingDetails ===> Message : getPackageItemDetails() :: DB :: Invoked !
info: ===> TimeStamp : 2025-08-26 11:48:39===> API : /api/billing/addBillingDetails ===> Message : newBooking() :: DB :: Invoked !
info: ===> TimeStamp : 2025-08-26 11:48:39===> API : /api/billing/addBillingDetails ===> Message : newBooking() :: DB :: Invoked !
info: ===> TimeStamp : 2025-08-26 11:48:41===> API : /api/billing/addBillingDetails ===> Message : newBooking() :: DB :: Invoked !
info: ===> TimeStamp : 2025-08-26 11:48:41===> API : /api/billing/addBillingDetails ===> Message : newBooking() :: DB :: Invoked !
info: ===> TimeStamp : 2025-08-26 11:48:42===> API : /api/billing/addBillingDetails ===> Message : addBillingDetailsResponse() invoked!
info: ===> TimeStamp : 2025-08-26 11:48:42===> API : /api/billing/addBillingDetails ===> Message : addBillingDetailsResponse() completed
info: ===> TimeStamp : 2025-08-26 11:48:42===> API : null ===> Message : validateRequest() invoked
info: ===> TimeStamp : 2025-08-26 11:48:42===> API : null ===> Message : fetchDBSettings()
info: ===> TimeStamp : 2025-08-26 11:48:42===> API : null ===> Message : validateRequest() Invoked!
info: ===> TimeStamp : 2025-08-26 11:48:42===> API : null ===> Message : validRequest() :: Api validated Successfully
info: ===> TimeStamp : 2025-08-26 11:48:42===> API : /api/billing/updateItemDetailsBill ===> Message : updateItemDetailsBill() invoked!!
info: ===> TimeStamp : 2025-08-26 11:48:42===> API : /api/billing/updateItemDetailsBill ===> Message : updateItemDetailsBill() :: DB :: Invoked !
info: ===> TimeStamp : 2025-08-26 11:48:43===> API : /api/billing/updateItemDetailsBill ===> Message : updateItemDetailsBillResponse() invoked!
info: ===> TimeStamp : 2025-08-26 11:48:43===> API : /api/billing/updateItemDetailsBill ===> Message : updateItemDetailsBillResponse() completed
info: ===> TimeStamp : 2025-08-26 11:48:46===> API : null ===> Message : validateRequest() invoked
info: ===> TimeStamp : 2025-08-26 11:48:46===> API : null ===> Message : fetchDBSettings()
info: ===> TimeStamp : 2025-08-26 11:48:46===> API : null ===> Message : validateRequest() Invoked!
info: ===> TimeStamp : 2025-08-26 11:48:47===> API : null ===> Message : validRequest() :: Api validated Successfully
info: ===> TimeStamp : 2025-08-26 11:48:47===> API : /api/billing/uploadBillFile ===> Message : uploadBillFile() invoked!!
info: ===> TimeStamp : 2025-08-26 11:48:47===> API : /api/billing/uploadBillFile ===> Message : uploadBillFile() :: DB :: Invoked !
info: ===> TimeStamp : 2025-08-26 11:48:47===> API : /api/billing/uploadBillFile ===> Message : uploadBillFileResponse() invoked!
info: ===> TimeStamp : 2025-08-26 11:48:47===> API : /api/billing/uploadBillFile ===> Message : uploadBillFileResponse() completed
info: ===> TimeStamp : 2025-08-26 11:48:50===> API : null ===> Message : validateRequest() invoked
info: ===> TimeStamp : 2025-08-26 11:48:50===> API : null ===> Message : fetchDBSettings()
info: ===> TimeStamp : 2025-08-26 11:48:50===> API : null ===> Message : validateRequest() Invoked!
info: ===> TimeStamp : 2025-08-26 11:48:50===> API : null ===> Message : validRequest() :: Api validated Successfully
info: ===> TimeStamp : 2025-08-26 11:48:50===> API : /api/billing/uploadBillFile ===> Message : uploadBillFile() invoked!!
info: ===> TimeStamp : 2025-08-26 11:48:51===> API : /api/billing/uploadBillFile ===> Message : uploadBillFile() :: DB :: Invoked !
info: ===> TimeStamp : 2025-08-26 11:48:51===> API : /api/billing/uploadBillFile ===> Message : uploadBillFileResponse() invoked!
info: ===> TimeStamp : 2025-08-26 11:48:51===> API : /api/billing/uploadBillFile ===> Message : uploadBillFileResponse() completed
info: ===> TimeStamp : 2025-08-26 11:48:53===> API : null ===> Message : validateRequest() invoked
info: ===> TimeStamp : 2025-08-26 11:48:53===> API : null ===> Message : fetchDBSettings()
info: ===> TimeStamp : 2025-08-26 11:48:53===> API : null ===> Message : validateRequest() Invoked!
info: ===> TimeStamp : 2025-08-26 11:48:53===> API : null ===> Message : validRequest() :: Api validated Successfully
info: ===> TimeStamp : 2025-08-26 11:48:53===> API : /api/billing/sendBillMail ===> Message : sendBillMail() invoked!!
info: ===> TimeStamp : 2025-08-26 11:48:56===> API : /api/billing/sendBillMail ===> Message : notifySellers() :: Email sent :: Success :: 250 2.0.0 OK  1756189135 d9443c01a7336-2467d4030fesm78462895ad.137 - gsmtp !
info: ===> TimeStamp : 2025-08-26 11:48:56===> API : /api/billing/sendBillMail ===> Message : sendBillMailResponse() invoked!
info: ===> TimeStamp : 2025-08-26 11:48:56===> API : /api/billing/sendBillMail ===> Message : sendBillMailResponse() completed
info: ===> TimeStamp : 2025-08-26 11:48:59===> API : null ===> Message : validateRequest() invoked
info: ===> TimeStamp : 2025-08-26 11:48:59===> API : null ===> Message : fetchDBSettings()
info: ===> TimeStamp : 2025-08-26 11:48:59===> API : null ===> Message : validateRequest() Invoked!
info: ===> TimeStamp : 2025-08-26 11:48:59===> API : null ===> Message : validRequest() :: Api validated Successfully
info: ===> TimeStamp : 2025-08-26 11:48:59===> API : /api/billing/uploadBillFile ===> Message : uploadBillFile() invoked!!
info: ===> TimeStamp : 2025-08-26 11:48:59===> API : /api/billing/uploadBillFile ===> Message : uploadBillFile() :: DB :: Invoked !
info: ===> TimeStamp : 2025-08-26 11:48:59===> API : /api/billing/uploadBillFile ===> Message : uploadBillFileResponse() invoked!
info: ===> TimeStamp : 2025-08-26 11:48:59===> API : /api/billing/uploadBillFile ===> Message : uploadBillFileResponse() completed
info: ===> TimeStamp : 2025-08-26 11:48:59===> API : null ===> Message : validateRequest() invoked
info: ===> TimeStamp : 2025-08-26 11:48:59===> API : null ===> Message : fetchDBSettings()
info: ===> TimeStamp : 2025-08-26 11:48:59===> API : null ===> Message : validateRequest() Invoked!
info: ===> TimeStamp : 2025-08-26 11:48:59===> API : null ===> Message : validRequest() :: Api validated Successfully
info: ===> TimeStamp : 2025-08-26 11:48:59===> API : /api/billing/sendBillMail ===> Message : sendBillMail() invoked!!
info: ===> TimeStamp : 2025-08-26 11:49:02===> API : /api/billing/sendBillMail ===> Message : notifySellers() :: Email sent :: Success :: 250 2.0.0 OK  1756189142 d9443c01a7336-246688801casm85277205ad.126 - gsmtp !
info: ===> TimeStamp : 2025-08-26 11:49:02===> API : /api/billing/sendBillMail ===> Message : sendBillMailResponse() invoked!
info: ===> TimeStamp : 2025-08-26 11:49:02===> API : /api/billing/sendBillMail ===> Message : sendBillMailResponse() completed
info: ===> TimeStamp : 2025-08-26 11:50:15===> API : null ===> Message : validateRequest() invoked
info: ===> TimeStamp : 2025-08-26 11:50:15===> API : null ===> Message : fetchDBSettings()
info: ===> TimeStamp : 2025-08-26 11:50:15===> API : null ===> Message : validateRequest() invoked
info: ===> TimeStamp : 2025-08-26 11:50:15===> API : null ===> Message : fetchDBSettings()
info: ===> TimeStamp : 2025-08-26 11:50:15===> API : null ===> Message : validateRequest() invoked
info: ===> TimeStamp : 2025-08-26 11:50:15===> API : null ===> Message : fetchDBSettings()
info: ===> TimeStamp : 2025-08-26 11:50:15===> API : null ===> Message : validateRequest() invoked
info: ===> TimeStamp : 2025-08-26 11:50:15===> API : null ===> Message : fetchDBSettings()
info: ===> TimeStamp : 2025-08-26 11:50:15===> API : null ===> Message : validateRequest() Invoked!
info: ===> TimeStamp : 2025-08-26 11:50:15===> API : null ===> Message : validateRequest() Invoked!
info: ===> TimeStamp : 2025-08-26 11:50:15===> API : null ===> Message : validateRequest() Invoked!
info: ===> TimeStamp : 2025-08-26 11:50:15===> API : null ===> Message : validateRequest() Invoked!
info: ===> TimeStamp : 2025-08-26 11:50:16===> API : /api/billing/getBillingDetails?billId=0&userId=0&billingDate=2025-08-26&shiftId=0&isBookingWebsite=0&futureDate=&fromDate=&toDate= ===> Message : getBillingDetails() invoked!!
info: ===> TimeStamp : 2025-08-26 11:50:16===> API : null ===> Message : validRequest() :: Api validated Successfully
info: ===> TimeStamp : 2025-08-26 11:50:16===> API : /api/billing/getBillingDetails?billId=0&userId=0&billingDate=2025-08-26&shiftId=0&isBookingWebsite=0&futureDate=&fromDate=&toDate= ===> Message : getBilliDetailsByBillDate() :: DB :: Invoked !
info: ===> TimeStamp : 2025-08-26 11:50:16===> API : null ===> Message : validRequest() :: Api validated Successfully
info: ===> TimeStamp : 2025-08-26 11:50:16===> API : /api/billing/fetchVoidBill ===> Message : fetchVoidBill() :: DB :: Invoked !
info: ===> TimeStamp : 2025-08-26 11:50:16===> API : /api/billing/fetchVoidBill ===> Message : fetchVoidBill() invoked!!
info: ===> TimeStamp : 2025-08-26 11:50:16===> API : null ===> Message : validRequest() :: Api validated Successfully
info: ===> TimeStamp : 2025-08-26 11:50:16===> API : /api/billing/getBillingDetails?billId=0&userId=0&billingDate=2025-08-26&shiftId=0&isBookingWebsite=0&futureDate=2025-08-26&fromDate=&toDate= ===> Message : getBillingDetails() invoked!!
info: ===> TimeStamp : 2025-08-26 11:50:16===> API : null ===> Message : validRequest() :: Api validated Successfully
info: ===> TimeStamp : 2025-08-26 11:50:16===> API : /api/billing/noShowGuestList ===> Message : noShowGuestList() invoked!!
info: ===> TimeStamp : 2025-08-26 11:50:16===> API : /api/billing/noShowGuestList ===> Message : noShowGuestList() :: DB :: Invoked !
info: ===> TimeStamp : 2025-08-26 11:50:16===> API : /api/billing/getBillingDetails?billId=0&userId=0&billingDate=2025-08-26&shiftId=0&isBookingWebsite=0&futureDate=&fromDate=&toDate= ===> Message : getBillingDetailsResponse() invoked!
info: ===> TimeStamp : 2025-08-26 11:50:16===> API : /api/billing/getBillingDetails?billId=0&userId=0&billingDate=2025-08-26&shiftId=0&isBookingWebsite=0&futureDate=&fromDate=&toDate= ===> Message : getBillingDetailsResponse() completed
info: ===> TimeStamp : 2025-08-26 11:50:16===> API : null ===> Message : validateRequest() invoked
info: ===> TimeStamp : 2025-08-26 11:50:16===> API : null ===> Message : fetchDBSettings()
info: ===> TimeStamp : 2025-08-26 11:50:16===> API : null ===> Message : validateRequest() Invoked!
info: ===> TimeStamp : 2025-08-26 11:50:16===> API : null ===> Message : validRequest() :: Api validated Successfully
info: ===> TimeStamp : 2025-08-26 11:50:16===> API : /api/billing/getBillingDetails?billId=0&userId=0&billingDate=2025-08-26&shiftId=0&isBookingWebsite=0&futureDate=&fromDate=&toDate= ===> Message : getBillingDetails() invoked!!
info: ===> TimeStamp : 2025-08-26 11:50:16===> API : /api/billing/getBillingDetails?billId=0&userId=0&billingDate=2025-08-26&shiftId=0&isBookingWebsite=0&futureDate=&fromDate=&toDate= ===> Message : getBilliDetailsByBillDate() :: DB :: Invoked !
info: ===> TimeStamp : 2025-08-26 11:50:16===> API : /api/billing/getBillingDetails?billId=0&userId=0&billingDate=2025-08-26&shiftId=0&isBookingWebsite=0&futureDate=&fromDate=&toDate= ===> Message : getBillingDetailsResponse() invoked!
info: ===> TimeStamp : 2025-08-26 11:50:16===> API : /api/billing/getBillingDetails?billId=0&userId=0&billingDate=2025-08-26&shiftId=0&isBookingWebsite=0&futureDate=&fromDate=&toDate= ===> Message : getBillingDetailsResponse() completed
info: ===> TimeStamp : 2025-08-26 11:50:17===> API : /api/billing/noShowGuestList ===> Message : noShowGuestListResponse() invoked!
info: ===> TimeStamp : 2025-08-26 11:50:17===> API : /api/billing/noShowGuestList ===> Message : noShowGuestListResponse() completed
info: ===> TimeStamp : 2025-08-26 11:50:17===> API : /api/billing/fetchVoidBill ===> Message : fetchVoidBillResponse() invoked!
info: ===> TimeStamp : 2025-08-26 11:50:17===> API : /api/billing/fetchVoidBill ===> Message : fetchVoidBillResponse() completed
info: ===> TimeStamp : 2025-08-26 11:50:17===> API : null ===> Message : validateRequest() invoked
info: ===> TimeStamp : 2025-08-26 11:50:17===> API : null ===> Message : fetchDBSettings()
info: ===> TimeStamp : 2025-08-26 11:50:17===> API : null ===> Message : validateRequest() Invoked!
info: ===> TimeStamp : 2025-08-26 11:50:17===> API : null ===> Message : validRequest() :: Api validated Successfully
info: ===> TimeStamp : 2025-08-26 11:50:17===> API : /api/billing/noShowGuestList ===> Message : noShowGuestList() invoked!!
info: ===> TimeStamp : 2025-08-26 11:50:17===> API : /api/billing/noShowGuestList ===> Message : noShowGuestList() :: DB :: Invoked !
info: ===> TimeStamp : 2025-08-26 11:50:17===> API : /api/billing/noShowGuestList ===> Message : noShowGuestListResponse() invoked!
info: ===> TimeStamp : 2025-08-26 11:50:17===> API : /api/billing/noShowGuestList ===> Message : noShowGuestListResponse() completed
info: ===> TimeStamp : 2025-08-26 12:01:43===> API : null ===> Message : validateRequest() invoked
info: ===> TimeStamp : 2025-08-26 12:01:43===> API : null ===> Message : validateRequest() Error:: Invalid Request :: 
      {"apiUri":"/robots.txt"}
info: ===> TimeStamp : 2025-08-26 12:02:30===> API : null ===> Message : validateRequest() invoked
info: ===> TimeStamp : 2025-08-26 12:02:30===> API : null ===> Message : fetchDBSettings()
info: ===> TimeStamp : 2025-08-26 12:02:30===> API : null ===> Message : validateRequest() Invoked!
info: ===> TimeStamp : 2025-08-26 12:02:30===> API : null ===> Message : validRequest() :: Api validated Successfully
info: ===> TimeStamp : 2025-08-26 12:02:30===> API : /api/billing/addBillingDetails ===> Message : addBillingDetails() invoked!!
info: ===> TimeStamp : 2025-08-26 12:02:30===> API : /api/billing/addBillingDetails ===> Message : getPackageItemDetails() :: DB :: Invoked !
info: ===> TimeStamp : 2025-08-26 12:02:30===> API : /api/billing/addBillingDetails ===> Message : newBooking() :: DB :: Invoked !
info: ===> TimeStamp : 2025-08-26 12:02:30===> API : /api/billing/addBillingDetails ===> Message : newBooking() :: DB :: Invoked !
info: ===> TimeStamp : 2025-08-26 12:02:32===> API : /api/billing/addBillingDetails ===> Message : newBooking() :: DB :: Invoked !
info: ===> TimeStamp : 2025-08-26 12:02:32===> API : /api/billing/addBillingDetails ===> Message : newBooking() :: DB :: Invoked !
info: ===> TimeStamp : 2025-08-26 12:02:34===> API : /api/billing/addBillingDetails ===> Message : addBillingDetailsResponse() invoked!
info: ===> TimeStamp : 2025-08-26 12:02:34===> API : /api/billing/addBillingDetails ===> Message : addBillingDetailsResponse() completed
info: ===> TimeStamp : 2025-08-26 12:02:34===> API : null ===> Message : validateRequest() invoked
info: ===> TimeStamp : 2025-08-26 12:02:34===> API : null ===> Message : fetchDBSettings()
info: ===> TimeStamp : 2025-08-26 12:02:34===> API : null ===> Message : validateRequest() Invoked!
info: ===> TimeStamp : 2025-08-26 12:02:34===> API : null ===> Message : validRequest() :: Api validated Successfully
info: ===> TimeStamp : 2025-08-26 12:02:34===> API : /api/billing/updateItemDetailsBill ===> Message : updateItemDetailsBill() :: DB :: Invoked !
info: ===> TimeStamp : 2025-08-26 12:02:34===> API : /api/billing/updateItemDetailsBill ===> Message : updateItemDetailsBill() invoked!!
info: ===> TimeStamp : 2025-08-26 12:02:34===> API : /api/billing/updateItemDetailsBill ===> Message : updateItemDetailsBillResponse() invoked!
info: ===> TimeStamp : 2025-08-26 12:02:34===> API : /api/billing/updateItemDetailsBill ===> Message : updateItemDetailsBillResponse() completed
info: ===> TimeStamp : 2025-08-26 12:02:38===> API : null ===> Message : validateRequest() invoked
info: ===> TimeStamp : 2025-08-26 12:02:38===> API : null ===> Message : fetchDBSettings()
info: ===> TimeStamp : 2025-08-26 12:02:38===> API : null ===> Message : validateRequest() Invoked!
info: ===> TimeStamp : 2025-08-26 12:02:38===> API : null ===> Message : validRequest() :: Api validated Successfully
info: ===> TimeStamp : 2025-08-26 12:02:38===> API : /api/billing/uploadBillFile ===> Message : uploadBillFile() invoked!!
info: ===> TimeStamp : 2025-08-26 12:02:38===> API : /api/billing/uploadBillFile ===> Message : uploadBillFile() :: DB :: Invoked !
info: ===> TimeStamp : 2025-08-26 12:02:38===> API : /api/billing/uploadBillFile ===> Message : uploadBillFileResponse() invoked!
info: ===> TimeStamp : 2025-08-26 12:02:38===> API : /api/billing/uploadBillFile ===> Message : uploadBillFileResponse() completed
info: ===> TimeStamp : 2025-08-26 12:02:45===> API : null ===> Message : validateRequest() invoked
info: ===> TimeStamp : 2025-08-26 12:02:45===> API : null ===> Message : fetchDBSettings()
info: ===> TimeStamp : 2025-08-26 12:02:45===> API : null ===> Message : validateRequest() Invoked!
info: ===> TimeStamp : 2025-08-26 12:02:45===> API : null ===> Message : validRequest() :: Api validated Successfully
info: ===> TimeStamp : 2025-08-26 12:02:45===> API : /api/billing/uploadBillFile ===> Message : uploadBillFile() invoked!!
info: ===> TimeStamp : 2025-08-26 12:02:45===> API : /api/billing/uploadBillFile ===> Message : uploadBillFile() :: DB :: Invoked !
info: ===> TimeStamp : 2025-08-26 12:02:45===> API : /api/billing/uploadBillFile ===> Message : uploadBillFileResponse() invoked!
info: ===> TimeStamp : 2025-08-26 12:02:45===> API : /api/billing/uploadBillFile ===> Message : uploadBillFileResponse() completed
info: ===> TimeStamp : 2025-08-26 12:02:45===> API : null ===> Message : validateRequest() invoked
info: ===> TimeStamp : 2025-08-26 12:02:45===> API : null ===> Message : fetchDBSettings()
info: ===> TimeStamp : 2025-08-26 12:02:45===> API : null ===> Message : validateRequest() Invoked!
info: ===> TimeStamp : 2025-08-26 12:02:45===> API : null ===> Message : validRequest() :: Api validated Successfully
info: ===> TimeStamp : 2025-08-26 12:02:45===> API : /api/billing/sendBillMail ===> Message : sendBillMail() invoked!!
info: ===> TimeStamp : 2025-08-26 12:02:48===> API : /api/billing/sendBillMail ===> Message : notifySellers() :: Email sent :: Success :: 250 2.0.0 OK  1756189968 d9443c01a7336-24668779fe3sm86529915ad.11 - gsmtp !
info: ===> TimeStamp : 2025-08-26 12:02:48===> API : /api/billing/sendBillMail ===> Message : sendBillMailResponse() invoked!
info: ===> TimeStamp : 2025-08-26 12:02:48===> API : /api/billing/sendBillMail ===> Message : sendBillMailResponse() completed
info: ===> TimeStamp : 2025-08-26 12:20:16===> API : null ===> Message : validateRequest() invoked
info: ===> TimeStamp : 2025-08-26 12:20:16===> API : null ===> Message : fetchDBSettings()
info: ===> TimeStamp : 2025-08-26 12:20:16===> API : null ===> Message : validateRequest() Invoked!
info: ===> TimeStamp : 2025-08-26 12:20:16===> API : null ===> Message : validRequest() :: Api validated Successfully
info: ===> TimeStamp : 2025-08-26 12:20:16===> API : /api/billing/addBillingDetails ===> Message : addBillingDetails() invoked!!
info: ===> TimeStamp : 2025-08-26 12:20:16===> API : /api/billing/addBillingDetails ===> Message : getPackageItemDetails() :: DB :: Invoked !
info: ===> TimeStamp : 2025-08-26 12:20:16===> API : /api/billing/addBillingDetails ===> Message : newBooking() :: DB :: Invoked !
info: ===> TimeStamp : 2025-08-26 12:20:16===> API : /api/billing/addBillingDetails ===> Message : newBooking() :: DB :: Invoked !
info: ===> TimeStamp : 2025-08-26 12:20:17===> API : /api/billing/addBillingDetails ===> Message : newBooking() :: DB :: Invoked !
info: ===> TimeStamp : 2025-08-26 12:20:17===> API : /api/billing/addBillingDetails ===> Message : newBooking() :: DB :: Invoked !
info: ===> TimeStamp : 2025-08-26 12:20:19===> API : /api/billing/addBillingDetails ===> Message : addBillingDetailsResponse() invoked!
info: ===> TimeStamp : 2025-08-26 12:20:19===> API : /api/billing/addBillingDetails ===> Message : addBillingDetailsResponse() completed
info: ===> TimeStamp : 2025-08-26 12:20:19===> API : null ===> Message : validateRequest() invoked
info: ===> TimeStamp : 2025-08-26 12:20:19===> API : null ===> Message : fetchDBSettings()
info: ===> TimeStamp : 2025-08-26 12:20:19===> API : null ===> Message : validateRequest() Invoked!
info: ===> TimeStamp : 2025-08-26 12:20:19===> API : null ===> Message : validRequest() :: Api validated Successfully
info: ===> TimeStamp : 2025-08-26 12:20:19===> API : /api/billing/updateItemDetailsBill ===> Message : updateItemDetailsBill() invoked!!
info: ===> TimeStamp : 2025-08-26 12:20:19===> API : /api/billing/updateItemDetailsBill ===> Message : updateItemDetailsBill() :: DB :: Invoked !
info: ===> TimeStamp : 2025-08-26 12:20:19===> API : /api/billing/updateItemDetailsBill ===> Message : updateItemDetailsBillResponse() invoked!
info: ===> TimeStamp : 2025-08-26 12:20:19===> API : /api/billing/updateItemDetailsBill ===> Message : updateItemDetailsBillResponse() completed
info: ===> TimeStamp : 2025-08-26 12:20:21===> API : null ===> Message : validateRequest() invoked
info: ===> TimeStamp : 2025-08-26 12:20:21===> API : null ===> Message : fetchDBSettings()
info: ===> TimeStamp : 2025-08-26 12:20:21===> API : null ===> Message : validateRequest() Invoked!
info: ===> TimeStamp : 2025-08-26 12:20:21===> API : null ===> Message : validRequest() :: Api validated Successfully
info: ===> TimeStamp : 2025-08-26 12:20:21===> API : /api/billing/uploadBillFile ===> Message : uploadBillFile() invoked!!
info: ===> TimeStamp : 2025-08-26 12:20:21===> API : /api/billing/uploadBillFile ===> Message : uploadBillFile() :: DB :: Invoked !
info: ===> TimeStamp : 2025-08-26 12:20:21===> API : /api/billing/uploadBillFile ===> Message : uploadBillFileResponse() invoked!
info: ===> TimeStamp : 2025-08-26 12:20:21===> API : /api/billing/uploadBillFile ===> Message : uploadBillFileResponse() completed
info: ===> TimeStamp : 2025-08-26 12:20:24===> API : null ===> Message : validateRequest() invoked
info: ===> TimeStamp : 2025-08-26 12:20:24===> API : null ===> Message : fetchDBSettings()
info: ===> TimeStamp : 2025-08-26 12:20:24===> API : null ===> Message : validateRequest() Invoked!
info: ===> TimeStamp : 2025-08-26 12:20:24===> API : /api/billing/uploadBillFile ===> Message : uploadBillFile() invoked!!
info: ===> TimeStamp : 2025-08-26 12:20:24===> API : null ===> Message : validRequest() :: Api validated Successfully
info: ===> TimeStamp : 2025-08-26 12:20:24===> API : /api/billing/uploadBillFile ===> Message : uploadBillFile() :: DB :: Invoked !
info: ===> TimeStamp : 2025-08-26 12:20:24===> API : /api/billing/uploadBillFile ===> Message : uploadBillFileResponse() invoked!
info: ===> TimeStamp : 2025-08-26 12:20:24===> API : /api/billing/uploadBillFile ===> Message : uploadBillFileResponse() completed
info: ===> TimeStamp : 2025-08-26 12:20:24===> API : null ===> Message : validateRequest() invoked
info: ===> TimeStamp : 2025-08-26 12:20:24===> API : null ===> Message : fetchDBSettings()
info: ===> TimeStamp : 2025-08-26 12:20:24===> API : null ===> Message : validateRequest() Invoked!
info: ===> TimeStamp : 2025-08-26 12:20:24===> API : null ===> Message : validRequest() :: Api validated Successfully
info: ===> TimeStamp : 2025-08-26 12:20:24===> API : /api/billing/sendBillMail ===> Message : sendBillMail() invoked!!
info: ===> TimeStamp : 2025-08-26 12:20:27===> API : /api/billing/sendBillMail ===> Message : notifySellers() :: Email sent :: Success :: 250 2.0.0 OK  1756191027 d2e1a72fcca58-77058df4db4sm5992131b3a.76 - gsmtp !
info: ===> TimeStamp : 2025-08-26 12:20:27===> API : /api/billing/sendBillMail ===> Message : sendBillMailResponse() invoked!
info: ===> TimeStamp : 2025-08-26 12:20:27===> API : /api/billing/sendBillMail ===> Message : sendBillMailResponse() completed
info: ===> TimeStamp : 2025-08-26 12:28:35===> API : null ===> Message : validateRequest() invoked
info: ===> TimeStamp : 2025-08-26 12:28:35===> API : null ===> Message : fetchDBSettings()
info: ===> TimeStamp : 2025-08-26 12:28:35===> API : null ===> Message : validateRequest() Invoked!
info: ===> TimeStamp : 2025-08-26 12:28:35===> API : null ===> Message : validRequest() :: Api validated Successfully
info: ===> TimeStamp : 2025-08-26 12:28:35===> API : /api/billing/addBillingDetails ===> Message : addBillingDetails() invoked!!
info: ===> TimeStamp : 2025-08-26 12:28:35===> API : /api/billing/addBillingDetails ===> Message : getPackageItemDetails() :: DB :: Invoked !
info: ===> TimeStamp : 2025-08-26 12:28:35===> API : /api/billing/addBillingDetails ===> Message : newBooking() :: DB :: Invoked !
info: ===> TimeStamp : 2025-08-26 12:28:35===> API : /api/billing/addBillingDetails ===> Message : newBooking() :: DB :: Invoked !
info: ===> TimeStamp : 2025-08-26 12:28:37===> API : /api/billing/addBillingDetails ===> Message : newBooking() :: DB :: Invoked !
info: ===> TimeStamp : 2025-08-26 12:28:37===> API : /api/billing/addBillingDetails ===> Message : newBooking() :: DB :: Invoked !
info: ===> TimeStamp : 2025-08-26 12:28:39===> API : /api/billing/addBillingDetails ===> Message : addBillingDetailsResponse() invoked!
info: ===> TimeStamp : 2025-08-26 12:28:39===> API : /api/billing/addBillingDetails ===> Message : addBillingDetailsResponse() completed
info: ===> TimeStamp : 2025-08-26 12:28:39===> API : null ===> Message : validateRequest() invoked
info: ===> TimeStamp : 2025-08-26 12:28:39===> API : null ===> Message : fetchDBSettings()
info: ===> TimeStamp : 2025-08-26 12:28:39===> API : null ===> Message : validateRequest() Invoked!
info: ===> TimeStamp : 2025-08-26 12:28:39===> API : null ===> Message : validRequest() :: Api validated Successfully
info: ===> TimeStamp : 2025-08-26 12:28:39===> API : /api/billing/updateItemDetailsBill ===> Message : updateItemDetailsBill() invoked!!
info: ===> TimeStamp : 2025-08-26 12:28:39===> API : /api/billing/updateItemDetailsBill ===> Message : updateItemDetailsBill() :: DB :: Invoked !
info: ===> TimeStamp : 2025-08-26 12:28:39===> API : /api/billing/updateItemDetailsBill ===> Message : updateItemDetailsBillResponse() invoked!
info: ===> TimeStamp : 2025-08-26 12:28:39===> API : /api/billing/updateItemDetailsBill ===> Message : updateItemDetailsBillResponse() completed
info: ===> TimeStamp : 2025-08-26 12:28:43===> API : null ===> Message : validateRequest() invoked
info: ===> TimeStamp : 2025-08-26 12:28:43===> API : null ===> Message : fetchDBSettings()
info: ===> TimeStamp : 2025-08-26 12:28:43===> API : null ===> Message : validateRequest() Invoked!
info: ===> TimeStamp : 2025-08-26 12:28:44===> API : null ===> Message : validRequest() :: Api validated Successfully
info: ===> TimeStamp : 2025-08-26 12:28:44===> API : /api/billing/uploadBillFile ===> Message : uploadBillFile() invoked!!
info: ===> TimeStamp : 2025-08-26 12:28:44===> API : /api/billing/uploadBillFile ===> Message : uploadBillFile() :: DB :: Invoked !
info: ===> TimeStamp : 2025-08-26 12:28:44===> API : /api/billing/uploadBillFile ===> Message : uploadBillFileResponse() invoked!
info: ===> TimeStamp : 2025-08-26 12:28:44===> API : /api/billing/uploadBillFile ===> Message : uploadBillFileResponse() completed
info: ===> TimeStamp : 2025-08-26 12:28:51===> API : null ===> Message : validateRequest() invoked
info: ===> TimeStamp : 2025-08-26 12:28:51===> API : null ===> Message : fetchDBSettings()
info: ===> TimeStamp : 2025-08-26 12:28:51===> API : null ===> Message : validateRequest() Invoked!
info: ===> TimeStamp : 2025-08-26 12:28:51===> API : null ===> Message : validRequest() :: Api validated Successfully
info: ===> TimeStamp : 2025-08-26 12:28:51===> API : /api/billing/uploadBillFile ===> Message : uploadBillFile() invoked!!
info: ===> TimeStamp : 2025-08-26 12:28:51===> API : /api/billing/uploadBillFile ===> Message : uploadBillFile() :: DB :: Invoked !
info: ===> TimeStamp : 2025-08-26 12:28:51===> API : /api/billing/uploadBillFile ===> Message : uploadBillFileResponse() invoked!
info: ===> TimeStamp : 2025-08-26 12:28:51===> API : /api/billing/uploadBillFile ===> Message : uploadBillFileResponse() completed
info: ===> TimeStamp : 2025-08-26 12:28:51===> API : null ===> Message : validateRequest() invoked
info: ===> TimeStamp : 2025-08-26 12:28:51===> API : null ===> Message : fetchDBSettings()
info: ===> TimeStamp : 2025-08-26 12:28:51===> API : null ===> Message : validateRequest() Invoked!
info: ===> TimeStamp : 2025-08-26 12:28:51===> API : null ===> Message : validRequest() :: Api validated Successfully
info: ===> TimeStamp : 2025-08-26 12:28:51===> API : /api/billing/sendBillMail ===> Message : sendBillMail() invoked!!
info: ===> TimeStamp : 2025-08-26 12:28:54===> API : /api/billing/sendBillMail ===> Message : notifySellers() :: Email sent :: Success :: 250 2.0.0 OK  1756191534 d9443c01a7336-24692f981c9sm70686115ad.116 - gsmtp !
info: ===> TimeStamp : 2025-08-26 12:28:54===> API : /api/billing/sendBillMail ===> Message : sendBillMailResponse() invoked!
info: ===> TimeStamp : 2025-08-26 12:28:54===> API : /api/billing/sendBillMail ===> Message : sendBillMailResponse() completed
info: ===> TimeStamp : 2025-08-26 12:29:14===> API : null ===> Message : validateRequest() invoked
info: ===> TimeStamp : 2025-08-26 12:29:14===> API : null ===> Message : fetchDBSettings()
info: ===> TimeStamp : 2025-08-26 12:29:14===> API : null ===> Message : validateRequest() Invoked!
info: ===> TimeStamp : 2025-08-26 12:29:14===> API : null ===> Message : validRequest() :: Api validated Successfully
info: ===> TimeStamp : 2025-08-26 12:29:14===> API : /api/billing/addBillingDetails ===> Message : addBillingDetails() invoked!!
info: ===> TimeStamp : 2025-08-26 12:29:14===> API : /api/billing/addBillingDetails ===> Message : getPackageItemDetails() :: DB :: Invoked !
info: ===> TimeStamp : 2025-08-26 12:29:14===> API : /api/billing/addBillingDetails ===> Message : newBooking() :: DB :: Invoked !
info: ===> TimeStamp : 2025-08-26 12:29:14===> API : /api/billing/addBillingDetails ===> Message : newBooking() :: DB :: Invoked !
info: ===> TimeStamp : 2025-08-26 12:29:15===> API : null ===> Message : validateRequest() invoked
info: ===> TimeStamp : 2025-08-26 12:29:15===> API : null ===> Message : fetchDBSettings()
info: ===> TimeStamp : 2025-08-26 12:29:15===> API : null ===> Message : validateRequest() Invoked!
info: ===> TimeStamp : 2025-08-26 12:29:16===> API : null ===> Message : validRequest() :: Api validated Successfully
info: ===> TimeStamp : 2025-08-26 12:29:16===> API : /api/billing/addBillingDetails ===> Message : addBillingDetails() invoked!!
info: ===> TimeStamp : 2025-08-26 12:29:16===> API : /api/billing/addBillingDetails ===> Message : getPackageItemDetails() :: DB :: Invoked !
info: ===> TimeStamp : 2025-08-26 12:29:16===> API : /api/billing/addBillingDetails ===> Message : newBooking() :: DB :: Invoked !
info: ===> TimeStamp : 2025-08-26 12:29:16===> API : /api/billing/addBillingDetails ===> Message : newBooking() :: DB :: Invoked !
info: ===> TimeStamp : 2025-08-26 12:29:16===> API : /api/billing/addBillingDetails ===> Message : newBooking() :: DB :: Invoked !
info: ===> TimeStamp : 2025-08-26 12:29:16===> API : /api/billing/addBillingDetails ===> Message : newBooking() :: DB :: Invoked !
info: ===> TimeStamp : 2025-08-26 12:29:18===> API : /api/billing/addBillingDetails ===> Message : addBillingDetailsResponse() invoked!
info: ===> TimeStamp : 2025-08-26 12:29:18===> API : /api/billing/addBillingDetails ===> Message : addBillingDetailsResponse() completed
info: ===> TimeStamp : 2025-08-26 12:29:18===> API : /api/billing/addBillingDetails ===> Message : newBooking() :: DB :: Invoked !
info: ===> TimeStamp : 2025-08-26 12:29:18===> API : /api/billing/addBillingDetails ===> Message : newBooking() :: DB :: Invoked !
info: ===> TimeStamp : 2025-08-26 12:29:18===> API : null ===> Message : validateRequest() invoked
info: ===> TimeStamp : 2025-08-26 12:29:18===> API : null ===> Message : fetchDBSettings()
info: ===> TimeStamp : 2025-08-26 12:29:18===> API : null ===> Message : validateRequest() Invoked!
info: ===> TimeStamp : 2025-08-26 12:29:18===> API : /api/billing/updateItemDetailsBill ===> Message : updateItemDetailsBill() invoked!!
info: ===> TimeStamp : 2025-08-26 12:29:18===> API : null ===> Message : validRequest() :: Api validated Successfully
info: ===> TimeStamp : 2025-08-26 12:29:18===> API : /api/billing/updateItemDetailsBill ===> Message : updateItemDetailsBill() :: DB :: Invoked !
info: ===> TimeStamp : 2025-08-26 12:29:18===> API : /api/billing/updateItemDetailsBill ===> Message : updateItemDetailsBillResponse() invoked!
info: ===> TimeStamp : 2025-08-26 12:29:18===> API : /api/billing/updateItemDetailsBill ===> Message : updateItemDetailsBillResponse() completed
info: ===> TimeStamp : 2025-08-26 12:29:20===> API : /api/billing/addBillingDetails ===> Message : addBillingDetailsResponse() completed
info: ===> TimeStamp : 2025-08-26 12:29:20===> API : /api/billing/addBillingDetails ===> Message : addBillingDetailsResponse() invoked!
info: ===> TimeStamp : 2025-08-26 12:29:20===> API : null ===> Message : validateRequest() invoked
info: ===> TimeStamp : 2025-08-26 12:29:20===> API : null ===> Message : fetchDBSettings()
info: ===> TimeStamp : 2025-08-26 12:29:20===> API : null ===> Message : validateRequest() Invoked!
info: ===> TimeStamp : 2025-08-26 12:29:20===> API : null ===> Message : validRequest() :: Api validated Successfully
info: ===> TimeStamp : 2025-08-26 12:29:20===> API : /api/billing/updateItemDetailsBill ===> Message : updateItemDetailsBill() :: DB :: Invoked !
info: ===> TimeStamp : 2025-08-26 12:29:20===> API : /api/billing/updateItemDetailsBill ===> Message : updateItemDetailsBill() invoked!!
info: ===> TimeStamp : 2025-08-26 12:29:20===> API : /api/billing/updateItemDetailsBill ===> Message : updateItemDetailsBillResponse() invoked!
info: ===> TimeStamp : 2025-08-26 12:29:20===> API : /api/billing/updateItemDetailsBill ===> Message : updateItemDetailsBillResponse() completed
info: ===> TimeStamp : 2025-08-26 12:29:20===> API : null ===> Message : fetchDBSettings()
info: ===> TimeStamp : 2025-08-26 12:29:20===> API : null ===> Message : validateRequest() invoked
info: ===> TimeStamp : 2025-08-26 12:29:20===> API : null ===> Message : validateRequest() Invoked!
info: ===> TimeStamp : 2025-08-26 12:29:21===> API : null ===> Message : validRequest() :: Api validated Successfully
info: ===> TimeStamp : 2025-08-26 12:29:21===> API : /api/billing/uploadBillFile ===> Message : uploadBillFile() invoked!!
info: ===> TimeStamp : 2025-08-26 12:29:21===> API : /api/billing/uploadBillFile ===> Message : uploadBillFile() :: DB :: Invoked !
info: ===> TimeStamp : 2025-08-26 12:29:21===> API : /api/billing/uploadBillFile ===> Message : uploadBillFileResponse() invoked!
info: ===> TimeStamp : 2025-08-26 12:29:21===> API : /api/billing/uploadBillFile ===> Message : uploadBillFileResponse() completed
info: ===> TimeStamp : 2025-08-26 12:29:25===> API : null ===> Message : validateRequest() invoked
info: ===> TimeStamp : 2025-08-26 12:29:25===> API : null ===> Message : fetchDBSettings()
info: ===> TimeStamp : 2025-08-26 12:29:25===> API : null ===> Message : validateRequest() Invoked!
info: ===> TimeStamp : 2025-08-26 12:29:25===> API : null ===> Message : validRequest() :: Api validated Successfully
info: ===> TimeStamp : 2025-08-26 12:29:25===> API : /api/billing/uploadBillFile ===> Message : uploadBillFile() invoked!!
info: ===> TimeStamp : 2025-08-26 12:29:25===> API : /api/billing/uploadBillFile ===> Message : uploadBillFile() :: DB :: Invoked !
info: ===> TimeStamp : 2025-08-26 12:29:25===> API : /api/billing/uploadBillFile ===> Message : uploadBillFileResponse() invoked!
info: ===> TimeStamp : 2025-08-26 12:29:25===> API : /api/billing/uploadBillFile ===> Message : uploadBillFileResponse() completed
info: ===> TimeStamp : 2025-08-26 12:29:31===> API : null ===> Message : validateRequest() invoked
info: ===> TimeStamp : 2025-08-26 12:29:31===> API : null ===> Message : fetchDBSettings()
info: ===> TimeStamp : 2025-08-26 12:29:31===> API : null ===> Message : validateRequest() Invoked!
info: ===> TimeStamp : 2025-08-26 12:29:31===> API : null ===> Message : validRequest() :: Api validated Successfully
info: ===> TimeStamp : 2025-08-26 12:29:31===> API : /api/billing/uploadBillFile ===> Message : uploadBillFile() invoked!!
info: ===> TimeStamp : 2025-08-26 12:29:31===> API : /api/billing/uploadBillFile ===> Message : uploadBillFile() :: DB :: Invoked !
info: ===> TimeStamp : 2025-08-26 12:29:31===> API : /api/billing/uploadBillFile ===> Message : uploadBillFileResponse() invoked!
info: ===> TimeStamp : 2025-08-26 12:29:31===> API : /api/billing/uploadBillFile ===> Message : uploadBillFileResponse() completed
info: ===> TimeStamp : 2025-08-26 12:29:31===> API : null ===> Message : validateRequest() invoked
info: ===> TimeStamp : 2025-08-26 12:29:31===> API : null ===> Message : fetchDBSettings()
info: ===> TimeStamp : 2025-08-26 12:29:31===> API : null ===> Message : validateRequest() Invoked!
info: ===> TimeStamp : 2025-08-26 12:29:31===> API : null ===> Message : validRequest() :: Api validated Successfully
info: ===> TimeStamp : 2025-08-26 12:29:31===> API : /api/billing/sendBillMail ===> Message : sendBillMail() invoked!!
info: ===> TimeStamp : 2025-08-26 12:29:33===> API : null ===> Message : validateRequest() invoked
info: ===> TimeStamp : 2025-08-26 12:29:33===> API : null ===> Message : fetchDBSettings()
info: ===> TimeStamp : 2025-08-26 12:29:33===> API : null ===> Message : validateRequest() Invoked!
info: ===> TimeStamp : 2025-08-26 12:29:33===> API : null ===> Message : validRequest() :: Api validated Successfully
info: ===> TimeStamp : 2025-08-26 12:29:33===> API : /api/billing/uploadBillFile ===> Message : uploadBillFile() invoked!!
info: ===> TimeStamp : 2025-08-26 12:29:33===> API : /api/billing/uploadBillFile ===> Message : uploadBillFile() :: DB :: Invoked !
info: ===> TimeStamp : 2025-08-26 12:29:33===> API : /api/billing/uploadBillFile ===> Message : uploadBillFileResponse() invoked!
info: ===> TimeStamp : 2025-08-26 12:29:33===> API : /api/billing/uploadBillFile ===> Message : uploadBillFileResponse() completed
info: ===> TimeStamp : 2025-08-26 12:29:33===> API : null ===> Message : validateRequest() invoked
info: ===> TimeStamp : 2025-08-26 12:29:33===> API : null ===> Message : fetchDBSettings()
info: ===> TimeStamp : 2025-08-26 12:29:33===> API : null ===> Message : validateRequest() Invoked!
info: ===> TimeStamp : 2025-08-26 12:29:33===> API : null ===> Message : validRequest() :: Api validated Successfully
info: ===> TimeStamp : 2025-08-26 12:29:33===> API : /api/billing/sendBillMail ===> Message : sendBillMail() invoked!!
info: ===> TimeStamp : 2025-08-26 12:29:34===> API : /api/billing/sendBillMail ===> Message : notifySellers() :: Email sent :: Success :: 250 2.0.0 OK  1756191573 41be03b00d2f7-b49cbb98e8asm8320692a12.38 - gsmtp !
info: ===> TimeStamp : 2025-08-26 12:29:34===> API : /api/billing/sendBillMail ===> Message : sendBillMailResponse() invoked!
info: ===> TimeStamp : 2025-08-26 12:29:34===> API : /api/billing/sendBillMail ===> Message : sendBillMailResponse() completed
info: ===> TimeStamp : 2025-08-26 12:29:36===> API : /api/billing/sendBillMail ===> Message : notifySellers() :: Email sent :: Success :: 250 2.0.0 OK  1756191576 d9443c01a7336-2466885ef42sm87157545ad.70 - gsmtp !
info: ===> TimeStamp : 2025-08-26 12:29:36===> API : /api/billing/sendBillMail ===> Message : sendBillMailResponse() invoked!
info: ===> TimeStamp : 2025-08-26 12:29:36===> API : /api/billing/sendBillMail ===> Message : sendBillMailResponse() completed
info: ===> TimeStamp : 2025-08-26 12:29:56===> API : null ===> Message : validateRequest() invoked
info: ===> TimeStamp : 2025-08-26 12:29:56===> API : null ===> Message : fetchDBSettings()
info: ===> TimeStamp : 2025-08-26 12:29:56===> API : null ===> Message : validateRequest() Invoked!
info: ===> TimeStamp : 2025-08-26 12:29:56===> API : null ===> Message : validRequest() :: Api validated Successfully
info: ===> TimeStamp : 2025-08-26 12:29:56===> API : /api/billing/addBillingDetails ===> Message : addBillingDetails() invoked!!
info: ===> TimeStamp : 2025-08-26 12:29:56===> API : /api/billing/addBillingDetails ===> Message : getPackageItemDetails() :: DB :: Invoked !
info: ===> TimeStamp : 2025-08-26 12:29:56===> API : /api/billing/addBillingDetails ===> Message : newBooking() :: DB :: Invoked !
info: ===> TimeStamp : 2025-08-26 12:29:57===> API : /api/billing/addBillingDetails ===> Message : newBooking() :: DB :: Invoked !
info: ===> TimeStamp : 2025-08-26 12:29:58===> API : /api/billing/addBillingDetails ===> Message : newBooking() :: DB :: Invoked !
info: ===> TimeStamp : 2025-08-26 12:29:58===> API : /api/billing/addBillingDetails ===> Message : newBooking() :: DB :: Invoked !
info: ===> TimeStamp : 2025-08-26 12:29:59===> API : /api/billing/addBillingDetails ===> Message : addBillingDetailsResponse() invoked!
info: ===> TimeStamp : 2025-08-26 12:29:59===> API : /api/billing/addBillingDetails ===> Message : addBillingDetailsResponse() completed
info: ===> TimeStamp : 2025-08-26 12:30:00===> API : null ===> Message : validateRequest() invoked
info: ===> TimeStamp : 2025-08-26 12:30:00===> API : null ===> Message : fetchDBSettings()
info: ===> TimeStamp : 2025-08-26 12:30:00===> API : null ===> Message : validateRequest() Invoked!
info: ===> TimeStamp : 2025-08-26 12:30:00===> API : null ===> Message : validRequest() :: Api validated Successfully
info: ===> TimeStamp : 2025-08-26 12:30:00===> API : /api/billing/updateItemDetailsBill ===> Message : updateItemDetailsBill() invoked!!
info: ===> TimeStamp : 2025-08-26 12:30:00===> API : /api/billing/updateItemDetailsBill ===> Message : updateItemDetailsBill() :: DB :: Invoked !
info: ===> TimeStamp : 2025-08-26 12:30:00===> API : /api/billing/updateItemDetailsBill ===> Message : updateItemDetailsBillResponse() invoked!
info: ===> TimeStamp : 2025-08-26 12:30:00===> API : /api/billing/updateItemDetailsBill ===> Message : updateItemDetailsBillResponse() completed
info: ===> TimeStamp : 2025-08-26 12:30:02===> API : null ===> Message : validateRequest() invoked
info: ===> TimeStamp : 2025-08-26 12:30:02===> API : null ===> Message : fetchDBSettings()
info: ===> TimeStamp : 2025-08-26 12:30:02===> API : null ===> Message : validateRequest() Invoked!
info: ===> TimeStamp : 2025-08-26 12:30:02===> API : null ===> Message : validRequest() :: Api validated Successfully
info: ===> TimeStamp : 2025-08-26 12:30:02===> API : /api/billing/uploadBillFile ===> Message : uploadBillFile() invoked!!
info: ===> TimeStamp : 2025-08-26 12:30:03===> API : /api/billing/uploadBillFile ===> Message : uploadBillFile() :: DB :: Invoked !
info: ===> TimeStamp : 2025-08-26 12:30:03===> API : /api/billing/uploadBillFile ===> Message : uploadBillFileResponse() invoked!
info: ===> TimeStamp : 2025-08-26 12:30:03===> API : /api/billing/uploadBillFile ===> Message : uploadBillFileResponse() completed
info: ===> TimeStamp : 2025-08-26 12:30:06===> API : null ===> Message : validateRequest() invoked
info: ===> TimeStamp : 2025-08-26 12:30:06===> API : null ===> Message : fetchDBSettings()
info: ===> TimeStamp : 2025-08-26 12:30:06===> API : null ===> Message : validateRequest() Invoked!
info: ===> TimeStamp : 2025-08-26 12:30:06===> API : null ===> Message : validRequest() :: Api validated Successfully
info: ===> TimeStamp : 2025-08-26 12:30:06===> API : /api/billing/uploadBillFile ===> Message : uploadBillFile() invoked!!
info: ===> TimeStamp : 2025-08-26 12:30:07===> API : /api/billing/uploadBillFile ===> Message : uploadBillFile() :: DB :: Invoked !
info: ===> TimeStamp : 2025-08-26 12:30:07===> API : /api/billing/uploadBillFile ===> Message : uploadBillFileResponse() invoked!
info: ===> TimeStamp : 2025-08-26 12:30:07===> API : /api/billing/uploadBillFile ===> Message : uploadBillFileResponse() completed
info: ===> TimeStamp : 2025-08-26 12:30:07===> API : null ===> Message : validateRequest() invoked
info: ===> TimeStamp : 2025-08-26 12:30:07===> API : null ===> Message : fetchDBSettings()
info: ===> TimeStamp : 2025-08-26 12:30:07===> API : null ===> Message : validateRequest() Invoked!
info: ===> TimeStamp : 2025-08-26 12:30:07===> API : null ===> Message : validRequest() :: Api validated Successfully
info: ===> TimeStamp : 2025-08-26 12:30:07===> API : /api/billing/sendBillMail ===> Message : sendBillMail() invoked!!
info: ===> TimeStamp : 2025-08-26 12:30:10===> API : null ===> Message : validateRequest() invoked
info: ===> TimeStamp : 2025-08-26 12:30:10===> API : null ===> Message : fetchDBSettings()
info: ===> TimeStamp : 2025-08-26 12:30:10===> API : null ===> Message : validateRequest() invoked
info: ===> TimeStamp : 2025-08-26 12:30:10===> API : null ===> Message : fetchDBSettings()
info: ===> TimeStamp : 2025-08-26 12:30:10===> API : null ===> Message : validateRequest() invoked
info: ===> TimeStamp : 2025-08-26 12:30:10===> API : null ===> Message : fetchDBSettings()
info: ===> TimeStamp : 2025-08-26 12:30:10===> API : null ===> Message : validateRequest() Invoked!
info: ===> TimeStamp : 2025-08-26 12:30:10===> API : null ===> Message : validateRequest() Invoked!
info: ===> TimeStamp : 2025-08-26 12:30:10===> API : null ===> Message : validateRequest() invoked
info: ===> TimeStamp : 2025-08-26 12:30:10===> API : null ===> Message : fetchDBSettings()
info: ===> TimeStamp : 2025-08-26 12:30:10===> API : null ===> Message : validateRequest() Invoked!
info: ===> TimeStamp : 2025-08-26 12:30:10===> API : null ===> Message : validateRequest() Invoked!
info: ===> TimeStamp : 2025-08-26 12:30:10===> API : null ===> Message : validRequest() :: Api validated Successfully
info: ===> TimeStamp : 2025-08-26 12:30:10===> API : /api/billing/getBillingDetails?billId=0&userId=0&billingDate=2025-08-26&shiftId=0&isBookingWebsite=0&futureDate=&fromDate=&toDate= ===> Message : getBillingDetails() invoked!!
info: ===> TimeStamp : 2025-08-26 12:30:10===> API : /api/billing/getBillingDetails?billId=0&userId=0&billingDate=2025-08-26&shiftId=0&isBookingWebsite=0&futureDate=&fromDate=&toDate= ===> Message : getBilliDetailsByBillDate() :: DB :: Invoked !
info: ===> TimeStamp : 2025-08-26 12:30:10===> API : null ===> Message : validRequest() :: Api validated Successfully
info: ===> TimeStamp : 2025-08-26 12:30:10===> API : /api/billing/fetchVoidBill ===> Message : fetchVoidBill() invoked!!
info: ===> TimeStamp : 2025-08-26 12:30:10===> API : /api/billing/fetchVoidBill ===> Message : fetchVoidBill() :: DB :: Invoked !
info: ===> TimeStamp : 2025-08-26 12:30:10===> API : null ===> Message : validRequest() :: Api validated Successfully
info: ===> TimeStamp : 2025-08-26 12:30:10===> API : /api/billing/getBillingDetails?billId=0&userId=0&billingDate=2025-08-26&shiftId=0&isBookingWebsite=0&futureDate=2025-08-26&fromDate=&toDate= ===> Message : getBillingDetails() invoked!!
info: ===> TimeStamp : 2025-08-26 12:30:10===> API : null ===> Message : validRequest() :: Api validated Successfully
info: ===> TimeStamp : 2025-08-26 12:30:10===> API : /api/billing/noShowGuestList ===> Message : noShowGuestList() invoked!!
info: ===> TimeStamp : 2025-08-26 12:30:10===> API : /api/billing/noShowGuestList ===> Message : noShowGuestList() :: DB :: Invoked !
info: ===> TimeStamp : 2025-08-26 12:30:10===> API : /api/billing/getBillingDetails?billId=0&userId=0&billingDate=2025-08-26&shiftId=0&isBookingWebsite=0&futureDate=&fromDate=&toDate= ===> Message : getBillingDetailsResponse() invoked!
info: ===> TimeStamp : 2025-08-26 12:30:10===> API : /api/billing/getBillingDetails?billId=0&userId=0&billingDate=2025-08-26&shiftId=0&isBookingWebsite=0&futureDate=&fromDate=&toDate= ===> Message : getBillingDetailsResponse() completed
info: ===> TimeStamp : 2025-08-26 12:30:10===> API : /api/billing/sendBillMail ===> Message : notifySellers() :: Email sent :: Success :: 250 2.0.0 OK  1756191610 d9443c01a7336-246688a5e5esm87149745ad.161 - gsmtp !
info: ===> TimeStamp : 2025-08-26 12:30:10===> API : /api/billing/sendBillMail ===> Message : sendBillMailResponse() invoked!
info: ===> TimeStamp : 2025-08-26 12:30:10===> API : /api/billing/sendBillMail ===> Message : sendBillMailResponse() completed
info: ===> TimeStamp : 2025-08-26 12:30:10===> API : null ===> Message : validateRequest() invoked
info: ===> TimeStamp : 2025-08-26 12:30:10===> API : null ===> Message : fetchDBSettings()
info: ===> TimeStamp : 2025-08-26 12:30:10===> API : null ===> Message : validateRequest() Invoked!
info: ===> TimeStamp : 2025-08-26 12:30:10===> API : null ===> Message : validRequest() :: Api validated Successfully
info: ===> TimeStamp : 2025-08-26 12:30:10===> API : /api/billing/getBillingDetails?billId=0&userId=0&billingDate=2025-08-26&shiftId=0&isBookingWebsite=0&futureDate=&fromDate=&toDate= ===> Message : getBillingDetails() invoked!!
info: ===> TimeStamp : 2025-08-26 12:30:10===> API : /api/billing/getBillingDetails?billId=0&userId=0&billingDate=2025-08-26&shiftId=0&isBookingWebsite=0&futureDate=&fromDate=&toDate= ===> Message : getBilliDetailsByBillDate() :: DB :: Invoked !
info: ===> TimeStamp : 2025-08-26 12:30:11===> API : /api/billing/getBillingDetails?billId=0&userId=0&billingDate=2025-08-26&shiftId=0&isBookingWebsite=0&futureDate=&fromDate=&toDate= ===> Message : getBillingDetailsResponse() invoked!
info: ===> TimeStamp : 2025-08-26 12:30:11===> API : /api/billing/getBillingDetails?billId=0&userId=0&billingDate=2025-08-26&shiftId=0&isBookingWebsite=0&futureDate=&fromDate=&toDate= ===> Message : getBillingDetailsResponse() completed
info: ===> TimeStamp : 2025-08-26 12:30:12===> API : /api/billing/fetchVoidBill ===> Message : fetchVoidBillResponse() invoked!
info: ===> TimeStamp : 2025-08-26 12:30:12===> API : /api/billing/fetchVoidBill ===> Message : fetchVoidBillResponse() completed
info: ===> TimeStamp : 2025-08-26 12:30:12===> API : /api/billing/noShowGuestList ===> Message : noShowGuestListResponse() invoked!
info: ===> TimeStamp : 2025-08-26 12:30:12===> API : /api/billing/noShowGuestList ===> Message : noShowGuestListResponse() completed
info: ===> TimeStamp : 2025-08-26 12:30:12===> API : null ===> Message : validateRequest() invoked
info: ===> TimeStamp : 2025-08-26 12:30:12===> API : null ===> Message : fetchDBSettings()
info: ===> TimeStamp : 2025-08-26 12:30:12===> API : null ===> Message : validateRequest() Invoked!
info: ===> TimeStamp : 2025-08-26 12:30:12===> API : null ===> Message : validRequest() :: Api validated Successfully
info: ===> TimeStamp : 2025-08-26 12:30:12===> API : /api/billing/noShowGuestList ===> Message : noShowGuestList() invoked!!
info: ===> TimeStamp : 2025-08-26 12:30:12===> API : /api/billing/noShowGuestList ===> Message : noShowGuestList() :: DB :: Invoked !
info: ===> TimeStamp : 2025-08-26 12:30:13===> API : /api/billing/noShowGuestList ===> Message : noShowGuestListResponse() invoked!
info: ===> TimeStamp : 2025-08-26 12:30:13===> API : /api/billing/noShowGuestList ===> Message : noShowGuestListResponse() completed
info: ===> TimeStamp : 2025-08-26 12:30:22===> API : null ===> Message : validateRequest() invoked
info: ===> TimeStamp : 2025-08-26 12:30:22===> API : null ===> Message : fetchDBSettings()
info: ===> TimeStamp : 2025-08-26 12:30:22===> API : null ===> Message : validateRequest() Invoked!
info: ===> TimeStamp : 2025-08-26 12:30:22===> API : null ===> Message : validateRequest() invoked
info: ===> TimeStamp : 2025-08-26 12:30:22===> API : null ===> Message : fetchDBSettings()
info: ===> TimeStamp : 2025-08-26 12:30:22===> API : null ===> Message : validateRequest() invoked
info: ===> TimeStamp : 2025-08-26 12:30:22===> API : null ===> Message : fetchDBSettings()
info: ===> TimeStamp : 2025-08-26 12:30:22===> API : null ===> Message : validateRequest() invoked
info: ===> TimeStamp : 2025-08-26 12:30:22===> API : null ===> Message : fetchDBSettings()
info: ===> TimeStamp : 2025-08-26 12:30:22===> API : null ===> Message : validateRequest() Invoked!
info: ===> TimeStamp : 2025-08-26 12:30:22===> API : null ===> Message : validateRequest() Invoked!
info: ===> TimeStamp : 2025-08-26 12:30:22===> API : null ===> Message : validateRequest() Invoked!
info: ===> TimeStamp : 2025-08-26 12:30:22===> API : null ===> Message : validRequest() :: Api validated Successfully
info: ===> TimeStamp : 2025-08-26 12:30:22===> API : /api/billing/getBillingDetails?billId=0&userId=0&billingDate=2025-08-26&shiftId=0&isBookingWebsite=0&futureDate=&fromDate=&toDate= ===> Message : getBillingDetails() invoked!!
info: ===> TimeStamp : 2025-08-26 12:30:22===> API : /api/billing/getBillingDetails?billId=0&userId=0&billingDate=2025-08-26&shiftId=0&isBookingWebsite=0&futureDate=&fromDate=&toDate= ===> Message : getBilliDetailsByBillDate() :: DB :: Invoked !
info: ===> TimeStamp : 2025-08-26 12:30:22===> API : /api/billing/getBillingDetails?billId=0&userId=0&billingDate=2025-08-26&shiftId=0&isBookingWebsite=0&futureDate=&fromDate=&toDate= ===> Message : getBillingDetailsResponse() invoked!
info: ===> TimeStamp : 2025-08-26 12:30:22===> API : /api/billing/getBillingDetails?billId=0&userId=0&billingDate=2025-08-26&shiftId=0&isBookingWebsite=0&futureDate=&fromDate=&toDate= ===> Message : getBillingDetailsResponse() completed
info: ===> TimeStamp : 2025-08-26 12:30:22===> API : null ===> Message : validRequest() :: Api validated Successfully
info: ===> TimeStamp : 2025-08-26 12:30:22===> API : /api/billing/fetchVoidBill ===> Message : fetchVoidBill() invoked!!
info: ===> TimeStamp : 2025-08-26 12:30:22===> API : /api/billing/fetchVoidBill ===> Message : fetchVoidBill() :: DB :: Invoked !
info: ===> TimeStamp : 2025-08-26 12:30:22===> API : null ===> Message : validRequest() :: Api validated Successfully
info: ===> TimeStamp : 2025-08-26 12:30:22===> API : /api/billing/noShowGuestList ===> Message : noShowGuestList() invoked!!
info: ===> TimeStamp : 2025-08-26 12:30:22===> API : /api/billing/noShowGuestList ===> Message : noShowGuestList() :: DB :: Invoked !
info: ===> TimeStamp : 2025-08-26 12:30:22===> API : null ===> Message : validRequest() :: Api validated Successfully
info: ===> TimeStamp : 2025-08-26 12:30:22===> API : /api/billing/getBillingDetails?billId=0&userId=0&billingDate=2025-08-26&shiftId=0&isBookingWebsite=0&futureDate=2025-08-26&fromDate=&toDate= ===> Message : getBillingDetails() invoked!!
info: ===> TimeStamp : 2025-08-26 12:30:22===> API : null ===> Message : validateRequest() invoked
info: ===> TimeStamp : 2025-08-26 12:30:22===> API : null ===> Message : fetchDBSettings()
info: ===> TimeStamp : 2025-08-26 12:30:22===> API : null ===> Message : validateRequest() Invoked!
info: ===> TimeStamp : 2025-08-26 12:30:23===> API : null ===> Message : validRequest() :: Api validated Successfully
info: ===> TimeStamp : 2025-08-26 12:30:23===> API : /api/billing/getBillingDetails?billId=0&userId=0&billingDate=2025-08-26&shiftId=0&isBookingWebsite=0&futureDate=&fromDate=&toDate= ===> Message : getBillingDetails() invoked!!
info: ===> TimeStamp : 2025-08-26 12:30:23===> API : /api/billing/getBillingDetails?billId=0&userId=0&billingDate=2025-08-26&shiftId=0&isBookingWebsite=0&futureDate=&fromDate=&toDate= ===> Message : getBilliDetailsByBillDate() :: DB :: Invoked !
info: ===> TimeStamp : 2025-08-26 12:30:23===> API : /api/billing/getBillingDetails?billId=0&userId=0&billingDate=2025-08-26&shiftId=0&isBookingWebsite=0&futureDate=&fromDate=&toDate= ===> Message : getBillingDetailsResponse() invoked!
info: ===> TimeStamp : 2025-08-26 12:30:23===> API : /api/billing/getBillingDetails?billId=0&userId=0&billingDate=2025-08-26&shiftId=0&isBookingWebsite=0&futureDate=&fromDate=&toDate= ===> Message : getBillingDetailsResponse() completed
info: ===> TimeStamp : 2025-08-26 12:30:23===> API : /api/billing/noShowGuestList ===> Message : noShowGuestListResponse() invoked!
info: ===> TimeStamp : 2025-08-26 12:30:23===> API : /api/billing/noShowGuestList ===> Message : noShowGuestListResponse() completed
info: ===> TimeStamp : 2025-08-26 12:30:24===> API : null ===> Message : validateRequest() invoked
info: ===> TimeStamp : 2025-08-26 12:30:24===> API : null ===> Message : fetchDBSettings()
info: ===> TimeStamp : 2025-08-26 12:30:24===> API : null ===> Message : validateRequest() Invoked!
info: ===> TimeStamp : 2025-08-26 12:30:24===> API : /api/billing/fetchVoidBill ===> Message : fetchVoidBillResponse() invoked!
info: ===> TimeStamp : 2025-08-26 12:30:24===> API : /api/billing/fetchVoidBill ===> Message : fetchVoidBillResponse() completed
info: ===> TimeStamp : 2025-08-26 12:30:24===> API : null ===> Message : validRequest() :: Api validated Successfully
info: ===> TimeStamp : 2025-08-26 12:30:24===> API : /api/billing/noShowGuestList ===> Message : noShowGuestList() invoked!!
info: ===> TimeStamp : 2025-08-26 12:30:24===> API : /api/billing/noShowGuestList ===> Message : noShowGuestList() :: DB :: Invoked !
info: ===> TimeStamp : 2025-08-26 12:30:24===> API : /api/billing/noShowGuestList ===> Message : noShowGuestListResponse() invoked!
info: ===> TimeStamp : 2025-08-26 12:30:24===> API : /api/billing/noShowGuestList ===> Message : noShowGuestListResponse() completed
info: ===> TimeStamp : 2025-08-26 12:30:26===> API : null ===> Message : validateRequest() invoked
info: ===> TimeStamp : 2025-08-26 12:30:26===> API : null ===> Message : fetchDBSettings()
info: ===> TimeStamp : 2025-08-26 12:30:26===> API : null ===> Message : validateRequest() Invoked!
info: ===> TimeStamp : 2025-08-26 12:30:26===> API : null ===> Message : validRequest() :: Api validated Successfully
info: ===> TimeStamp : 2025-08-26 12:30:26===> API : /api/billing/updateItemDetailsBill ===> Message : updateItemDetailsBill() invoked!!
info: ===> TimeStamp : 2025-08-26 12:30:26===> API : /api/billing/updateItemDetailsBill ===> Message : updateItemDetailsBill() :: DB :: Invoked !
info: ===> TimeStamp : 2025-08-26 12:30:26===> API : /api/billing/updateItemDetailsBill ===> Message : updateItemDetailsBillResponse() invoked!
info: ===> TimeStamp : 2025-08-26 12:30:26===> API : /api/billing/updateItemDetailsBill ===> Message : updateItemDetailsBillResponse() completed
info: ===> TimeStamp : 2025-08-26 12:30:29===> API : null ===> Message : validateRequest() invoked
info: ===> TimeStamp : 2025-08-26 12:30:29===> API : null ===> Message : fetchDBSettings()
info: ===> TimeStamp : 2025-08-26 12:30:29===> API : null ===> Message : validateRequest() Invoked!
info: ===> TimeStamp : 2025-08-26 12:30:29===> API : null ===> Message : validRequest() :: Api validated Successfully
info: ===> TimeStamp : 2025-08-26 12:30:29===> API : /api/billing/uploadBillFile ===> Message : uploadBillFile() invoked!!
info: ===> TimeStamp : 2025-08-26 12:30:29===> API : /api/billing/uploadBillFile ===> Message : uploadBillFile() :: DB :: Invoked !
info: ===> TimeStamp : 2025-08-26 12:30:29===> API : /api/billing/uploadBillFile ===> Message : uploadBillFileResponse() invoked!
info: ===> TimeStamp : 2025-08-26 12:30:29===> API : /api/billing/uploadBillFile ===> Message : uploadBillFileResponse() completed
info: ===> TimeStamp : 2025-08-26 12:30:35===> API : null ===> Message : validateRequest() invoked
info: ===> TimeStamp : 2025-08-26 12:30:35===> API : null ===> Message : fetchDBSettings()
info: ===> TimeStamp : 2025-08-26 12:30:35===> API : null ===> Message : validateRequest() Invoked!
info: ===> TimeStamp : 2025-08-26 12:30:35===> API : null ===> Message : validRequest() :: Api validated Successfully
info: ===> TimeStamp : 2025-08-26 12:30:35===> API : /api/billing/uploadBillFile ===> Message : uploadBillFile() invoked!!
info: ===> TimeStamp : 2025-08-26 12:30:35===> API : /api/billing/uploadBillFile ===> Message : uploadBillFile() :: DB :: Invoked !
info: ===> TimeStamp : 2025-08-26 12:30:35===> API : /api/billing/uploadBillFile ===> Message : uploadBillFileResponse() invoked!
info: ===> TimeStamp : 2025-08-26 12:30:35===> API : /api/billing/uploadBillFile ===> Message : uploadBillFileResponse() completed
info: ===> TimeStamp : 2025-08-26 12:30:35===> API : null ===> Message : fetchDBSettings()
info: ===> TimeStamp : 2025-08-26 12:30:35===> API : null ===> Message : validateRequest() invoked
info: ===> TimeStamp : 2025-08-26 12:30:35===> API : null ===> Message : validateRequest() Invoked!
info: ===> TimeStamp : 2025-08-26 12:30:35===> API : null ===> Message : validRequest() :: Api validated Successfully
info: ===> TimeStamp : 2025-08-26 12:30:35===> API : /api/billing/sendBillMail ===> Message : sendBillMail() invoked!!
info: ===> TimeStamp : 2025-08-26 12:30:38===> API : /api/billing/sendBillMail ===> Message : notifySellers() :: Email sent :: Success :: 250 2.0.0 OK  1756191638 41be03b00d2f7-b49cbbc9945sm8303839a12.58 - gsmtp !
info: ===> TimeStamp : 2025-08-26 12:30:38===> API : /api/billing/sendBillMail ===> Message : sendBillMailResponse() invoked!
info: ===> TimeStamp : 2025-08-26 12:30:38===> API : /api/billing/sendBillMail ===> Message : sendBillMailResponse() completed
info: ===> TimeStamp : 2025-08-26 12:35:17===> API : null ===> Message : validateRequest() invoked
info: ===> TimeStamp : 2025-08-26 12:35:17===> API : null ===> Message : fetchDBSettings()
info: ===> TimeStamp : 2025-08-26 12:35:17===> API : null ===> Message : validateRequest() Invoked!
info: ===> TimeStamp : 2025-08-26 12:35:17===> API : null ===> Message : validRequest() :: Api validated Successfully
info: ===> TimeStamp : 2025-08-26 12:35:17===> API : /api/billing/addBillingDetails ===> Message : addBillingDetails() invoked!!
info: ===> TimeStamp : 2025-08-26 12:35:17===> API : /api/billing/addBillingDetails ===> Message : getPackageItemDetails() :: DB :: Invoked !
info: ===> TimeStamp : 2025-08-26 12:35:17===> API : /api/billing/addBillingDetails ===> Message : newBooking() :: DB :: Invoked !
info: ===> TimeStamp : 2025-08-26 12:35:17===> API : /api/billing/addBillingDetails ===> Message : newBooking() :: DB :: Invoked !
info: ===> TimeStamp : 2025-08-26 12:35:19===> API : /api/billing/addBillingDetails ===> Message : newBooking() :: DB :: Invoked !
info: ===> TimeStamp : 2025-08-26 12:35:19===> API : /api/billing/addBillingDetails ===> Message : newBooking() :: DB :: Invoked !
info: ===> TimeStamp : 2025-08-26 12:35:20===> API : /api/billing/addBillingDetails ===> Message : addBillingDetailsResponse() invoked!
info: ===> TimeStamp : 2025-08-26 12:35:20===> API : /api/billing/addBillingDetails ===> Message : addBillingDetailsResponse() completed
info: ===> TimeStamp : 2025-08-26 12:35:20===> API : null ===> Message : validateRequest() invoked
info: ===> TimeStamp : 2025-08-26 12:35:20===> API : null ===> Message : fetchDBSettings()
info: ===> TimeStamp : 2025-08-26 12:35:20===> API : null ===> Message : validateRequest() Invoked!
info: ===> TimeStamp : 2025-08-26 12:35:20===> API : null ===> Message : validRequest() :: Api validated Successfully
info: ===> TimeStamp : 2025-08-26 12:35:20===> API : /api/billing/updateItemDetailsBill ===> Message : updateItemDetailsBill() :: DB :: Invoked !
info: ===> TimeStamp : 2025-08-26 12:35:20===> API : /api/billing/updateItemDetailsBill ===> Message : updateItemDetailsBill() invoked!!
info: ===> TimeStamp : 2025-08-26 12:35:20===> API : /api/billing/updateItemDetailsBill ===> Message : updateItemDetailsBillResponse() invoked!
info: ===> TimeStamp : 2025-08-26 12:35:20===> API : /api/billing/updateItemDetailsBill ===> Message : updateItemDetailsBillResponse() completed
info: ===> TimeStamp : 2025-08-26 12:35:26===> API : null ===> Message : validateRequest() invoked
info: ===> TimeStamp : 2025-08-26 12:35:26===> API : null ===> Message : fetchDBSettings()
info: ===> TimeStamp : 2025-08-26 12:35:26===> API : null ===> Message : validateRequest() Invoked!
info: ===> TimeStamp : 2025-08-26 12:35:26===> API : null ===> Message : validRequest() :: Api validated Successfully
info: ===> TimeStamp : 2025-08-26 12:35:26===> API : /api/billing/uploadBillFile ===> Message : uploadBillFile() invoked!!
info: ===> TimeStamp : 2025-08-26 12:35:26===> API : /api/billing/uploadBillFile ===> Message : uploadBillFile() :: DB :: Invoked !
info: ===> TimeStamp : 2025-08-26 12:35:26===> API : /api/billing/uploadBillFile ===> Message : uploadBillFileResponse() invoked!
info: ===> TimeStamp : 2025-08-26 12:35:26===> API : /api/billing/uploadBillFile ===> Message : uploadBillFileResponse() completed
info: ===> TimeStamp : 2025-08-26 12:35:33===> API : null ===> Message : validateRequest() invoked
info: ===> TimeStamp : 2025-08-26 12:35:33===> API : null ===> Message : fetchDBSettings()
info: ===> TimeStamp : 2025-08-26 12:35:33===> API : null ===> Message : validateRequest() Invoked!
info: ===> TimeStamp : 2025-08-26 12:35:34===> API : /api/billing/uploadBillFile ===> Message : uploadBillFile() invoked!!
info: ===> TimeStamp : 2025-08-26 12:35:34===> API : null ===> Message : validRequest() :: Api validated Successfully
info: ===> TimeStamp : 2025-08-26 12:35:34===> API : /api/billing/uploadBillFile ===> Message : uploadBillFile() :: DB :: Invoked !
info: ===> TimeStamp : 2025-08-26 12:35:34===> API : /api/billing/uploadBillFile ===> Message : uploadBillFileResponse() invoked!
info: ===> TimeStamp : 2025-08-26 12:35:34===> API : /api/billing/uploadBillFile ===> Message : uploadBillFileResponse() completed
info: ===> TimeStamp : 2025-08-26 12:35:34===> API : null ===> Message : validateRequest() invoked
info: ===> TimeStamp : 2025-08-26 12:35:34===> API : null ===> Message : fetchDBSettings()
info: ===> TimeStamp : 2025-08-26 12:35:34===> API : null ===> Message : validateRequest() Invoked!
info: ===> TimeStamp : 2025-08-26 12:35:34===> API : null ===> Message : validRequest() :: Api validated Successfully
info: ===> TimeStamp : 2025-08-26 12:35:34===> API : /api/billing/sendBillMail ===> Message : sendBillMail() invoked!!
info: ===> TimeStamp : 2025-08-26 12:35:37===> API : /api/billing/sendBillMail ===> Message : notifySellers() :: Email sent :: Success :: 250 2.0.0 OK  1756191937 98e67ed59e1d1-3254aa6478esm9067660a91.21 - gsmtp !
info: ===> TimeStamp : 2025-08-26 12:35:37===> API : /api/billing/sendBillMail ===> Message : sendBillMailResponse() invoked!
info: ===> TimeStamp : 2025-08-26 12:35:37===> API : /api/billing/sendBillMail ===> Message : sendBillMailResponse() completed
info: ===> TimeStamp : 2025-08-26 13:18:34===> API : null ===> Message : validateRequest() invoked
info: ===> TimeStamp : 2025-08-26 13:18:34===> API : null ===> Message : fetchDBSettings()
info: ===> TimeStamp : 2025-08-26 13:18:34===> API : null ===> Message : validateRequest() Invoked!
info: ===> TimeStamp : 2025-08-26 13:18:34===> API : null ===> Message : validRequest() :: Api validated Successfully
info: ===> TimeStamp : 2025-08-26 13:18:34===> API : /api/billing/addBillingDetails ===> Message : addBillingDetails() invoked!!
info: ===> TimeStamp : 2025-08-26 13:18:34===> API : /api/billing/addBillingDetails ===> Message : getPackageItemDetails() :: DB :: Invoked !
info: ===> TimeStamp : 2025-08-26 13:18:35===> API : /api/billing/addBillingDetails ===> Message : newBooking() :: DB :: Invoked !
info: ===> TimeStamp : 2025-08-26 13:18:35===> API : /api/billing/addBillingDetails ===> Message : newBooking() :: DB :: Invoked !
info: ===> TimeStamp : 2025-08-26 13:18:36===> API : /api/billing/addBillingDetails ===> Message : newBooking() :: DB :: Invoked !
info: ===> TimeStamp : 2025-08-26 13:18:36===> API : /api/billing/addBillingDetails ===> Message : newBooking() :: DB :: Invoked !
info: ===> TimeStamp : 2025-08-26 13:18:38===> API : /api/billing/addBillingDetails ===> Message : addBillingDetailsResponse() invoked!
info: ===> TimeStamp : 2025-08-26 13:18:38===> API : /api/billing/addBillingDetails ===> Message : addBillingDetailsResponse() completed
info: ===> TimeStamp : 2025-08-26 13:18:39===> API : null ===> Message : validateRequest() invoked
info: ===> TimeStamp : 2025-08-26 13:18:39===> API : null ===> Message : fetchDBSettings()
info: ===> TimeStamp : 2025-08-26 13:18:39===> API : null ===> Message : validateRequest() Invoked!
info: ===> TimeStamp : 2025-08-26 13:18:39===> API : null ===> Message : validRequest() :: Api validated Successfully
info: ===> TimeStamp : 2025-08-26 13:18:39===> API : /api/billing/updateItemDetailsBill ===> Message : updateItemDetailsBill() invoked!!
info: ===> TimeStamp : 2025-08-26 13:18:39===> API : /api/billing/updateItemDetailsBill ===> Message : updateItemDetailsBill() :: DB :: Invoked !
info: ===> TimeStamp : 2025-08-26 13:18:39===> API : /api/billing/updateItemDetailsBill ===> Message : updateItemDetailsBillResponse() invoked!
info: ===> TimeStamp : 2025-08-26 13:18:39===> API : /api/billing/updateItemDetailsBill ===> Message : updateItemDetailsBillResponse() completed
info: ===> TimeStamp : 2025-08-26 13:18:39===> API : null ===> Message : validateRequest() invoked
info: ===> TimeStamp : 2025-08-26 13:18:39===> API : null ===> Message : fetchDBSettings()
info: ===> TimeStamp : 2025-08-26 13:18:39===> API : null ===> Message : validateRequest() Invoked!
info: ===> TimeStamp : 2025-08-26 13:18:40===> API : null ===> Message : validRequest() :: Api validated Successfully
info: ===> TimeStamp : 2025-08-26 13:18:40===> API : /api/billing/uploadBillFile ===> Message : uploadBillFile() invoked!!
info: ===> TimeStamp : 2025-08-26 13:18:40===> API : /api/billing/uploadBillFile ===> Message : uploadBillFile() :: DB :: Invoked !
info: ===> TimeStamp : 2025-08-26 13:18:40===> API : /api/billing/uploadBillFile ===> Message : uploadBillFileResponse() invoked!
info: ===> TimeStamp : 2025-08-26 13:18:40===> API : /api/billing/uploadBillFile ===> Message : uploadBillFileResponse() completed
info: ===> TimeStamp : 2025-08-26 13:18:40===> API : null ===> Message : validateRequest() invoked
info: ===> TimeStamp : 2025-08-26 13:18:40===> API : null ===> Message : fetchDBSettings()
info: ===> TimeStamp : 2025-08-26 13:18:40===> API : null ===> Message : validateRequest() Invoked!
info: ===> TimeStamp : 2025-08-26 13:18:41===> API : null ===> Message : validRequest() :: Api validated Successfully
info: ===> TimeStamp : 2025-08-26 13:18:41===> API : /api/billing/uploadBillFile ===> Message : uploadBillFile() invoked!!
info: ===> TimeStamp : 2025-08-26 13:18:41===> API : /api/billing/uploadBillFile ===> Message : uploadBillFile() :: DB :: Invoked !
info: ===> TimeStamp : 2025-08-26 13:18:41===> API : /api/billing/uploadBillFile ===> Message : uploadBillFileResponse() invoked!
info: ===> TimeStamp : 2025-08-26 13:18:41===> API : /api/billing/uploadBillFile ===> Message : uploadBillFileResponse() completed
info: ===> TimeStamp : 2025-08-26 13:18:42===> API : null ===> Message : validateRequest() invoked
info: ===> TimeStamp : 2025-08-26 13:18:42===> API : null ===> Message : fetchDBSettings()
info: ===> TimeStamp : 2025-08-26 13:18:42===> API : null ===> Message : validateRequest() Invoked!
info: ===> TimeStamp : 2025-08-26 13:18:42===> API : null ===> Message : validRequest() :: Api validated Successfully
info: ===> TimeStamp : 2025-08-26 13:18:42===> API : /api/billing/sendBillMail ===> Message : sendBillMail() invoked!!
info: ===> TimeStamp : 2025-08-26 13:18:45===> API : /api/billing/sendBillMail ===> Message : notifySellers() :: Email sent :: Success :: 250 2.0.0 OK  1756194525 d9443c01a7336-246688b33c3sm87596935ad.168 - gsmtp !
info: ===> TimeStamp : 2025-08-26 13:18:45===> API : /api/billing/sendBillMail ===> Message : sendBillMailResponse() invoked!
info: ===> TimeStamp : 2025-08-26 13:18:45===> API : /api/billing/sendBillMail ===> Message : sendBillMailResponse() completed
info: ===> TimeStamp : 2025-08-26 13:18:48===> API : null ===> Message : validateRequest() invoked
info: ===> TimeStamp : 2025-08-26 13:18:48===> API : null ===> Message : fetchDBSettings()
info: ===> TimeStamp : 2025-08-26 13:18:48===> API : null ===> Message : validateRequest() Invoked!
info: ===> TimeStamp : 2025-08-26 13:18:48===> API : null ===> Message : validRequest() :: Api validated Successfully
info: ===> TimeStamp : 2025-08-26 13:18:48===> API : /api/billing/uploadBillFile ===> Message : uploadBillFile() invoked!!
info: ===> TimeStamp : 2025-08-26 13:18:48===> API : /api/billing/uploadBillFile ===> Message : uploadBillFile() :: DB :: Invoked !
info: ===> TimeStamp : 2025-08-26 13:18:48===> API : /api/billing/uploadBillFile ===> Message : uploadBillFileResponse() invoked!
info: ===> TimeStamp : 2025-08-26 13:18:48===> API : /api/billing/uploadBillFile ===> Message : uploadBillFileResponse() completed
info: ===> TimeStamp : 2025-08-26 13:18:49===> API : null ===> Message : validateRequest() invoked
info: ===> TimeStamp : 2025-08-26 13:18:49===> API : null ===> Message : fetchDBSettings()
info: ===> TimeStamp : 2025-08-26 13:18:49===> API : null ===> Message : validateRequest() Invoked!
info: ===> TimeStamp : 2025-08-26 13:18:49===> API : null ===> Message : validRequest() :: Api validated Successfully
info: ===> TimeStamp : 2025-08-26 13:18:49===> API : /api/billing/sendBillMail ===> Message : sendBillMail() invoked!!
info: ===> TimeStamp : 2025-08-26 13:18:51===> API : /api/billing/sendBillMail ===> Message : notifySellers() :: Email sent :: Success :: 250 2.0.0 OK  1756194531 98e67ed59e1d1-32549fe6c21sm9250758a91.5 - gsmtp !
info: ===> TimeStamp : 2025-08-26 13:18:51===> API : /api/billing/sendBillMail ===> Message : sendBillMailResponse() invoked!
info: ===> TimeStamp : 2025-08-26 13:18:51===> API : /api/billing/sendBillMail ===> Message : sendBillMailResponse() completed
info: ===> TimeStamp : 2025-08-26 13:19:16===> API : null ===> Message : validateRequest() invoked
info: ===> TimeStamp : 2025-08-26 13:19:16===> API : null ===> Message : fetchDBSettings()
info: ===> TimeStamp : 2025-08-26 13:19:16===> API : null ===> Message : validateRequest() invoked
info: ===> TimeStamp : 2025-08-26 13:19:16===> API : null ===> Message : fetchDBSettings()
info: ===> TimeStamp : 2025-08-26 13:19:16===> API : null ===> Message : validateRequest() invoked
info: ===> TimeStamp : 2025-08-26 13:19:16===> API : null ===> Message : fetchDBSettings()
info: ===> TimeStamp : 2025-08-26 13:19:16===> API : null ===> Message : validateRequest() Invoked!
info: ===> TimeStamp : 2025-08-26 13:19:16===> API : null ===> Message : validateRequest() invoked
info: ===> TimeStamp : 2025-08-26 13:19:16===> API : null ===> Message : fetchDBSettings()
info: ===> TimeStamp : 2025-08-26 13:19:16===> API : null ===> Message : validateRequest() Invoked!
info: ===> TimeStamp : 2025-08-26 13:19:16===> API : null ===> Message : validateRequest() Invoked!
info: ===> TimeStamp : 2025-08-26 13:19:16===> API : null ===> Message : validateRequest() Invoked!
info: ===> TimeStamp : 2025-08-26 13:19:16===> API : null ===> Message : validRequest() :: Api validated Successfully
info: ===> TimeStamp : 2025-08-26 13:19:16===> API : /api/billing/getBillingDetails?billId=0&userId=0&billingDate=2025-08-26&shiftId=0&isBookingWebsite=0&futureDate=&fromDate=&toDate= ===> Message : getBillingDetails() invoked!!
info: ===> TimeStamp : 2025-08-26 13:19:16===> API : /api/billing/getBillingDetails?billId=0&userId=0&billingDate=2025-08-26&shiftId=0&isBookingWebsite=0&futureDate=&fromDate=&toDate= ===> Message : getBilliDetailsByBillDate() :: DB :: Invoked !
info: ===> TimeStamp : 2025-08-26 13:19:16===> API : null ===> Message : validRequest() :: Api validated Successfully
info: ===> TimeStamp : 2025-08-26 13:19:16===> API : /api/billing/fetchVoidBill ===> Message : fetchVoidBill() invoked!!
info: ===> TimeStamp : 2025-08-26 13:19:16===> API : /api/billing/fetchVoidBill ===> Message : fetchVoidBill() :: DB :: Invoked !
info: ===> TimeStamp : 2025-08-26 13:19:16===> API : /api/billing/getBillingDetails?billId=0&userId=0&billingDate=2025-08-26&shiftId=0&isBookingWebsite=0&futureDate=&fromDate=&toDate= ===> Message : getBillingDetailsResponse() invoked!
info: ===> TimeStamp : 2025-08-26 13:19:16===> API : /api/billing/getBillingDetails?billId=0&userId=0&billingDate=2025-08-26&shiftId=0&isBookingWebsite=0&futureDate=&fromDate=&toDate= ===> Message : getBillingDetailsResponse() completed
info: ===> TimeStamp : 2025-08-26 13:19:16===> API : null ===> Message : validRequest() :: Api validated Successfully
info: ===> TimeStamp : 2025-08-26 13:19:16===> API : /api/billing/noShowGuestList ===> Message : noShowGuestList() invoked!!
info: ===> TimeStamp : 2025-08-26 13:19:16===> API : /api/billing/noShowGuestList ===> Message : noShowGuestList() :: DB :: Invoked !
info: ===> TimeStamp : 2025-08-26 13:19:16===> API : null ===> Message : validRequest() :: Api validated Successfully
info: ===> TimeStamp : 2025-08-26 13:19:16===> API : /api/billing/getBillingDetails?billId=0&userId=0&billingDate=2025-08-26&shiftId=0&isBookingWebsite=0&futureDate=2025-08-26&fromDate=&toDate= ===> Message : getBillingDetails() invoked!!
info: ===> TimeStamp : 2025-08-26 13:19:16===> API : null ===> Message : validateRequest() invoked
info: ===> TimeStamp : 2025-08-26 13:19:16===> API : null ===> Message : fetchDBSettings()
info: ===> TimeStamp : 2025-08-26 13:19:16===> API : null ===> Message : validateRequest() Invoked!
info: ===> TimeStamp : 2025-08-26 13:19:17===> API : null ===> Message : validRequest() :: Api validated Successfully
info: ===> TimeStamp : 2025-08-26 13:19:17===> API : /api/billing/getBillingDetails?billId=0&userId=0&billingDate=2025-08-26&shiftId=0&isBookingWebsite=0&futureDate=&fromDate=&toDate= ===> Message : getBillingDetails() invoked!!
info: ===> TimeStamp : 2025-08-26 13:19:17===> API : /api/billing/getBillingDetails?billId=0&userId=0&billingDate=2025-08-26&shiftId=0&isBookingWebsite=0&futureDate=&fromDate=&toDate= ===> Message : getBilliDetailsByBillDate() :: DB :: Invoked !
info: ===> TimeStamp : 2025-08-26 13:19:17===> API : /api/billing/getBillingDetails?billId=0&userId=0&billingDate=2025-08-26&shiftId=0&isBookingWebsite=0&futureDate=&fromDate=&toDate= ===> Message : getBillingDetailsResponse() invoked!
info: ===> TimeStamp : 2025-08-26 13:19:17===> API : /api/billing/getBillingDetails?billId=0&userId=0&billingDate=2025-08-26&shiftId=0&isBookingWebsite=0&futureDate=&fromDate=&toDate= ===> Message : getBillingDetailsResponse() completed
info: ===> TimeStamp : 2025-08-26 13:19:18===> API : /api/billing/fetchVoidBill ===> Message : fetchVoidBillResponse() invoked!
info: ===> TimeStamp : 2025-08-26 13:19:18===> API : /api/billing/fetchVoidBill ===> Message : fetchVoidBillResponse() completed
info: ===> TimeStamp : 2025-08-26 13:19:18===> API : /api/billing/noShowGuestList ===> Message : noShowGuestListResponse() invoked!
info: ===> TimeStamp : 2025-08-26 13:19:18===> API : /api/billing/noShowGuestList ===> Message : noShowGuestListResponse() completed
info: ===> TimeStamp : 2025-08-26 13:19:18===> API : null ===> Message : validateRequest() invoked
info: ===> TimeStamp : 2025-08-26 13:19:18===> API : null ===> Message : fetchDBSettings()
info: ===> TimeStamp : 2025-08-26 13:19:18===> API : null ===> Message : validateRequest() Invoked!
info: ===> TimeStamp : 2025-08-26 13:19:18===> API : null ===> Message : validRequest() :: Api validated Successfully
info: ===> TimeStamp : 2025-08-26 13:19:18===> API : /api/billing/noShowGuestList ===> Message : noShowGuestList() invoked!!
info: ===> TimeStamp : 2025-08-26 13:19:18===> API : /api/billing/noShowGuestList ===> Message : noShowGuestList() :: DB :: Invoked !
info: ===> TimeStamp : 2025-08-26 13:19:18===> API : null ===> Message : validateRequest() invoked
info: ===> TimeStamp : 2025-08-26 13:19:18===> API : null ===> Message : fetchDBSettings()
info: ===> TimeStamp : 2025-08-26 13:19:18===> API : null ===> Message : validateRequest() Invoked!
info: ===> TimeStamp : 2025-08-26 13:19:19===> API : null ===> Message : validRequest() :: Api validated Successfully
info: ===> TimeStamp : 2025-08-26 13:19:19===> API : /api/billing/getBillingDetails?billId=0&userId=0&billingDate=2025-08-26&shiftId=0&isBookingWebsite=0&futureDate=&fromDate=&toDate= ===> Message : getBillingDetails() invoked!!
info: ===> TimeStamp : 2025-08-26 13:19:19===> API : /api/billing/getBillingDetails?billId=0&userId=0&billingDate=2025-08-26&shiftId=0&isBookingWebsite=0&futureDate=&fromDate=&toDate= ===> Message : getBilliDetailsByBillDate() :: DB :: Invoked !
info: ===> TimeStamp : 2025-08-26 13:19:19===> API : /api/billing/getBillingDetails?billId=0&userId=0&billingDate=2025-08-26&shiftId=0&isBookingWebsite=0&futureDate=&fromDate=&toDate= ===> Message : getBillingDetailsResponse() invoked!
info: ===> TimeStamp : 2025-08-26 13:19:19===> API : /api/billing/getBillingDetails?billId=0&userId=0&billingDate=2025-08-26&shiftId=0&isBookingWebsite=0&futureDate=&fromDate=&toDate= ===> Message : getBillingDetailsResponse() completed
info: ===> TimeStamp : 2025-08-26 13:19:19===> API : /api/billing/noShowGuestList ===> Message : noShowGuestListResponse() invoked!
info: ===> TimeStamp : 2025-08-26 13:19:19===> API : /api/billing/noShowGuestList ===> Message : noShowGuestListResponse() completed
info: ===> TimeStamp : 2025-08-26 13:19:19===> API : null ===> Message : validateRequest() invoked
info: ===> TimeStamp : 2025-08-26 13:19:19===> API : null ===> Message : fetchDBSettings()
info: ===> TimeStamp : 2025-08-26 13:19:19===> API : null ===> Message : validateRequest() Invoked!
info: ===> TimeStamp : 2025-08-26 13:19:19===> API : null ===> Message : validRequest() :: Api validated Successfully
info: ===> TimeStamp : 2025-08-26 13:19:19===> API : /api/billing/getBillingDetails?billId=0&userId=0&billingDate=2025-08-26&shiftId=1&isBookingWebsite=0&futureDate=&fromDate=&toDate= ===> Message : getBillingDetails() invoked!!
info: ===> TimeStamp : 2025-08-26 13:19:19===> API : /api/billing/getBillingDetails?billId=0&userId=0&billingDate=2025-08-26&shiftId=1&isBookingWebsite=0&futureDate=&fromDate=&toDate= ===> Message : getBilliDetailsByShift() :: DB :: Invoked !
info: ===> TimeStamp : 2025-08-26 13:19:20===> API : /api/billing/getBillingDetails?billId=0&userId=0&billingDate=2025-08-26&shiftId=1&isBookingWebsite=0&futureDate=&fromDate=&toDate= ===> Message : getBillingDetailsResponse() invoked!
info: ===> TimeStamp : 2025-08-26 13:19:20===> API : /api/billing/getBillingDetails?billId=0&userId=0&billingDate=2025-08-26&shiftId=1&isBookingWebsite=0&futureDate=&fromDate=&toDate= ===> Message : getBillingDetailsResponse() completed
info: ===> TimeStamp : 2025-08-26 13:19:20===> API : null ===> Message : validateRequest() invoked
info: ===> TimeStamp : 2025-08-26 13:19:20===> API : null ===> Message : fetchDBSettings()
info: ===> TimeStamp : 2025-08-26 13:19:20===> API : null ===> Message : validateRequest() Invoked!
info: ===> TimeStamp : 2025-08-26 13:19:21===> API : null ===> Message : validRequest() :: Api validated Successfully
info: ===> TimeStamp : 2025-08-26 13:19:21===> API : /api/billing/generateCSVReport ===> Message : generateReports() invoked!!
info: ===> TimeStamp : 2025-08-26 13:19:21===> API : /api/billing/generateCSVReport ===> Message : generateReportsByShift() :: DB :: Invoked !
info: ===> TimeStamp : 2025-08-26 13:19:21===> API : /api/billing/generateCSVReport ===> Message : uploadReportFile() :: DB :: Invoked !
info: ===> TimeStamp : 2025-08-26 13:19:21===> API : /api/billing/generateCSVReport ===> Message : generateReportsResponse() invoked!
info: ===> TimeStamp : 2025-08-26 13:19:21===> API : /api/billing/generateCSVReport ===> Message : generateReportsResponse() completed
info: ===> TimeStamp : 2025-08-26 13:19:38===> API : null ===> Message : validateRequest() invoked
info: ===> TimeStamp : 2025-08-26 13:19:38===> API : null ===> Message : fetchDBSettings()
info: ===> TimeStamp : 2025-08-26 13:19:38===> API : null ===> Message : validateRequest() Invoked!
info: ===> TimeStamp : 2025-08-26 13:19:39===> API : null ===> Message : validRequest() :: Api validated Successfully
info: ===> TimeStamp : 2025-08-26 13:19:39===> API : /api/billing/getBillingDetails?billId=0&userId=0&billingDate=2025-08-26&shiftId=0&isBookingWebsite=0&futureDate=2025-08-26&fromDate=&toDate= ===> Message : getBillingDetails() invoked!!
info: ===> TimeStamp : 2025-08-26 13:27:37===> API : null ===> Message : validateRequest() invoked
info: ===> TimeStamp : 2025-08-26 13:27:37===> API : null ===> Message : fetchDBSettings()
info: ===> TimeStamp : 2025-08-26 13:27:37===> API : null ===> Message : validateRequest() Invoked!
info: ===> TimeStamp : 2025-08-26 13:27:37===> API : null ===> Message : validRequest() :: Api validated Successfully
info: ===> TimeStamp : 2025-08-26 13:27:37===> API : /api/billing/addBillingDetails ===> Message : addBillingDetails() invoked!!
info: ===> TimeStamp : 2025-08-26 13:27:37===> API : /api/billing/addBillingDetails ===> Message : getPackageItemDetails() :: DB :: Invoked !
info: ===> TimeStamp : 2025-08-26 13:27:37===> API : /api/billing/addBillingDetails ===> Message : newBooking() :: DB :: Invoked !
info: ===> TimeStamp : 2025-08-26 13:27:37===> API : /api/billing/addBillingDetails ===> Message : newBooking() :: DB :: Invoked !
info: ===> TimeStamp : 2025-08-26 13:27:39===> API : /api/billing/addBillingDetails ===> Message : newBooking() :: DB :: Invoked !
info: ===> TimeStamp : 2025-08-26 13:27:39===> API : /api/billing/addBillingDetails ===> Message : newBooking() :: DB :: Invoked !
info: ===> TimeStamp : 2025-08-26 13:27:40===> API : /api/billing/addBillingDetails ===> Message : addBillingDetailsResponse() invoked!
info: ===> TimeStamp : 2025-08-26 13:27:40===> API : /api/billing/addBillingDetails ===> Message : addBillingDetailsResponse() completed
info: ===> TimeStamp : 2025-08-26 13:27:41===> API : null ===> Message : validateRequest() invoked
info: ===> TimeStamp : 2025-08-26 13:27:41===> API : null ===> Message : fetchDBSettings()
info: ===> TimeStamp : 2025-08-26 13:27:41===> API : null ===> Message : validateRequest() Invoked!
info: ===> TimeStamp : 2025-08-26 13:27:41===> API : null ===> Message : validRequest() :: Api validated Successfully
info: ===> TimeStamp : 2025-08-26 13:27:41===> API : /api/billing/updateItemDetailsBill ===> Message : updateItemDetailsBill() :: DB :: Invoked !
info: ===> TimeStamp : 2025-08-26 13:27:41===> API : /api/billing/updateItemDetailsBill ===> Message : updateItemDetailsBill() invoked!!
info: ===> TimeStamp : 2025-08-26 13:27:41===> API : /api/billing/updateItemDetailsBill ===> Message : updateItemDetailsBillResponse() invoked!
info: ===> TimeStamp : 2025-08-26 13:27:41===> API : /api/billing/updateItemDetailsBill ===> Message : updateItemDetailsBillResponse() completed
info: ===> TimeStamp : 2025-08-26 13:27:42===> API : null ===> Message : validateRequest() invoked
info: ===> TimeStamp : 2025-08-26 13:27:42===> API : null ===> Message : fetchDBSettings()
info: ===> TimeStamp : 2025-08-26 13:27:42===> API : null ===> Message : validateRequest() Invoked!
info: ===> TimeStamp : 2025-08-26 13:27:42===> API : null ===> Message : validRequest() :: Api validated Successfully
info: ===> TimeStamp : 2025-08-26 13:27:42===> API : /api/billing/uploadBillFile ===> Message : uploadBillFile() invoked!!
info: ===> TimeStamp : 2025-08-26 13:27:42===> API : /api/billing/uploadBillFile ===> Message : uploadBillFile() :: DB :: Invoked !
info: ===> TimeStamp : 2025-08-26 13:27:42===> API : /api/billing/uploadBillFile ===> Message : uploadBillFileResponse() invoked!
info: ===> TimeStamp : 2025-08-26 13:27:42===> API : /api/billing/uploadBillFile ===> Message : uploadBillFileResponse() completed
info: ===> TimeStamp : 2025-08-26 13:27:47===> API : null ===> Message : validateRequest() invoked
info: ===> TimeStamp : 2025-08-26 13:27:47===> API : null ===> Message : fetchDBSettings()
info: ===> TimeStamp : 2025-08-26 13:27:47===> API : null ===> Message : validateRequest() Invoked!
info: ===> TimeStamp : 2025-08-26 13:27:47===> API : null ===> Message : validRequest() :: Api validated Successfully
info: ===> TimeStamp : 2025-08-26 13:27:47===> API : /api/billing/uploadBillFile ===> Message : uploadBillFile() invoked!!
info: ===> TimeStamp : 2025-08-26 13:27:47===> API : /api/billing/uploadBillFile ===> Message : uploadBillFile() :: DB :: Invoked !
info: ===> TimeStamp : 2025-08-26 13:27:47===> API : /api/billing/uploadBillFile ===> Message : uploadBillFileResponse() invoked!
info: ===> TimeStamp : 2025-08-26 13:27:47===> API : /api/billing/uploadBillFile ===> Message : uploadBillFileResponse() completed
info: ===> TimeStamp : 2025-08-26 13:27:47===> API : null ===> Message : validateRequest() invoked
info: ===> TimeStamp : 2025-08-26 13:27:47===> API : null ===> Message : fetchDBSettings()
info: ===> TimeStamp : 2025-08-26 13:27:47===> API : null ===> Message : validateRequest() Invoked!
info: ===> TimeStamp : 2025-08-26 13:27:47===> API : null ===> Message : validRequest() :: Api validated Successfully
info: ===> TimeStamp : 2025-08-26 13:27:47===> API : /api/billing/sendBillMail ===> Message : sendBillMail() invoked!!
info: ===> TimeStamp : 2025-08-26 13:27:50===> API : /api/billing/sendBillMail ===> Message : notifySellers() :: Email sent :: Success :: 250 2.0.0 OK  1756195070 d2e1a72fcca58-770401b01b2sm9433459b3a.64 - gsmtp !
info: ===> TimeStamp : 2025-08-26 13:27:50===> API : /api/billing/sendBillMail ===> Message : sendBillMailResponse() invoked!
info: ===> TimeStamp : 2025-08-26 13:27:50===> API : /api/billing/sendBillMail ===> Message : sendBillMailResponse() completed
info: ===> TimeStamp : 2025-08-26 13:39:16===> API : null ===> Message : validateRequest() invoked
info: ===> TimeStamp : 2025-08-26 13:39:16===> API : null ===> Message : fetchDBSettings()
info: ===> TimeStamp : 2025-08-26 13:39:16===> API : null ===> Message : validateRequest() Invoked!
info: ===> TimeStamp : 2025-08-26 13:39:16===> API : null ===> Message : validRequest() :: Api validated Successfully
info: ===> TimeStamp : 2025-08-26 13:39:16===> API : /api/billing/addBillingDetails ===> Message : addBillingDetails() invoked!!
info: ===> TimeStamp : 2025-08-26 13:39:16===> API : /api/billing/addBillingDetails ===> Message : getPackageItemDetails() :: DB :: Invoked !
info: ===> TimeStamp : 2025-08-26 13:39:16===> API : /api/billing/addBillingDetails ===> Message : newBooking() :: DB :: Invoked !
info: ===> TimeStamp : 2025-08-26 13:39:16===> API : /api/billing/addBillingDetails ===> Message : newBooking() :: DB :: Invoked !
info: ===> TimeStamp : 2025-08-26 13:39:17===> API : /api/billing/addBillingDetails ===> Message : newBooking() :: DB :: Invoked !
info: ===> TimeStamp : 2025-08-26 13:39:17===> API : /api/billing/addBillingDetails ===> Message : newBooking() :: DB :: Invoked !
info: ===> TimeStamp : 2025-08-26 13:39:19===> API : /api/billing/addBillingDetails ===> Message : addBillingDetailsResponse() invoked!
info: ===> TimeStamp : 2025-08-26 13:39:19===> API : /api/billing/addBillingDetails ===> Message : addBillingDetailsResponse() completed
info: ===> TimeStamp : 2025-08-26 13:39:19===> API : null ===> Message : validateRequest() invoked
info: ===> TimeStamp : 2025-08-26 13:39:19===> API : null ===> Message : fetchDBSettings()
info: ===> TimeStamp : 2025-08-26 13:39:19===> API : null ===> Message : validateRequest() Invoked!
info: ===> TimeStamp : 2025-08-26 13:39:19===> API : null ===> Message : validRequest() :: Api validated Successfully
info: ===> TimeStamp : 2025-08-26 13:39:19===> API : /api/billing/updateItemDetailsBill ===> Message : updateItemDetailsBill() :: DB :: Invoked !
info: ===> TimeStamp : 2025-08-26 13:39:19===> API : /api/billing/updateItemDetailsBill ===> Message : updateItemDetailsBill() invoked!!
info: ===> TimeStamp : 2025-08-26 13:39:19===> API : /api/billing/updateItemDetailsBill ===> Message : updateItemDetailsBillResponse() invoked!
info: ===> TimeStamp : 2025-08-26 13:39:19===> API : /api/billing/updateItemDetailsBill ===> Message : updateItemDetailsBillResponse() completed
info: ===> TimeStamp : 2025-08-26 13:39:20===> API : null ===> Message : validateRequest() invoked
info: ===> TimeStamp : 2025-08-26 13:39:20===> API : null ===> Message : fetchDBSettings()
info: ===> TimeStamp : 2025-08-26 13:39:20===> API : null ===> Message : validateRequest() Invoked!
info: ===> TimeStamp : 2025-08-26 13:39:20===> API : null ===> Message : validRequest() :: Api validated Successfully
info: ===> TimeStamp : 2025-08-26 13:39:20===> API : /api/billing/uploadBillFile ===> Message : uploadBillFile() invoked!!
info: ===> TimeStamp : 2025-08-26 13:39:21===> API : /api/billing/uploadBillFile ===> Message : uploadBillFile() :: DB :: Invoked !
info: ===> TimeStamp : 2025-08-26 13:39:21===> API : /api/billing/uploadBillFile ===> Message : uploadBillFileResponse() invoked!
info: ===> TimeStamp : 2025-08-26 13:39:21===> API : /api/billing/uploadBillFile ===> Message : uploadBillFileResponse() completed
info: ===> TimeStamp : 2025-08-26 13:39:25===> API : null ===> Message : validateRequest() invoked
info: ===> TimeStamp : 2025-08-26 13:39:25===> API : null ===> Message : fetchDBSettings()
info: ===> TimeStamp : 2025-08-26 13:39:25===> API : null ===> Message : validateRequest() Invoked!
info: ===> TimeStamp : 2025-08-26 13:39:25===> API : null ===> Message : validRequest() :: Api validated Successfully
info: ===> TimeStamp : 2025-08-26 13:39:25===> API : /api/billing/uploadBillFile ===> Message : uploadBillFile() invoked!!
info: ===> TimeStamp : 2025-08-26 13:39:26===> API : /api/billing/uploadBillFile ===> Message : uploadBillFile() :: DB :: Invoked !
info: ===> TimeStamp : 2025-08-26 13:39:26===> API : /api/billing/uploadBillFile ===> Message : uploadBillFileResponse() invoked!
info: ===> TimeStamp : 2025-08-26 13:39:26===> API : /api/billing/uploadBillFile ===> Message : uploadBillFileResponse() completed
info: ===> TimeStamp : 2025-08-26 13:39:26===> API : null ===> Message : validateRequest() invoked
info: ===> TimeStamp : 2025-08-26 13:39:26===> API : null ===> Message : fetchDBSettings()
info: ===> TimeStamp : 2025-08-26 13:39:26===> API : null ===> Message : validateRequest() Invoked!
info: ===> TimeStamp : 2025-08-26 13:39:26===> API : null ===> Message : validRequest() :: Api validated Successfully
info: ===> TimeStamp : 2025-08-26 13:39:26===> API : /api/billing/sendBillMail ===> Message : sendBillMail() invoked!!
info: ===> TimeStamp : 2025-08-26 13:39:29===> API : /api/billing/sendBillMail ===> Message : notifySellers() :: Email sent :: Success :: 250 2.0.0 OK  1756195768 d2e1a72fcca58-771ead8f278sm3761580b3a.14 - gsmtp !
info: ===> TimeStamp : 2025-08-26 13:39:29===> API : /api/billing/sendBillMail ===> Message : sendBillMailResponse() invoked!
info: ===> TimeStamp : 2025-08-26 13:39:29===> API : /api/billing/sendBillMail ===> Message : sendBillMailResponse() completed
info: ===> TimeStamp : 2025-08-26 13:44:01===> API : null ===> Message : validateRequest() invoked
info: ===> TimeStamp : 2025-08-26 13:44:01===> API : null ===> Message : fetchDBSettings()
info: ===> TimeStamp : 2025-08-26 13:44:02===> API : null ===> Message : validateRequest() Invoked!
info: ===> TimeStamp : 2025-08-26 13:44:02===> API : null ===> Message : validRequest() :: Api validated Successfully
info: ===> TimeStamp : 2025-08-26 13:44:02===> API : /api/billing/addBillingDetails ===> Message : getPackageItemDetails() :: DB :: Invoked !
info: ===> TimeStamp : 2025-08-26 13:44:02===> API : /api/billing/addBillingDetails ===> Message : addBillingDetails() invoked!!
info: ===> TimeStamp : 2025-08-26 13:44:02===> API : /api/billing/addBillingDetails ===> Message : newBooking() :: DB :: Invoked !
info: ===> TimeStamp : 2025-08-26 13:44:02===> API : /api/billing/addBillingDetails ===> Message : newBooking() :: DB :: Invoked !
info: ===> TimeStamp : 2025-08-26 13:44:03===> API : /api/billing/addBillingDetails ===> Message : newBooking() :: DB :: Invoked !
info: ===> TimeStamp : 2025-08-26 13:44:03===> API : /api/billing/addBillingDetails ===> Message : newBooking() :: DB :: Invoked !
info: ===> TimeStamp : 2025-08-26 13:44:04===> API : /api/billing/addBillingDetails ===> Message : addBillingDetailsResponse() invoked!
info: ===> TimeStamp : 2025-08-26 13:44:04===> API : /api/billing/addBillingDetails ===> Message : addBillingDetailsResponse() completed
info: ===> TimeStamp : 2025-08-26 13:44:05===> API : null ===> Message : validateRequest() invoked
info: ===> TimeStamp : 2025-08-26 13:44:05===> API : null ===> Message : fetchDBSettings()
info: ===> TimeStamp : 2025-08-26 13:44:05===> API : null ===> Message : validateRequest() Invoked!
info: ===> TimeStamp : 2025-08-26 13:44:05===> API : null ===> Message : validRequest() :: Api validated Successfully
info: ===> TimeStamp : 2025-08-26 13:44:05===> API : /api/billing/updateItemDetailsBill ===> Message : updateItemDetailsBill() invoked!!
info: ===> TimeStamp : 2025-08-26 13:44:05===> API : /api/billing/updateItemDetailsBill ===> Message : updateItemDetailsBill() :: DB :: Invoked !
info: ===> TimeStamp : 2025-08-26 13:44:05===> API : /api/billing/updateItemDetailsBill ===> Message : updateItemDetailsBillResponse() invoked!
info: ===> TimeStamp : 2025-08-26 13:44:05===> API : /api/billing/updateItemDetailsBill ===> Message : updateItemDetailsBillResponse() completed
info: ===> TimeStamp : 2025-08-26 13:44:08===> API : null ===> Message : validateRequest() invoked
info: ===> TimeStamp : 2025-08-26 13:44:08===> API : null ===> Message : fetchDBSettings()
info: ===> TimeStamp : 2025-08-26 13:44:08===> API : null ===> Message : validateRequest() Invoked!
info: ===> TimeStamp : 2025-08-26 13:44:08===> API : null ===> Message : validRequest() :: Api validated Successfully
info: ===> TimeStamp : 2025-08-26 13:44:08===> API : /api/billing/uploadBillFile ===> Message : uploadBillFile() invoked!!
info: ===> TimeStamp : 2025-08-26 13:44:08===> API : /api/billing/uploadBillFile ===> Message : uploadBillFile() :: DB :: Invoked !
info: ===> TimeStamp : 2025-08-26 13:44:08===> API : /api/billing/uploadBillFile ===> Message : uploadBillFileResponse() invoked!
info: ===> TimeStamp : 2025-08-26 13:44:08===> API : /api/billing/uploadBillFile ===> Message : uploadBillFileResponse() completed
info: ===> TimeStamp : 2025-08-26 13:44:14===> API : null ===> Message : validateRequest() invoked
info: ===> TimeStamp : 2025-08-26 13:44:14===> API : null ===> Message : fetchDBSettings()
info: ===> TimeStamp : 2025-08-26 13:44:14===> API : null ===> Message : validateRequest() Invoked!
info: ===> TimeStamp : 2025-08-26 13:44:14===> API : null ===> Message : validRequest() :: Api validated Successfully
info: ===> TimeStamp : 2025-08-26 13:44:14===> API : /api/billing/uploadBillFile ===> Message : uploadBillFile() invoked!!
info: ===> TimeStamp : 2025-08-26 13:44:14===> API : /api/billing/uploadBillFile ===> Message : uploadBillFile() :: DB :: Invoked !
info: ===> TimeStamp : 2025-08-26 13:44:14===> API : /api/billing/uploadBillFile ===> Message : uploadBillFileResponse() invoked!
info: ===> TimeStamp : 2025-08-26 13:44:14===> API : /api/billing/uploadBillFile ===> Message : uploadBillFileResponse() completed
info: ===> TimeStamp : 2025-08-26 13:44:14===> API : null ===> Message : validateRequest() invoked
info: ===> TimeStamp : 2025-08-26 13:44:14===> API : null ===> Message : fetchDBSettings()
info: ===> TimeStamp : 2025-08-26 13:44:14===> API : null ===> Message : validateRequest() Invoked!
info: ===> TimeStamp : 2025-08-26 13:44:15===> API : null ===> Message : validRequest() :: Api validated Successfully
info: ===> TimeStamp : 2025-08-26 13:44:15===> API : /api/billing/sendBillMail ===> Message : sendBillMail() invoked!!
info: ===> TimeStamp : 2025-08-26 13:44:18===> API : /api/billing/sendBillMail ===> Message : notifySellers() :: Email sent :: Success :: 250 2.0.0 OK  1756196058 98e67ed59e1d1-3275038ae0csm707178a91.8 - gsmtp !
info: ===> TimeStamp : 2025-08-26 13:44:18===> API : /api/billing/sendBillMail ===> Message : sendBillMailResponse() invoked!
info: ===> TimeStamp : 2025-08-26 13:44:18===> API : /api/billing/sendBillMail ===> Message : sendBillMailResponse() completed
info: ===> TimeStamp : 2025-08-26 14:00:28===> API : null ===> Message : validateRequest() invoked
info: ===> TimeStamp : 2025-08-26 14:00:28===> API : null ===> Message : fetchDBSettings()
info: ===> TimeStamp : 2025-08-26 14:00:29===> API : null ===> Message : validateRequest() Invoked!
info: ===> TimeStamp : 2025-08-26 14:00:29===> API : null ===> Message : validRequest() :: Api validated Successfully
info: ===> TimeStamp : 2025-08-26 14:00:29===> API : /api/billing/addBillingDetails ===> Message : addBillingDetails() invoked!!
info: ===> TimeStamp : 2025-08-26 14:00:29===> API : /api/billing/addBillingDetails ===> Message : getPackageItemDetails() :: DB :: Invoked !
info: ===> TimeStamp : 2025-08-26 14:00:29===> API : /api/billing/addBillingDetails ===> Message : newBooking() :: DB :: Invoked !
info: ===> TimeStamp : 2025-08-26 14:00:29===> API : /api/billing/addBillingDetails ===> Message : newBooking() :: DB :: Invoked !
info: ===> TimeStamp : 2025-08-26 14:00:30===> API : /api/billing/addBillingDetails ===> Message : newBooking() :: DB :: Invoked !
info: ===> TimeStamp : 2025-08-26 14:00:30===> API : /api/billing/addBillingDetails ===> Message : newBooking() :: DB :: Invoked !
info: ===> TimeStamp : 2025-08-26 14:00:33===> API : /api/billing/addBillingDetails ===> Message : addBillingDetailsResponse() invoked!
info: ===> TimeStamp : 2025-08-26 14:00:33===> API : /api/billing/addBillingDetails ===> Message : addBillingDetailsResponse() completed
info: ===> TimeStamp : 2025-08-26 14:00:33===> API : null ===> Message : validateRequest() invoked
info: ===> TimeStamp : 2025-08-26 14:00:33===> API : null ===> Message : fetchDBSettings()
info: ===> TimeStamp : 2025-08-26 14:00:33===> API : null ===> Message : validateRequest() Invoked!
info: ===> TimeStamp : 2025-08-26 14:00:33===> API : null ===> Message : validRequest() :: Api validated Successfully
info: ===> TimeStamp : 2025-08-26 14:00:33===> API : /api/billing/updateItemDetailsBill ===> Message : updateItemDetailsBill() invoked!!
info: ===> TimeStamp : 2025-08-26 14:00:33===> API : /api/billing/updateItemDetailsBill ===> Message : updateItemDetailsBill() :: DB :: Invoked !
info: ===> TimeStamp : 2025-08-26 14:00:33===> API : /api/billing/updateItemDetailsBill ===> Message : updateItemDetailsBillResponse() invoked!
info: ===> TimeStamp : 2025-08-26 14:00:33===> API : /api/billing/updateItemDetailsBill ===> Message : updateItemDetailsBillResponse() completed
info: ===> TimeStamp : 2025-08-26 14:00:35===> API : null ===> Message : validateRequest() invoked
info: ===> TimeStamp : 2025-08-26 14:00:35===> API : null ===> Message : fetchDBSettings()
info: ===> TimeStamp : 2025-08-26 14:00:35===> API : null ===> Message : validateRequest() Invoked!
info: ===> TimeStamp : 2025-08-26 14:00:35===> API : null ===> Message : validRequest() :: Api validated Successfully
info: ===> TimeStamp : 2025-08-26 14:00:35===> API : /api/billing/uploadBillFile ===> Message : uploadBillFile() invoked!!
info: ===> TimeStamp : 2025-08-26 14:00:35===> API : /api/billing/uploadBillFile ===> Message : uploadBillFile() :: DB :: Invoked !
info: ===> TimeStamp : 2025-08-26 14:00:35===> API : /api/billing/uploadBillFile ===> Message : uploadBillFileResponse() invoked!
info: ===> TimeStamp : 2025-08-26 14:00:35===> API : /api/billing/uploadBillFile ===> Message : uploadBillFileResponse() completed
info: ===> TimeStamp : 2025-08-26 14:00:40===> API : null ===> Message : validateRequest() invoked
info: ===> TimeStamp : 2025-08-26 14:00:40===> API : null ===> Message : fetchDBSettings()
info: ===> TimeStamp : 2025-08-26 14:00:40===> API : null ===> Message : validateRequest() Invoked!
info: ===> TimeStamp : 2025-08-26 14:00:40===> API : null ===> Message : validRequest() :: Api validated Successfully
info: ===> TimeStamp : 2025-08-26 14:00:40===> API : /api/billing/uploadBillFile ===> Message : uploadBillFile() invoked!!
info: ===> TimeStamp : 2025-08-26 14:00:40===> API : /api/billing/uploadBillFile ===> Message : uploadBillFile() :: DB :: Invoked !
info: ===> TimeStamp : 2025-08-26 14:00:40===> API : /api/billing/uploadBillFile ===> Message : uploadBillFileResponse() invoked!
info: ===> TimeStamp : 2025-08-26 14:00:40===> API : /api/billing/uploadBillFile ===> Message : uploadBillFileResponse() completed
info: ===> TimeStamp : 2025-08-26 14:00:40===> API : null ===> Message : validateRequest() invoked
info: ===> TimeStamp : 2025-08-26 14:00:40===> API : null ===> Message : fetchDBSettings()
info: ===> TimeStamp : 2025-08-26 14:00:40===> API : null ===> Message : validateRequest() Invoked!
info: ===> TimeStamp : 2025-08-26 14:00:40===> API : null ===> Message : validRequest() :: Api validated Successfully
info: ===> TimeStamp : 2025-08-26 14:00:40===> API : /api/billing/sendBillMail ===> Message : sendBillMail() invoked!!
info: ===> TimeStamp : 2025-08-26 14:00:43===> API : /api/billing/sendBillMail ===> Message : notifySellers() :: Email sent :: Success :: 250 2.0.0 OK  1756197043 d9443c01a7336-246688804dcsm88442495ad.127 - gsmtp !
info: ===> TimeStamp : 2025-08-26 14:00:43===> API : /api/billing/sendBillMail ===> Message : sendBillMailResponse() invoked!
info: ===> TimeStamp : 2025-08-26 14:00:43===> API : /api/billing/sendBillMail ===> Message : sendBillMailResponse() completed
info: ===> TimeStamp : 2025-08-26 14:00:46===> API : null ===> Message : validateRequest() invoked
info: ===> TimeStamp : 2025-08-26 14:00:46===> API : null ===> Message : fetchDBSettings()
info: ===> TimeStamp : 2025-08-26 14:00:46===> API : null ===> Message : validateRequest() Invoked!
info: ===> TimeStamp : 2025-08-26 14:00:46===> API : null ===> Message : validRequest() :: Api validated Successfully
info: ===> TimeStamp : 2025-08-26 14:00:46===> API : /api/billing/uploadBillFile ===> Message : uploadBillFile() invoked!!
info: ===> TimeStamp : 2025-08-26 14:00:46===> API : /api/billing/uploadBillFile ===> Message : uploadBillFile() :: DB :: Invoked !
info: ===> TimeStamp : 2025-08-26 14:00:46===> API : /api/billing/uploadBillFile ===> Message : uploadBillFileResponse() invoked!
info: ===> TimeStamp : 2025-08-26 14:00:46===> API : /api/billing/uploadBillFile ===> Message : uploadBillFileResponse() completed
info: ===> TimeStamp : 2025-08-26 14:00:46===> API : null ===> Message : validateRequest() invoked
info: ===> TimeStamp : 2025-08-26 14:00:46===> API : null ===> Message : fetchDBSettings()
info: ===> TimeStamp : 2025-08-26 14:00:46===> API : null ===> Message : validateRequest() Invoked!
info: ===> TimeStamp : 2025-08-26 14:00:46===> API : null ===> Message : validRequest() :: Api validated Successfully
info: ===> TimeStamp : 2025-08-26 14:00:46===> API : /api/billing/sendBillMail ===> Message : sendBillMail() invoked!!
info: ===> TimeStamp : 2025-08-26 14:00:50===> API : /api/billing/sendBillMail ===> Message : notifySellers() :: Email sent :: Success :: 250 2.0.0 OK  1756197050 d9443c01a7336-2466889de07sm88985465ad.149 - gsmtp !
info: ===> TimeStamp : 2025-08-26 14:00:50===> API : /api/billing/sendBillMail ===> Message : sendBillMailResponse() invoked!
info: ===> TimeStamp : 2025-08-26 14:00:50===> API : /api/billing/sendBillMail ===> Message : sendBillMailResponse() completed
info: ===> TimeStamp : 2025-08-26 14:10:05===> API : null ===> Message : validateRequest() invoked
info: ===> TimeStamp : 2025-08-26 14:10:05===> API : null ===> Message : fetchDBSettings()
info: ===> TimeStamp : 2025-08-26 14:10:05===> API : null ===> Message : validateRequest() invoked
info: ===> TimeStamp : 2025-08-26 14:10:05===> API : null ===> Message : fetchDBSettings()
info: ===> TimeStamp : 2025-08-26 14:10:05===> API : null ===> Message : validateRequest() invoked
info: ===> TimeStamp : 2025-08-26 14:10:05===> API : null ===> Message : fetchDBSettings()
info: ===> TimeStamp : 2025-08-26 14:10:05===> API : null ===> Message : validateRequest() invoked
info: ===> TimeStamp : 2025-08-26 14:10:05===> API : null ===> Message : fetchDBSettings()
info: ===> TimeStamp : 2025-08-26 14:10:05===> API : null ===> Message : validateRequest() Invoked!
info: ===> TimeStamp : 2025-08-26 14:10:05===> API : null ===> Message : validateRequest() Invoked!
info: ===> TimeStamp : 2025-08-26 14:10:05===> API : null ===> Message : validateRequest() Invoked!
info: ===> TimeStamp : 2025-08-26 14:10:05===> API : null ===> Message : validateRequest() Invoked!
info: ===> TimeStamp : 2025-08-26 14:10:05===> API : null ===> Message : validRequest() :: Api validated Successfully
info: ===> TimeStamp : 2025-08-26 14:10:05===> API : /api/billing/fetchVoidBill ===> Message : fetchVoidBill() invoked!!
info: ===> TimeStamp : 2025-08-26 14:10:05===> API : /api/billing/fetchVoidBill ===> Message : fetchVoidBill() :: DB :: Invoked !
info: ===> TimeStamp : 2025-08-26 14:10:05===> API : null ===> Message : validRequest() :: Api validated Successfully
info: ===> TimeStamp : 2025-08-26 14:10:05===> API : /api/billing/getBillingDetails?billId=0&userId=0&billingDate=2025-08-26&shiftId=0&isBookingWebsite=0&futureDate=&fromDate=&toDate= ===> Message : getBillingDetails() invoked!!
info: ===> TimeStamp : 2025-08-26 14:10:05===> API : /api/billing/getBillingDetails?billId=0&userId=0&billingDate=2025-08-26&shiftId=0&isBookingWebsite=0&futureDate=&fromDate=&toDate= ===> Message : getBilliDetailsByBillDate() :: DB :: Invoked !
info: ===> TimeStamp : 2025-08-26 14:10:05===> API : null ===> Message : validRequest() :: Api validated Successfully
info: ===> TimeStamp : 2025-08-26 14:10:05===> API : /api/billing/noShowGuestList ===> Message : noShowGuestList() invoked!!
info: ===> TimeStamp : 2025-08-26 14:10:05===> API : /api/billing/noShowGuestList ===> Message : noShowGuestList() :: DB :: Invoked !
info: ===> TimeStamp : 2025-08-26 14:10:05===> API : null ===> Message : validRequest() :: Api validated Successfully
info: ===> TimeStamp : 2025-08-26 14:10:05===> API : /api/billing/getBillingDetails?billId=0&userId=0&billingDate=2025-08-26&shiftId=0&isBookingWebsite=0&futureDate=2025-08-26&fromDate=&toDate= ===> Message : getBillingDetails() invoked!!
info: ===> TimeStamp : 2025-08-26 14:10:05===> API : /api/billing/getBillingDetails?billId=0&userId=0&billingDate=2025-08-26&shiftId=0&isBookingWebsite=0&futureDate=&fromDate=&toDate= ===> Message : getBillingDetailsResponse() invoked!
info: ===> TimeStamp : 2025-08-26 14:10:05===> API : /api/billing/getBillingDetails?billId=0&userId=0&billingDate=2025-08-26&shiftId=0&isBookingWebsite=0&futureDate=&fromDate=&toDate= ===> Message : getBillingDetailsResponse() completed
info: ===> TimeStamp : 2025-08-26 14:10:05===> API : null ===> Message : validateRequest() invoked
info: ===> TimeStamp : 2025-08-26 14:10:05===> API : null ===> Message : fetchDBSettings()
info: ===> TimeStamp : 2025-08-26 14:10:05===> API : null ===> Message : validateRequest() Invoked!
info: ===> TimeStamp : 2025-08-26 14:10:05===> API : null ===> Message : validRequest() :: Api validated Successfully
info: ===> TimeStamp : 2025-08-26 14:10:05===> API : /api/billing/getBillingDetails?billId=0&userId=0&billingDate=2025-08-26&shiftId=0&isBookingWebsite=0&futureDate=&fromDate=&toDate= ===> Message : getBillingDetails() invoked!!
info: ===> TimeStamp : 2025-08-26 14:10:05===> API : /api/billing/getBillingDetails?billId=0&userId=0&billingDate=2025-08-26&shiftId=0&isBookingWebsite=0&futureDate=&fromDate=&toDate= ===> Message : getBilliDetailsByBillDate() :: DB :: Invoked !
info: ===> TimeStamp : 2025-08-26 14:10:06===> API : /api/billing/getBillingDetails?billId=0&userId=0&billingDate=2025-08-26&shiftId=0&isBookingWebsite=0&futureDate=&fromDate=&toDate= ===> Message : getBillingDetailsResponse() invoked!
info: ===> TimeStamp : 2025-08-26 14:10:06===> API : /api/billing/getBillingDetails?billId=0&userId=0&billingDate=2025-08-26&shiftId=0&isBookingWebsite=0&futureDate=&fromDate=&toDate= ===> Message : getBillingDetailsResponse() completed
info: ===> TimeStamp : 2025-08-26 14:10:07===> API : /api/billing/fetchVoidBill ===> Message : fetchVoidBillResponse() invoked!
info: ===> TimeStamp : 2025-08-26 14:10:07===> API : /api/billing/fetchVoidBill ===> Message : fetchVoidBillResponse() completed
info: ===> TimeStamp : 2025-08-26 14:10:07===> API : /api/billing/noShowGuestList ===> Message : noShowGuestListResponse() invoked!
info: ===> TimeStamp : 2025-08-26 14:10:07===> API : /api/billing/noShowGuestList ===> Message : noShowGuestListResponse() completed
info: ===> TimeStamp : 2025-08-26 14:10:07===> API : null ===> Message : validateRequest() invoked
info: ===> TimeStamp : 2025-08-26 14:10:07===> API : null ===> Message : fetchDBSettings()
info: ===> TimeStamp : 2025-08-26 14:10:07===> API : null ===> Message : validateRequest() Invoked!
info: ===> TimeStamp : 2025-08-26 14:10:07===> API : null ===> Message : validRequest() :: Api validated Successfully
info: ===> TimeStamp : 2025-08-26 14:10:07===> API : /api/billing/noShowGuestList ===> Message : noShowGuestList() :: DB :: Invoked !
info: ===> TimeStamp : 2025-08-26 14:10:07===> API : /api/billing/noShowGuestList ===> Message : noShowGuestList() invoked!!
info: ===> TimeStamp : 2025-08-26 14:10:08===> API : /api/billing/noShowGuestList ===> Message : noShowGuestListResponse() invoked!
info: ===> TimeStamp : 2025-08-26 14:10:08===> API : /api/billing/noShowGuestList ===> Message : noShowGuestListResponse() completed
info: ===> TimeStamp : 2025-08-26 14:24:12===> API : null ===> Message : validateRequest() invoked
info: ===> TimeStamp : 2025-08-26 14:24:12===> API : null ===> Message : validateRequest() Error:: Invalid Request :: 
      {"apiUri":"/"}
info: ===> TimeStamp : 2025-08-26 14:41:17===> API : null ===> Message : validateRequest() invoked
info: ===> TimeStamp : 2025-08-26 14:41:17===> API : null ===> Message : fetchDBSettings()
info: ===> TimeStamp : 2025-08-26 14:41:17===> API : null ===> Message : validateRequest() Invoked!
info: ===> TimeStamp : 2025-08-26 14:41:17===> API : null ===> Message : validRequest() :: Api validated Successfully
info: ===> TimeStamp : 2025-08-26 14:41:17===> API : /api/billing/addBillingDetails ===> Message : addBillingDetails() invoked!!
info: ===> TimeStamp : 2025-08-26 14:41:17===> API : /api/billing/addBillingDetails ===> Message : getPackageItemDetails() :: DB :: Invoked !
info: ===> TimeStamp : 2025-08-26 14:41:17===> API : /api/billing/addBillingDetails ===> Message : newBooking() :: DB :: Invoked !
info: ===> TimeStamp : 2025-08-26 14:41:17===> API : /api/billing/addBillingDetails ===> Message : newBooking() :: DB :: Invoked !
info: ===> TimeStamp : 2025-08-26 14:41:19===> API : /api/billing/addBillingDetails ===> Message : newBooking() :: DB :: Invoked !
info: ===> TimeStamp : 2025-08-26 14:41:19===> API : /api/billing/addBillingDetails ===> Message : newBooking() :: DB :: Invoked !
info: ===> TimeStamp : 2025-08-26 14:41:20===> API : /api/billing/addBillingDetails ===> Message : addBillingDetailsResponse() invoked!
info: ===> TimeStamp : 2025-08-26 14:41:20===> API : /api/billing/addBillingDetails ===> Message : addBillingDetailsResponse() completed
info: ===> TimeStamp : 2025-08-26 14:41:20===> API : null ===> Message : validateRequest() invoked
info: ===> TimeStamp : 2025-08-26 14:41:20===> API : null ===> Message : fetchDBSettings()
info: ===> TimeStamp : 2025-08-26 14:41:20===> API : null ===> Message : validateRequest() Invoked!
info: ===> TimeStamp : 2025-08-26 14:41:20===> API : null ===> Message : validRequest() :: Api validated Successfully
info: ===> TimeStamp : 2025-08-26 14:41:20===> API : /api/billing/updateItemDetailsBill ===> Message : updateItemDetailsBill() :: DB :: Invoked !
info: ===> TimeStamp : 2025-08-26 14:41:20===> API : /api/billing/updateItemDetailsBill ===> Message : updateItemDetailsBill() invoked!!
info: ===> TimeStamp : 2025-08-26 14:41:20===> API : /api/billing/updateItemDetailsBill ===> Message : updateItemDetailsBillResponse() invoked!
info: ===> TimeStamp : 2025-08-26 14:41:20===> API : /api/billing/updateItemDetailsBill ===> Message : updateItemDetailsBillResponse() completed
info: ===> TimeStamp : 2025-08-26 14:41:24===> API : null ===> Message : validateRequest() invoked
info: ===> TimeStamp : 2025-08-26 14:41:24===> API : null ===> Message : fetchDBSettings()
info: ===> TimeStamp : 2025-08-26 14:41:24===> API : null ===> Message : validateRequest() Invoked!
info: ===> TimeStamp : 2025-08-26 14:41:24===> API : null ===> Message : validRequest() :: Api validated Successfully
info: ===> TimeStamp : 2025-08-26 14:41:24===> API : /api/billing/uploadBillFile ===> Message : uploadBillFile() invoked!!
info: ===> TimeStamp : 2025-08-26 14:41:24===> API : /api/billing/uploadBillFile ===> Message : uploadBillFile() :: DB :: Invoked !
info: ===> TimeStamp : 2025-08-26 14:41:24===> API : /api/billing/uploadBillFile ===> Message : uploadBillFileResponse() invoked!
info: ===> TimeStamp : 2025-08-26 14:41:24===> API : /api/billing/uploadBillFile ===> Message : uploadBillFileResponse() completed
info: ===> TimeStamp : 2025-08-26 14:41:52===> API : null ===> Message : validateRequest() invoked
info: ===> TimeStamp : 2025-08-26 14:41:52===> API : null ===> Message : fetchDBSettings()
info: ===> TimeStamp : 2025-08-26 14:41:52===> API : null ===> Message : validateRequest() Invoked!
info: ===> TimeStamp : 2025-08-26 14:41:52===> API : null ===> Message : validRequest() :: Api validated Successfully
info: ===> TimeStamp : 2025-08-26 14:41:52===> API : /api/billing/uploadBillFile ===> Message : uploadBillFile() invoked!!
info: ===> TimeStamp : 2025-08-26 14:41:52===> API : /api/billing/uploadBillFile ===> Message : uploadBillFile() :: DB :: Invoked !
info: ===> TimeStamp : 2025-08-26 14:41:53===> API : /api/billing/uploadBillFile ===> Message : uploadBillFileResponse() invoked!
info: ===> TimeStamp : 2025-08-26 14:41:53===> API : /api/billing/uploadBillFile ===> Message : uploadBillFileResponse() completed
info: ===> TimeStamp : 2025-08-26 14:41:53===> API : null ===> Message : fetchDBSettings()
info: ===> TimeStamp : 2025-08-26 14:41:53===> API : null ===> Message : validateRequest() invoked
info: ===> TimeStamp : 2025-08-26 14:41:53===> API : null ===> Message : validateRequest() Invoked!
info: ===> TimeStamp : 2025-08-26 14:41:53===> API : null ===> Message : validRequest() :: Api validated Successfully
info: ===> TimeStamp : 2025-08-26 14:41:53===> API : /api/billing/sendBillMail ===> Message : sendBillMail() invoked!!
info: ===> TimeStamp : 2025-08-26 14:41:56===> API : /api/billing/sendBillMail ===> Message : notifySellers() :: Email sent :: Success :: 250 2.0.0 OK  1756199516 d9443c01a7336-246687a59b1sm90798865ad.42 - gsmtp !
info: ===> TimeStamp : 2025-08-26 14:41:56===> API : /api/billing/sendBillMail ===> Message : sendBillMailResponse() invoked!
info: ===> TimeStamp : 2025-08-26 14:41:56===> API : /api/billing/sendBillMail ===> Message : sendBillMailResponse() completed
info: ===> TimeStamp : 2025-08-26 14:49:27===> API : null ===> Message : validateRequest() invoked
info: ===> TimeStamp : 2025-08-26 14:49:27===> API : null ===> Message : fetchDBSettings()
info: ===> TimeStamp : 2025-08-26 14:49:27===> API : null ===> Message : validateRequest() Invoked!
info: ===> TimeStamp : 2025-08-26 14:49:27===> API : null ===> Message : validRequest() :: Api validated Successfully
info: ===> TimeStamp : 2025-08-26 14:49:27===> API : /api/billing/addBillingDetails ===> Message : addBillingDetails() invoked!!
info: ===> TimeStamp : 2025-08-26 14:49:27===> API : /api/billing/addBillingDetails ===> Message : getPackageItemDetails() :: DB :: Invoked !
info: ===> TimeStamp : 2025-08-26 14:49:27===> API : /api/billing/addBillingDetails ===> Message : newBooking() :: DB :: Invoked !
info: ===> TimeStamp : 2025-08-26 14:49:27===> API : /api/billing/addBillingDetails ===> Message : newBooking() :: DB :: Invoked !
info: ===> TimeStamp : 2025-08-26 14:49:28===> API : /api/billing/addBillingDetails ===> Message : newBooking() :: DB :: Invoked !
info: ===> TimeStamp : 2025-08-26 14:49:28===> API : /api/billing/addBillingDetails ===> Message : newBooking() :: DB :: Invoked !
info: ===> TimeStamp : 2025-08-26 14:49:30===> API : /api/billing/addBillingDetails ===> Message : addBillingDetailsResponse() invoked!
info: ===> TimeStamp : 2025-08-26 14:49:30===> API : /api/billing/addBillingDetails ===> Message : addBillingDetailsResponse() completed
info: ===> TimeStamp : 2025-08-26 14:49:30===> API : null ===> Message : validateRequest() invoked
info: ===> TimeStamp : 2025-08-26 14:49:30===> API : null ===> Message : fetchDBSettings()
info: ===> TimeStamp : 2025-08-26 14:49:30===> API : null ===> Message : validateRequest() Invoked!
info: ===> TimeStamp : 2025-08-26 14:49:30===> API : null ===> Message : validRequest() :: Api validated Successfully
info: ===> TimeStamp : 2025-08-26 14:49:30===> API : /api/billing/updateItemDetailsBill ===> Message : updateItemDetailsBill() invoked!!
info: ===> TimeStamp : 2025-08-26 14:49:30===> API : /api/billing/updateItemDetailsBill ===> Message : updateItemDetailsBill() :: DB :: Invoked !
info: ===> TimeStamp : 2025-08-26 14:49:30===> API : /api/billing/updateItemDetailsBill ===> Message : updateItemDetailsBillResponse() invoked!
info: ===> TimeStamp : 2025-08-26 14:49:30===> API : /api/billing/updateItemDetailsBill ===> Message : updateItemDetailsBillResponse() completed
info: ===> TimeStamp : 2025-08-26 14:49:33===> API : null ===> Message : validateRequest() invoked
info: ===> TimeStamp : 2025-08-26 14:49:33===> API : null ===> Message : fetchDBSettings()
info: ===> TimeStamp : 2025-08-26 14:49:33===> API : null ===> Message : validateRequest() Invoked!
info: ===> TimeStamp : 2025-08-26 14:49:33===> API : null ===> Message : validRequest() :: Api validated Successfully
info: ===> TimeStamp : 2025-08-26 14:49:33===> API : /api/billing/uploadBillFile ===> Message : uploadBillFile() invoked!!
info: ===> TimeStamp : 2025-08-26 14:49:33===> API : /api/billing/uploadBillFile ===> Message : uploadBillFile() :: DB :: Invoked !
info: ===> TimeStamp : 2025-08-26 14:49:33===> API : /api/billing/uploadBillFile ===> Message : uploadBillFileResponse() invoked!
info: ===> TimeStamp : 2025-08-26 14:49:33===> API : /api/billing/uploadBillFile ===> Message : uploadBillFileResponse() completed
info: ===> TimeStamp : 2025-08-26 14:49:43===> API : null ===> Message : validateRequest() invoked
info: ===> TimeStamp : 2025-08-26 14:49:43===> API : null ===> Message : fetchDBSettings()
info: ===> TimeStamp : 2025-08-26 14:49:43===> API : null ===> Message : validateRequest() Invoked!
info: ===> TimeStamp : 2025-08-26 14:49:43===> API : null ===> Message : validRequest() :: Api validated Successfully
info: ===> TimeStamp : 2025-08-26 14:49:43===> API : /api/billing/uploadBillFile ===> Message : uploadBillFile() invoked!!
info: ===> TimeStamp : 2025-08-26 14:49:44===> API : /api/billing/uploadBillFile ===> Message : uploadBillFile() :: DB :: Invoked !
info: ===> TimeStamp : 2025-08-26 14:49:44===> API : /api/billing/uploadBillFile ===> Message : uploadBillFileResponse() invoked!
info: ===> TimeStamp : 2025-08-26 14:49:44===> API : /api/billing/uploadBillFile ===> Message : uploadBillFileResponse() completed
info: ===> TimeStamp : 2025-08-26 14:49:44===> API : null ===> Message : validateRequest() invoked
info: ===> TimeStamp : 2025-08-26 14:49:44===> API : null ===> Message : fetchDBSettings()
info: ===> TimeStamp : 2025-08-26 14:49:44===> API : null ===> Message : validateRequest() Invoked!
info: ===> TimeStamp : 2025-08-26 14:49:44===> API : null ===> Message : validRequest() :: Api validated Successfully
info: ===> TimeStamp : 2025-08-26 14:49:44===> API : /api/billing/sendBillMail ===> Message : sendBillMail() invoked!!
info: ===> TimeStamp : 2025-08-26 14:49:48===> API : /api/billing/sendBillMail ===> Message : notifySellers() :: Email sent :: Success :: 250 2.0.0 OK  1756199988 d2e1a72fcca58-770529149bdsm7401993b3a.98 - gsmtp !
info: ===> TimeStamp : 2025-08-26 14:49:48===> API : /api/billing/sendBillMail ===> Message : sendBillMailResponse() invoked!
info: ===> TimeStamp : 2025-08-26 14:49:48===> API : /api/billing/sendBillMail ===> Message : sendBillMailResponse() completed
info: ===> TimeStamp : 2025-08-26 14:50:34===> API : null ===> Message : validateRequest() invoked
info: ===> TimeStamp : 2025-08-26 14:50:34===> API : null ===> Message : fetchDBSettings()
info: ===> TimeStamp : 2025-08-26 14:50:34===> API : null ===> Message : validateRequest() invoked
info: ===> TimeStamp : 2025-08-26 14:50:34===> API : null ===> Message : fetchDBSettings()
info: ===> TimeStamp : 2025-08-26 14:50:34===> API : null ===> Message : validateRequest() invoked
info: ===> TimeStamp : 2025-08-26 14:50:34===> API : null ===> Message : fetchDBSettings()
info: ===> TimeStamp : 2025-08-26 14:50:34===> API : null ===> Message : validateRequest() Invoked!
info: ===> TimeStamp : 2025-08-26 14:50:34===> API : null ===> Message : validateRequest() invoked
info: ===> TimeStamp : 2025-08-26 14:50:34===> API : null ===> Message : fetchDBSettings()
info: ===> TimeStamp : 2025-08-26 14:50:34===> API : null ===> Message : validateRequest() Invoked!
info: ===> TimeStamp : 2025-08-26 14:50:34===> API : null ===> Message : validateRequest() Invoked!
info: ===> TimeStamp : 2025-08-26 14:50:34===> API : null ===> Message : validateRequest() Invoked!
info: ===> TimeStamp : 2025-08-26 14:50:34===> API : null ===> Message : validRequest() :: Api validated Successfully
info: ===> TimeStamp : 2025-08-26 14:50:34===> API : /api/billing/getBillingDetails?billId=0&userId=0&billingDate=2025-08-26&shiftId=0&isBookingWebsite=0&futureDate=&fromDate=&toDate= ===> Message : getBillingDetails() invoked!!
info: ===> TimeStamp : 2025-08-26 14:50:34===> API : /api/billing/getBillingDetails?billId=0&userId=0&billingDate=2025-08-26&shiftId=0&isBookingWebsite=0&futureDate=&fromDate=&toDate= ===> Message : getBilliDetailsByBillDate() :: DB :: Invoked !
info: ===> TimeStamp : 2025-08-26 14:50:34===> API : null ===> Message : validRequest() :: Api validated Successfully
info: ===> TimeStamp : 2025-08-26 14:50:34===> API : /api/billing/fetchVoidBill ===> Message : fetchVoidBill() :: DB :: Invoked !
info: ===> TimeStamp : 2025-08-26 14:50:34===> API : /api/billing/fetchVoidBill ===> Message : fetchVoidBill() invoked!!
info: ===> TimeStamp : 2025-08-26 14:50:34===> API : /api/billing/getBillingDetails?billId=0&userId=0&billingDate=2025-08-26&shiftId=0&isBookingWebsite=0&futureDate=&fromDate=&toDate= ===> Message : getBillingDetailsResponse() invoked!
info: ===> TimeStamp : 2025-08-26 14:50:34===> API : /api/billing/getBillingDetails?billId=0&userId=0&billingDate=2025-08-26&shiftId=0&isBookingWebsite=0&futureDate=&fromDate=&toDate= ===> Message : getBillingDetailsResponse() completed
info: ===> TimeStamp : 2025-08-26 14:50:34===> API : null ===> Message : validRequest() :: Api validated Successfully
info: ===> TimeStamp : 2025-08-26 14:50:34===> API : /api/billing/noShowGuestList ===> Message : noShowGuestList() invoked!!
info: ===> TimeStamp : 2025-08-26 14:50:34===> API : /api/billing/noShowGuestList ===> Message : noShowGuestList() :: DB :: Invoked !
info: ===> TimeStamp : 2025-08-26 14:50:34===> API : null ===> Message : validRequest() :: Api validated Successfully
info: ===> TimeStamp : 2025-08-26 14:50:34===> API : /api/billing/getBillingDetails?billId=0&userId=0&billingDate=2025-08-26&shiftId=0&isBookingWebsite=0&futureDate=2025-08-26&fromDate=&toDate= ===> Message : getBillingDetails() invoked!!
info: ===> TimeStamp : 2025-08-26 14:50:35===> API : null ===> Message : validateRequest() invoked
info: ===> TimeStamp : 2025-08-26 14:50:35===> API : null ===> Message : fetchDBSettings()
info: ===> TimeStamp : 2025-08-26 14:50:35===> API : null ===> Message : validateRequest() Invoked!
info: ===> TimeStamp : 2025-08-26 14:50:35===> API : null ===> Message : validRequest() :: Api validated Successfully
info: ===> TimeStamp : 2025-08-26 14:50:35===> API : /api/billing/getBillingDetails?billId=0&userId=0&billingDate=2025-08-26&shiftId=0&isBookingWebsite=0&futureDate=&fromDate=&toDate= ===> Message : getBillingDetails() invoked!!
info: ===> TimeStamp : 2025-08-26 14:50:35===> API : /api/billing/getBillingDetails?billId=0&userId=0&billingDate=2025-08-26&shiftId=0&isBookingWebsite=0&futureDate=&fromDate=&toDate= ===> Message : getBilliDetailsByBillDate() :: DB :: Invoked !
info: ===> TimeStamp : 2025-08-26 14:50:35===> API : /api/billing/getBillingDetails?billId=0&userId=0&billingDate=2025-08-26&shiftId=0&isBookingWebsite=0&futureDate=&fromDate=&toDate= ===> Message : getBillingDetailsResponse() invoked!
info: ===> TimeStamp : 2025-08-26 14:50:35===> API : /api/billing/getBillingDetails?billId=0&userId=0&billingDate=2025-08-26&shiftId=0&isBookingWebsite=0&futureDate=&fromDate=&toDate= ===> Message : getBillingDetailsResponse() completed
info: ===> TimeStamp : 2025-08-26 14:50:36===> API : /api/billing/fetchVoidBill ===> Message : fetchVoidBillResponse() invoked!
info: ===> TimeStamp : 2025-08-26 14:50:36===> API : /api/billing/fetchVoidBill ===> Message : fetchVoidBillResponse() completed
info: ===> TimeStamp : 2025-08-26 14:50:36===> API : /api/billing/noShowGuestList ===> Message : noShowGuestListResponse() invoked!
info: ===> TimeStamp : 2025-08-26 14:50:36===> API : /api/billing/noShowGuestList ===> Message : noShowGuestListResponse() completed
info: ===> TimeStamp : 2025-08-26 14:50:36===> API : null ===> Message : validateRequest() invoked
info: ===> TimeStamp : 2025-08-26 14:50:36===> API : null ===> Message : fetchDBSettings()
info: ===> TimeStamp : 2025-08-26 14:50:36===> API : null ===> Message : validateRequest() Invoked!
info: ===> TimeStamp : 2025-08-26 14:50:36===> API : null ===> Message : validateRequest() invoked
info: ===> TimeStamp : 2025-08-26 14:50:36===> API : null ===> Message : fetchDBSettings()
info: ===> TimeStamp : 2025-08-26 14:50:36===> API : null ===> Message : validateRequest() Invoked!
info: ===> TimeStamp : 2025-08-26 14:50:36===> API : null ===> Message : validRequest() :: Api validated Successfully
info: ===> TimeStamp : 2025-08-26 14:50:36===> API : /api/billing/noShowGuestList ===> Message : noShowGuestList() invoked!!
info: ===> TimeStamp : 2025-08-26 14:50:36===> API : /api/billing/noShowGuestList ===> Message : noShowGuestList() :: DB :: Invoked !
info: ===> TimeStamp : 2025-08-26 14:50:36===> API : null ===> Message : validRequest() :: Api validated Successfully
info: ===> TimeStamp : 2025-08-26 14:50:36===> API : /api/billing/getBillingDetails?billId=0&userId=0&billingDate=2025-08-26&shiftId=0&isBookingWebsite=0&futureDate=&fromDate=&toDate= ===> Message : getBillingDetails() invoked!!
info: ===> TimeStamp : 2025-08-26 14:50:36===> API : /api/billing/getBillingDetails?billId=0&userId=0&billingDate=2025-08-26&shiftId=0&isBookingWebsite=0&futureDate=&fromDate=&toDate= ===> Message : getBilliDetailsByBillDate() :: DB :: Invoked !
info: ===> TimeStamp : 2025-08-26 14:50:36===> API : /api/billing/getBillingDetails?billId=0&userId=0&billingDate=2025-08-26&shiftId=0&isBookingWebsite=0&futureDate=&fromDate=&toDate= ===> Message : getBillingDetailsResponse() invoked!
info: ===> TimeStamp : 2025-08-26 14:50:36===> API : /api/billing/getBillingDetails?billId=0&userId=0&billingDate=2025-08-26&shiftId=0&isBookingWebsite=0&futureDate=&fromDate=&toDate= ===> Message : getBillingDetailsResponse() completed
info: ===> TimeStamp : 2025-08-26 14:50:36===> API : /api/billing/noShowGuestList ===> Message : noShowGuestListResponse() invoked!
info: ===> TimeStamp : 2025-08-26 14:50:36===> API : /api/billing/noShowGuestList ===> Message : noShowGuestListResponse() completed
info: ===> TimeStamp : 2025-08-26 14:50:37===> API : null ===> Message : validateRequest() invoked
info: ===> TimeStamp : 2025-08-26 14:50:37===> API : null ===> Message : fetchDBSettings()
info: ===> TimeStamp : 2025-08-26 14:50:37===> API : null ===> Message : validateRequest() Invoked!
info: ===> TimeStamp : 2025-08-26 14:50:37===> API : null ===> Message : validRequest() :: Api validated Successfully
info: ===> TimeStamp : 2025-08-26 14:50:37===> API : /api/billing/getBillingDetails?billId=0&userId=0&billingDate=2025-08-26&shiftId=1&isBookingWebsite=0&futureDate=&fromDate=&toDate= ===> Message : getBillingDetails() invoked!!
info: ===> TimeStamp : 2025-08-26 14:50:37===> API : /api/billing/getBillingDetails?billId=0&userId=0&billingDate=2025-08-26&shiftId=1&isBookingWebsite=0&futureDate=&fromDate=&toDate= ===> Message : getBilliDetailsByShift() :: DB :: Invoked !
info: ===> TimeStamp : 2025-08-26 14:50:37===> API : /api/billing/getBillingDetails?billId=0&userId=0&billingDate=2025-08-26&shiftId=1&isBookingWebsite=0&futureDate=&fromDate=&toDate= ===> Message : getBillingDetailsResponse() invoked!
info: ===> TimeStamp : 2025-08-26 14:50:37===> API : /api/billing/getBillingDetails?billId=0&userId=0&billingDate=2025-08-26&shiftId=1&isBookingWebsite=0&futureDate=&fromDate=&toDate= ===> Message : getBillingDetailsResponse() completed
info: ===> TimeStamp : 2025-08-26 14:50:37===> API : null ===> Message : validateRequest() invoked
info: ===> TimeStamp : 2025-08-26 14:50:37===> API : null ===> Message : fetchDBSettings()
info: ===> TimeStamp : 2025-08-26 14:50:37===> API : null ===> Message : validateRequest() Invoked!
info: ===> TimeStamp : 2025-08-26 14:50:37===> API : null ===> Message : validRequest() :: Api validated Successfully
info: ===> TimeStamp : 2025-08-26 14:50:37===> API : /api/billing/generateCSVReport ===> Message : generateReports() invoked!!
info: ===> TimeStamp : 2025-08-26 14:50:37===> API : /api/billing/generateCSVReport ===> Message : generateReportsByShift() :: DB :: Invoked !
info: ===> TimeStamp : 2025-08-26 14:50:38===> API : /api/billing/generateCSVReport ===> Message : uploadReportFile() :: DB :: Invoked !
info: ===> TimeStamp : 2025-08-26 14:50:38===> API : /api/billing/generateCSVReport ===> Message : generateReportsResponse() invoked!
info: ===> TimeStamp : 2025-08-26 14:50:38===> API : /api/billing/generateCSVReport ===> Message : generateReportsResponse() completed
info: ===> TimeStamp : 2025-08-26 14:50:56===> API : null ===> Message : validateRequest() invoked
info: ===> TimeStamp : 2025-08-26 14:50:56===> API : null ===> Message : fetchDBSettings()
info: ===> TimeStamp : 2025-08-26 14:50:56===> API : null ===> Message : validateRequest() Invoked!
info: ===> TimeStamp : 2025-08-26 14:50:56===> API : null ===> Message : validRequest() :: Api validated Successfully
info: ===> TimeStamp : 2025-08-26 14:50:56===> API : /api/billing/getBillingDetails?billId=0&userId=0&billingDate=2025-08-26&shiftId=0&isBookingWebsite=0&futureDate=2025-08-26&fromDate=&toDate= ===> Message : getBillingDetails() invoked!!
info: ===> TimeStamp : 2025-08-26 14:51:42===> API : null ===> Message : validateRequest() invoked
info: ===> TimeStamp : 2025-08-26 14:51:42===> API : null ===> Message : fetchDBSettings()
info: ===> TimeStamp : 2025-08-26 14:51:42===> API : null ===> Message : validateRequest() Invoked!
info: ===> TimeStamp : 2025-08-26 14:51:42===> API : null ===> Message : validRequest() :: Api validated Successfully
info: ===> TimeStamp : 2025-08-26 14:51:42===> API : /api/billing/cashierReportShiftWise?date=2025-08-26&shiftId=1&reportTypeId=7 ===> Message : cashierReportShiftWise() invoked!!
info: ===> TimeStamp : 2025-08-26 14:51:42===> API : /api/billing/cashierReportShiftWise?date=2025-08-26&shiftId=1&reportTypeId=7 ===> Message : cashierReportShiftWise() :: DB :: Invoked !
info: ===> TimeStamp : 2025-08-26 14:51:42===> API : /api/billing/cashierReportShiftWise?date=2025-08-26&shiftId=1&reportTypeId=7 ===> Message : uploadReportFile() :: DB :: Invoked !
info: ===> TimeStamp : 2025-08-26 14:51:42===> API : /api/billing/cashierReportShiftWise?date=2025-08-26&shiftId=1&reportTypeId=7 ===> Message : cashierReportShiftWiseResponse() invoked!
info: ===> TimeStamp : 2025-08-26 14:51:42===> API : /api/billing/cashierReportShiftWise?date=2025-08-26&shiftId=1&reportTypeId=7 ===> Message : cashierReportShiftWiseResponse() completed
info: ===> TimeStamp : 2025-08-26 15:07:51===> API : null ===> Message : validateRequest() invoked
info: ===> TimeStamp : 2025-08-26 15:07:51===> API : null ===> Message : fetchDBSettings()
info: ===> TimeStamp : 2025-08-26 15:07:51===> API : null ===> Message : validateRequest() Invoked!
info: ===> TimeStamp : 2025-08-26 15:07:51===> API : null ===> Message : validRequest() :: Api validated Successfully
info: ===> TimeStamp : 2025-08-26 15:07:51===> API : /api/billing/addBillingDetails ===> Message : addBillingDetails() invoked!!
info: ===> TimeStamp : 2025-08-26 15:07:51===> API : /api/billing/addBillingDetails ===> Message : getPackageItemDetails() :: DB :: Invoked !
info: ===> TimeStamp : 2025-08-26 15:07:51===> API : /api/billing/addBillingDetails ===> Message : newBooking() :: DB :: Invoked !
info: ===> TimeStamp : 2025-08-26 15:07:51===> API : /api/billing/addBillingDetails ===> Message : newBooking() :: DB :: Invoked !
info: ===> TimeStamp : 2025-08-26 15:07:52===> API : /api/billing/addBillingDetails ===> Message : newBooking() :: DB :: Invoked !
info: ===> TimeStamp : 2025-08-26 15:07:52===> API : /api/billing/addBillingDetails ===> Message : newBooking() :: DB :: Invoked !
info: ===> TimeStamp : 2025-08-26 15:07:54===> API : /api/billing/addBillingDetails ===> Message : addBillingDetailsResponse() invoked!
info: ===> TimeStamp : 2025-08-26 15:07:54===> API : /api/billing/addBillingDetails ===> Message : addBillingDetailsResponse() completed
info: ===> TimeStamp : 2025-08-26 15:07:54===> API : null ===> Message : validateRequest() invoked
info: ===> TimeStamp : 2025-08-26 15:07:54===> API : null ===> Message : fetchDBSettings()
info: ===> TimeStamp : 2025-08-26 15:07:54===> API : null ===> Message : validateRequest() Invoked!
info: ===> TimeStamp : 2025-08-26 15:07:54===> API : null ===> Message : validRequest() :: Api validated Successfully
info: ===> TimeStamp : 2025-08-26 15:07:54===> API : /api/billing/updateItemDetailsBill ===> Message : updateItemDetailsBill() invoked!!
info: ===> TimeStamp : 2025-08-26 15:07:54===> API : /api/billing/updateItemDetailsBill ===> Message : updateItemDetailsBill() :: DB :: Invoked !
info: ===> TimeStamp : 2025-08-26 15:07:54===> API : /api/billing/updateItemDetailsBill ===> Message : updateItemDetailsBillResponse() invoked!
info: ===> TimeStamp : 2025-08-26 15:07:54===> API : /api/billing/updateItemDetailsBill ===> Message : updateItemDetailsBillResponse() completed
info: ===> TimeStamp : 2025-08-26 15:07:58===> API : null ===> Message : validateRequest() invoked
info: ===> TimeStamp : 2025-08-26 15:07:58===> API : null ===> Message : fetchDBSettings()
info: ===> TimeStamp : 2025-08-26 15:07:58===> API : null ===> Message : validateRequest() Invoked!
info: ===> TimeStamp : 2025-08-26 15:07:58===> API : null ===> Message : validRequest() :: Api validated Successfully
info: ===> TimeStamp : 2025-08-26 15:07:58===> API : /api/billing/uploadBillFile ===> Message : uploadBillFile() invoked!!
info: ===> TimeStamp : 2025-08-26 15:07:58===> API : /api/billing/uploadBillFile ===> Message : uploadBillFile() :: DB :: Invoked !
info: ===> TimeStamp : 2025-08-26 15:07:58===> API : /api/billing/uploadBillFile ===> Message : uploadBillFileResponse() invoked!
info: ===> TimeStamp : 2025-08-26 15:07:58===> API : /api/billing/uploadBillFile ===> Message : uploadBillFileResponse() completed
info: ===> TimeStamp : 2025-08-26 15:08:05===> API : null ===> Message : validateRequest() invoked
info: ===> TimeStamp : 2025-08-26 15:08:05===> API : null ===> Message : fetchDBSettings()
info: ===> TimeStamp : 2025-08-26 15:08:05===> API : null ===> Message : validateRequest() Invoked!
info: ===> TimeStamp : 2025-08-26 15:08:05===> API : null ===> Message : validRequest() :: Api validated Successfully
info: ===> TimeStamp : 2025-08-26 15:08:05===> API : /api/billing/uploadBillFile ===> Message : uploadBillFile() invoked!!
info: ===> TimeStamp : 2025-08-26 15:08:05===> API : /api/billing/uploadBillFile ===> Message : uploadBillFile() :: DB :: Invoked !
info: ===> TimeStamp : 2025-08-26 15:08:05===> API : /api/billing/uploadBillFile ===> Message : uploadBillFileResponse() invoked!
info: ===> TimeStamp : 2025-08-26 15:08:05===> API : /api/billing/uploadBillFile ===> Message : uploadBillFileResponse() completed
info: ===> TimeStamp : 2025-08-26 15:08:10===> API : null ===> Message : validateRequest() invoked
info: ===> TimeStamp : 2025-08-26 15:08:10===> API : null ===> Message : fetchDBSettings()
info: ===> TimeStamp : 2025-08-26 15:08:10===> API : null ===> Message : validateRequest() Invoked!
info: ===> TimeStamp : 2025-08-26 15:08:10===> API : null ===> Message : validRequest() :: Api validated Successfully
info: ===> TimeStamp : 2025-08-26 15:08:10===> API : /api/billing/sendBillMail ===> Message : sendBillMail() invoked!!
info: ===> TimeStamp : 2025-08-26 15:08:11===> API : null ===> Message : validateRequest() invoked
info: ===> TimeStamp : 2025-08-26 15:08:11===> API : null ===> Message : fetchDBSettings()
info: ===> TimeStamp : 2025-08-26 15:08:11===> API : null ===> Message : validateRequest() Invoked!
info: ===> TimeStamp : 2025-08-26 15:08:11===> API : null ===> Message : validRequest() :: Api validated Successfully
info: ===> TimeStamp : 2025-08-26 15:08:11===> API : /api/billing/uploadBillFile ===> Message : uploadBillFile() invoked!!
info: ===> TimeStamp : 2025-08-26 15:08:11===> API : /api/billing/uploadBillFile ===> Message : uploadBillFile() :: DB :: Invoked !
info: ===> TimeStamp : 2025-08-26 15:08:11===> API : /api/billing/uploadBillFile ===> Message : uploadBillFileResponse() invoked!
info: ===> TimeStamp : 2025-08-26 15:08:11===> API : /api/billing/uploadBillFile ===> Message : uploadBillFileResponse() completed
info: ===> TimeStamp : 2025-08-26 15:08:11===> API : null ===> Message : validateRequest() invoked
info: ===> TimeStamp : 2025-08-26 15:08:11===> API : null ===> Message : fetchDBSettings()
info: ===> TimeStamp : 2025-08-26 15:08:11===> API : null ===> Message : validateRequest() Invoked!
info: ===> TimeStamp : 2025-08-26 15:08:11===> API : null ===> Message : validRequest() :: Api validated Successfully
info: ===> TimeStamp : 2025-08-26 15:08:11===> API : /api/billing/sendBillMail ===> Message : sendBillMail() invoked!!
info: ===> TimeStamp : 2025-08-26 15:08:13===> API : /api/billing/sendBillMail ===> Message : notifySellers() :: Email sent :: Success :: 250 2.0.0 OK  1756201093 d2e1a72fcca58-771fda55b2csm566675b3a.53 - gsmtp !
info: ===> TimeStamp : 2025-08-26 15:08:13===> API : /api/billing/sendBillMail ===> Message : sendBillMailResponse() invoked!
info: ===> TimeStamp : 2025-08-26 15:08:13===> API : /api/billing/sendBillMail ===> Message : sendBillMailResponse() completed
info: ===> TimeStamp : 2025-08-26 15:08:14===> API : /api/billing/sendBillMail ===> Message : notifySellers() :: Email sent :: Success :: 250 2.0.0 OK  1756201094 d2e1a72fcca58-771e6fdc374sm4509581b3a.91 - gsmtp !
info: ===> TimeStamp : 2025-08-26 15:08:14===> API : /api/billing/sendBillMail ===> Message : sendBillMailResponse() invoked!
info: ===> TimeStamp : 2025-08-26 15:08:14===> API : /api/billing/sendBillMail ===> Message : sendBillMailResponse() completed
info: ===> TimeStamp : 2025-08-26 15:15:02===> API : null ===> Message : validateRequest() invoked
info: ===> TimeStamp : 2025-08-26 15:15:02===> API : null ===> Message : fetchDBSettings()
info: ===> TimeStamp : 2025-08-26 15:15:02===> API : null ===> Message : validateRequest() invoked
info: ===> TimeStamp : 2025-08-26 15:15:02===> API : null ===> Message : fetchDBSettings()
info: ===> TimeStamp : 2025-08-26 15:15:02===> API : null ===> Message : validateRequest() invoked
info: ===> TimeStamp : 2025-08-26 15:15:02===> API : null ===> Message : fetchDBSettings()
info: ===> TimeStamp : 2025-08-26 15:15:02===> API : null ===> Message : validateRequest() invoked
info: ===> TimeStamp : 2025-08-26 15:15:02===> API : null ===> Message : fetchDBSettings()
info: ===> TimeStamp : 2025-08-26 15:15:02===> API : null ===> Message : validateRequest() Invoked!
info: ===> TimeStamp : 2025-08-26 15:15:02===> API : null ===> Message : validateRequest() Invoked!
info: ===> TimeStamp : 2025-08-26 15:15:02===> API : null ===> Message : validateRequest() Invoked!
info: ===> TimeStamp : 2025-08-26 15:15:02===> API : null ===> Message : validateRequest() Invoked!
info: ===> TimeStamp : 2025-08-26 15:15:03===> API : null ===> Message : validRequest() :: Api validated Successfully
info: ===> TimeStamp : 2025-08-26 15:15:03===> API : /api/billing/getBillingDetails?billId=0&userId=0&billingDate=2025-08-26&shiftId=0&isBookingWebsite=0&futureDate=&fromDate=&toDate= ===> Message : getBillingDetails() invoked!!
info: ===> TimeStamp : 2025-08-26 15:15:03===> API : /api/billing/getBillingDetails?billId=0&userId=0&billingDate=2025-08-26&shiftId=0&isBookingWebsite=0&futureDate=&fromDate=&toDate= ===> Message : getBilliDetailsByBillDate() :: DB :: Invoked !
info: ===> TimeStamp : 2025-08-26 15:15:03===> API : null ===> Message : validRequest() :: Api validated Successfully
info: ===> TimeStamp : 2025-08-26 15:15:03===> API : /api/billing/fetchVoidBill ===> Message : fetchVoidBill() invoked!!
info: ===> TimeStamp : 2025-08-26 15:15:03===> API : /api/billing/fetchVoidBill ===> Message : fetchVoidBill() :: DB :: Invoked !
info: ===> TimeStamp : 2025-08-26 15:15:03===> API : null ===> Message : validRequest() :: Api validated Successfully
info: ===> TimeStamp : 2025-08-26 15:15:03===> API : /api/billing/noShowGuestList ===> Message : noShowGuestList() invoked!!
info: ===> TimeStamp : 2025-08-26 15:15:03===> API : /api/billing/noShowGuestList ===> Message : noShowGuestList() :: DB :: Invoked !
info: ===> TimeStamp : 2025-08-26 15:15:03===> API : null ===> Message : validRequest() :: Api validated Successfully
info: ===> TimeStamp : 2025-08-26 15:15:03===> API : /api/billing/getBillingDetails?billId=0&userId=0&billingDate=2025-08-26&shiftId=0&isBookingWebsite=0&futureDate=2025-08-26&fromDate=&toDate= ===> Message : getBillingDetails() invoked!!
info: ===> TimeStamp : 2025-08-26 15:15:03===> API : /api/billing/getBillingDetails?billId=0&userId=0&billingDate=2025-08-26&shiftId=0&isBookingWebsite=0&futureDate=&fromDate=&toDate= ===> Message : getBillingDetailsResponse() invoked!
info: ===> TimeStamp : 2025-08-26 15:15:03===> API : /api/billing/getBillingDetails?billId=0&userId=0&billingDate=2025-08-26&shiftId=0&isBookingWebsite=0&futureDate=&fromDate=&toDate= ===> Message : getBillingDetailsResponse() completed
info: ===> TimeStamp : 2025-08-26 15:15:03===> API : null ===> Message : validateRequest() invoked
info: ===> TimeStamp : 2025-08-26 15:15:03===> API : null ===> Message : fetchDBSettings()
info: ===> TimeStamp : 2025-08-26 15:15:03===> API : null ===> Message : validateRequest() Invoked!
info: ===> TimeStamp : 2025-08-26 15:15:03===> API : null ===> Message : validRequest() :: Api validated Successfully
info: ===> TimeStamp : 2025-08-26 15:15:03===> API : /api/billing/getBillingDetails?billId=0&userId=0&billingDate=2025-08-26&shiftId=0&isBookingWebsite=0&futureDate=&fromDate=&toDate= ===> Message : getBillingDetails() invoked!!
info: ===> TimeStamp : 2025-08-26 15:15:03===> API : /api/billing/getBillingDetails?billId=0&userId=0&billingDate=2025-08-26&shiftId=0&isBookingWebsite=0&futureDate=&fromDate=&toDate= ===> Message : getBilliDetailsByBillDate() :: DB :: Invoked !
info: ===> TimeStamp : 2025-08-26 15:15:03===> API : /api/billing/getBillingDetails?billId=0&userId=0&billingDate=2025-08-26&shiftId=0&isBookingWebsite=0&futureDate=&fromDate=&toDate= ===> Message : getBillingDetailsResponse() invoked!
info: ===> TimeStamp : 2025-08-26 15:15:03===> API : /api/billing/getBillingDetails?billId=0&userId=0&billingDate=2025-08-26&shiftId=0&isBookingWebsite=0&futureDate=&fromDate=&toDate= ===> Message : getBillingDetailsResponse() completed
info: ===> TimeStamp : 2025-08-26 15:15:04===> API : /api/billing/fetchVoidBill ===> Message : fetchVoidBillResponse() invoked!
info: ===> TimeStamp : 2025-08-26 15:15:04===> API : /api/billing/fetchVoidBill ===> Message : fetchVoidBillResponse() completed
info: ===> TimeStamp : 2025-08-26 15:15:04===> API : /api/billing/noShowGuestList ===> Message : noShowGuestListResponse() invoked!
info: ===> TimeStamp : 2025-08-26 15:15:04===> API : /api/billing/noShowGuestList ===> Message : noShowGuestListResponse() completed
info: ===> TimeStamp : 2025-08-26 15:15:04===> API : null ===> Message : validateRequest() invoked
info: ===> TimeStamp : 2025-08-26 15:15:04===> API : null ===> Message : fetchDBSettings()
info: ===> TimeStamp : 2025-08-26 15:15:04===> API : null ===> Message : validateRequest() Invoked!
info: ===> TimeStamp : 2025-08-26 15:15:04===> API : null ===> Message : validRequest() :: Api validated Successfully
info: ===> TimeStamp : 2025-08-26 15:15:04===> API : /api/billing/noShowGuestList ===> Message : noShowGuestList() invoked!!
info: ===> TimeStamp : 2025-08-26 15:15:04===> API : /api/billing/noShowGuestList ===> Message : noShowGuestList() :: DB :: Invoked !
info: ===> TimeStamp : 2025-08-26 15:15:05===> API : /api/billing/noShowGuestList ===> Message : noShowGuestListResponse() invoked!
info: ===> TimeStamp : 2025-08-26 15:15:05===> API : /api/billing/noShowGuestList ===> Message : noShowGuestListResponse() completed
info: ===> TimeStamp : 2025-08-26 15:15:53===> API : null ===> Message : fetchDBSettings()
info: ===> TimeStamp : 2025-08-26 15:15:53===> API : null ===> Message : validateRequest() invoked
info: ===> TimeStamp : 2025-08-26 15:15:53===> API : null ===> Message : validateRequest() Invoked!
info: ===> TimeStamp : 2025-08-26 15:15:53===> API : null ===> Message : validRequest() :: Api validated Successfully
info: ===> TimeStamp : 2025-08-26 15:15:53===> API : /api/billing/addBillingDetails ===> Message : addBillingDetails() invoked!!
info: ===> TimeStamp : 2025-08-26 15:15:53===> API : /api/billing/addBillingDetails ===> Message : getPackageItemDetails() :: DB :: Invoked !
info: ===> TimeStamp : 2025-08-26 15:15:53===> API : /api/billing/addBillingDetails ===> Message : newBooking() :: DB :: Invoked !
info: ===> TimeStamp : 2025-08-26 15:15:53===> API : /api/billing/addBillingDetails ===> Message : newBooking() :: DB :: Invoked !
info: ===> TimeStamp : 2025-08-26 15:15:54===> API : /api/billing/addBillingDetails ===> Message : newBooking() :: DB :: Invoked !
info: ===> TimeStamp : 2025-08-26 15:15:54===> API : /api/billing/addBillingDetails ===> Message : newBooking() :: DB :: Invoked !
info: ===> TimeStamp : 2025-08-26 15:15:56===> API : /api/billing/addBillingDetails ===> Message : addBillingDetailsResponse() invoked!
info: ===> TimeStamp : 2025-08-26 15:15:56===> API : /api/billing/addBillingDetails ===> Message : addBillingDetailsResponse() completed
info: ===> TimeStamp : 2025-08-26 15:15:56===> API : null ===> Message : validateRequest() invoked
info: ===> TimeStamp : 2025-08-26 15:15:56===> API : null ===> Message : fetchDBSettings()
info: ===> TimeStamp : 2025-08-26 15:15:56===> API : null ===> Message : validateRequest() Invoked!
info: ===> TimeStamp : 2025-08-26 15:15:56===> API : null ===> Message : validRequest() :: Api validated Successfully
info: ===> TimeStamp : 2025-08-26 15:15:56===> API : /api/billing/updateItemDetailsBill ===> Message : updateItemDetailsBill() invoked!!
info: ===> TimeStamp : 2025-08-26 15:15:56===> API : /api/billing/updateItemDetailsBill ===> Message : updateItemDetailsBill() :: DB :: Invoked !
info: ===> TimeStamp : 2025-08-26 15:15:56===> API : /api/billing/updateItemDetailsBill ===> Message : updateItemDetailsBillResponse() invoked!
info: ===> TimeStamp : 2025-08-26 15:15:56===> API : /api/billing/updateItemDetailsBill ===> Message : updateItemDetailsBillResponse() completed
info: ===> TimeStamp : 2025-08-26 15:15:56===> API : null ===> Message : validateRequest() invoked
info: ===> TimeStamp : 2025-08-26 15:15:56===> API : null ===> Message : fetchDBSettings()
info: ===> TimeStamp : 2025-08-26 15:15:56===> API : null ===> Message : validateRequest() invoked
info: ===> TimeStamp : 2025-08-26 15:15:56===> API : null ===> Message : fetchDBSettings()
info: ===> TimeStamp : 2025-08-26 15:15:56===> API : null ===> Message : validateRequest() invoked
info: ===> TimeStamp : 2025-08-26 15:15:56===> API : null ===> Message : fetchDBSettings()
info: ===> TimeStamp : 2025-08-26 15:15:56===> API : null ===> Message : validateRequest() Invoked!
info: ===> TimeStamp : 2025-08-26 15:15:56===> API : null ===> Message : validateRequest() Invoked!
info: ===> TimeStamp : 2025-08-26 15:15:56===> API : null ===> Message : validateRequest() Invoked!
info: ===> TimeStamp : 2025-08-26 15:15:56===> API : null ===> Message : validRequest() :: Api validated Successfully
info: ===> TimeStamp : 2025-08-26 15:15:56===> API : /api/billing/getBillingDetails?billId=0&userId=0&billingDate=2025-08-26&shiftId=0&isBookingWebsite=0&futureDate=&fromDate=&toDate= ===> Message : getBillingDetails() invoked!!
info: ===> TimeStamp : 2025-08-26 15:15:56===> API : /api/billing/getBillingDetails?billId=0&userId=0&billingDate=2025-08-26&shiftId=0&isBookingWebsite=0&futureDate=&fromDate=&toDate= ===> Message : getBilliDetailsByBillDate() :: DB :: Invoked !
info: ===> TimeStamp : 2025-08-26 15:15:56===> API : null ===> Message : validRequest() :: Api validated Successfully
info: ===> TimeStamp : 2025-08-26 15:15:56===> API : /api/billing/fetchVoidBill ===> Message : fetchVoidBill() invoked!!
info: ===> TimeStamp : 2025-08-26 15:15:56===> API : /api/billing/fetchVoidBill ===> Message : fetchVoidBill() :: DB :: Invoked !
info: ===> TimeStamp : 2025-08-26 15:15:56===> API : null ===> Message : validRequest() :: Api validated Successfully
info: ===> TimeStamp : 2025-08-26 15:15:56===> API : /api/billing/noShowGuestList ===> Message : noShowGuestList() invoked!!
info: ===> TimeStamp : 2025-08-26 15:15:56===> API : /api/billing/noShowGuestList ===> Message : noShowGuestList() :: DB :: Invoked !
info: ===> TimeStamp : 2025-08-26 15:15:56===> API : /api/billing/getBillingDetails?billId=0&userId=0&billingDate=2025-08-26&shiftId=0&isBookingWebsite=0&futureDate=&fromDate=&toDate= ===> Message : getBillingDetailsResponse() invoked!
info: ===> TimeStamp : 2025-08-26 15:15:56===> API : /api/billing/getBillingDetails?billId=0&userId=0&billingDate=2025-08-26&shiftId=0&isBookingWebsite=0&futureDate=&fromDate=&toDate= ===> Message : getBillingDetailsResponse() completed
info: ===> TimeStamp : 2025-08-26 15:15:57===> API : null ===> Message : validateRequest() invoked
info: ===> TimeStamp : 2025-08-26 15:15:57===> API : null ===> Message : fetchDBSettings()
info: ===> TimeStamp : 2025-08-26 15:15:57===> API : null ===> Message : validateRequest() Invoked!
info: ===> TimeStamp : 2025-08-26 15:15:57===> API : null ===> Message : validRequest() :: Api validated Successfully
info: ===> TimeStamp : 2025-08-26 15:15:57===> API : /api/billing/getBillingDetails?billId=0&userId=0&billingDate=2025-08-26&shiftId=0&isBookingWebsite=0&futureDate=&fromDate=&toDate= ===> Message : getBillingDetails() invoked!!
info: ===> TimeStamp : 2025-08-26 15:15:57===> API : /api/billing/getBillingDetails?billId=0&userId=0&billingDate=2025-08-26&shiftId=0&isBookingWebsite=0&futureDate=&fromDate=&toDate= ===> Message : getBilliDetailsByBillDate() :: DB :: Invoked !
info: ===> TimeStamp : 2025-08-26 15:15:57===> API : /api/billing/getBillingDetails?billId=0&userId=0&billingDate=2025-08-26&shiftId=0&isBookingWebsite=0&futureDate=&fromDate=&toDate= ===> Message : getBillingDetailsResponse() invoked!
info: ===> TimeStamp : 2025-08-26 15:15:57===> API : /api/billing/getBillingDetails?billId=0&userId=0&billingDate=2025-08-26&shiftId=0&isBookingWebsite=0&futureDate=&fromDate=&toDate= ===> Message : getBillingDetailsResponse() completed
info: ===> TimeStamp : 2025-08-26 15:15:57===> API : null ===> Message : validateRequest() invoked
info: ===> TimeStamp : 2025-08-26 15:15:57===> API : null ===> Message : fetchDBSettings()
info: ===> TimeStamp : 2025-08-26 15:15:57===> API : null ===> Message : validateRequest() Invoked!
info: ===> TimeStamp : 2025-08-26 15:15:57===> API : null ===> Message : validRequest() :: Api validated Successfully
info: ===> TimeStamp : 2025-08-26 15:15:57===> API : /api/billing/uploadBillFile ===> Message : uploadBillFile() invoked!!
info: ===> TimeStamp : 2025-08-26 15:15:57===> API : /api/billing/uploadBillFile ===> Message : uploadBillFile() :: DB :: Invoked !
info: ===> TimeStamp : 2025-08-26 15:15:57===> API : /api/billing/uploadBillFile ===> Message : uploadBillFileResponse() invoked!
info: ===> TimeStamp : 2025-08-26 15:15:57===> API : /api/billing/uploadBillFile ===> Message : uploadBillFileResponse() completed
info: ===> TimeStamp : 2025-08-26 15:15:58===> API : /api/billing/fetchVoidBill ===> Message : fetchVoidBillResponse() invoked!
info: ===> TimeStamp : 2025-08-26 15:15:58===> API : /api/billing/fetchVoidBill ===> Message : fetchVoidBillResponse() completed
info: ===> TimeStamp : 2025-08-26 15:15:58===> API : /api/billing/noShowGuestList ===> Message : noShowGuestListResponse() invoked!
info: ===> TimeStamp : 2025-08-26 15:15:58===> API : /api/billing/noShowGuestList ===> Message : noShowGuestListResponse() completed
info: ===> TimeStamp : 2025-08-26 15:15:58===> API : null ===> Message : validateRequest() invoked
info: ===> TimeStamp : 2025-08-26 15:15:58===> API : null ===> Message : fetchDBSettings()
info: ===> TimeStamp : 2025-08-26 15:15:58===> API : null ===> Message : validateRequest() Invoked!
info: ===> TimeStamp : 2025-08-26 15:15:58===> API : null ===> Message : validRequest() :: Api validated Successfully
info: ===> TimeStamp : 2025-08-26 15:15:58===> API : /api/billing/noShowGuestList ===> Message : noShowGuestList() :: DB :: Invoked !
info: ===> TimeStamp : 2025-08-26 15:15:58===> API : /api/billing/noShowGuestList ===> Message : noShowGuestList() invoked!!
info: ===> TimeStamp : 2025-08-26 15:15:58===> API : /api/billing/noShowGuestList ===> Message : noShowGuestListResponse() invoked!
info: ===> TimeStamp : 2025-08-26 15:15:58===> API : /api/billing/noShowGuestList ===> Message : noShowGuestListResponse() completed
info: ===> TimeStamp : 2025-08-26 15:15:59===> API : null ===> Message : validateRequest() invoked
info: ===> TimeStamp : 2025-08-26 15:15:59===> API : null ===> Message : fetchDBSettings()
info: ===> TimeStamp : 2025-08-26 15:15:59===> API : null ===> Message : validateRequest() Invoked!
info: ===> TimeStamp : 2025-08-26 15:15:59===> API : null ===> Message : validRequest() :: Api validated Successfully
info: ===> TimeStamp : 2025-08-26 15:15:59===> API : /api/billing/uploadBillFile ===> Message : uploadBillFile() invoked!!
info: ===> TimeStamp : 2025-08-26 15:15:59===> API : /api/billing/uploadBillFile ===> Message : uploadBillFile() :: DB :: Invoked !
info: ===> TimeStamp : 2025-08-26 15:15:59===> API : /api/billing/uploadBillFile ===> Message : uploadBillFileResponse() invoked!
info: ===> TimeStamp : 2025-08-26 15:15:59===> API : /api/billing/uploadBillFile ===> Message : uploadBillFileResponse() completed
info: ===> TimeStamp : 2025-08-26 15:16:01===> API : null ===> Message : validateRequest() invoked
info: ===> TimeStamp : 2025-08-26 15:16:01===> API : null ===> Message : fetchDBSettings()
info: ===> TimeStamp : 2025-08-26 15:16:01===> API : null ===> Message : validateRequest() Invoked!
info: ===> TimeStamp : 2025-08-26 15:16:01===> API : null ===> Message : validRequest() :: Api validated Successfully
info: ===> TimeStamp : 2025-08-26 15:16:01===> API : /api/billing/sendBillMail ===> Message : sendBillMail() invoked!!
info: ===> TimeStamp : 2025-08-26 15:16:02===> API : null ===> Message : validateRequest() invoked
info: ===> TimeStamp : 2025-08-26 15:16:02===> API : null ===> Message : fetchDBSettings()
info: ===> TimeStamp : 2025-08-26 15:16:02===> API : null ===> Message : validateRequest() Invoked!
info: ===> TimeStamp : 2025-08-26 15:16:02===> API : null ===> Message : validRequest() :: Api validated Successfully
info: ===> TimeStamp : 2025-08-26 15:16:02===> API : /api/billing/getBillingDetails?billId=0&userId=0&billingDate=2025-08-26&shiftId=0&isBookingWebsite=0&futureDate=2025-08-26&fromDate=&toDate= ===> Message : getBillingDetails() invoked!!
info: ===> TimeStamp : 2025-08-26 15:16:03===> API : null ===> Message : validateRequest() invoked
info: ===> TimeStamp : 2025-08-26 15:16:03===> API : null ===> Message : fetchDBSettings()
info: ===> TimeStamp : 2025-08-26 15:16:03===> API : null ===> Message : validateRequest() Invoked!
info: ===> TimeStamp : 2025-08-26 15:16:03===> API : null ===> Message : validRequest() :: Api validated Successfully
info: ===> TimeStamp : 2025-08-26 15:16:03===> API : /api/billing/uploadBillFile ===> Message : uploadBillFile() invoked!!
info: ===> TimeStamp : 2025-08-26 15:16:04===> API : /api/billing/uploadBillFile ===> Message : uploadBillFile() :: DB :: Invoked !
info: ===> TimeStamp : 2025-08-26 15:16:04===> API : /api/billing/uploadBillFile ===> Message : uploadBillFileResponse() invoked!
info: ===> TimeStamp : 2025-08-26 15:16:04===> API : /api/billing/uploadBillFile ===> Message : uploadBillFileResponse() completed
info: ===> TimeStamp : 2025-08-26 15:16:04===> API : null ===> Message : validateRequest() invoked
info: ===> TimeStamp : 2025-08-26 15:16:04===> API : null ===> Message : fetchDBSettings()
info: ===> TimeStamp : 2025-08-26 15:16:04===> API : null ===> Message : validateRequest() Invoked!
info: ===> TimeStamp : 2025-08-26 15:16:04===> API : null ===> Message : validRequest() :: Api validated Successfully
info: ===> TimeStamp : 2025-08-26 15:16:04===> API : /api/billing/sendBillMail ===> Message : sendBillMail() invoked!!
info: ===> TimeStamp : 2025-08-26 15:16:04===> API : /api/billing/sendBillMail ===> Message : notifySellers() :: Email sent :: Success :: 250 2.0.0 OK  1756201564 d9443c01a7336-2466877a084sm90885945ad.20 - gsmtp !
info: ===> TimeStamp : 2025-08-26 15:16:04===> API : /api/billing/sendBillMail ===> Message : sendBillMailResponse() invoked!
info: ===> TimeStamp : 2025-08-26 15:16:04===> API : /api/billing/sendBillMail ===> Message : sendBillMailResponse() completed
info: ===> TimeStamp : 2025-08-26 15:16:07===> API : /api/billing/sendBillMail ===> Message : notifySellers() :: Email sent :: Success :: 250 2.0.0 OK  1756201567 98e67ed59e1d1-3274595e506sm726310a91.5 - gsmtp !
info: ===> TimeStamp : 2025-08-26 15:16:07===> API : /api/billing/sendBillMail ===> Message : sendBillMailResponse() invoked!
info: ===> TimeStamp : 2025-08-26 15:16:07===> API : /api/billing/sendBillMail ===> Message : sendBillMailResponse() completed
info: ===> TimeStamp : 2025-08-26 15:16:16===> API : null ===> Message : validateRequest() invoked
info: ===> TimeStamp : 2025-08-26 15:16:16===> API : null ===> Message : fetchDBSettings()
info: ===> TimeStamp : 2025-08-26 15:16:16===> API : null ===> Message : validateRequest() Invoked!
info: ===> TimeStamp : 2025-08-26 15:16:16===> API : null ===> Message : validRequest() :: Api validated Successfully
info: ===> TimeStamp : 2025-08-26 15:16:16===> API : /api/billing/updateItemDetailsBill ===> Message : updateItemDetailsBill() invoked!!
info: ===> TimeStamp : 2025-08-26 15:16:16===> API : /api/billing/updateItemDetailsBill ===> Message : updateItemDetailsBill() :: DB :: Invoked !
info: ===> TimeStamp : 2025-08-26 15:16:16===> API : /api/billing/updateItemDetailsBill ===> Message : updateItemDetailsBillResponse() invoked!
info: ===> TimeStamp : 2025-08-26 15:16:16===> API : /api/billing/updateItemDetailsBill ===> Message : updateItemDetailsBillResponse() completed
info: ===> TimeStamp : 2025-08-26 15:16:17===> API : null ===> Message : validateRequest() invoked
info: ===> TimeStamp : 2025-08-26 15:16:17===> API : null ===> Message : fetchDBSettings()
info: ===> TimeStamp : 2025-08-26 15:16:17===> API : null ===> Message : validateRequest() Invoked!
info: ===> TimeStamp : 2025-08-26 15:16:17===> API : null ===> Message : validRequest() :: Api validated Successfully
info: ===> TimeStamp : 2025-08-26 15:16:17===> API : /api/billing/uploadBillFile ===> Message : uploadBillFile() invoked!!
info: ===> TimeStamp : 2025-08-26 15:16:18===> API : /api/billing/uploadBillFile ===> Message : uploadBillFile() :: DB :: Invoked !
info: ===> TimeStamp : 2025-08-26 15:16:18===> API : /api/billing/uploadBillFile ===> Message : uploadBillFileResponse() invoked!
info: ===> TimeStamp : 2025-08-26 15:16:18===> API : /api/billing/uploadBillFile ===> Message : uploadBillFileResponse() completed
info: ===> TimeStamp : 2025-08-26 15:16:26===> API : null ===> Message : validateRequest() invoked
info: ===> TimeStamp : 2025-08-26 15:16:26===> API : null ===> Message : fetchDBSettings()
info: ===> TimeStamp : 2025-08-26 15:16:26===> API : null ===> Message : validateRequest() Invoked!
info: ===> TimeStamp : 2025-08-26 15:16:26===> API : null ===> Message : validRequest() :: Api validated Successfully
info: ===> TimeStamp : 2025-08-26 15:16:26===> API : /api/billing/uploadBillFile ===> Message : uploadBillFile() invoked!!
info: ===> TimeStamp : 2025-08-26 15:16:26===> API : /api/billing/uploadBillFile ===> Message : uploadBillFile() :: DB :: Invoked !
info: ===> TimeStamp : 2025-08-26 15:16:26===> API : /api/billing/uploadBillFile ===> Message : uploadBillFileResponse() invoked!
info: ===> TimeStamp : 2025-08-26 15:16:26===> API : /api/billing/uploadBillFile ===> Message : uploadBillFileResponse() completed
info: ===> TimeStamp : 2025-08-26 15:16:26===> API : null ===> Message : validateRequest() invoked
info: ===> TimeStamp : 2025-08-26 15:16:26===> API : null ===> Message : fetchDBSettings()
info: ===> TimeStamp : 2025-08-26 15:16:26===> API : null ===> Message : validateRequest() Invoked!
info: ===> TimeStamp : 2025-08-26 15:16:26===> API : null ===> Message : validRequest() :: Api validated Successfully
info: ===> TimeStamp : 2025-08-26 15:16:26===> API : /api/billing/sendBillMail ===> Message : sendBillMail() invoked!!
info: ===> TimeStamp : 2025-08-26 15:16:29===> API : /api/billing/sendBillMail ===> Message : notifySellers() :: Email sent :: Success :: 250 2.0.0 OK  1756201589 41be03b00d2f7-b49cb8afc11sm8673763a12.17 - gsmtp !
info: ===> TimeStamp : 2025-08-26 15:16:29===> API : /api/billing/sendBillMail ===> Message : sendBillMailResponse() invoked!
info: ===> TimeStamp : 2025-08-26 15:16:29===> API : /api/billing/sendBillMail ===> Message : sendBillMailResponse() completed
info: ===> TimeStamp : 2025-08-26 15:17:02===> API : null ===> Message : validateRequest() invoked
info: ===> TimeStamp : 2025-08-26 15:17:02===> API : null ===> Message : fetchDBSettings()
info: ===> TimeStamp : 2025-08-26 15:17:02===> API : null ===> Message : validateRequest() Invoked!
info: ===> TimeStamp : 2025-08-26 15:17:02===> API : null ===> Message : validRequest() :: Api validated Successfully
info: ===> TimeStamp : 2025-08-26 15:17:02===> API : /api/billing/getBillingDetails?billId=0&userId=0&billingDate=2025-08-26&shiftId=0&isBookingWebsite=0&futureDate=2025-08-26&fromDate=&toDate= ===> Message : getBillingDetails() invoked!!
info: ===> TimeStamp : 2025-08-26 15:20:31===> API : null ===> Message : validateRequest() invoked
info: ===> TimeStamp : 2025-08-26 15:20:31===> API : null ===> Message : validateRequest() Error:: Invalid Request :: 
      {"apiUri":"/robots.txt"}
info: ===> TimeStamp : 2025-08-26 15:33:19===> API : null ===> Message : validateRequest() invoked
info: ===> TimeStamp : 2025-08-26 15:33:19===> API : null ===> Message : fetchDBSettings()
info: ===> TimeStamp : 2025-08-26 15:33:19===> API : null ===> Message : validateRequest() invoked
info: ===> TimeStamp : 2025-08-26 15:33:19===> API : null ===> Message : fetchDBSettings()
info: ===> TimeStamp : 2025-08-26 15:33:19===> API : null ===> Message : validateRequest() invoked
info: ===> TimeStamp : 2025-08-26 15:33:19===> API : null ===> Message : fetchDBSettings()
info: ===> TimeStamp : 2025-08-26 15:33:19===> API : null ===> Message : validateRequest() invoked
info: ===> TimeStamp : 2025-08-26 15:33:19===> API : null ===> Message : fetchDBSettings()
info: ===> TimeStamp : 2025-08-26 15:33:19===> API : null ===> Message : validateRequest() Invoked!
info: ===> TimeStamp : 2025-08-26 15:33:19===> API : null ===> Message : validateRequest() Invoked!
info: ===> TimeStamp : 2025-08-26 15:33:19===> API : null ===> Message : validateRequest() Invoked!
info: ===> TimeStamp : 2025-08-26 15:33:19===> API : null ===> Message : validateRequest() Invoked!
info: ===> TimeStamp : 2025-08-26 15:33:19===> API : null ===> Message : validRequest() :: Api validated Successfully
info: ===> TimeStamp : 2025-08-26 15:33:19===> API : /api/billing/noShowGuestList ===> Message : noShowGuestList() invoked!!
info: ===> TimeStamp : 2025-08-26 15:33:19===> API : /api/billing/noShowGuestList ===> Message : noShowGuestList() :: DB :: Invoked !
info: ===> TimeStamp : 2025-08-26 15:33:19===> API : null ===> Message : validRequest() :: Api validated Successfully
info: ===> TimeStamp : 2025-08-26 15:33:19===> API : /api/billing/getBillingDetails?billId=0&userId=0&billingDate=2025-08-26&shiftId=0&isBookingWebsite=0&futureDate=&fromDate=&toDate= ===> Message : getBillingDetails() invoked!!
info: ===> TimeStamp : 2025-08-26 15:33:19===> API : /api/billing/getBillingDetails?billId=0&userId=0&billingDate=2025-08-26&shiftId=0&isBookingWebsite=0&futureDate=&fromDate=&toDate= ===> Message : getBilliDetailsByBillDate() :: DB :: Invoked !
info: ===> TimeStamp : 2025-08-26 15:33:19===> API : null ===> Message : validRequest() :: Api validated Successfully
info: ===> TimeStamp : 2025-08-26 15:33:19===> API : /api/billing/fetchVoidBill ===> Message : fetchVoidBill() invoked!!
info: ===> TimeStamp : 2025-08-26 15:33:19===> API : /api/billing/fetchVoidBill ===> Message : fetchVoidBill() :: DB :: Invoked !
info: ===> TimeStamp : 2025-08-26 15:33:19===> API : null ===> Message : validRequest() :: Api validated Successfully
info: ===> TimeStamp : 2025-08-26 15:33:19===> API : /api/billing/getBillingDetails?billId=0&userId=0&billingDate=2025-08-26&shiftId=0&isBookingWebsite=0&futureDate=2025-08-26&fromDate=&toDate= ===> Message : getBillingDetails() invoked!!
info: ===> TimeStamp : 2025-08-26 15:33:19===> API : /api/billing/getBillingDetails?billId=0&userId=0&billingDate=2025-08-26&shiftId=0&isBookingWebsite=0&futureDate=&fromDate=&toDate= ===> Message : getBillingDetailsResponse() invoked!
info: ===> TimeStamp : 2025-08-26 15:33:19===> API : /api/billing/getBillingDetails?billId=0&userId=0&billingDate=2025-08-26&shiftId=0&isBookingWebsite=0&futureDate=&fromDate=&toDate= ===> Message : getBillingDetailsResponse() completed
info: ===> TimeStamp : 2025-08-26 15:33:19===> API : null ===> Message : validateRequest() invoked
info: ===> TimeStamp : 2025-08-26 15:33:19===> API : null ===> Message : fetchDBSettings()
info: ===> TimeStamp : 2025-08-26 15:33:19===> API : null ===> Message : validateRequest() Invoked!
info: ===> TimeStamp : 2025-08-26 15:33:19===> API : null ===> Message : validRequest() :: Api validated Successfully
info: ===> TimeStamp : 2025-08-26 15:33:19===> API : /api/billing/getBillingDetails?billId=0&userId=0&billingDate=2025-08-26&shiftId=0&isBookingWebsite=0&futureDate=&fromDate=&toDate= ===> Message : getBillingDetails() invoked!!
info: ===> TimeStamp : 2025-08-26 15:33:19===> API : /api/billing/getBillingDetails?billId=0&userId=0&billingDate=2025-08-26&shiftId=0&isBookingWebsite=0&futureDate=&fromDate=&toDate= ===> Message : getBilliDetailsByBillDate() :: DB :: Invoked !
info: ===> TimeStamp : 2025-08-26 15:33:19===> API : /api/billing/getBillingDetails?billId=0&userId=0&billingDate=2025-08-26&shiftId=0&isBookingWebsite=0&futureDate=&fromDate=&toDate= ===> Message : getBillingDetailsResponse() invoked!
info: ===> TimeStamp : 2025-08-26 15:33:19===> API : /api/billing/getBillingDetails?billId=0&userId=0&billingDate=2025-08-26&shiftId=0&isBookingWebsite=0&futureDate=&fromDate=&toDate= ===> Message : getBillingDetailsResponse() completed
info: ===> TimeStamp : 2025-08-26 15:33:20===> API : /api/billing/noShowGuestList ===> Message : noShowGuestListResponse() invoked!
info: ===> TimeStamp : 2025-08-26 15:33:20===> API : /api/billing/noShowGuestList ===> Message : noShowGuestListResponse() completed
info: ===> TimeStamp : 2025-08-26 15:33:20===> API : null ===> Message : validateRequest() invoked
info: ===> TimeStamp : 2025-08-26 15:33:20===> API : null ===> Message : fetchDBSettings()
info: ===> TimeStamp : 2025-08-26 15:33:20===> API : null ===> Message : validateRequest() Invoked!
info: ===> TimeStamp : 2025-08-26 15:33:21===> API : null ===> Message : validRequest() :: Api validated Successfully
info: ===> TimeStamp : 2025-08-26 15:33:21===> API : /api/billing/noShowGuestList ===> Message : noShowGuestList() invoked!!
info: ===> TimeStamp : 2025-08-26 15:33:21===> API : /api/billing/noShowGuestList ===> Message : noShowGuestList() :: DB :: Invoked !
info: ===> TimeStamp : 2025-08-26 15:33:21===> API : /api/billing/fetchVoidBill ===> Message : fetchVoidBillResponse() invoked!
info: ===> TimeStamp : 2025-08-26 15:33:21===> API : /api/billing/fetchVoidBill ===> Message : fetchVoidBillResponse() completed
info: ===> TimeStamp : 2025-08-26 15:33:21===> API : /api/billing/noShowGuestList ===> Message : noShowGuestListResponse() invoked!
info: ===> TimeStamp : 2025-08-26 15:33:21===> API : /api/billing/noShowGuestList ===> Message : noShowGuestListResponse() completed
info: ===> TimeStamp : 2025-08-26 15:33:23===> API : null ===> Message : validateRequest() invoked
info: ===> TimeStamp : 2025-08-26 15:33:23===> API : null ===> Message : fetchDBSettings()
info: ===> TimeStamp : 2025-08-26 15:33:23===> API : null ===> Message : validateRequest() Invoked!
info: ===> TimeStamp : 2025-08-26 15:33:23===> API : null ===> Message : validRequest() :: Api validated Successfully
info: ===> TimeStamp : 2025-08-26 15:33:23===> API : /api/billing/updateItemDetailsBill ===> Message : updateItemDetailsBill() invoked!!
info: ===> TimeStamp : 2025-08-26 15:33:23===> API : /api/billing/updateItemDetailsBill ===> Message : updateItemDetailsBill() :: DB :: Invoked !
info: ===> TimeStamp : 2025-08-26 15:33:23===> API : /api/billing/updateItemDetailsBill ===> Message : updateItemDetailsBillResponse() invoked!
info: ===> TimeStamp : 2025-08-26 15:33:23===> API : /api/billing/updateItemDetailsBill ===> Message : updateItemDetailsBillResponse() completed
info: ===> TimeStamp : 2025-08-26 15:33:24===> API : null ===> Message : validateRequest() invoked
info: ===> TimeStamp : 2025-08-26 15:33:24===> API : null ===> Message : fetchDBSettings()
info: ===> TimeStamp : 2025-08-26 15:33:24===> API : null ===> Message : validateRequest() Invoked!
info: ===> TimeStamp : 2025-08-26 15:33:24===> API : null ===> Message : validRequest() :: Api validated Successfully
info: ===> TimeStamp : 2025-08-26 15:33:24===> API : /api/billing/uploadBillFile ===> Message : uploadBillFile() invoked!!
info: ===> TimeStamp : 2025-08-26 15:33:24===> API : /api/billing/uploadBillFile ===> Message : uploadBillFile() :: DB :: Invoked !
info: ===> TimeStamp : 2025-08-26 15:33:24===> API : /api/billing/uploadBillFile ===> Message : uploadBillFileResponse() invoked!
info: ===> TimeStamp : 2025-08-26 15:33:24===> API : /api/billing/uploadBillFile ===> Message : uploadBillFileResponse() completed
info: ===> TimeStamp : 2025-08-26 15:33:30===> API : null ===> Message : validateRequest() invoked
info: ===> TimeStamp : 2025-08-26 15:33:30===> API : null ===> Message : fetchDBSettings()
info: ===> TimeStamp : 2025-08-26 15:33:30===> API : null ===> Message : validateRequest() Invoked!
info: ===> TimeStamp : 2025-08-26 15:33:30===> API : null ===> Message : validRequest() :: Api validated Successfully
info: ===> TimeStamp : 2025-08-26 15:33:30===> API : /api/billing/uploadBillFile ===> Message : uploadBillFile() invoked!!
info: ===> TimeStamp : 2025-08-26 15:33:31===> API : /api/billing/uploadBillFile ===> Message : uploadBillFile() :: DB :: Invoked !
info: ===> TimeStamp : 2025-08-26 15:33:31===> API : /api/billing/uploadBillFile ===> Message : uploadBillFileResponse() invoked!
info: ===> TimeStamp : 2025-08-26 15:33:31===> API : /api/billing/uploadBillFile ===> Message : uploadBillFileResponse() completed
info: ===> TimeStamp : 2025-08-26 15:33:31===> API : null ===> Message : validateRequest() invoked
info: ===> TimeStamp : 2025-08-26 15:33:31===> API : null ===> Message : fetchDBSettings()
info: ===> TimeStamp : 2025-08-26 15:33:31===> API : null ===> Message : validateRequest() Invoked!
info: ===> TimeStamp : 2025-08-26 15:33:31===> API : null ===> Message : validRequest() :: Api validated Successfully
info: ===> TimeStamp : 2025-08-26 15:33:31===> API : /api/billing/sendBillMail ===> Message : sendBillMail() invoked!!
info: ===> TimeStamp : 2025-08-26 15:33:35===> API : /api/billing/sendBillMail ===> Message : notifySellers() :: Email sent :: Success :: 250 2.0.0 OK  1756202614 41be03b00d2f7-b49cb8b4b98sm8774977a12.19 - gsmtp !
info: ===> TimeStamp : 2025-08-26 15:33:35===> API : /api/billing/sendBillMail ===> Message : sendBillMailResponse() invoked!
info: ===> TimeStamp : 2025-08-26 15:33:35===> API : /api/billing/sendBillMail ===> Message : sendBillMailResponse() completed
info: ===> TimeStamp : 2025-08-26 15:36:55===> API : null ===> Message : validateRequest() invoked
info: ===> TimeStamp : 2025-08-26 15:36:55===> API : null ===> Message : fetchDBSettings()
info: ===> TimeStamp : 2025-08-26 15:36:55===> API : null ===> Message : validateRequest() Invoked!
info: ===> TimeStamp : 2025-08-26 15:36:55===> API : null ===> Message : validRequest() :: Api validated Successfully
info: ===> TimeStamp : 2025-08-26 15:36:55===> API : /api/billing/addBillingDetails ===> Message : addBillingDetails() invoked!!
info: ===> TimeStamp : 2025-08-26 15:36:55===> API : /api/billing/addBillingDetails ===> Message : getPackageItemDetails() :: DB :: Invoked !
info: ===> TimeStamp : 2025-08-26 15:36:55===> API : /api/billing/addBillingDetails ===> Message : newBooking() :: DB :: Invoked !
info: ===> TimeStamp : 2025-08-26 15:36:55===> API : /api/billing/addBillingDetails ===> Message : newBooking() :: DB :: Invoked !
info: ===> TimeStamp : 2025-08-26 15:36:56===> API : /api/billing/addBillingDetails ===> Message : newBooking() :: DB :: Invoked !
info: ===> TimeStamp : 2025-08-26 15:36:56===> API : /api/billing/addBillingDetails ===> Message : newBooking() :: DB :: Invoked !
info: ===> TimeStamp : 2025-08-26 15:36:58===> API : /api/billing/addBillingDetails ===> Message : addBillingDetailsResponse() invoked!
info: ===> TimeStamp : 2025-08-26 15:36:58===> API : /api/billing/addBillingDetails ===> Message : addBillingDetailsResponse() completed
info: ===> TimeStamp : 2025-08-26 15:36:58===> API : null ===> Message : validateRequest() invoked
info: ===> TimeStamp : 2025-08-26 15:36:58===> API : null ===> Message : fetchDBSettings()
info: ===> TimeStamp : 2025-08-26 15:36:58===> API : null ===> Message : validateRequest() Invoked!
info: ===> TimeStamp : 2025-08-26 15:36:58===> API : null ===> Message : validRequest() :: Api validated Successfully
info: ===> TimeStamp : 2025-08-26 15:36:58===> API : /api/billing/updateItemDetailsBill ===> Message : updateItemDetailsBill() invoked!!
info: ===> TimeStamp : 2025-08-26 15:36:58===> API : /api/billing/updateItemDetailsBill ===> Message : updateItemDetailsBill() :: DB :: Invoked !
info: ===> TimeStamp : 2025-08-26 15:36:58===> API : /api/billing/updateItemDetailsBill ===> Message : updateItemDetailsBillResponse() invoked!
info: ===> TimeStamp : 2025-08-26 15:36:58===> API : /api/billing/updateItemDetailsBill ===> Message : updateItemDetailsBillResponse() completed
info: ===> TimeStamp : 2025-08-26 15:36:59===> API : null ===> Message : validateRequest() invoked
info: ===> TimeStamp : 2025-08-26 15:36:59===> API : null ===> Message : fetchDBSettings()
info: ===> TimeStamp : 2025-08-26 15:36:59===> API : null ===> Message : validateRequest() Invoked!
info: ===> TimeStamp : 2025-08-26 15:36:59===> API : null ===> Message : validRequest() :: Api validated Successfully
info: ===> TimeStamp : 2025-08-26 15:36:59===> API : /api/billing/uploadBillFile ===> Message : uploadBillFile() invoked!!
info: ===> TimeStamp : 2025-08-26 15:36:59===> API : /api/billing/uploadBillFile ===> Message : uploadBillFile() :: DB :: Invoked !
info: ===> TimeStamp : 2025-08-26 15:36:59===> API : /api/billing/uploadBillFile ===> Message : uploadBillFileResponse() invoked!
info: ===> TimeStamp : 2025-08-26 15:36:59===> API : /api/billing/uploadBillFile ===> Message : uploadBillFileResponse() completed
info: ===> TimeStamp : 2025-08-26 15:37:03===> API : null ===> Message : validateRequest() invoked
info: ===> TimeStamp : 2025-08-26 15:37:03===> API : null ===> Message : fetchDBSettings()
info: ===> TimeStamp : 2025-08-26 15:37:03===> API : null ===> Message : validateRequest() Invoked!
info: ===> TimeStamp : 2025-08-26 15:37:03===> API : null ===> Message : validRequest() :: Api validated Successfully
info: ===> TimeStamp : 2025-08-26 15:37:03===> API : /api/billing/uploadBillFile ===> Message : uploadBillFile() invoked!!
info: ===> TimeStamp : 2025-08-26 15:37:03===> API : /api/billing/uploadBillFile ===> Message : uploadBillFile() :: DB :: Invoked !
info: ===> TimeStamp : 2025-08-26 15:37:03===> API : /api/billing/uploadBillFile ===> Message : uploadBillFileResponse() invoked!
info: ===> TimeStamp : 2025-08-26 15:37:03===> API : /api/billing/uploadBillFile ===> Message : uploadBillFileResponse() completed
info: ===> TimeStamp : 2025-08-26 15:37:03===> API : null ===> Message : validateRequest() invoked
info: ===> TimeStamp : 2025-08-26 15:37:03===> API : null ===> Message : fetchDBSettings()
info: ===> TimeStamp : 2025-08-26 15:37:03===> API : null ===> Message : validateRequest() Invoked!
info: ===> TimeStamp : 2025-08-26 15:37:03===> API : null ===> Message : validRequest() :: Api validated Successfully
info: ===> TimeStamp : 2025-08-26 15:37:03===> API : /api/billing/sendBillMail ===> Message : sendBillMail() invoked!!
info: ===> TimeStamp : 2025-08-26 15:37:06===> API : /api/billing/sendBillMail ===> Message : notifySellers() :: Email sent :: Success :: 250 2.0.0 OK  1756202826 d2e1a72fcca58-7703ffb478asm9812147b3a.13 - gsmtp !
info: ===> TimeStamp : 2025-08-26 15:37:06===> API : /api/billing/sendBillMail ===> Message : sendBillMailResponse() invoked!
info: ===> TimeStamp : 2025-08-26 15:37:06===> API : /api/billing/sendBillMail ===> Message : sendBillMailResponse() completed
info: ===> TimeStamp : 2025-08-26 15:37:15===> API : null ===> Message : validateRequest() invoked
info: ===> TimeStamp : 2025-08-26 15:37:15===> API : null ===> Message : fetchDBSettings()
info: ===> TimeStamp : 2025-08-26 15:37:15===> API : null ===> Message : validateRequest() invoked
info: ===> TimeStamp : 2025-08-26 15:37:15===> API : null ===> Message : fetchDBSettings()
info: ===> TimeStamp : 2025-08-26 15:37:15===> API : null ===> Message : validateRequest() invoked
info: ===> TimeStamp : 2025-08-26 15:37:15===> API : null ===> Message : fetchDBSettings()
info: ===> TimeStamp : 2025-08-26 15:37:15===> API : null ===> Message : validateRequest() Invoked!
info: ===> TimeStamp : 2025-08-26 15:37:15===> API : null ===> Message : validateRequest() invoked
info: ===> TimeStamp : 2025-08-26 15:37:15===> API : null ===> Message : fetchDBSettings()
info: ===> TimeStamp : 2025-08-26 15:37:15===> API : null ===> Message : validateRequest() Invoked!
info: ===> TimeStamp : 2025-08-26 15:37:15===> API : null ===> Message : validateRequest() Invoked!
info: ===> TimeStamp : 2025-08-26 15:37:15===> API : null ===> Message : validateRequest() Invoked!
info: ===> TimeStamp : 2025-08-26 15:37:15===> API : null ===> Message : validRequest() :: Api validated Successfully
info: ===> TimeStamp : 2025-08-26 15:37:15===> API : /api/billing/getBillingDetails?billId=0&userId=0&billingDate=2025-08-26&shiftId=0&isBookingWebsite=0&futureDate=&fromDate=&toDate= ===> Message : getBillingDetails() invoked!!
info: ===> TimeStamp : 2025-08-26 15:37:15===> API : /api/billing/getBillingDetails?billId=0&userId=0&billingDate=2025-08-26&shiftId=0&isBookingWebsite=0&futureDate=&fromDate=&toDate= ===> Message : getBilliDetailsByBillDate() :: DB :: Invoked !
info: ===> TimeStamp : 2025-08-26 15:37:15===> API : null ===> Message : validRequest() :: Api validated Successfully
info: ===> TimeStamp : 2025-08-26 15:37:15===> API : /api/billing/fetchVoidBill ===> Message : fetchVoidBill() invoked!!
info: ===> TimeStamp : 2025-08-26 15:37:15===> API : /api/billing/fetchVoidBill ===> Message : fetchVoidBill() :: DB :: Invoked !
info: ===> TimeStamp : 2025-08-26 15:37:15===> API : /api/billing/getBillingDetails?billId=0&userId=0&billingDate=2025-08-26&shiftId=0&isBookingWebsite=0&futureDate=&fromDate=&toDate= ===> Message : getBillingDetailsResponse() invoked!
info: ===> TimeStamp : 2025-08-26 15:37:15===> API : /api/billing/getBillingDetails?billId=0&userId=0&billingDate=2025-08-26&shiftId=0&isBookingWebsite=0&futureDate=&fromDate=&toDate= ===> Message : getBillingDetailsResponse() completed
info: ===> TimeStamp : 2025-08-26 15:37:15===> API : null ===> Message : validRequest() :: Api validated Successfully
info: ===> TimeStamp : 2025-08-26 15:37:15===> API : /api/billing/noShowGuestList ===> Message : noShowGuestList() invoked!!
info: ===> TimeStamp : 2025-08-26 15:37:15===> API : /api/billing/noShowGuestList ===> Message : noShowGuestList() :: DB :: Invoked !
info: ===> TimeStamp : 2025-08-26 15:37:15===> API : null ===> Message : validRequest() :: Api validated Successfully
info: ===> TimeStamp : 2025-08-26 15:37:15===> API : /api/billing/getBillingDetails?billId=0&userId=0&billingDate=2025-08-26&shiftId=0&isBookingWebsite=0&futureDate=2025-08-26&fromDate=&toDate= ===> Message : getBillingDetails() invoked!!
info: ===> TimeStamp : 2025-08-26 15:37:15===> API : null ===> Message : validateRequest() invoked
info: ===> TimeStamp : 2025-08-26 15:37:15===> API : null ===> Message : fetchDBSettings()
info: ===> TimeStamp : 2025-08-26 15:37:15===> API : null ===> Message : validateRequest() Invoked!
info: ===> TimeStamp : 2025-08-26 15:37:15===> API : null ===> Message : validRequest() :: Api validated Successfully
info: ===> TimeStamp : 2025-08-26 15:37:15===> API : /api/billing/getBillingDetails?billId=0&userId=0&billingDate=2025-08-26&shiftId=0&isBookingWebsite=0&futureDate=&fromDate=&toDate= ===> Message : getBillingDetails() invoked!!
info: ===> TimeStamp : 2025-08-26 15:37:15===> API : /api/billing/getBillingDetails?billId=0&userId=0&billingDate=2025-08-26&shiftId=0&isBookingWebsite=0&futureDate=&fromDate=&toDate= ===> Message : getBilliDetailsByBillDate() :: DB :: Invoked !
info: ===> TimeStamp : 2025-08-26 15:37:15===> API : /api/billing/getBillingDetails?billId=0&userId=0&billingDate=2025-08-26&shiftId=0&isBookingWebsite=0&futureDate=&fromDate=&toDate= ===> Message : getBillingDetailsResponse() invoked!
info: ===> TimeStamp : 2025-08-26 15:37:15===> API : /api/billing/getBillingDetails?billId=0&userId=0&billingDate=2025-08-26&shiftId=0&isBookingWebsite=0&futureDate=&fromDate=&toDate= ===> Message : getBillingDetailsResponse() completed
info: ===> TimeStamp : 2025-08-26 15:37:16===> API : /api/billing/fetchVoidBill ===> Message : fetchVoidBillResponse() invoked!
info: ===> TimeStamp : 2025-08-26 15:37:16===> API : /api/billing/fetchVoidBill ===> Message : fetchVoidBillResponse() completed
info: ===> TimeStamp : 2025-08-26 15:37:16===> API : /api/billing/noShowGuestList ===> Message : noShowGuestListResponse() invoked!
info: ===> TimeStamp : 2025-08-26 15:37:16===> API : /api/billing/noShowGuestList ===> Message : noShowGuestListResponse() completed
info: ===> TimeStamp : 2025-08-26 15:37:16===> API : null ===> Message : validateRequest() invoked
info: ===> TimeStamp : 2025-08-26 15:37:16===> API : null ===> Message : fetchDBSettings()
info: ===> TimeStamp : 2025-08-26 15:37:16===> API : null ===> Message : validateRequest() Invoked!
info: ===> TimeStamp : 2025-08-26 15:37:16===> API : null ===> Message : validRequest() :: Api validated Successfully
info: ===> TimeStamp : 2025-08-26 15:37:16===> API : /api/billing/noShowGuestList ===> Message : noShowGuestList() invoked!!
info: ===> TimeStamp : 2025-08-26 15:37:16===> API : /api/billing/noShowGuestList ===> Message : noShowGuestList() :: DB :: Invoked !
info: ===> TimeStamp : 2025-08-26 15:37:16===> API : /api/billing/noShowGuestList ===> Message : noShowGuestListResponse() invoked!
info: ===> TimeStamp : 2025-08-26 15:37:16===> API : /api/billing/noShowGuestList ===> Message : noShowGuestListResponse() completed
info: ===> TimeStamp : 2025-08-26 15:52:35===> API : null ===> Message : validateRequest() invoked
info: ===> TimeStamp : 2025-08-26 15:52:35===> API : null ===> Message : fetchDBSettings()
info: ===> TimeStamp : 2025-08-26 15:52:35===> API : null ===> Message : validateRequest() invoked
info: ===> TimeStamp : 2025-08-26 15:52:35===> API : null ===> Message : fetchDBSettings()
info: ===> TimeStamp : 2025-08-26 15:52:35===> API : null ===> Message : validateRequest() invoked
info: ===> TimeStamp : 2025-08-26 15:52:35===> API : null ===> Message : fetchDBSettings()
info: ===> TimeStamp : 2025-08-26 15:52:35===> API : null ===> Message : validateRequest() invoked
info: ===> TimeStamp : 2025-08-26 15:52:35===> API : null ===> Message : fetchDBSettings()
info: ===> TimeStamp : 2025-08-26 15:52:35===> API : null ===> Message : validateRequest() Invoked!
info: ===> TimeStamp : 2025-08-26 15:52:35===> API : null ===> Message : validateRequest() Invoked!
info: ===> TimeStamp : 2025-08-26 15:52:35===> API : null ===> Message : validateRequest() Invoked!
info: ===> TimeStamp : 2025-08-26 15:52:35===> API : null ===> Message : validateRequest() Invoked!
info: ===> TimeStamp : 2025-08-26 15:52:35===> API : null ===> Message : validRequest() :: Api validated Successfully
info: ===> TimeStamp : 2025-08-26 15:52:35===> API : /api/billing/getBillingDetails?billId=0&userId=0&billingDate=2025-08-26&shiftId=0&isBookingWebsite=0&futureDate=&fromDate=&toDate= ===> Message : getBillingDetails() invoked!!
info: ===> TimeStamp : 2025-08-26 15:52:35===> API : /api/billing/getBillingDetails?billId=0&userId=0&billingDate=2025-08-26&shiftId=0&isBookingWebsite=0&futureDate=&fromDate=&toDate= ===> Message : getBilliDetailsByBillDate() :: DB :: Invoked !
info: ===> TimeStamp : 2025-08-26 15:52:35===> API : null ===> Message : validRequest() :: Api validated Successfully
info: ===> TimeStamp : 2025-08-26 15:52:35===> API : /api/billing/noShowGuestList ===> Message : noShowGuestList() :: DB :: Invoked !
info: ===> TimeStamp : 2025-08-26 15:52:35===> API : /api/billing/noShowGuestList ===> Message : noShowGuestList() invoked!!
info: ===> TimeStamp : 2025-08-26 15:52:35===> API : null ===> Message : validRequest() :: Api validated Successfully
info: ===> TimeStamp : 2025-08-26 15:52:35===> API : /api/billing/fetchVoidBill ===> Message : fetchVoidBill() invoked!!
info: ===> TimeStamp : 2025-08-26 15:52:35===> API : /api/billing/fetchVoidBill ===> Message : fetchVoidBill() :: DB :: Invoked !
info: ===> TimeStamp : 2025-08-26 15:52:35===> API : null ===> Message : validRequest() :: Api validated Successfully
info: ===> TimeStamp : 2025-08-26 15:52:35===> API : /api/billing/getBillingDetails?billId=0&userId=0&billingDate=2025-08-26&shiftId=0&isBookingWebsite=0&futureDate=2025-08-26&fromDate=&toDate= ===> Message : getBillingDetails() invoked!!
info: ===> TimeStamp : 2025-08-26 15:52:35===> API : /api/billing/getBillingDetails?billId=0&userId=0&billingDate=2025-08-26&shiftId=0&isBookingWebsite=0&futureDate=&fromDate=&toDate= ===> Message : getBillingDetailsResponse() completed
info: ===> TimeStamp : 2025-08-26 15:52:35===> API : /api/billing/getBillingDetails?billId=0&userId=0&billingDate=2025-08-26&shiftId=0&isBookingWebsite=0&futureDate=&fromDate=&toDate= ===> Message : getBillingDetailsResponse() invoked!
info: ===> TimeStamp : 2025-08-26 15:52:35===> API : null ===> Message : validateRequest() invoked
info: ===> TimeStamp : 2025-08-26 15:52:35===> API : null ===> Message : fetchDBSettings()
info: ===> TimeStamp : 2025-08-26 15:52:35===> API : null ===> Message : validateRequest() Invoked!
info: ===> TimeStamp : 2025-08-26 15:52:35===> API : null ===> Message : validRequest() :: Api validated Successfully
info: ===> TimeStamp : 2025-08-26 15:52:35===> API : /api/billing/getBillingDetails?billId=0&userId=0&billingDate=2025-08-26&shiftId=0&isBookingWebsite=0&futureDate=&fromDate=&toDate= ===> Message : getBillingDetails() invoked!!
info: ===> TimeStamp : 2025-08-26 15:52:35===> API : /api/billing/getBillingDetails?billId=0&userId=0&billingDate=2025-08-26&shiftId=0&isBookingWebsite=0&futureDate=&fromDate=&toDate= ===> Message : getBilliDetailsByBillDate() :: DB :: Invoked !
info: ===> TimeStamp : 2025-08-26 15:52:35===> API : /api/billing/getBillingDetails?billId=0&userId=0&billingDate=2025-08-26&shiftId=0&isBookingWebsite=0&futureDate=&fromDate=&toDate= ===> Message : getBillingDetailsResponse() invoked!
info: ===> TimeStamp : 2025-08-26 15:52:35===> API : /api/billing/getBillingDetails?billId=0&userId=0&billingDate=2025-08-26&shiftId=0&isBookingWebsite=0&futureDate=&fromDate=&toDate= ===> Message : getBillingDetailsResponse() completed
info: ===> TimeStamp : 2025-08-26 15:52:36===> API : /api/billing/noShowGuestList ===> Message : noShowGuestListResponse() invoked!
info: ===> TimeStamp : 2025-08-26 15:52:36===> API : /api/billing/noShowGuestList ===> Message : noShowGuestListResponse() completed
info: ===> TimeStamp : 2025-08-26 15:52:36===> API : null ===> Message : validateRequest() invoked
info: ===> TimeStamp : 2025-08-26 15:52:36===> API : null ===> Message : fetchDBSettings()
info: ===> TimeStamp : 2025-08-26 15:52:36===> API : null ===> Message : validateRequest() Invoked!
info: ===> TimeStamp : 2025-08-26 15:52:36===> API : null ===> Message : validRequest() :: Api validated Successfully
info: ===> TimeStamp : 2025-08-26 15:52:36===> API : /api/billing/noShowGuestList ===> Message : noShowGuestList() invoked!!
info: ===> TimeStamp : 2025-08-26 15:52:36===> API : /api/billing/noShowGuestList ===> Message : noShowGuestList() :: DB :: Invoked !
info: ===> TimeStamp : 2025-08-26 15:52:36===> API : /api/billing/fetchVoidBill ===> Message : fetchVoidBillResponse() invoked!
info: ===> TimeStamp : 2025-08-26 15:52:36===> API : /api/billing/fetchVoidBill ===> Message : fetchVoidBillResponse() completed
info: ===> TimeStamp : 2025-08-26 15:52:37===> API : null ===> Message : validateRequest() invoked
info: ===> TimeStamp : 2025-08-26 15:52:37===> API : null ===> Message : fetchDBSettings()
info: ===> TimeStamp : 2025-08-26 15:52:37===> API : null ===> Message : validateRequest() Invoked!
info: ===> TimeStamp : 2025-08-26 15:52:37===> API : null ===> Message : validRequest() :: Api validated Successfully
info: ===> TimeStamp : 2025-08-26 15:52:37===> API : /api/billing/getBillingDetails?billId=0&userId=0&billingDate=2025-08-26&shiftId=0&isBookingWebsite=0&futureDate=&fromDate=&toDate= ===> Message : getBilliDetailsByBillDate() :: DB :: Invoked !
info: ===> TimeStamp : 2025-08-26 15:52:37===> API : /api/billing/getBillingDetails?billId=0&userId=0&billingDate=2025-08-26&shiftId=0&isBookingWebsite=0&futureDate=&fromDate=&toDate= ===> Message : getBillingDetails() invoked!!
info: ===> TimeStamp : 2025-08-26 15:52:37===> API : /api/billing/getBillingDetails?billId=0&userId=0&billingDate=2025-08-26&shiftId=0&isBookingWebsite=0&futureDate=&fromDate=&toDate= ===> Message : getBillingDetailsResponse() invoked!
info: ===> TimeStamp : 2025-08-26 15:52:37===> API : /api/billing/getBillingDetails?billId=0&userId=0&billingDate=2025-08-26&shiftId=0&isBookingWebsite=0&futureDate=&fromDate=&toDate= ===> Message : getBillingDetailsResponse() completed
info: ===> TimeStamp : 2025-08-26 15:52:37===> API : /api/billing/noShowGuestList ===> Message : noShowGuestListResponse() invoked!
info: ===> TimeStamp : 2025-08-26 15:52:37===> API : /api/billing/noShowGuestList ===> Message : noShowGuestListResponse() completed
info: ===> TimeStamp : 2025-08-26 15:52:38===> API : null ===> Message : validateRequest() invoked
info: ===> TimeStamp : 2025-08-26 15:52:38===> API : null ===> Message : fetchDBSettings()
info: ===> TimeStamp : 2025-08-26 15:52:38===> API : null ===> Message : validateRequest() Invoked!
info: ===> TimeStamp : 2025-08-26 15:52:39===> API : null ===> Message : validRequest() :: Api validated Successfully
info: ===> TimeStamp : 2025-08-26 15:52:39===> API : /api/billing/getBillingDetails?billId=0&userId=0&billingDate=2025-08-26&shiftId=2&isBookingWebsite=0&futureDate=&fromDate=&toDate= ===> Message : getBillingDetails() invoked!!
info: ===> TimeStamp : 2025-08-26 15:52:39===> API : /api/billing/getBillingDetails?billId=0&userId=0&billingDate=2025-08-26&shiftId=2&isBookingWebsite=0&futureDate=&fromDate=&toDate= ===> Message : getBilliDetailsByShift() :: DB :: Invoked !
info: ===> TimeStamp : 2025-08-26 15:52:39===> API : /api/billing/getBillingDetails?billId=0&userId=0&billingDate=2025-08-26&shiftId=2&isBookingWebsite=0&futureDate=&fromDate=&toDate= ===> Message : getBillingDetailsResponse() invoked!
info: ===> TimeStamp : 2025-08-26 15:52:39===> API : /api/billing/getBillingDetails?billId=0&userId=0&billingDate=2025-08-26&shiftId=2&isBookingWebsite=0&futureDate=&fromDate=&toDate= ===> Message : getBillingDetailsResponse() completed
info: ===> TimeStamp : 2025-08-26 15:52:39===> API : null ===> Message : validateRequest() invoked
info: ===> TimeStamp : 2025-08-26 15:52:39===> API : null ===> Message : fetchDBSettings()
info: ===> TimeStamp : 2025-08-26 15:52:39===> API : null ===> Message : validateRequest() Invoked!
info: ===> TimeStamp : 2025-08-26 15:52:40===> API : null ===> Message : validRequest() :: Api validated Successfully
info: ===> TimeStamp : 2025-08-26 15:52:40===> API : /api/billing/generateCSVReport ===> Message : generateReports() invoked!!
info: ===> TimeStamp : 2025-08-26 15:52:40===> API : /api/billing/generateCSVReport ===> Message : generateReportsByShift() :: DB :: Invoked !
info: ===> TimeStamp : 2025-08-26 15:52:40===> API : /api/billing/generateCSVReport ===> Message : uploadReportFile() :: DB :: Invoked !
info: ===> TimeStamp : 2025-08-26 15:52:40===> API : /api/billing/generateCSVReport ===> Message : generateReportsResponse() invoked!
info: ===> TimeStamp : 2025-08-26 15:52:40===> API : /api/billing/generateCSVReport ===> Message : generateReportsResponse() completed
info: ===> TimeStamp : 2025-08-26 15:52:57===> API : null ===> Message : validateRequest() invoked
info: ===> TimeStamp : 2025-08-26 15:52:57===> API : null ===> Message : fetchDBSettings()
info: ===> TimeStamp : 2025-08-26 15:52:57===> API : null ===> Message : validateRequest() Invoked!
info: ===> TimeStamp : 2025-08-26 15:52:57===> API : null ===> Message : validRequest() :: Api validated Successfully
info: ===> TimeStamp : 2025-08-26 15:52:57===> API : /api/billing/getBillingDetails?billId=0&userId=0&billingDate=2025-08-26&shiftId=0&isBookingWebsite=0&futureDate=2025-08-26&fromDate=&toDate= ===> Message : getBillingDetails() invoked!!
info: ===> TimeStamp : 2025-08-26 16:03:24===> API : null ===> Message : validateRequest() invoked
info: ===> TimeStamp : 2025-08-26 16:03:24===> API : null ===> Message : fetchDBSettings()
info: ===> TimeStamp : 2025-08-26 16:03:25===> API : null ===> Message : validateRequest() invoked
info: ===> TimeStamp : 2025-08-26 16:03:25===> API : null ===> Message : fetchDBSettings()
info: ===> TimeStamp : 2025-08-26 16:03:25===> API : null ===> Message : validateRequest() invoked
info: ===> TimeStamp : 2025-08-26 16:03:25===> API : null ===> Message : fetchDBSettings()
info: ===> TimeStamp : 2025-08-26 16:03:25===> API : null ===> Message : validateRequest() invoked
info: ===> TimeStamp : 2025-08-26 16:03:25===> API : null ===> Message : fetchDBSettings()
info: ===> TimeStamp : 2025-08-26 16:03:25===> API : null ===> Message : validateRequest() Invoked!
info: ===> TimeStamp : 2025-08-26 16:03:25===> API : null ===> Message : validateRequest() Invoked!
info: ===> TimeStamp : 2025-08-26 16:03:25===> API : null ===> Message : validateRequest() Invoked!
info: ===> TimeStamp : 2025-08-26 16:03:25===> API : null ===> Message : validateRequest() Invoked!
info: ===> TimeStamp : 2025-08-26 16:03:25===> API : null ===> Message : validRequest() :: Api validated Successfully
info: ===> TimeStamp : 2025-08-26 16:03:25===> API : /api/billing/getBillingDetails?billId=0&userId=0&billingDate=2025-08-26&shiftId=0&isBookingWebsite=0&futureDate=2025-08-26&fromDate=&toDate= ===> Message : getBillingDetails() invoked!!
info: ===> TimeStamp : 2025-08-26 16:03:25===> API : null ===> Message : validRequest() :: Api validated Successfully
info: ===> TimeStamp : 2025-08-26 16:03:25===> API : /api/billing/noShowGuestList ===> Message : noShowGuestList() invoked!!
info: ===> TimeStamp : 2025-08-26 16:03:25===> API : /api/billing/noShowGuestList ===> Message : noShowGuestList() :: DB :: Invoked !
info: ===> TimeStamp : 2025-08-26 16:03:25===> API : null ===> Message : validRequest() :: Api validated Successfully
info: ===> TimeStamp : 2025-08-26 16:03:25===> API : /api/billing/fetchVoidBill ===> Message : fetchVoidBill() invoked!!
info: ===> TimeStamp : 2025-08-26 16:03:25===> API : /api/billing/fetchVoidBill ===> Message : fetchVoidBill() :: DB :: Invoked !
info: ===> TimeStamp : 2025-08-26 16:03:25===> API : null ===> Message : validRequest() :: Api validated Successfully
info: ===> TimeStamp : 2025-08-26 16:03:25===> API : /api/billing/getBillingDetails?billId=0&userId=0&billingDate=2025-08-26&shiftId=0&isBookingWebsite=0&futureDate=&fromDate=&toDate= ===> Message : getBillingDetails() invoked!!
info: ===> TimeStamp : 2025-08-26 16:03:25===> API : /api/billing/getBillingDetails?billId=0&userId=0&billingDate=2025-08-26&shiftId=0&isBookingWebsite=0&futureDate=&fromDate=&toDate= ===> Message : getBilliDetailsByBillDate() :: DB :: Invoked !
info: ===> TimeStamp : 2025-08-26 16:03:25===> API : /api/billing/getBillingDetails?billId=0&userId=0&billingDate=2025-08-26&shiftId=0&isBookingWebsite=0&futureDate=&fromDate=&toDate= ===> Message : getBillingDetailsResponse() invoked!
info: ===> TimeStamp : 2025-08-26 16:03:25===> API : /api/billing/getBillingDetails?billId=0&userId=0&billingDate=2025-08-26&shiftId=0&isBookingWebsite=0&futureDate=&fromDate=&toDate= ===> Message : getBillingDetailsResponse() completed
info: ===> TimeStamp : 2025-08-26 16:03:25===> API : null ===> Message : validateRequest() invoked
info: ===> TimeStamp : 2025-08-26 16:03:25===> API : null ===> Message : fetchDBSettings()
info: ===> TimeStamp : 2025-08-26 16:03:25===> API : null ===> Message : validateRequest() Invoked!
info: ===> TimeStamp : 2025-08-26 16:03:25===> API : null ===> Message : validRequest() :: Api validated Successfully
info: ===> TimeStamp : 2025-08-26 16:03:25===> API : /api/billing/getBillingDetails?billId=0&userId=0&billingDate=2025-08-26&shiftId=0&isBookingWebsite=0&futureDate=&fromDate=&toDate= ===> Message : getBillingDetails() invoked!!
info: ===> TimeStamp : 2025-08-26 16:03:25===> API : /api/billing/getBillingDetails?billId=0&userId=0&billingDate=2025-08-26&shiftId=0&isBookingWebsite=0&futureDate=&fromDate=&toDate= ===> Message : getBilliDetailsByBillDate() :: DB :: Invoked !
info: ===> TimeStamp : 2025-08-26 16:03:25===> API : /api/billing/getBillingDetails?billId=0&userId=0&billingDate=2025-08-26&shiftId=0&isBookingWebsite=0&futureDate=&fromDate=&toDate= ===> Message : getBillingDetailsResponse() invoked!
info: ===> TimeStamp : 2025-08-26 16:03:25===> API : /api/billing/getBillingDetails?billId=0&userId=0&billingDate=2025-08-26&shiftId=0&isBookingWebsite=0&futureDate=&fromDate=&toDate= ===> Message : getBillingDetailsResponse() completed
info: ===> TimeStamp : 2025-08-26 16:03:26===> API : null ===> Message : validateRequest() invoked
info: ===> TimeStamp : 2025-08-26 16:03:26===> API : null ===> Message : fetchDBSettings()
info: ===> TimeStamp : 2025-08-26 16:03:26===> API : null ===> Message : validateRequest() Invoked!
info: ===> TimeStamp : 2025-08-26 16:03:26===> API : null ===> Message : validRequest() :: Api validated Successfully
info: ===> TimeStamp : 2025-08-26 16:03:26===> API : /api/billing/getBillingDetails?billId=0&userId=0&billingDate=2025-08-26&shiftId=0&isBookingWebsite=0&futureDate=&fromDate=&toDate= ===> Message : getBillingDetails() invoked!!
info: ===> TimeStamp : 2025-08-26 16:03:26===> API : /api/billing/getBillingDetails?billId=0&userId=0&billingDate=2025-08-26&shiftId=0&isBookingWebsite=0&futureDate=&fromDate=&toDate= ===> Message : getBilliDetailsByBillDate() :: DB :: Invoked !
info: ===> TimeStamp : 2025-08-26 16:03:27===> API : null ===> Message : startAuthServer Invoked()
info: ===> TimeStamp : 2025-08-26 16:03:27===> API : null ===> Message : BILLING SERVER running on port 9018
info: ===> TimeStamp : 2025-08-26 16:03:29===> API : null ===> Message : validateRequest() invoked
info: ===> TimeStamp : 2025-08-26 16:03:29===> API : null ===> Message : fetchDBSettings()
info: ===> TimeStamp : 2025-08-26 16:03:29===> API : null ===> Message : validateRequest() Invoked!
info: ===> TimeStamp : 2025-08-26 16:03:29===> API : null ===> Message : validRequest() :: Api validated Successfully
info: ===> TimeStamp : 2025-08-26 16:03:29===> API : /api/billing/generateCSVReport ===> Message : generateReports() invoked!!
info: ===> TimeStamp : 2025-08-26 16:03:29===> API : /api/billing/generateCSVReport ===> Message : generateReportsByShift() :: DB :: Invoked !
info: ===> TimeStamp : 2025-08-26 16:03:30===> API : /api/billing/generateCSVReport ===> Message : uploadReportFile() :: DB :: Invoked !
info: ===> TimeStamp : 2025-08-26 16:03:30===> API : /api/billing/generateCSVReport ===> Message : generateReportsResponse() invoked!
info: ===> TimeStamp : 2025-08-26 16:03:30===> API : /api/billing/generateCSVReport ===> Message : generateReportsResponse() completed
info: ===> TimeStamp : 2025-08-26 16:11:41===> API : null ===> Message : validateRequest() invoked
info: ===> TimeStamp : 2025-08-26 16:11:41===> API : null ===> Message : fetchDBSettings()
info: ===> TimeStamp : 2025-08-26 16:11:41===> API : null ===> Message : validateRequest() Invoked!
info: ===> TimeStamp : 2025-08-26 16:11:41===> API : null ===> Message : validRequest() :: Api validated Successfully
info: ===> TimeStamp : 2025-08-26 16:11:41===> API : /api/billing/generateCSVReport ===> Message : generateReports() invoked!!
info: ===> TimeStamp : 2025-08-26 16:11:41===> API : /api/billing/generateCSVReport ===> Message : generateReportsByShift() :: DB :: Invoked !
info: ===> TimeStamp : 2025-08-26 16:11:41===> API : /api/billing/generateCSVReport ===> Message : uploadReportFile() :: DB :: Invoked !
info: ===> TimeStamp : 2025-08-26 16:11:41===> API : /api/billing/generateCSVReport ===> Message : generateReportsResponse() invoked!
info: ===> TimeStamp : 2025-08-26 16:11:41===> API : /api/billing/generateCSVReport ===> Message : generateReportsResponse() completed
info: ===> TimeStamp : 2025-08-26 16:17:32===> API : null ===> Message : validateRequest() invoked
info: ===> TimeStamp : 2025-08-26 16:17:32===> API : null ===> Message : fetchDBSettings()
info: ===> TimeStamp : 2025-08-26 16:17:32===> API : null ===> Message : validateRequest() Invoked!
info: ===> TimeStamp : 2025-08-26 16:17:32===> API : null ===> Message : validRequest() :: Api validated Successfully
info: ===> TimeStamp : 2025-08-26 16:17:32===> API : /api/billing/addBillingDetails ===> Message : addBillingDetails() invoked!!
info: ===> TimeStamp : 2025-08-26 16:17:32===> API : /api/billing/addBillingDetails ===> Message : getPackageItemDetails() :: DB :: Invoked !
info: ===> TimeStamp : 2025-08-26 16:17:32===> API : /api/billing/addBillingDetails ===> Message : newBooking() :: DB :: Invoked !
info: ===> TimeStamp : 2025-08-26 16:17:32===> API : /api/billing/addBillingDetails ===> Message : newBooking() :: DB :: Invoked !
info: ===> TimeStamp : 2025-08-26 16:17:34===> API : /api/billing/addBillingDetails ===> Message : newBooking() :: DB :: Invoked !
info: ===> TimeStamp : 2025-08-26 16:17:34===> API : /api/billing/addBillingDetails ===> Message : newBooking() :: DB :: Invoked !
info: ===> TimeStamp : 2025-08-26 16:17:35===> API : /api/billing/addBillingDetails ===> Message : addBillingDetailsResponse() invoked!
info: ===> TimeStamp : 2025-08-26 16:17:35===> API : /api/billing/addBillingDetails ===> Message : addBillingDetailsResponse() completed
info: ===> TimeStamp : 2025-08-26 16:17:35===> API : null ===> Message : validateRequest() invoked
info: ===> TimeStamp : 2025-08-26 16:17:35===> API : null ===> Message : fetchDBSettings()
info: ===> TimeStamp : 2025-08-26 16:17:35===> API : null ===> Message : validateRequest() Invoked!
info: ===> TimeStamp : 2025-08-26 16:17:35===> API : null ===> Message : validRequest() :: Api validated Successfully
info: ===> TimeStamp : 2025-08-26 16:17:35===> API : /api/billing/updateItemDetailsBill ===> Message : updateItemDetailsBill() invoked!!
info: ===> TimeStamp : 2025-08-26 16:17:35===> API : /api/billing/updateItemDetailsBill ===> Message : updateItemDetailsBill() :: DB :: Invoked !
info: ===> TimeStamp : 2025-08-26 16:17:35===> API : /api/billing/updateItemDetailsBill ===> Message : updateItemDetailsBillResponse() invoked!
info: ===> TimeStamp : 2025-08-26 16:17:35===> API : /api/billing/updateItemDetailsBill ===> Message : updateItemDetailsBillResponse() completed
info: ===> TimeStamp : 2025-08-26 16:17:37===> API : null ===> Message : validateRequest() invoked
info: ===> TimeStamp : 2025-08-26 16:17:37===> API : null ===> Message : fetchDBSettings()
info: ===> TimeStamp : 2025-08-26 16:17:37===> API : null ===> Message : validateRequest() Invoked!
info: ===> TimeStamp : 2025-08-26 16:17:37===> API : null ===> Message : validRequest() :: Api validated Successfully
info: ===> TimeStamp : 2025-08-26 16:17:37===> API : /api/billing/uploadBillFile ===> Message : uploadBillFile() invoked!!
info: ===> TimeStamp : 2025-08-26 16:17:37===> API : /api/billing/uploadBillFile ===> Message : uploadBillFile() :: DB :: Invoked !
info: ===> TimeStamp : 2025-08-26 16:17:37===> API : /api/billing/uploadBillFile ===> Message : uploadBillFileResponse() invoked!
info: ===> TimeStamp : 2025-08-26 16:17:37===> API : /api/billing/uploadBillFile ===> Message : uploadBillFileResponse() completed
info: ===> TimeStamp : 2025-08-26 16:17:40===> API : null ===> Message : validateRequest() invoked
info: ===> TimeStamp : 2025-08-26 16:17:40===> API : null ===> Message : fetchDBSettings()
info: ===> TimeStamp : 2025-08-26 16:17:40===> API : null ===> Message : validateRequest() Invoked!
info: ===> TimeStamp : 2025-08-26 16:17:40===> API : null ===> Message : validRequest() :: Api validated Successfully
info: ===> TimeStamp : 2025-08-26 16:17:40===> API : /api/billing/uploadBillFile ===> Message : uploadBillFile() invoked!!
info: ===> TimeStamp : 2025-08-26 16:17:40===> API : /api/billing/uploadBillFile ===> Message : uploadBillFile() :: DB :: Invoked !
info: ===> TimeStamp : 2025-08-26 16:17:40===> API : /api/billing/uploadBillFile ===> Message : uploadBillFileResponse() invoked!
info: ===> TimeStamp : 2025-08-26 16:17:40===> API : /api/billing/uploadBillFile ===> Message : uploadBillFileResponse() completed
info: ===> TimeStamp : 2025-08-26 16:17:40===> API : null ===> Message : validateRequest() invoked
info: ===> TimeStamp : 2025-08-26 16:17:40===> API : null ===> Message : fetchDBSettings()
info: ===> TimeStamp : 2025-08-26 16:17:40===> API : null ===> Message : validateRequest() Invoked!
info: ===> TimeStamp : 2025-08-26 16:17:40===> API : null ===> Message : validRequest() :: Api validated Successfully
info: ===> TimeStamp : 2025-08-26 16:17:40===> API : /api/billing/sendBillMail ===> Message : sendBillMail() invoked!!
info: ===> TimeStamp : 2025-08-26 16:17:43===> API : /api/billing/sendBillMail ===> Message : notifySellers() :: Email sent :: Success :: 250 2.0.0 OK  1756205263 98e67ed59e1d1-3254aa4fa20sm9662853a91.17 - gsmtp !
info: ===> TimeStamp : 2025-08-26 16:17:43===> API : /api/billing/sendBillMail ===> Message : sendBillMailResponse() invoked!
info: ===> TimeStamp : 2025-08-26 16:17:43===> API : /api/billing/sendBillMail ===> Message : sendBillMailResponse() completed
info: ===> TimeStamp : 2025-08-26 16:21:29===> API : null ===> Message : validateRequest() invoked
info: ===> TimeStamp : 2025-08-26 16:21:29===> API : null ===> Message : fetchDBSettings()
info: ===> TimeStamp : 2025-08-26 16:21:29===> API : null ===> Message : validateRequest() Invoked!
info: ===> TimeStamp : 2025-08-26 16:21:29===> API : null ===> Message : validRequest() :: Api validated Successfully
info: ===> TimeStamp : 2025-08-26 16:21:29===> API : /api/billing/addBillingDetails ===> Message : addBillingDetails() invoked!!
info: ===> TimeStamp : 2025-08-26 16:21:29===> API : /api/billing/addBillingDetails ===> Message : getPackageItemDetails() :: DB :: Invoked !
info: ===> TimeStamp : 2025-08-26 16:21:29===> API : /api/billing/addBillingDetails ===> Message : newBooking() :: DB :: Invoked !
info: ===> TimeStamp : 2025-08-26 16:21:29===> API : /api/billing/addBillingDetails ===> Message : newBooking() :: DB :: Invoked !
info: ===> TimeStamp : 2025-08-26 16:21:31===> API : /api/billing/addBillingDetails ===> Message : newBooking() :: DB :: Invoked !
info: ===> TimeStamp : 2025-08-26 16:21:31===> API : /api/billing/addBillingDetails ===> Message : newBooking() :: DB :: Invoked !
info: ===> TimeStamp : 2025-08-26 16:21:32===> API : /api/billing/addBillingDetails ===> Message : addBillingDetailsResponse() invoked!
info: ===> TimeStamp : 2025-08-26 16:21:32===> API : /api/billing/addBillingDetails ===> Message : addBillingDetailsResponse() completed
info: ===> TimeStamp : 2025-08-26 16:21:33===> API : null ===> Message : validateRequest() invoked
info: ===> TimeStamp : 2025-08-26 16:21:33===> API : null ===> Message : fetchDBSettings()
info: ===> TimeStamp : 2025-08-26 16:21:33===> API : null ===> Message : validateRequest() Invoked!
info: ===> TimeStamp : 2025-08-26 16:21:33===> API : null ===> Message : validRequest() :: Api validated Successfully
info: ===> TimeStamp : 2025-08-26 16:21:33===> API : /api/billing/updateItemDetailsBill ===> Message : updateItemDetailsBill() invoked!!
info: ===> TimeStamp : 2025-08-26 16:21:33===> API : /api/billing/updateItemDetailsBill ===> Message : updateItemDetailsBill() :: DB :: Invoked !
info: ===> TimeStamp : 2025-08-26 16:21:33===> API : /api/billing/updateItemDetailsBill ===> Message : updateItemDetailsBillResponse() invoked!
info: ===> TimeStamp : 2025-08-26 16:21:33===> API : /api/billing/updateItemDetailsBill ===> Message : updateItemDetailsBillResponse() completed
info: ===> TimeStamp : 2025-08-26 16:21:33===> API : null ===> Message : validateRequest() invoked
info: ===> TimeStamp : 2025-08-26 16:21:33===> API : null ===> Message : fetchDBSettings()
info: ===> TimeStamp : 2025-08-26 16:21:34===> API : null ===> Message : validateRequest() Invoked!
info: ===> TimeStamp : 2025-08-26 16:21:34===> API : null ===> Message : validRequest() :: Api validated Successfully
info: ===> TimeStamp : 2025-08-26 16:21:34===> API : /api/billing/uploadBillFile ===> Message : uploadBillFile() invoked!!
info: ===> TimeStamp : 2025-08-26 16:21:34===> API : /api/billing/uploadBillFile ===> Message : uploadBillFile() :: DB :: Invoked !
info: ===> TimeStamp : 2025-08-26 16:21:34===> API : /api/billing/uploadBillFile ===> Message : uploadBillFileResponse() invoked!
info: ===> TimeStamp : 2025-08-26 16:21:34===> API : /api/billing/uploadBillFile ===> Message : uploadBillFileResponse() completed
info: ===> TimeStamp : 2025-08-26 16:21:35===> API : null ===> Message : validateRequest() invoked
info: ===> TimeStamp : 2025-08-26 16:21:35===> API : null ===> Message : fetchDBSettings()
info: ===> TimeStamp : 2025-08-26 16:21:35===> API : null ===> Message : validateRequest() Invoked!
info: ===> TimeStamp : 2025-08-26 16:21:35===> API : null ===> Message : validRequest() :: Api validated Successfully
info: ===> TimeStamp : 2025-08-26 16:21:35===> API : /api/billing/uploadBillFile ===> Message : uploadBillFile() invoked!!
info: ===> TimeStamp : 2025-08-26 16:21:35===> API : /api/billing/uploadBillFile ===> Message : uploadBillFile() :: DB :: Invoked !
info: ===> TimeStamp : 2025-08-26 16:21:35===> API : /api/billing/uploadBillFile ===> Message : uploadBillFileResponse() invoked!
info: ===> TimeStamp : 2025-08-26 16:21:35===> API : /api/billing/uploadBillFile ===> Message : uploadBillFileResponse() completed
info: ===> TimeStamp : 2025-08-26 16:21:35===> API : null ===> Message : validateRequest() invoked
info: ===> TimeStamp : 2025-08-26 16:21:35===> API : null ===> Message : fetchDBSettings()
info: ===> TimeStamp : 2025-08-26 16:21:35===> API : null ===> Message : validateRequest() Invoked!
info: ===> TimeStamp : 2025-08-26 16:21:35===> API : null ===> Message : validRequest() :: Api validated Successfully
info: ===> TimeStamp : 2025-08-26 16:21:35===> API : /api/billing/sendBillMail ===> Message : sendBillMail() invoked!!
info: ===> TimeStamp : 2025-08-26 16:21:38===> API : /api/billing/sendBillMail ===> Message : notifySellers() :: Email sent :: Success :: 250 2.0.0 OK  1756205498 d9443c01a7336-2466885ef4fsm93076925ad.88 - gsmtp !
info: ===> TimeStamp : 2025-08-26 16:21:38===> API : /api/billing/sendBillMail ===> Message : sendBillMailResponse() invoked!
info: ===> TimeStamp : 2025-08-26 16:21:38===> API : /api/billing/sendBillMail ===> Message : sendBillMailResponse() completed
info: ===> TimeStamp : 2025-08-26 16:21:44===> API : null ===> Message : validateRequest() invoked
info: ===> TimeStamp : 2025-08-26 16:21:44===> API : null ===> Message : fetchDBSettings()
info: ===> TimeStamp : 2025-08-26 16:21:44===> API : null ===> Message : validateRequest() invoked
info: ===> TimeStamp : 2025-08-26 16:21:44===> API : null ===> Message : fetchDBSettings()
info: ===> TimeStamp : 2025-08-26 16:21:44===> API : null ===> Message : validateRequest() invoked
info: ===> TimeStamp : 2025-08-26 16:21:44===> API : null ===> Message : fetchDBSettings()
info: ===> TimeStamp : 2025-08-26 16:21:44===> API : null ===> Message : validateRequest() invoked
info: ===> TimeStamp : 2025-08-26 16:21:44===> API : null ===> Message : fetchDBSettings()
info: ===> TimeStamp : 2025-08-26 16:21:44===> API : null ===> Message : validateRequest() Invoked!
info: ===> TimeStamp : 2025-08-26 16:21:44===> API : null ===> Message : validateRequest() Invoked!
info: ===> TimeStamp : 2025-08-26 16:21:44===> API : null ===> Message : validateRequest() Invoked!
info: ===> TimeStamp : 2025-08-26 16:21:44===> API : null ===> Message : validateRequest() Invoked!
info: ===> TimeStamp : 2025-08-26 16:21:45===> API : null ===> Message : validRequest() :: Api validated Successfully
info: ===> TimeStamp : 2025-08-26 16:21:45===> API : /api/billing/getBillingDetails?billId=0&userId=0&billingDate=2025-08-26&shiftId=0&isBookingWebsite=0&futureDate=&fromDate=&toDate= ===> Message : getBillingDetails() invoked!!
info: ===> TimeStamp : 2025-08-26 16:21:45===> API : /api/billing/getBillingDetails?billId=0&userId=0&billingDate=2025-08-26&shiftId=0&isBookingWebsite=0&futureDate=&fromDate=&toDate= ===> Message : getBilliDetailsByBillDate() :: DB :: Invoked !
info: ===> TimeStamp : 2025-08-26 16:21:45===> API : null ===> Message : validRequest() :: Api validated Successfully
info: ===> TimeStamp : 2025-08-26 16:21:45===> API : /api/billing/noShowGuestList ===> Message : noShowGuestList() invoked!!
info: ===> TimeStamp : 2025-08-26 16:21:45===> API : /api/billing/noShowGuestList ===> Message : noShowGuestList() :: DB :: Invoked !
info: ===> TimeStamp : 2025-08-26 16:21:45===> API : null ===> Message : validRequest() :: Api validated Successfully
info: ===> TimeStamp : 2025-08-26 16:21:45===> API : /api/billing/fetchVoidBill ===> Message : fetchVoidBill() invoked!!
info: ===> TimeStamp : 2025-08-26 16:21:45===> API : /api/billing/fetchVoidBill ===> Message : fetchVoidBill() :: DB :: Invoked !
info: ===> TimeStamp : 2025-08-26 16:21:45===> API : null ===> Message : validRequest() :: Api validated Successfully
info: ===> TimeStamp : 2025-08-26 16:21:45===> API : /api/billing/getBillingDetails?billId=0&userId=0&billingDate=2025-08-26&shiftId=0&isBookingWebsite=0&futureDate=2025-08-26&fromDate=&toDate= ===> Message : getBillingDetails() invoked!!
info: ===> TimeStamp : 2025-08-26 16:21:45===> API : /api/billing/getBillingDetails?billId=0&userId=0&billingDate=2025-08-26&shiftId=0&isBookingWebsite=0&futureDate=&fromDate=&toDate= ===> Message : getBillingDetailsResponse() invoked!
info: ===> TimeStamp : 2025-08-26 16:21:45===> API : /api/billing/getBillingDetails?billId=0&userId=0&billingDate=2025-08-26&shiftId=0&isBookingWebsite=0&futureDate=&fromDate=&toDate= ===> Message : getBillingDetailsResponse() completed
info: ===> TimeStamp : 2025-08-26 16:21:45===> API : null ===> Message : validateRequest() invoked
info: ===> TimeStamp : 2025-08-26 16:21:45===> API : null ===> Message : fetchDBSettings()
info: ===> TimeStamp : 2025-08-26 16:21:45===> API : null ===> Message : validateRequest() Invoked!
info: ===> TimeStamp : 2025-08-26 16:21:45===> API : null ===> Message : validRequest() :: Api validated Successfully
info: ===> TimeStamp : 2025-08-26 16:21:45===> API : /api/billing/getBillingDetails?billId=0&userId=0&billingDate=2025-08-26&shiftId=0&isBookingWebsite=0&futureDate=&fromDate=&toDate= ===> Message : getBillingDetails() invoked!!
info: ===> TimeStamp : 2025-08-26 16:21:45===> API : /api/billing/getBillingDetails?billId=0&userId=0&billingDate=2025-08-26&shiftId=0&isBookingWebsite=0&futureDate=&fromDate=&toDate= ===> Message : getBilliDetailsByBillDate() :: DB :: Invoked !
info: ===> TimeStamp : 2025-08-26 16:21:45===> API : /api/billing/getBillingDetails?billId=0&userId=0&billingDate=2025-08-26&shiftId=0&isBookingWebsite=0&futureDate=&fromDate=&toDate= ===> Message : getBillingDetailsResponse() invoked!
info: ===> TimeStamp : 2025-08-26 16:21:45===> API : /api/billing/getBillingDetails?billId=0&userId=0&billingDate=2025-08-26&shiftId=0&isBookingWebsite=0&futureDate=&fromDate=&toDate= ===> Message : getBillingDetailsResponse() completed
info: ===> TimeStamp : 2025-08-26 16:21:46===> API : /api/billing/noShowGuestList ===> Message : noShowGuestListResponse() invoked!
info: ===> TimeStamp : 2025-08-26 16:21:46===> API : /api/billing/noShowGuestList ===> Message : noShowGuestListResponse() completed
info: ===> TimeStamp : 2025-08-26 16:21:46===> API : null ===> Message : validateRequest() invoked
info: ===> TimeStamp : 2025-08-26 16:21:46===> API : null ===> Message : fetchDBSettings()
info: ===> TimeStamp : 2025-08-26 16:21:46===> API : null ===> Message : validateRequest() Invoked!
info: ===> TimeStamp : 2025-08-26 16:21:46===> API : /api/billing/fetchVoidBill ===> Message : fetchVoidBillResponse() invoked!
info: ===> TimeStamp : 2025-08-26 16:21:46===> API : /api/billing/fetchVoidBill ===> Message : fetchVoidBillResponse() completed
info: ===> TimeStamp : 2025-08-26 16:21:46===> API : null ===> Message : validRequest() :: Api validated Successfully
info: ===> TimeStamp : 2025-08-26 16:21:46===> API : /api/billing/noShowGuestList ===> Message : noShowGuestList() invoked!!
info: ===> TimeStamp : 2025-08-26 16:21:46===> API : /api/billing/noShowGuestList ===> Message : noShowGuestList() :: DB :: Invoked !
info: ===> TimeStamp : 2025-08-26 16:21:47===> API : /api/billing/noShowGuestList ===> Message : noShowGuestListResponse() invoked!
info: ===> TimeStamp : 2025-08-26 16:21:47===> API : /api/billing/noShowGuestList ===> Message : noShowGuestListResponse() completed
info: ===> TimeStamp : 2025-08-26 16:51:42===> API : null ===> Message : validateRequest() invoked
info: ===> TimeStamp : 2025-08-26 16:51:42===> API : null ===> Message : fetchDBSettings()
info: ===> TimeStamp : 2025-08-26 16:51:42===> API : null ===> Message : validateRequest() Invoked!
info: ===> TimeStamp : 2025-08-26 16:51:42===> API : null ===> Message : validRequest() :: Api validated Successfully
info: ===> TimeStamp : 2025-08-26 16:51:42===> API : /api/billing/addBillingDetails ===> Message : addBillingDetails() invoked!!
info: ===> TimeStamp : 2025-08-26 16:51:42===> API : /api/billing/addBillingDetails ===> Message : getPackageItemDetails() :: DB :: Invoked !
info: ===> TimeStamp : 2025-08-26 16:51:42===> API : /api/billing/addBillingDetails ===> Message : newBooking() :: DB :: Invoked !
info: ===> TimeStamp : 2025-08-26 16:51:43===> API : /api/billing/addBillingDetails ===> Message : newBooking() :: DB :: Invoked !
info: ===> TimeStamp : 2025-08-26 16:51:45===> API : /api/billing/addBillingDetails ===> Message : newBooking() :: DB :: Invoked !
info: ===> TimeStamp : 2025-08-26 16:51:45===> API : /api/billing/addBillingDetails ===> Message : newBooking() :: DB :: Invoked !
info: ===> TimeStamp : 2025-08-26 16:51:48===> API : /api/billing/addBillingDetails ===> Message : addBillingDetailsResponse() invoked!
info: ===> TimeStamp : 2025-08-26 16:51:48===> API : /api/billing/addBillingDetails ===> Message : addBillingDetailsResponse() completed
info: ===> TimeStamp : 2025-08-26 16:51:48===> API : null ===> Message : validateRequest() invoked
info: ===> TimeStamp : 2025-08-26 16:51:48===> API : null ===> Message : fetchDBSettings()
info: ===> TimeStamp : 2025-08-26 16:51:48===> API : null ===> Message : validateRequest() Invoked!
info: ===> TimeStamp : 2025-08-26 16:51:48===> API : null ===> Message : validRequest() :: Api validated Successfully
info: ===> TimeStamp : 2025-08-26 16:51:48===> API : /api/billing/updateItemDetailsBill ===> Message : updateItemDetailsBill() invoked!!
info: ===> TimeStamp : 2025-08-26 16:51:48===> API : /api/billing/updateItemDetailsBill ===> Message : updateItemDetailsBill() :: DB :: Invoked !
info: ===> TimeStamp : 2025-08-26 16:51:48===> API : /api/billing/updateItemDetailsBill ===> Message : updateItemDetailsBillResponse() invoked!
info: ===> TimeStamp : 2025-08-26 16:51:48===> API : /api/billing/updateItemDetailsBill ===> Message : updateItemDetailsBillResponse() completed
info: ===> TimeStamp : 2025-08-26 16:51:50===> API : null ===> Message : validateRequest() invoked
info: ===> TimeStamp : 2025-08-26 16:51:50===> API : null ===> Message : fetchDBSettings()
info: ===> TimeStamp : 2025-08-26 16:51:50===> API : null ===> Message : validateRequest() Invoked!
info: ===> TimeStamp : 2025-08-26 16:51:50===> API : null ===> Message : validRequest() :: Api validated Successfully
info: ===> TimeStamp : 2025-08-26 16:51:50===> API : /api/billing/uploadBillFile ===> Message : uploadBillFile() invoked!!
info: ===> TimeStamp : 2025-08-26 16:51:50===> API : /api/billing/uploadBillFile ===> Message : uploadBillFile() :: DB :: Invoked !
info: ===> TimeStamp : 2025-08-26 16:51:50===> API : /api/billing/uploadBillFile ===> Message : uploadBillFileResponse() invoked!
info: ===> TimeStamp : 2025-08-26 16:51:50===> API : /api/billing/uploadBillFile ===> Message : uploadBillFileResponse() completed
info: ===> TimeStamp : 2025-08-26 16:51:52===> API : null ===> Message : validateRequest() invoked
info: ===> TimeStamp : 2025-08-26 16:51:52===> API : null ===> Message : fetchDBSettings()
info: ===> TimeStamp : 2025-08-26 16:51:52===> API : null ===> Message : validateRequest() Invoked!
info: ===> TimeStamp : 2025-08-26 16:51:52===> API : null ===> Message : validRequest() :: Api validated Successfully
info: ===> TimeStamp : 2025-08-26 16:51:52===> API : /api/billing/uploadBillFile ===> Message : uploadBillFile() invoked!!
info: ===> TimeStamp : 2025-08-26 16:51:52===> API : /api/billing/uploadBillFile ===> Message : uploadBillFile() :: DB :: Invoked !
info: ===> TimeStamp : 2025-08-26 16:51:52===> API : /api/billing/uploadBillFile ===> Message : uploadBillFileResponse() invoked!
info: ===> TimeStamp : 2025-08-26 16:51:52===> API : /api/billing/uploadBillFile ===> Message : uploadBillFileResponse() completed
info: ===> TimeStamp : 2025-08-26 16:51:55===> API : null ===> Message : validateRequest() invoked
info: ===> TimeStamp : 2025-08-26 16:51:55===> API : null ===> Message : fetchDBSettings()
info: ===> TimeStamp : 2025-08-26 16:51:55===> API : null ===> Message : validateRequest() Invoked!
info: ===> TimeStamp : 2025-08-26 16:51:55===> API : null ===> Message : validRequest() :: Api validated Successfully
info: ===> TimeStamp : 2025-08-26 16:51:55===> API : /api/billing/sendBillMail ===> Message : sendBillMail() invoked!!
info: ===> TimeStamp : 2025-08-26 16:51:55===> API : null ===> Message : validateRequest() invoked
info: ===> TimeStamp : 2025-08-26 16:51:55===> API : null ===> Message : fetchDBSettings()
info: ===> TimeStamp : 2025-08-26 16:51:55===> API : null ===> Message : validateRequest() Invoked!
info: ===> TimeStamp : 2025-08-26 16:51:55===> API : null ===> Message : validRequest() :: Api validated Successfully
info: ===> TimeStamp : 2025-08-26 16:51:55===> API : /api/billing/uploadBillFile ===> Message : uploadBillFile() invoked!!
info: ===> TimeStamp : 2025-08-26 16:51:55===> API : /api/billing/uploadBillFile ===> Message : uploadBillFile() :: DB :: Invoked !
info: ===> TimeStamp : 2025-08-26 16:51:55===> API : /api/billing/uploadBillFile ===> Message : uploadBillFileResponse() invoked!
info: ===> TimeStamp : 2025-08-26 16:51:55===> API : /api/billing/uploadBillFile ===> Message : uploadBillFileResponse() completed
info: ===> TimeStamp : 2025-08-26 16:51:55===> API : null ===> Message : validateRequest() invoked
info: ===> TimeStamp : 2025-08-26 16:51:55===> API : null ===> Message : fetchDBSettings()
info: ===> TimeStamp : 2025-08-26 16:51:55===> API : null ===> Message : validateRequest() Invoked!
info: ===> TimeStamp : 2025-08-26 16:51:55===> API : null ===> Message : validRequest() :: Api validated Successfully
info: ===> TimeStamp : 2025-08-26 16:51:55===> API : /api/billing/sendBillMail ===> Message : sendBillMail() invoked!!
info: ===> TimeStamp : 2025-08-26 16:51:58===> API : /api/billing/sendBillMail ===> Message : notifySellers() :: Email sent :: Success :: 250 2.0.0 OK  1756207318 d9443c01a7336-24668864a4fsm93886405ad.91 - gsmtp !
info: ===> TimeStamp : 2025-08-26 16:51:58===> API : /api/billing/sendBillMail ===> Message : sendBillMailResponse() invoked!
info: ===> TimeStamp : 2025-08-26 16:51:58===> API : /api/billing/sendBillMail ===> Message : sendBillMailResponse() completed
info: ===> TimeStamp : 2025-08-26 16:52:00===> API : /api/billing/sendBillMail ===> Message : notifySellers() :: Email sent :: Success :: 250 2.0.0 OK  1756207320 98e67ed59e1d1-3254aa6e27esm9565680a91.25 - gsmtp !
info: ===> TimeStamp : 2025-08-26 16:52:00===> API : /api/billing/sendBillMail ===> Message : sendBillMailResponse() invoked!
info: ===> TimeStamp : 2025-08-26 16:52:00===> API : /api/billing/sendBillMail ===> Message : sendBillMailResponse() completed
info: ===> TimeStamp : 2025-08-26 16:52:01===> API : null ===> Message : validateRequest() invoked
info: ===> TimeStamp : 2025-08-26 16:52:01===> API : null ===> Message : fetchDBSettings()
info: ===> TimeStamp : 2025-08-26 16:52:01===> API : null ===> Message : validateRequest() Invoked!
info: ===> TimeStamp : 2025-08-26 16:52:01===> API : null ===> Message : validRequest() :: Api validated Successfully
info: ===> TimeStamp : 2025-08-26 16:52:01===> API : /api/billing/uploadBillFile ===> Message : uploadBillFile() invoked!!
info: ===> TimeStamp : 2025-08-26 16:52:01===> API : /api/billing/uploadBillFile ===> Message : uploadBillFile() :: DB :: Invoked !
info: ===> TimeStamp : 2025-08-26 16:52:01===> API : /api/billing/uploadBillFile ===> Message : uploadBillFileResponse() invoked!
info: ===> TimeStamp : 2025-08-26 16:52:01===> API : /api/billing/uploadBillFile ===> Message : uploadBillFileResponse() completed
info: ===> TimeStamp : 2025-08-26 16:52:01===> API : null ===> Message : validateRequest() invoked
info: ===> TimeStamp : 2025-08-26 16:52:01===> API : null ===> Message : fetchDBSettings()
info: ===> TimeStamp : 2025-08-26 16:52:01===> API : null ===> Message : validateRequest() Invoked!
info: ===> TimeStamp : 2025-08-26 16:52:01===> API : null ===> Message : validRequest() :: Api validated Successfully
info: ===> TimeStamp : 2025-08-26 16:52:01===> API : /api/billing/sendBillMail ===> Message : sendBillMail() invoked!!
info: ===> TimeStamp : 2025-08-26 16:52:04===> API : /api/billing/sendBillMail ===> Message : notifySellers() :: Email sent :: Success :: 250 2.0.0 OK  1756207324 41be03b00d2f7-b49cbb7c0e0sm8986276a12.37 - gsmtp !
info: ===> TimeStamp : 2025-08-26 16:52:04===> API : /api/billing/sendBillMail ===> Message : sendBillMailResponse() invoked!
info: ===> TimeStamp : 2025-08-26 16:52:04===> API : /api/billing/sendBillMail ===> Message : sendBillMailResponse() completed
info: ===> TimeStamp : 2025-08-26 16:55:09===> API : null ===> Message : validateRequest() invoked
info: ===> TimeStamp : 2025-08-26 16:55:09===> API : null ===> Message : fetchDBSettings()
info: ===> TimeStamp : 2025-08-26 16:55:09===> API : null ===> Message : validateRequest() invoked
info: ===> TimeStamp : 2025-08-26 16:55:09===> API : null ===> Message : fetchDBSettings()
info: ===> TimeStamp : 2025-08-26 16:55:09===> API : null ===> Message : validateRequest() invoked
info: ===> TimeStamp : 2025-08-26 16:55:09===> API : null ===> Message : fetchDBSettings()
info: ===> TimeStamp : 2025-08-26 16:55:09===> API : null ===> Message : validateRequest() invoked
info: ===> TimeStamp : 2025-08-26 16:55:09===> API : null ===> Message : fetchDBSettings()
info: ===> TimeStamp : 2025-08-26 16:55:09===> API : null ===> Message : validateRequest() Invoked!
info: ===> TimeStamp : 2025-08-26 16:55:09===> API : null ===> Message : validateRequest() Invoked!
info: ===> TimeStamp : 2025-08-26 16:55:09===> API : null ===> Message : validateRequest() Invoked!
info: ===> TimeStamp : 2025-08-26 16:55:09===> API : null ===> Message : validateRequest() Invoked!
info: ===> TimeStamp : 2025-08-26 16:55:09===> API : null ===> Message : validRequest() :: Api validated Successfully
info: ===> TimeStamp : 2025-08-26 16:55:09===> API : /api/billing/getBillingDetails?billId=0&userId=0&billingDate=2025-08-26&shiftId=0&isBookingWebsite=0&futureDate=&fromDate=&toDate= ===> Message : getBillingDetails() invoked!!
info: ===> TimeStamp : 2025-08-26 16:55:09===> API : /api/billing/getBillingDetails?billId=0&userId=0&billingDate=2025-08-26&shiftId=0&isBookingWebsite=0&futureDate=&fromDate=&toDate= ===> Message : getBilliDetailsByBillDate() :: DB :: Invoked !
info: ===> TimeStamp : 2025-08-26 16:55:09===> API : null ===> Message : validRequest() :: Api validated Successfully
info: ===> TimeStamp : 2025-08-26 16:55:09===> API : /api/billing/fetchVoidBill ===> Message : fetchVoidBill() invoked!!
info: ===> TimeStamp : 2025-08-26 16:55:09===> API : /api/billing/fetchVoidBill ===> Message : fetchVoidBill() :: DB :: Invoked !
info: ===> TimeStamp : 2025-08-26 16:55:09===> API : null ===> Message : validRequest() :: Api validated Successfully
info: ===> TimeStamp : 2025-08-26 16:55:09===> API : /api/billing/noShowGuestList ===> Message : noShowGuestList() invoked!!
info: ===> TimeStamp : 2025-08-26 16:55:09===> API : /api/billing/noShowGuestList ===> Message : noShowGuestList() :: DB :: Invoked !
info: ===> TimeStamp : 2025-08-26 16:55:09===> API : null ===> Message : validRequest() :: Api validated Successfully
info: ===> TimeStamp : 2025-08-26 16:55:09===> API : /api/billing/getBillingDetails?billId=0&userId=0&billingDate=2025-08-26&shiftId=0&isBookingWebsite=0&futureDate=2025-08-26&fromDate=&toDate= ===> Message : getBillingDetails() invoked!!
info: ===> TimeStamp : 2025-08-26 16:55:09===> API : /api/billing/getBillingDetails?billId=0&userId=0&billingDate=2025-08-26&shiftId=0&isBookingWebsite=0&futureDate=&fromDate=&toDate= ===> Message : getBillingDetailsResponse() invoked!
info: ===> TimeStamp : 2025-08-26 16:55:09===> API : /api/billing/getBillingDetails?billId=0&userId=0&billingDate=2025-08-26&shiftId=0&isBookingWebsite=0&futureDate=&fromDate=&toDate= ===> Message : getBillingDetailsResponse() completed
info: ===> TimeStamp : 2025-08-26 16:55:09===> API : null ===> Message : validateRequest() invoked
info: ===> TimeStamp : 2025-08-26 16:55:09===> API : null ===> Message : fetchDBSettings()
info: ===> TimeStamp : 2025-08-26 16:55:09===> API : null ===> Message : validateRequest() Invoked!
info: ===> TimeStamp : 2025-08-26 16:55:09===> API : null ===> Message : validRequest() :: Api validated Successfully
info: ===> TimeStamp : 2025-08-26 16:55:09===> API : /api/billing/getBillingDetails?billId=0&userId=0&billingDate=2025-08-26&shiftId=0&isBookingWebsite=0&futureDate=&fromDate=&toDate= ===> Message : getBilliDetailsByBillDate() :: DB :: Invoked !
info: ===> TimeStamp : 2025-08-26 16:55:09===> API : /api/billing/getBillingDetails?billId=0&userId=0&billingDate=2025-08-26&shiftId=0&isBookingWebsite=0&futureDate=&fromDate=&toDate= ===> Message : getBillingDetails() invoked!!
info: ===> TimeStamp : 2025-08-26 16:55:10===> API : /api/billing/getBillingDetails?billId=0&userId=0&billingDate=2025-08-26&shiftId=0&isBookingWebsite=0&futureDate=&fromDate=&toDate= ===> Message : getBillingDetailsResponse() invoked!
info: ===> TimeStamp : 2025-08-26 16:55:10===> API : /api/billing/getBillingDetails?billId=0&userId=0&billingDate=2025-08-26&shiftId=0&isBookingWebsite=0&futureDate=&fromDate=&toDate= ===> Message : getBillingDetailsResponse() completed
info: ===> TimeStamp : 2025-08-26 16:55:10===> API : null ===> Message : validateRequest() invoked
info: ===> TimeStamp : 2025-08-26 16:55:10===> API : null ===> Message : fetchDBSettings()
info: ===> TimeStamp : 2025-08-26 16:55:10===> API : null ===> Message : validateRequest() Invoked!
info: ===> TimeStamp : 2025-08-26 16:55:10===> API : /api/billing/fetchVoidBill ===> Message : fetchVoidBillResponse() invoked!
info: ===> TimeStamp : 2025-08-26 16:55:10===> API : /api/billing/fetchVoidBill ===> Message : fetchVoidBillResponse() completed
info: ===> TimeStamp : 2025-08-26 16:55:10===> API : /api/billing/noShowGuestList ===> Message : noShowGuestListResponse() invoked!
info: ===> TimeStamp : 2025-08-26 16:55:10===> API : /api/billing/noShowGuestList ===> Message : noShowGuestListResponse() completed
info: ===> TimeStamp : 2025-08-26 16:55:10===> API : null ===> Message : validRequest() :: Api validated Successfully
info: ===> TimeStamp : 2025-08-26 16:55:10===> API : /api/billing/getBillingDetails?billId=0&userId=0&billingDate=2025-08-26&shiftId=0&isBookingWebsite=0&futureDate=&fromDate=&toDate= ===> Message : getBillingDetails() invoked!!
info: ===> TimeStamp : 2025-08-26 16:55:10===> API : /api/billing/getBillingDetails?billId=0&userId=0&billingDate=2025-08-26&shiftId=0&isBookingWebsite=0&futureDate=&fromDate=&toDate= ===> Message : getBilliDetailsByBillDate() :: DB :: Invoked !
info: ===> TimeStamp : 2025-08-26 16:55:10===> API : /api/billing/getBillingDetails?billId=0&userId=0&billingDate=2025-08-26&shiftId=0&isBookingWebsite=0&futureDate=&fromDate=&toDate= ===> Message : getBillingDetailsResponse() invoked!
info: ===> TimeStamp : 2025-08-26 16:55:10===> API : /api/billing/getBillingDetails?billId=0&userId=0&billingDate=2025-08-26&shiftId=0&isBookingWebsite=0&futureDate=&fromDate=&toDate= ===> Message : getBillingDetailsResponse() completed
info: ===> TimeStamp : 2025-08-26 16:55:10===> API : null ===> Message : validateRequest() invoked
info: ===> TimeStamp : 2025-08-26 16:55:10===> API : null ===> Message : fetchDBSettings()
info: ===> TimeStamp : 2025-08-26 16:55:10===> API : null ===> Message : validateRequest() Invoked!
info: ===> TimeStamp : 2025-08-26 16:55:11===> API : null ===> Message : validRequest() :: Api validated Successfully
info: ===> TimeStamp : 2025-08-26 16:55:11===> API : /api/billing/noShowGuestList ===> Message : noShowGuestList() invoked!!
info: ===> TimeStamp : 2025-08-26 16:55:11===> API : /api/billing/noShowGuestList ===> Message : noShowGuestList() :: DB :: Invoked !
info: ===> TimeStamp : 2025-08-26 16:55:11===> API : /api/billing/noShowGuestList ===> Message : noShowGuestListResponse() invoked!
info: ===> TimeStamp : 2025-08-26 16:55:11===> API : /api/billing/noShowGuestList ===> Message : noShowGuestListResponse() completed
info: ===> TimeStamp : 2025-08-26 16:55:11===> API : null ===> Message : validateRequest() invoked
info: ===> TimeStamp : 2025-08-26 16:55:11===> API : null ===> Message : fetchDBSettings()
info: ===> TimeStamp : 2025-08-26 16:55:11===> API : null ===> Message : validateRequest() Invoked!
info: ===> TimeStamp : 2025-08-26 16:55:11===> API : null ===> Message : validRequest() :: Api validated Successfully
info: ===> TimeStamp : 2025-08-26 16:55:11===> API : /api/billing/getBillingDetails?billId=0&userId=0&billingDate=2025-08-26&shiftId=2&isBookingWebsite=0&futureDate=&fromDate=&toDate= ===> Message : getBillingDetails() invoked!!
info: ===> TimeStamp : 2025-08-26 16:55:11===> API : /api/billing/getBillingDetails?billId=0&userId=0&billingDate=2025-08-26&shiftId=2&isBookingWebsite=0&futureDate=&fromDate=&toDate= ===> Message : getBilliDetailsByShift() :: DB :: Invoked !
info: ===> TimeStamp : 2025-08-26 16:55:11===> API : /api/billing/getBillingDetails?billId=0&userId=0&billingDate=2025-08-26&shiftId=2&isBookingWebsite=0&futureDate=&fromDate=&toDate= ===> Message : getBillingDetailsResponse() invoked!
info: ===> TimeStamp : 2025-08-26 16:55:11===> API : /api/billing/getBillingDetails?billId=0&userId=0&billingDate=2025-08-26&shiftId=2&isBookingWebsite=0&futureDate=&fromDate=&toDate= ===> Message : getBillingDetailsResponse() completed
info: ===> TimeStamp : 2025-08-26 16:55:12===> API : null ===> Message : validateRequest() invoked
info: ===> TimeStamp : 2025-08-26 16:55:12===> API : null ===> Message : fetchDBSettings()
info: ===> TimeStamp : 2025-08-26 16:55:12===> API : null ===> Message : validateRequest() Invoked!
info: ===> TimeStamp : 2025-08-26 16:55:12===> API : null ===> Message : validRequest() :: Api validated Successfully
info: ===> TimeStamp : 2025-08-26 16:55:12===> API : /api/billing/generateCSVReport ===> Message : generateReports() invoked!!
info: ===> TimeStamp : 2025-08-26 16:55:12===> API : /api/billing/generateCSVReport ===> Message : generateReportsByShift() :: DB :: Invoked !
info: ===> TimeStamp : 2025-08-26 16:55:12===> API : /api/billing/generateCSVReport ===> Message : uploadReportFile() :: DB :: Invoked !
info: ===> TimeStamp : 2025-08-26 16:55:12===> API : /api/billing/generateCSVReport ===> Message : generateReportsResponse() invoked!
info: ===> TimeStamp : 2025-08-26 16:55:12===> API : /api/billing/generateCSVReport ===> Message : generateReportsResponse() completed
info: ===> TimeStamp : 2025-08-26 16:55:30===> API : null ===> Message : validateRequest() invoked
info: ===> TimeStamp : 2025-08-26 16:55:30===> API : null ===> Message : fetchDBSettings()
info: ===> TimeStamp : 2025-08-26 16:55:30===> API : null ===> Message : validateRequest() Invoked!
info: ===> TimeStamp : 2025-08-26 16:55:30===> API : null ===> Message : validRequest() :: Api validated Successfully
info: ===> TimeStamp : 2025-08-26 16:55:30===> API : /api/billing/getBillingDetails?billId=0&userId=0&billingDate=2025-08-26&shiftId=0&isBookingWebsite=0&futureDate=2025-08-26&fromDate=&toDate= ===> Message : getBillingDetails() invoked!!
info: ===> TimeStamp : 2025-08-26 16:55:55===> API : null ===> Message : validateRequest() invoked
info: ===> TimeStamp : 2025-08-26 16:55:55===> API : null ===> Message : fetchDBSettings()
info: ===> TimeStamp : 2025-08-26 16:55:55===> API : null ===> Message : validateRequest() Invoked!
info: ===> TimeStamp : 2025-08-26 16:55:55===> API : null ===> Message : validRequest() :: Api validated Successfully
info: ===> TimeStamp : 2025-08-26 16:55:55===> API : /api/billing/addBillingDetails ===> Message : addBillingDetails() invoked!!
info: ===> TimeStamp : 2025-08-26 16:55:55===> API : /api/billing/addBillingDetails ===> Message : getPackageItemDetails() :: DB :: Invoked !
info: ===> TimeStamp : 2025-08-26 16:55:55===> API : /api/billing/addBillingDetails ===> Message : newBooking() :: DB :: Invoked !
info: ===> TimeStamp : 2025-08-26 16:55:55===> API : /api/billing/addBillingDetails ===> Message : newBooking() :: DB :: Invoked !
info: ===> TimeStamp : 2025-08-26 16:55:57===> API : /api/billing/addBillingDetails ===> Message : newBooking() :: DB :: Invoked !
info: ===> TimeStamp : 2025-08-26 16:55:57===> API : /api/billing/addBillingDetails ===> Message : newBooking() :: DB :: Invoked !
info: ===> TimeStamp : 2025-08-26 16:55:58===> API : /api/billing/addBillingDetails ===> Message : addBillingDetailsResponse() invoked!
info: ===> TimeStamp : 2025-08-26 16:55:58===> API : /api/billing/addBillingDetails ===> Message : addBillingDetailsResponse() completed
info: ===> TimeStamp : 2025-08-26 16:55:58===> API : null ===> Message : validateRequest() invoked
info: ===> TimeStamp : 2025-08-26 16:55:58===> API : null ===> Message : fetchDBSettings()
info: ===> TimeStamp : 2025-08-26 16:55:58===> API : null ===> Message : validateRequest() Invoked!
info: ===> TimeStamp : 2025-08-26 16:55:58===> API : null ===> Message : validRequest() :: Api validated Successfully
info: ===> TimeStamp : 2025-08-26 16:55:58===> API : /api/billing/updateItemDetailsBill ===> Message : updateItemDetailsBill() invoked!!
info: ===> TimeStamp : 2025-08-26 16:55:58===> API : /api/billing/updateItemDetailsBill ===> Message : updateItemDetailsBill() :: DB :: Invoked !
info: ===> TimeStamp : 2025-08-26 16:55:58===> API : /api/billing/updateItemDetailsBill ===> Message : updateItemDetailsBillResponse() invoked!
info: ===> TimeStamp : 2025-08-26 16:55:58===> API : /api/billing/updateItemDetailsBill ===> Message : updateItemDetailsBillResponse() completed
info: ===> TimeStamp : 2025-08-26 16:55:59===> API : null ===> Message : validateRequest() invoked
info: ===> TimeStamp : 2025-08-26 16:55:59===> API : null ===> Message : fetchDBSettings()
info: ===> TimeStamp : 2025-08-26 16:55:59===> API : null ===> Message : validateRequest() Invoked!
info: ===> TimeStamp : 2025-08-26 16:55:59===> API : null ===> Message : validRequest() :: Api validated Successfully
info: ===> TimeStamp : 2025-08-26 16:55:59===> API : /api/billing/uploadBillFile ===> Message : uploadBillFile() invoked!!
info: ===> TimeStamp : 2025-08-26 16:55:59===> API : /api/billing/uploadBillFile ===> Message : uploadBillFile() :: DB :: Invoked !
info: ===> TimeStamp : 2025-08-26 16:55:59===> API : /api/billing/uploadBillFile ===> Message : uploadBillFileResponse() invoked!
info: ===> TimeStamp : 2025-08-26 16:55:59===> API : /api/billing/uploadBillFile ===> Message : uploadBillFileResponse() completed
info: ===> TimeStamp : 2025-08-26 16:56:02===> API : null ===> Message : validateRequest() invoked
info: ===> TimeStamp : 2025-08-26 16:56:02===> API : null ===> Message : fetchDBSettings()
info: ===> TimeStamp : 2025-08-26 16:56:02===> API : null ===> Message : validateRequest() Invoked!
info: ===> TimeStamp : 2025-08-26 16:56:02===> API : null ===> Message : validRequest() :: Api validated Successfully
info: ===> TimeStamp : 2025-08-26 16:56:02===> API : /api/billing/uploadBillFile ===> Message : uploadBillFile() invoked!!
info: ===> TimeStamp : 2025-08-26 16:56:02===> API : /api/billing/uploadBillFile ===> Message : uploadBillFile() :: DB :: Invoked !
info: ===> TimeStamp : 2025-08-26 16:56:02===> API : /api/billing/uploadBillFile ===> Message : uploadBillFileResponse() invoked!
info: ===> TimeStamp : 2025-08-26 16:56:02===> API : /api/billing/uploadBillFile ===> Message : uploadBillFileResponse() completed
info: ===> TimeStamp : 2025-08-26 16:56:03===> API : null ===> Message : validateRequest() invoked
info: ===> TimeStamp : 2025-08-26 16:56:03===> API : null ===> Message : fetchDBSettings()
info: ===> TimeStamp : 2025-08-26 16:56:03===> API : null ===> Message : validateRequest() Invoked!
info: ===> TimeStamp : 2025-08-26 16:56:03===> API : null ===> Message : validRequest() :: Api validated Successfully
info: ===> TimeStamp : 2025-08-26 16:56:03===> API : /api/billing/sendBillMail ===> Message : sendBillMail() invoked!!
info: ===> TimeStamp : 2025-08-26 16:56:06===> API : /api/billing/sendBillMail ===> Message : notifySellers() :: Email sent :: Success :: 250 2.0.0 OK  1756207566 d2e1a72fcca58-771fbbc3bcbsm1340267b3a.50 - gsmtp !
info: ===> TimeStamp : 2025-08-26 16:56:06===> API : /api/billing/sendBillMail ===> Message : sendBillMailResponse() invoked!
info: ===> TimeStamp : 2025-08-26 16:56:06===> API : /api/billing/sendBillMail ===> Message : sendBillMailResponse() completed
info: ===> TimeStamp : 2025-08-26 17:33:08===> API : null ===> Message : validateRequest() invoked
info: ===> TimeStamp : 2025-08-26 17:33:08===> API : null ===> Message : fetchDBSettings()
info: ===> TimeStamp : 2025-08-26 17:33:08===> API : null ===> Message : validateRequest() Invoked!
info: ===> TimeStamp : 2025-08-26 17:33:08===> API : null ===> Message : validRequest() :: Api validated Successfully
info: ===> TimeStamp : 2025-08-26 17:33:08===> API : /api/billing/addBillingDetails ===> Message : addBillingDetails() invoked!!
info: ===> TimeStamp : 2025-08-26 17:33:08===> API : /api/billing/addBillingDetails ===> Message : getPackageItemDetails() :: DB :: Invoked !
info: ===> TimeStamp : 2025-08-26 17:33:08===> API : /api/billing/addBillingDetails ===> Message : newBooking() :: DB :: Invoked !
info: ===> TimeStamp : 2025-08-26 17:33:08===> API : /api/billing/addBillingDetails ===> Message : newBooking() :: DB :: Invoked !
info: ===> TimeStamp : 2025-08-26 17:33:10===> API : /api/billing/addBillingDetails ===> Message : newBooking() :: DB :: Invoked !
info: ===> TimeStamp : 2025-08-26 17:33:10===> API : /api/billing/addBillingDetails ===> Message : newBooking() :: DB :: Invoked !
info: ===> TimeStamp : 2025-08-26 17:33:11===> API : /api/billing/addBillingDetails ===> Message : addBillingDetailsResponse() invoked!
info: ===> TimeStamp : 2025-08-26 17:33:11===> API : /api/billing/addBillingDetails ===> Message : addBillingDetailsResponse() completed
info: ===> TimeStamp : 2025-08-26 17:33:11===> API : null ===> Message : validateRequest() invoked
info: ===> TimeStamp : 2025-08-26 17:33:11===> API : null ===> Message : fetchDBSettings()
info: ===> TimeStamp : 2025-08-26 17:33:11===> API : null ===> Message : validateRequest() Invoked!
info: ===> TimeStamp : 2025-08-26 17:33:11===> API : null ===> Message : validRequest() :: Api validated Successfully
info: ===> TimeStamp : 2025-08-26 17:33:11===> API : /api/billing/updateItemDetailsBill ===> Message : updateItemDetailsBill() invoked!!
info: ===> TimeStamp : 2025-08-26 17:33:11===> API : /api/billing/updateItemDetailsBill ===> Message : updateItemDetailsBill() :: DB :: Invoked !
info: ===> TimeStamp : 2025-08-26 17:33:11===> API : /api/billing/updateItemDetailsBill ===> Message : updateItemDetailsBillResponse() invoked!
info: ===> TimeStamp : 2025-08-26 17:33:11===> API : /api/billing/updateItemDetailsBill ===> Message : updateItemDetailsBillResponse() completed
info: ===> TimeStamp : 2025-08-26 17:33:13===> API : null ===> Message : validateRequest() invoked
info: ===> TimeStamp : 2025-08-26 17:33:13===> API : null ===> Message : fetchDBSettings()
info: ===> TimeStamp : 2025-08-26 17:33:13===> API : null ===> Message : validateRequest() Invoked!
info: ===> TimeStamp : 2025-08-26 17:33:13===> API : null ===> Message : validRequest() :: Api validated Successfully
info: ===> TimeStamp : 2025-08-26 17:33:13===> API : /api/billing/uploadBillFile ===> Message : uploadBillFile() invoked!!
info: ===> TimeStamp : 2025-08-26 17:33:13===> API : /api/billing/uploadBillFile ===> Message : uploadBillFile() :: DB :: Invoked !
info: ===> TimeStamp : 2025-08-26 17:33:13===> API : /api/billing/uploadBillFile ===> Message : uploadBillFileResponse() invoked!
info: ===> TimeStamp : 2025-08-26 17:33:13===> API : /api/billing/uploadBillFile ===> Message : uploadBillFileResponse() completed
info: ===> TimeStamp : 2025-08-26 17:33:17===> API : null ===> Message : validateRequest() invoked
info: ===> TimeStamp : 2025-08-26 17:33:17===> API : null ===> Message : fetchDBSettings()
info: ===> TimeStamp : 2025-08-26 17:33:17===> API : null ===> Message : validateRequest() Invoked!
info: ===> TimeStamp : 2025-08-26 17:33:17===> API : null ===> Message : validRequest() :: Api validated Successfully
info: ===> TimeStamp : 2025-08-26 17:33:17===> API : /api/billing/uploadBillFile ===> Message : uploadBillFile() invoked!!
info: ===> TimeStamp : 2025-08-26 17:33:17===> API : /api/billing/uploadBillFile ===> Message : uploadBillFile() :: DB :: Invoked !
info: ===> TimeStamp : 2025-08-26 17:33:17===> API : /api/billing/uploadBillFile ===> Message : uploadBillFileResponse() invoked!
info: ===> TimeStamp : 2025-08-26 17:33:17===> API : /api/billing/uploadBillFile ===> Message : uploadBillFileResponse() completed
info: ===> TimeStamp : 2025-08-26 17:33:17===> API : null ===> Message : validateRequest() invoked
info: ===> TimeStamp : 2025-08-26 17:33:17===> API : null ===> Message : fetchDBSettings()
info: ===> TimeStamp : 2025-08-26 17:33:17===> API : null ===> Message : validateRequest() Invoked!
info: ===> TimeStamp : 2025-08-26 17:33:17===> API : null ===> Message : validRequest() :: Api validated Successfully
info: ===> TimeStamp : 2025-08-26 17:33:17===> API : /api/billing/sendBillMail ===> Message : sendBillMail() invoked!!
info: ===> TimeStamp : 2025-08-26 17:33:21===> API : /api/billing/sendBillMail ===> Message : notifySellers() :: Email sent :: Success :: 250 2.0.0 OK  1756209801 d9443c01a7336-2468f5de849sm79446015ad.141 - gsmtp !
info: ===> TimeStamp : 2025-08-26 17:33:21===> API : /api/billing/sendBillMail ===> Message : sendBillMailResponse() invoked!
info: ===> TimeStamp : 2025-08-26 17:33:21===> API : /api/billing/sendBillMail ===> Message : sendBillMailResponse() completed
info: ===> TimeStamp : 2025-08-26 17:45:44===> API : null ===> Message : validateRequest() invoked
info: ===> TimeStamp : 2025-08-26 17:45:44===> API : null ===> Message : fetchDBSettings()
info: ===> TimeStamp : 2025-08-26 17:45:44===> API : null ===> Message : validateRequest() Invoked!
info: ===> TimeStamp : 2025-08-26 17:45:44===> API : null ===> Message : validRequest() :: Api validated Successfully
info: ===> TimeStamp : 2025-08-26 17:45:44===> API : /api/billing/addBillingDetails ===> Message : addBillingDetails() invoked!!
info: ===> TimeStamp : 2025-08-26 17:45:44===> API : /api/billing/addBillingDetails ===> Message : getPackageItemDetails() :: DB :: Invoked !
info: ===> TimeStamp : 2025-08-26 17:45:44===> API : /api/billing/addBillingDetails ===> Message : newBooking() :: DB :: Invoked !
info: ===> TimeStamp : 2025-08-26 17:45:44===> API : /api/billing/addBillingDetails ===> Message : newBooking() :: DB :: Invoked !
info: ===> TimeStamp : 2025-08-26 17:45:46===> API : /api/billing/addBillingDetails ===> Message : newBooking() :: DB :: Invoked !
info: ===> TimeStamp : 2025-08-26 17:45:46===> API : /api/billing/addBillingDetails ===> Message : newBooking() :: DB :: Invoked !
info: ===> TimeStamp : 2025-08-26 17:45:48===> API : /api/billing/addBillingDetails ===> Message : addBillingDetailsResponse() invoked!
info: ===> TimeStamp : 2025-08-26 17:45:48===> API : /api/billing/addBillingDetails ===> Message : addBillingDetailsResponse() completed
info: ===> TimeStamp : 2025-08-26 17:45:48===> API : null ===> Message : validateRequest() invoked
info: ===> TimeStamp : 2025-08-26 17:45:48===> API : null ===> Message : fetchDBSettings()
info: ===> TimeStamp : 2025-08-26 17:45:48===> API : null ===> Message : validateRequest() Invoked!
info: ===> TimeStamp : 2025-08-26 17:45:48===> API : null ===> Message : validRequest() :: Api validated Successfully
info: ===> TimeStamp : 2025-08-26 17:45:48===> API : /api/billing/updateItemDetailsBill ===> Message : updateItemDetailsBill() invoked!!
info: ===> TimeStamp : 2025-08-26 17:45:48===> API : /api/billing/updateItemDetailsBill ===> Message : updateItemDetailsBill() :: DB :: Invoked !
info: ===> TimeStamp : 2025-08-26 17:45:48===> API : /api/billing/updateItemDetailsBill ===> Message : updateItemDetailsBillResponse() invoked!
info: ===> TimeStamp : 2025-08-26 17:45:48===> API : /api/billing/updateItemDetailsBill ===> Message : updateItemDetailsBillResponse() completed
info: ===> TimeStamp : 2025-08-26 17:45:50===> API : null ===> Message : validateRequest() invoked
info: ===> TimeStamp : 2025-08-26 17:45:50===> API : null ===> Message : fetchDBSettings()
info: ===> TimeStamp : 2025-08-26 17:45:50===> API : null ===> Message : validateRequest() Invoked!
info: ===> TimeStamp : 2025-08-26 17:45:50===> API : null ===> Message : validRequest() :: Api validated Successfully
info: ===> TimeStamp : 2025-08-26 17:45:50===> API : /api/billing/uploadBillFile ===> Message : uploadBillFile() invoked!!
info: ===> TimeStamp : 2025-08-26 17:45:50===> API : /api/billing/uploadBillFile ===> Message : uploadBillFile() :: DB :: Invoked !
info: ===> TimeStamp : 2025-08-26 17:45:51===> API : /api/billing/uploadBillFile ===> Message : uploadBillFileResponse() invoked!
info: ===> TimeStamp : 2025-08-26 17:45:51===> API : /api/billing/uploadBillFile ===> Message : uploadBillFileResponse() completed
info: ===> TimeStamp : 2025-08-26 17:45:56===> API : null ===> Message : validateRequest() invoked
info: ===> TimeStamp : 2025-08-26 17:45:56===> API : null ===> Message : fetchDBSettings()
info: ===> TimeStamp : 2025-08-26 17:45:56===> API : null ===> Message : validateRequest() Invoked!
info: ===> TimeStamp : 2025-08-26 17:45:56===> API : null ===> Message : validRequest() :: Api validated Successfully
info: ===> TimeStamp : 2025-08-26 17:45:56===> API : /api/billing/uploadBillFile ===> Message : uploadBillFile() invoked!!
info: ===> TimeStamp : 2025-08-26 17:45:56===> API : /api/billing/uploadBillFile ===> Message : uploadBillFile() :: DB :: Invoked !
info: ===> TimeStamp : 2025-08-26 17:45:56===> API : /api/billing/uploadBillFile ===> Message : uploadBillFileResponse() invoked!
info: ===> TimeStamp : 2025-08-26 17:45:56===> API : /api/billing/uploadBillFile ===> Message : uploadBillFileResponse() completed
info: ===> TimeStamp : 2025-08-26 17:45:57===> API : null ===> Message : validateRequest() invoked
info: ===> TimeStamp : 2025-08-26 17:45:57===> API : null ===> Message : fetchDBSettings()
info: ===> TimeStamp : 2025-08-26 17:45:57===> API : null ===> Message : validateRequest() Invoked!
info: ===> TimeStamp : 2025-08-26 17:45:57===> API : null ===> Message : validRequest() :: Api validated Successfully
info: ===> TimeStamp : 2025-08-26 17:45:57===> API : /api/billing/sendBillMail ===> Message : sendBillMail() invoked!!
info: ===> TimeStamp : 2025-08-26 17:46:01===> API : /api/billing/sendBillMail ===> Message : notifySellers() :: Email sent :: Success :: 250 2.0.0 OK  1756210561 d9443c01a7336-24879b2a23fsm9660225ad.74 - gsmtp !
info: ===> TimeStamp : 2025-08-26 17:46:01===> API : /api/billing/sendBillMail ===> Message : sendBillMailResponse() invoked!
info: ===> TimeStamp : 2025-08-26 17:46:01===> API : /api/billing/sendBillMail ===> Message : sendBillMailResponse() completed
info: ===> TimeStamp : 2025-08-26 17:46:02===> API : null ===> Message : validateRequest() invoked
info: ===> TimeStamp : 2025-08-26 17:46:02===> API : null ===> Message : fetchDBSettings()
info: ===> TimeStamp : 2025-08-26 17:46:02===> API : null ===> Message : validateRequest() Invoked!
info: ===> TimeStamp : 2025-08-26 17:46:02===> API : null ===> Message : validRequest() :: Api validated Successfully
info: ===> TimeStamp : 2025-08-26 17:46:02===> API : /api/billing/uploadBillFile ===> Message : uploadBillFile() invoked!!
info: ===> TimeStamp : 2025-08-26 17:46:03===> API : /api/billing/uploadBillFile ===> Message : uploadBillFile() :: DB :: Invoked !
info: ===> TimeStamp : 2025-08-26 17:46:03===> API : /api/billing/uploadBillFile ===> Message : uploadBillFileResponse() invoked!
info: ===> TimeStamp : 2025-08-26 17:46:03===> API : /api/billing/uploadBillFile ===> Message : uploadBillFileResponse() completed
info: ===> TimeStamp : 2025-08-26 17:46:03===> API : null ===> Message : validateRequest() invoked
info: ===> TimeStamp : 2025-08-26 17:46:03===> API : null ===> Message : fetchDBSettings()
info: ===> TimeStamp : 2025-08-26 17:46:03===> API : null ===> Message : validateRequest() Invoked!
info: ===> TimeStamp : 2025-08-26 17:46:03===> API : null ===> Message : validRequest() :: Api validated Successfully
info: ===> TimeStamp : 2025-08-26 17:46:03===> API : /api/billing/sendBillMail ===> Message : sendBillMail() invoked!!
info: ===> TimeStamp : 2025-08-26 17:46:06===> API : /api/billing/sendBillMail ===> Message : notifySellers() :: Email sent :: Success :: 250 2.0.0 OK  1756210566 d9443c01a7336-246687b4f93sm94339625ad.58 - gsmtp !
info: ===> TimeStamp : 2025-08-26 17:46:06===> API : /api/billing/sendBillMail ===> Message : sendBillMailResponse() invoked!
info: ===> TimeStamp : 2025-08-26 17:46:06===> API : /api/billing/sendBillMail ===> Message : sendBillMailResponse() completed
info: ===> TimeStamp : 2025-08-26 17:50:33===> API : null ===> Message : fetchDBSettings()
info: ===> TimeStamp : 2025-08-26 17:50:33===> API : null ===> Message : validateRequest() invoked
info: ===> TimeStamp : 2025-08-26 17:50:33===> API : null ===> Message : validateRequest() Invoked!
info: ===> TimeStamp : 2025-08-26 17:50:33===> API : null ===> Message : validRequest() :: Api validated Successfully
info: ===> TimeStamp : 2025-08-26 17:50:33===> API : /api/billing/addBillingDetails ===> Message : addBillingDetails() invoked!!
info: ===> TimeStamp : 2025-08-26 17:50:33===> API : /api/billing/addBillingDetails ===> Message : getPackageItemDetails() :: DB :: Invoked !
info: ===> TimeStamp : 2025-08-26 17:50:33===> API : /api/billing/addBillingDetails ===> Message : newBooking() :: DB :: Invoked !
info: ===> TimeStamp : 2025-08-26 17:50:33===> API : /api/billing/addBillingDetails ===> Message : newBooking() :: DB :: Invoked !
info: ===> TimeStamp : 2025-08-26 17:50:35===> API : /api/billing/addBillingDetails ===> Message : newBooking() :: DB :: Invoked !
info: ===> TimeStamp : 2025-08-26 17:50:35===> API : /api/billing/addBillingDetails ===> Message : newBooking() :: DB :: Invoked !
info: ===> TimeStamp : 2025-08-26 17:50:36===> API : /api/billing/addBillingDetails ===> Message : addBillingDetailsResponse() invoked!
info: ===> TimeStamp : 2025-08-26 17:50:36===> API : /api/billing/addBillingDetails ===> Message : addBillingDetailsResponse() completed
info: ===> TimeStamp : 2025-08-26 17:50:36===> API : null ===> Message : validateRequest() invoked
info: ===> TimeStamp : 2025-08-26 17:50:36===> API : null ===> Message : fetchDBSettings()
info: ===> TimeStamp : 2025-08-26 17:50:36===> API : null ===> Message : validateRequest() Invoked!
info: ===> TimeStamp : 2025-08-26 17:50:36===> API : null ===> Message : validRequest() :: Api validated Successfully
info: ===> TimeStamp : 2025-08-26 17:50:36===> API : /api/billing/updateItemDetailsBill ===> Message : updateItemDetailsBill() invoked!!
info: ===> TimeStamp : 2025-08-26 17:50:36===> API : /api/billing/updateItemDetailsBill ===> Message : updateItemDetailsBill() :: DB :: Invoked !
info: ===> TimeStamp : 2025-08-26 17:50:36===> API : /api/billing/updateItemDetailsBill ===> Message : updateItemDetailsBillResponse() invoked!
info: ===> TimeStamp : 2025-08-26 17:50:36===> API : /api/billing/updateItemDetailsBill ===> Message : updateItemDetailsBillResponse() completed
info: ===> TimeStamp : 2025-08-26 17:50:39===> API : null ===> Message : validateRequest() invoked
info: ===> TimeStamp : 2025-08-26 17:50:39===> API : null ===> Message : fetchDBSettings()
info: ===> TimeStamp : 2025-08-26 17:50:39===> API : null ===> Message : validateRequest() Invoked!
info: ===> TimeStamp : 2025-08-26 17:50:39===> API : null ===> Message : validRequest() :: Api validated Successfully
info: ===> TimeStamp : 2025-08-26 17:50:39===> API : /api/billing/uploadBillFile ===> Message : uploadBillFile() invoked!!
info: ===> TimeStamp : 2025-08-26 17:50:40===> API : /api/billing/uploadBillFile ===> Message : uploadBillFile() :: DB :: Invoked !
info: ===> TimeStamp : 2025-08-26 17:50:40===> API : /api/billing/uploadBillFile ===> Message : uploadBillFileResponse() invoked!
info: ===> TimeStamp : 2025-08-26 17:50:40===> API : /api/billing/uploadBillFile ===> Message : uploadBillFileResponse() completed
info: ===> TimeStamp : 2025-08-26 17:51:11===> API : null ===> Message : validateRequest() invoked
info: ===> TimeStamp : 2025-08-26 17:51:11===> API : null ===> Message : fetchDBSettings()
info: ===> TimeStamp : 2025-08-26 17:51:11===> API : null ===> Message : validateRequest() Invoked!
info: ===> TimeStamp : 2025-08-26 17:51:11===> API : null ===> Message : validRequest() :: Api validated Successfully
info: ===> TimeStamp : 2025-08-26 17:51:11===> API : /api/billing/uploadBillFile ===> Message : uploadBillFile() invoked!!
info: ===> TimeStamp : 2025-08-26 17:51:11===> API : /api/billing/uploadBillFile ===> Message : uploadBillFile() :: DB :: Invoked !
info: ===> TimeStamp : 2025-08-26 17:51:11===> API : /api/billing/uploadBillFile ===> Message : uploadBillFileResponse() invoked!
info: ===> TimeStamp : 2025-08-26 17:51:11===> API : /api/billing/uploadBillFile ===> Message : uploadBillFileResponse() completed
info: ===> TimeStamp : 2025-08-26 17:51:11===> API : null ===> Message : validateRequest() invoked
info: ===> TimeStamp : 2025-08-26 17:51:11===> API : null ===> Message : fetchDBSettings()
info: ===> TimeStamp : 2025-08-26 17:51:11===> API : null ===> Message : validateRequest() Invoked!
info: ===> TimeStamp : 2025-08-26 17:51:11===> API : null ===> Message : validRequest() :: Api validated Successfully
info: ===> TimeStamp : 2025-08-26 17:51:11===> API : /api/billing/sendBillMail ===> Message : sendBillMail() invoked!!
info: ===> TimeStamp : 2025-08-26 17:51:15===> API : /api/billing/sendBillMail ===> Message : notifySellers() :: Email sent :: Success :: 250 2.0.0 OK  1756210874 98e67ed59e1d1-3274588d0e4sm928792a91.2 - gsmtp !
info: ===> TimeStamp : 2025-08-26 17:51:15===> API : /api/billing/sendBillMail ===> Message : sendBillMailResponse() invoked!
info: ===> TimeStamp : 2025-08-26 17:51:15===> API : /api/billing/sendBillMail ===> Message : sendBillMailResponse() completed
info: ===> TimeStamp : 2025-08-26 17:55:04===> API : null ===> Message : validateRequest() invoked
info: ===> TimeStamp : 2025-08-26 17:55:04===> API : null ===> Message : fetchDBSettings()
info: ===> TimeStamp : 2025-08-26 17:55:04===> API : null ===> Message : validateRequest() Invoked!
info: ===> TimeStamp : 2025-08-26 17:55:04===> API : null ===> Message : validRequest() :: Api validated Successfully
info: ===> TimeStamp : 2025-08-26 17:55:04===> API : /api/billing/addBillingDetails ===> Message : addBillingDetails() invoked!!
info: ===> TimeStamp : 2025-08-26 17:55:04===> API : /api/billing/addBillingDetails ===> Message : getPackageItemDetails() :: DB :: Invoked !
info: ===> TimeStamp : 2025-08-26 17:55:04===> API : /api/billing/addBillingDetails ===> Message : newBooking() :: DB :: Invoked !
info: ===> TimeStamp : 2025-08-26 17:55:04===> API : /api/billing/addBillingDetails ===> Message : newBooking() :: DB :: Invoked !
info: ===> TimeStamp : 2025-08-26 17:55:06===> API : /api/billing/addBillingDetails ===> Message : newBooking() :: DB :: Invoked !
info: ===> TimeStamp : 2025-08-26 17:55:06===> API : /api/billing/addBillingDetails ===> Message : newBooking() :: DB :: Invoked !
info: ===> TimeStamp : 2025-08-26 17:55:07===> API : /api/billing/addBillingDetails ===> Message : addBillingDetailsResponse() invoked!
info: ===> TimeStamp : 2025-08-26 17:55:07===> API : /api/billing/addBillingDetails ===> Message : addBillingDetailsResponse() completed
info: ===> TimeStamp : 2025-08-26 17:55:07===> API : null ===> Message : validateRequest() invoked
info: ===> TimeStamp : 2025-08-26 17:55:07===> API : null ===> Message : fetchDBSettings()
info: ===> TimeStamp : 2025-08-26 17:55:07===> API : null ===> Message : validateRequest() Invoked!
info: ===> TimeStamp : 2025-08-26 17:55:07===> API : null ===> Message : validRequest() :: Api validated Successfully
info: ===> TimeStamp : 2025-08-26 17:55:07===> API : /api/billing/updateItemDetailsBill ===> Message : updateItemDetailsBill() invoked!!
info: ===> TimeStamp : 2025-08-26 17:55:07===> API : /api/billing/updateItemDetailsBill ===> Message : updateItemDetailsBill() :: DB :: Invoked !
info: ===> TimeStamp : 2025-08-26 17:55:07===> API : /api/billing/updateItemDetailsBill ===> Message : updateItemDetailsBillResponse() invoked!
info: ===> TimeStamp : 2025-08-26 17:55:07===> API : /api/billing/updateItemDetailsBill ===> Message : updateItemDetailsBillResponse() completed
info: ===> TimeStamp : 2025-08-26 17:55:10===> API : null ===> Message : validateRequest() invoked
info: ===> TimeStamp : 2025-08-26 17:55:10===> API : null ===> Message : fetchDBSettings()
info: ===> TimeStamp : 2025-08-26 17:55:10===> API : null ===> Message : validateRequest() Invoked!
info: ===> TimeStamp : 2025-08-26 17:55:10===> API : null ===> Message : validRequest() :: Api validated Successfully
info: ===> TimeStamp : 2025-08-26 17:55:10===> API : /api/billing/uploadBillFile ===> Message : uploadBillFile() invoked!!
info: ===> TimeStamp : 2025-08-26 17:55:10===> API : /api/billing/uploadBillFile ===> Message : uploadBillFile() :: DB :: Invoked !
info: ===> TimeStamp : 2025-08-26 17:55:10===> API : /api/billing/uploadBillFile ===> Message : uploadBillFileResponse() invoked!
info: ===> TimeStamp : 2025-08-26 17:55:10===> API : /api/billing/uploadBillFile ===> Message : uploadBillFileResponse() completed
info: ===> TimeStamp : 2025-08-26 17:55:28===> API : null ===> Message : validateRequest() invoked
info: ===> TimeStamp : 2025-08-26 17:55:28===> API : null ===> Message : fetchDBSettings()
info: ===> TimeStamp : 2025-08-26 17:55:28===> API : null ===> Message : validateRequest() Invoked!
info: ===> TimeStamp : 2025-08-26 17:55:28===> API : null ===> Message : validRequest() :: Api validated Successfully
info: ===> TimeStamp : 2025-08-26 17:55:28===> API : /api/billing/uploadBillFile ===> Message : uploadBillFile() invoked!!
info: ===> TimeStamp : 2025-08-26 17:55:28===> API : /api/billing/uploadBillFile ===> Message : uploadBillFile() :: DB :: Invoked !
info: ===> TimeStamp : 2025-08-26 17:55:28===> API : /api/billing/uploadBillFile ===> Message : uploadBillFileResponse() invoked!
info: ===> TimeStamp : 2025-08-26 17:55:28===> API : /api/billing/uploadBillFile ===> Message : uploadBillFileResponse() completed
info: ===> TimeStamp : 2025-08-26 17:55:28===> API : null ===> Message : validateRequest() invoked
info: ===> TimeStamp : 2025-08-26 17:55:28===> API : null ===> Message : fetchDBSettings()
info: ===> TimeStamp : 2025-08-26 17:55:28===> API : null ===> Message : validateRequest() Invoked!
info: ===> TimeStamp : 2025-08-26 17:55:28===> API : null ===> Message : validRequest() :: Api validated Successfully
info: ===> TimeStamp : 2025-08-26 17:55:28===> API : /api/billing/sendBillMail ===> Message : sendBillMail() invoked!!
info: ===> TimeStamp : 2025-08-26 17:55:32===> API : /api/billing/sendBillMail ===> Message : notifySellers() :: Email sent :: Success :: 250 2.0.0 OK  1756211132 98e67ed59e1d1-3254af5f24asm9777565a91.21 - gsmtp !
info: ===> TimeStamp : 2025-08-26 17:55:32===> API : /api/billing/sendBillMail ===> Message : sendBillMailResponse() invoked!
info: ===> TimeStamp : 2025-08-26 17:55:32===> API : /api/billing/sendBillMail ===> Message : sendBillMailResponse() completed
info: ===> TimeStamp : 2025-08-26 17:55:46===> API : null ===> Message : validateRequest() invoked
info: ===> TimeStamp : 2025-08-26 17:55:46===> API : null ===> Message : fetchDBSettings()
info: ===> TimeStamp : 2025-08-26 17:55:46===> API : null ===> Message : validateRequest() Invoked!
info: ===> TimeStamp : 2025-08-26 17:55:46===> API : null ===> Message : validRequest() :: Api validated Successfully
info: ===> TimeStamp : 2025-08-26 17:55:46===> API : /api/billing/uploadBillFile ===> Message : uploadBillFile() invoked!!
info: ===> TimeStamp : 2025-08-26 17:55:46===> API : /api/billing/uploadBillFile ===> Message : uploadBillFile() :: DB :: Invoked !
info: ===> TimeStamp : 2025-08-26 17:55:46===> API : /api/billing/uploadBillFile ===> Message : uploadBillFileResponse() invoked!
info: ===> TimeStamp : 2025-08-26 17:55:46===> API : /api/billing/uploadBillFile ===> Message : uploadBillFileResponse() completed
info: ===> TimeStamp : 2025-08-26 17:55:47===> API : null ===> Message : validateRequest() invoked
info: ===> TimeStamp : 2025-08-26 17:55:47===> API : null ===> Message : fetchDBSettings()
info: ===> TimeStamp : 2025-08-26 17:55:47===> API : null ===> Message : validateRequest() Invoked!
info: ===> TimeStamp : 2025-08-26 17:55:47===> API : null ===> Message : validRequest() :: Api validated Successfully
info: ===> TimeStamp : 2025-08-26 17:55:47===> API : /api/billing/sendBillMail ===> Message : sendBillMail() invoked!!
info: ===> TimeStamp : 2025-08-26 17:55:50===> API : /api/billing/sendBillMail ===> Message : notifySellers() :: Email sent :: Success :: 250 2.0.0 OK  1756211149 d9443c01a7336-24668779fa9sm95100925ad.27 - gsmtp !
info: ===> TimeStamp : 2025-08-26 17:55:50===> API : /api/billing/sendBillMail ===> Message : sendBillMailResponse() invoked!
info: ===> TimeStamp : 2025-08-26 17:55:50===> API : /api/billing/sendBillMail ===> Message : sendBillMailResponse() completed
info: ===> TimeStamp : 2025-08-26 17:59:31===> API : null ===> Message : validateRequest() invoked
info: ===> TimeStamp : 2025-08-26 17:59:31===> API : null ===> Message : fetchDBSettings()
info: ===> TimeStamp : 2025-08-26 17:59:31===> API : null ===> Message : validateRequest() Invoked!
info: ===> TimeStamp : 2025-08-26 17:59:31===> API : null ===> Message : validRequest() :: Api validated Successfully
info: ===> TimeStamp : 2025-08-26 17:59:31===> API : /api/billing/addBillingDetails ===> Message : addBillingDetails() invoked!!
info: ===> TimeStamp : 2025-08-26 17:59:31===> API : /api/billing/addBillingDetails ===> Message : getPackageItemDetails() :: DB :: Invoked !
info: ===> TimeStamp : 2025-08-26 17:59:31===> API : /api/billing/addBillingDetails ===> Message : newBooking() :: DB :: Invoked !
info: ===> TimeStamp : 2025-08-26 17:59:31===> API : /api/billing/addBillingDetails ===> Message : newBooking() :: DB :: Invoked !
info: ===> TimeStamp : 2025-08-26 17:59:33===> API : /api/billing/addBillingDetails ===> Message : newBooking() :: DB :: Invoked !
info: ===> TimeStamp : 2025-08-26 17:59:33===> API : /api/billing/addBillingDetails ===> Message : newBooking() :: DB :: Invoked !
info: ===> TimeStamp : 2025-08-26 17:59:34===> API : /api/billing/addBillingDetails ===> Message : addBillingDetailsResponse() invoked!
info: ===> TimeStamp : 2025-08-26 17:59:34===> API : /api/billing/addBillingDetails ===> Message : addBillingDetailsResponse() completed
info: ===> TimeStamp : 2025-08-26 17:59:34===> API : null ===> Message : validateRequest() invoked
info: ===> TimeStamp : 2025-08-26 17:59:34===> API : null ===> Message : fetchDBSettings()
info: ===> TimeStamp : 2025-08-26 17:59:34===> API : null ===> Message : validateRequest() Invoked!
info: ===> TimeStamp : 2025-08-26 17:59:34===> API : null ===> Message : validRequest() :: Api validated Successfully
info: ===> TimeStamp : 2025-08-26 17:59:34===> API : /api/billing/updateItemDetailsBill ===> Message : updateItemDetailsBill() invoked!!
info: ===> TimeStamp : 2025-08-26 17:59:34===> API : /api/billing/updateItemDetailsBill ===> Message : updateItemDetailsBill() :: DB :: Invoked !
info: ===> TimeStamp : 2025-08-26 17:59:34===> API : /api/billing/updateItemDetailsBill ===> Message : updateItemDetailsBillResponse() invoked!
info: ===> TimeStamp : 2025-08-26 17:59:34===> API : /api/billing/updateItemDetailsBill ===> Message : updateItemDetailsBillResponse() completed
info: ===> TimeStamp : 2025-08-26 17:59:38===> API : null ===> Message : validateRequest() invoked
info: ===> TimeStamp : 2025-08-26 17:59:38===> API : null ===> Message : fetchDBSettings()
info: ===> TimeStamp : 2025-08-26 17:59:38===> API : null ===> Message : validateRequest() Invoked!
info: ===> TimeStamp : 2025-08-26 17:59:38===> API : null ===> Message : validRequest() :: Api validated Successfully
info: ===> TimeStamp : 2025-08-26 17:59:38===> API : /api/billing/uploadBillFile ===> Message : uploadBillFile() invoked!!
info: ===> TimeStamp : 2025-08-26 17:59:38===> API : /api/billing/uploadBillFile ===> Message : uploadBillFile() :: DB :: Invoked !
info: ===> TimeStamp : 2025-08-26 17:59:38===> API : /api/billing/uploadBillFile ===> Message : uploadBillFileResponse() invoked!
info: ===> TimeStamp : 2025-08-26 17:59:38===> API : /api/billing/uploadBillFile ===> Message : uploadBillFileResponse() completed
info: ===> TimeStamp : 2025-08-26 17:59:49===> API : null ===> Message : validateRequest() invoked
info: ===> TimeStamp : 2025-08-26 17:59:49===> API : null ===> Message : fetchDBSettings()
info: ===> TimeStamp : 2025-08-26 17:59:49===> API : null ===> Message : validateRequest() Invoked!
info: ===> TimeStamp : 2025-08-26 17:59:49===> API : null ===> Message : validRequest() :: Api validated Successfully
info: ===> TimeStamp : 2025-08-26 17:59:49===> API : /api/billing/uploadBillFile ===> Message : uploadBillFile() invoked!!
info: ===> TimeStamp : 2025-08-26 17:59:50===> API : /api/billing/uploadBillFile ===> Message : uploadBillFile() :: DB :: Invoked !
info: ===> TimeStamp : 2025-08-26 17:59:50===> API : /api/billing/uploadBillFile ===> Message : uploadBillFileResponse() invoked!
info: ===> TimeStamp : 2025-08-26 17:59:50===> API : /api/billing/uploadBillFile ===> Message : uploadBillFileResponse() completed
info: ===> TimeStamp : 2025-08-26 17:59:50===> API : null ===> Message : fetchDBSettings()
info: ===> TimeStamp : 2025-08-26 17:59:50===> API : null ===> Message : validateRequest() invoked
info: ===> TimeStamp : 2025-08-26 17:59:50===> API : null ===> Message : validateRequest() Invoked!
info: ===> TimeStamp : 2025-08-26 17:59:50===> API : null ===> Message : validRequest() :: Api validated Successfully
info: ===> TimeStamp : 2025-08-26 17:59:50===> API : /api/billing/sendBillMail ===> Message : sendBillMail() invoked!!
info: ===> TimeStamp : 2025-08-26 17:59:52===> API : /api/billing/sendBillMail ===> Message : notifySellers() :: Email sent :: Success :: 250 2.0.0 OK  1756211392 d9443c01a7336-2466889de90sm95062805ad.156 - gsmtp !
info: ===> TimeStamp : 2025-08-26 17:59:52===> API : /api/billing/sendBillMail ===> Message : sendBillMailResponse() invoked!
info: ===> TimeStamp : 2025-08-26 17:59:52===> API : /api/billing/sendBillMail ===> Message : sendBillMailResponse() completed
info: ===> TimeStamp : 2025-08-26 18:00:17===> API : null ===> Message : validateRequest() invoked
info: ===> TimeStamp : 2025-08-26 18:00:17===> API : null ===> Message : fetchDBSettings()
info: ===> TimeStamp : 2025-08-26 18:00:17===> API : null ===> Message : validateRequest() Invoked!
info: ===> TimeStamp : 2025-08-26 18:00:17===> API : null ===> Message : validRequest() :: Api validated Successfully
info: ===> TimeStamp : 2025-08-26 18:00:17===> API : /api/billing/addBillingDetails ===> Message : addBillingDetails() invoked!!
info: ===> TimeStamp : 2025-08-26 18:00:17===> API : /api/billing/addBillingDetails ===> Message : getPackageItemDetails() :: DB :: Invoked !
info: ===> TimeStamp : 2025-08-26 18:00:17===> API : /api/billing/addBillingDetails ===> Message : newBooking() :: DB :: Invoked !
info: ===> TimeStamp : 2025-08-26 18:00:17===> API : /api/billing/addBillingDetails ===> Message : newBooking() :: DB :: Invoked !
info: ===> TimeStamp : 2025-08-26 18:00:19===> API : /api/billing/addBillingDetails ===> Message : newBooking() :: DB :: Invoked !
info: ===> TimeStamp : 2025-08-26 18:00:19===> API : /api/billing/addBillingDetails ===> Message : newBooking() :: DB :: Invoked !
info: ===> TimeStamp : 2025-08-26 18:00:20===> API : /api/billing/addBillingDetails ===> Message : addBillingDetailsResponse() invoked!
info: ===> TimeStamp : 2025-08-26 18:00:20===> API : /api/billing/addBillingDetails ===> Message : addBillingDetailsResponse() completed
info: ===> TimeStamp : 2025-08-26 18:00:20===> API : null ===> Message : validateRequest() invoked
info: ===> TimeStamp : 2025-08-26 18:00:20===> API : null ===> Message : fetchDBSettings()
info: ===> TimeStamp : 2025-08-26 18:00:20===> API : null ===> Message : validateRequest() Invoked!
info: ===> TimeStamp : 2025-08-26 18:00:20===> API : null ===> Message : validRequest() :: Api validated Successfully
info: ===> TimeStamp : 2025-08-26 18:00:20===> API : /api/billing/updateItemDetailsBill ===> Message : updateItemDetailsBill() invoked!!
info: ===> TimeStamp : 2025-08-26 18:00:20===> API : /api/billing/updateItemDetailsBill ===> Message : updateItemDetailsBill() :: DB :: Invoked !
info: ===> TimeStamp : 2025-08-26 18:00:21===> API : /api/billing/updateItemDetailsBill ===> Message : updateItemDetailsBillResponse() invoked!
info: ===> TimeStamp : 2025-08-26 18:00:21===> API : /api/billing/updateItemDetailsBill ===> Message : updateItemDetailsBillResponse() completed
info: ===> TimeStamp : 2025-08-26 18:00:22===> API : null ===> Message : validateRequest() invoked
info: ===> TimeStamp : 2025-08-26 18:00:22===> API : null ===> Message : fetchDBSettings()
info: ===> TimeStamp : 2025-08-26 18:00:22===> API : null ===> Message : validateRequest() Invoked!
info: ===> TimeStamp : 2025-08-26 18:00:23===> API : null ===> Message : validRequest() :: Api validated Successfully
info: ===> TimeStamp : 2025-08-26 18:00:23===> API : /api/billing/uploadBillFile ===> Message : uploadBillFile() invoked!!
info: ===> TimeStamp : 2025-08-26 18:00:23===> API : /api/billing/uploadBillFile ===> Message : uploadBillFile() :: DB :: Invoked !
info: ===> TimeStamp : 2025-08-26 18:00:23===> API : /api/billing/uploadBillFile ===> Message : uploadBillFileResponse() invoked!
info: ===> TimeStamp : 2025-08-26 18:00:23===> API : /api/billing/uploadBillFile ===> Message : uploadBillFileResponse() completed
info: ===> TimeStamp : 2025-08-26 18:00:27===> API : null ===> Message : validateRequest() invoked
info: ===> TimeStamp : 2025-08-26 18:00:27===> API : null ===> Message : fetchDBSettings()
info: ===> TimeStamp : 2025-08-26 18:00:27===> API : null ===> Message : validateRequest() Invoked!
info: ===> TimeStamp : 2025-08-26 18:00:27===> API : null ===> Message : validRequest() :: Api validated Successfully
info: ===> TimeStamp : 2025-08-26 18:00:27===> API : /api/billing/uploadBillFile ===> Message : uploadBillFile() invoked!!
info: ===> TimeStamp : 2025-08-26 18:00:27===> API : /api/billing/uploadBillFile ===> Message : uploadBillFile() :: DB :: Invoked !
info: ===> TimeStamp : 2025-08-26 18:00:27===> API : /api/billing/uploadBillFile ===> Message : uploadBillFileResponse() invoked!
info: ===> TimeStamp : 2025-08-26 18:00:27===> API : /api/billing/uploadBillFile ===> Message : uploadBillFileResponse() completed
info: ===> TimeStamp : 2025-08-26 18:00:27===> API : null ===> Message : validateRequest() invoked
info: ===> TimeStamp : 2025-08-26 18:00:27===> API : null ===> Message : fetchDBSettings()
info: ===> TimeStamp : 2025-08-26 18:00:27===> API : null ===> Message : validateRequest() Invoked!
info: ===> TimeStamp : 2025-08-26 18:00:27===> API : null ===> Message : validRequest() :: Api validated Successfully
info: ===> TimeStamp : 2025-08-26 18:00:27===> API : /api/billing/sendBillMail ===> Message : sendBillMail() invoked!!
info: ===> TimeStamp : 2025-08-26 18:00:30===> API : /api/billing/sendBillMail ===> Message : notifySellers() :: Email sent :: Success :: 250 2.0.0 OK  1756211430 d2e1a72fcca58-7703ffb48a0sm10541821b3a.8 - gsmtp !
info: ===> TimeStamp : 2025-08-26 18:00:30===> API : /api/billing/sendBillMail ===> Message : sendBillMailResponse() invoked!
info: ===> TimeStamp : 2025-08-26 18:00:30===> API : /api/billing/sendBillMail ===> Message : sendBillMailResponse() completed
info: ===> TimeStamp : 2025-08-26 18:00:32===> API : null ===> Message : validateRequest() invoked
info: ===> TimeStamp : 2025-08-26 18:00:32===> API : null ===> Message : fetchDBSettings()
info: ===> TimeStamp : 2025-08-26 18:00:32===> API : null ===> Message : validateRequest() invoked
info: ===> TimeStamp : 2025-08-26 18:00:32===> API : null ===> Message : fetchDBSettings()
info: ===> TimeStamp : 2025-08-26 18:00:32===> API : null ===> Message : validateRequest() invoked
info: ===> TimeStamp : 2025-08-26 18:00:32===> API : null ===> Message : fetchDBSettings()
info: ===> TimeStamp : 2025-08-26 18:00:32===> API : null ===> Message : validateRequest() Invoked!
info: ===> TimeStamp : 2025-08-26 18:00:32===> API : null ===> Message : validateRequest() invoked
info: ===> TimeStamp : 2025-08-26 18:00:32===> API : null ===> Message : fetchDBSettings()
info: ===> TimeStamp : 2025-08-26 18:00:32===> API : null ===> Message : validateRequest() Invoked!
info: ===> TimeStamp : 2025-08-26 18:00:32===> API : null ===> Message : validateRequest() Invoked!
info: ===> TimeStamp : 2025-08-26 18:00:32===> API : null ===> Message : validateRequest() Invoked!
info: ===> TimeStamp : 2025-08-26 18:00:33===> API : null ===> Message : validRequest() :: Api validated Successfully
info: ===> TimeStamp : 2025-08-26 18:00:33===> API : /api/billing/getBillingDetails?billId=0&userId=0&billingDate=2025-08-26&shiftId=0&isBookingWebsite=0&futureDate=&fromDate=&toDate= ===> Message : getBillingDetails() invoked!!
info: ===> TimeStamp : 2025-08-26 18:00:33===> API : /api/billing/getBillingDetails?billId=0&userId=0&billingDate=2025-08-26&shiftId=0&isBookingWebsite=0&futureDate=&fromDate=&toDate= ===> Message : getBilliDetailsByBillDate() :: DB :: Invoked !
info: ===> TimeStamp : 2025-08-26 18:00:33===> API : null ===> Message : validRequest() :: Api validated Successfully
info: ===> TimeStamp : 2025-08-26 18:00:33===> API : /api/billing/fetchVoidBill ===> Message : fetchVoidBill() :: DB :: Invoked !
info: ===> TimeStamp : 2025-08-26 18:00:33===> API : /api/billing/fetchVoidBill ===> Message : fetchVoidBill() invoked!!
info: ===> TimeStamp : 2025-08-26 18:00:33===> API : null ===> Message : validRequest() :: Api validated Successfully
info: ===> TimeStamp : 2025-08-26 18:00:33===> API : /api/billing/getBillingDetails?billId=0&userId=0&billingDate=2025-08-26&shiftId=0&isBookingWebsite=0&futureDate=2025-08-26&fromDate=&toDate= ===> Message : getBillingDetails() invoked!!
info: ===> TimeStamp : 2025-08-26 18:00:33===> API : null ===> Message : validRequest() :: Api validated Successfully
info: ===> TimeStamp : 2025-08-26 18:00:33===> API : /api/billing/noShowGuestList ===> Message : noShowGuestList() :: DB :: Invoked !
info: ===> TimeStamp : 2025-08-26 18:00:33===> API : /api/billing/noShowGuestList ===> Message : noShowGuestList() invoked!!
info: ===> TimeStamp : 2025-08-26 18:00:33===> API : /api/billing/getBillingDetails?billId=0&userId=0&billingDate=2025-08-26&shiftId=0&isBookingWebsite=0&futureDate=&fromDate=&toDate= ===> Message : getBillingDetailsResponse() invoked!
info: ===> TimeStamp : 2025-08-26 18:00:33===> API : /api/billing/getBillingDetails?billId=0&userId=0&billingDate=2025-08-26&shiftId=0&isBookingWebsite=0&futureDate=&fromDate=&toDate= ===> Message : getBillingDetailsResponse() completed
info: ===> TimeStamp : 2025-08-26 18:00:33===> API : null ===> Message : validateRequest() invoked
info: ===> TimeStamp : 2025-08-26 18:00:33===> API : null ===> Message : fetchDBSettings()
info: ===> TimeStamp : 2025-08-26 18:00:33===> API : null ===> Message : validateRequest() Invoked!
info: ===> TimeStamp : 2025-08-26 18:00:33===> API : null ===> Message : validRequest() :: Api validated Successfully
info: ===> TimeStamp : 2025-08-26 18:00:33===> API : /api/billing/getBillingDetails?billId=0&userId=0&billingDate=2025-08-26&shiftId=0&isBookingWebsite=0&futureDate=&fromDate=&toDate= ===> Message : getBillingDetails() invoked!!
info: ===> TimeStamp : 2025-08-26 18:00:33===> API : /api/billing/getBillingDetails?billId=0&userId=0&billingDate=2025-08-26&shiftId=0&isBookingWebsite=0&futureDate=&fromDate=&toDate= ===> Message : getBilliDetailsByBillDate() :: DB :: Invoked !
info: ===> TimeStamp : 2025-08-26 18:00:33===> API : /api/billing/getBillingDetails?billId=0&userId=0&billingDate=2025-08-26&shiftId=0&isBookingWebsite=0&futureDate=&fromDate=&toDate= ===> Message : getBillingDetailsResponse() invoked!
info: ===> TimeStamp : 2025-08-26 18:00:33===> API : /api/billing/getBillingDetails?billId=0&userId=0&billingDate=2025-08-26&shiftId=0&isBookingWebsite=0&futureDate=&fromDate=&toDate= ===> Message : getBillingDetailsResponse() completed
info: ===> TimeStamp : 2025-08-26 18:00:34===> API : null ===> Message : validateRequest() invoked
info: ===> TimeStamp : 2025-08-26 18:00:34===> API : null ===> Message : fetchDBSettings()
info: ===> TimeStamp : 2025-08-26 18:00:34===> API : null ===> Message : validateRequest() Invoked!
info: ===> TimeStamp : 2025-08-26 18:00:34===> API : /api/billing/fetchVoidBill ===> Message : fetchVoidBillResponse() invoked!
info: ===> TimeStamp : 2025-08-26 18:00:34===> API : /api/billing/fetchVoidBill ===> Message : fetchVoidBillResponse() completed
info: ===> TimeStamp : 2025-08-26 18:00:34===> API : /api/billing/noShowGuestList ===> Message : noShowGuestListResponse() invoked!
info: ===> TimeStamp : 2025-08-26 18:00:34===> API : /api/billing/noShowGuestList ===> Message : noShowGuestListResponse() completed
info: ===> TimeStamp : 2025-08-26 18:00:34===> API : null ===> Message : validRequest() :: Api validated Successfully
info: ===> TimeStamp : 2025-08-26 18:00:34===> API : /api/billing/updateItemDetailsBill ===> Message : updateItemDetailsBill() invoked!!
info: ===> TimeStamp : 2025-08-26 18:00:34===> API : /api/billing/updateItemDetailsBill ===> Message : updateItemDetailsBill() :: DB :: Invoked !
info: ===> TimeStamp : 2025-08-26 18:00:34===> API : null ===> Message : validateRequest() invoked
info: ===> TimeStamp : 2025-08-26 18:00:34===> API : null ===> Message : fetchDBSettings()
info: ===> TimeStamp : 2025-08-26 18:00:34===> API : /api/billing/updateItemDetailsBill ===> Message : updateItemDetailsBillResponse() invoked!
info: ===> TimeStamp : 2025-08-26 18:00:34===> API : /api/billing/updateItemDetailsBill ===> Message : updateItemDetailsBillResponse() completed
info: ===> TimeStamp : 2025-08-26 18:00:34===> API : null ===> Message : validateRequest() Invoked!
info: ===> TimeStamp : 2025-08-26 18:00:34===> API : null ===> Message : validRequest() :: Api validated Successfully
info: ===> TimeStamp : 2025-08-26 18:00:34===> API : /api/billing/noShowGuestList ===> Message : noShowGuestList() invoked!!
info: ===> TimeStamp : 2025-08-26 18:00:34===> API : /api/billing/noShowGuestList ===> Message : noShowGuestList() :: DB :: Invoked !
info: ===> TimeStamp : 2025-08-26 18:00:35===> API : /api/billing/noShowGuestList ===> Message : noShowGuestListResponse() invoked!
info: ===> TimeStamp : 2025-08-26 18:00:35===> API : /api/billing/noShowGuestList ===> Message : noShowGuestListResponse() completed
info: ===> TimeStamp : 2025-08-26 18:00:36===> API : null ===> Message : validateRequest() invoked
info: ===> TimeStamp : 2025-08-26 18:00:36===> API : null ===> Message : fetchDBSettings()
info: ===> TimeStamp : 2025-08-26 18:00:36===> API : null ===> Message : validateRequest() Invoked!
info: ===> TimeStamp : 2025-08-26 18:00:36===> API : null ===> Message : validRequest() :: Api validated Successfully
info: ===> TimeStamp : 2025-08-26 18:00:36===> API : /api/billing/uploadBillFile ===> Message : uploadBillFile() invoked!!
info: ===> TimeStamp : 2025-08-26 18:00:36===> API : /api/billing/uploadBillFile ===> Message : uploadBillFile() :: DB :: Invoked !
info: ===> TimeStamp : 2025-08-26 18:00:36===> API : /api/billing/uploadBillFile ===> Message : uploadBillFileResponse() invoked!
info: ===> TimeStamp : 2025-08-26 18:00:36===> API : /api/billing/uploadBillFile ===> Message : uploadBillFileResponse() completed
info: ===> TimeStamp : 2025-08-26 18:00:40===> API : null ===> Message : validateRequest() invoked
info: ===> TimeStamp : 2025-08-26 18:00:40===> API : null ===> Message : fetchDBSettings()
info: ===> TimeStamp : 2025-08-26 18:00:40===> API : null ===> Message : validateRequest() Invoked!
info: ===> TimeStamp : 2025-08-26 18:00:41===> API : null ===> Message : validRequest() :: Api validated Successfully
info: ===> TimeStamp : 2025-08-26 18:00:41===> API : /api/billing/uploadBillFile ===> Message : uploadBillFile() invoked!!
info: ===> TimeStamp : 2025-08-26 18:00:41===> API : /api/billing/uploadBillFile ===> Message : uploadBillFile() :: DB :: Invoked !
info: ===> TimeStamp : 2025-08-26 18:00:41===> API : /api/billing/uploadBillFile ===> Message : uploadBillFileResponse() invoked!
info: ===> TimeStamp : 2025-08-26 18:00:41===> API : /api/billing/uploadBillFile ===> Message : uploadBillFileResponse() completed
info: ===> TimeStamp : 2025-08-26 18:00:41===> API : null ===> Message : validateRequest() invoked
info: ===> TimeStamp : 2025-08-26 18:00:41===> API : null ===> Message : fetchDBSettings()
info: ===> TimeStamp : 2025-08-26 18:00:41===> API : null ===> Message : validateRequest() Invoked!
info: ===> TimeStamp : 2025-08-26 18:00:41===> API : null ===> Message : validRequest() :: Api validated Successfully
info: ===> TimeStamp : 2025-08-26 18:00:41===> API : /api/billing/sendBillMail ===> Message : sendBillMail() invoked!!
info: ===> TimeStamp : 2025-08-26 18:00:45===> API : /api/billing/sendBillMail ===> Message : notifySellers() :: Email sent :: Success :: 250 2.0.0 OK  1756211444 98e67ed59e1d1-32745976e75sm786184a91.6 - gsmtp !
info: ===> TimeStamp : 2025-08-26 18:00:45===> API : /api/billing/sendBillMail ===> Message : sendBillMailResponse() invoked!
info: ===> TimeStamp : 2025-08-26 18:00:45===> API : /api/billing/sendBillMail ===> Message : sendBillMailResponse() completed
info: ===> TimeStamp : 2025-08-26 18:03:12===> API : null ===> Message : validateRequest() invoked
info: ===> TimeStamp : 2025-08-26 18:03:12===> API : null ===> Message : fetchDBSettings()
info: ===> TimeStamp : 2025-08-26 18:03:12===> API : null ===> Message : validateRequest() invoked
info: ===> TimeStamp : 2025-08-26 18:03:12===> API : null ===> Message : fetchDBSettings()
info: ===> TimeStamp : 2025-08-26 18:03:12===> API : null ===> Message : validateRequest() invoked
info: ===> TimeStamp : 2025-08-26 18:03:12===> API : null ===> Message : fetchDBSettings()
info: ===> TimeStamp : 2025-08-26 18:03:12===> API : null ===> Message : validateRequest() invoked
info: ===> TimeStamp : 2025-08-26 18:03:12===> API : null ===> Message : fetchDBSettings()
info: ===> TimeStamp : 2025-08-26 18:03:12===> API : null ===> Message : validateRequest() Invoked!
info: ===> TimeStamp : 2025-08-26 18:03:12===> API : null ===> Message : validateRequest() Invoked!
info: ===> TimeStamp : 2025-08-26 18:03:12===> API : null ===> Message : validateRequest() Invoked!
info: ===> TimeStamp : 2025-08-26 18:03:12===> API : null ===> Message : validateRequest() Invoked!
info: ===> TimeStamp : 2025-08-26 18:03:12===> API : null ===> Message : validRequest() :: Api validated Successfully
info: ===> TimeStamp : 2025-08-26 18:03:12===> API : /api/billing/getBillingDetails?billId=0&userId=0&billingDate=2025-08-26&shiftId=0&isBookingWebsite=0&futureDate=&fromDate=&toDate= ===> Message : getBillingDetails() invoked!!
info: ===> TimeStamp : 2025-08-26 18:03:12===> API : /api/billing/getBillingDetails?billId=0&userId=0&billingDate=2025-08-26&shiftId=0&isBookingWebsite=0&futureDate=&fromDate=&toDate= ===> Message : getBilliDetailsByBillDate() :: DB :: Invoked !
info: ===> TimeStamp : 2025-08-26 18:03:12===> API : null ===> Message : validRequest() :: Api validated Successfully
info: ===> TimeStamp : 2025-08-26 18:03:12===> API : /api/billing/fetchVoidBill ===> Message : fetchVoidBill() invoked!!
info: ===> TimeStamp : 2025-08-26 18:03:12===> API : /api/billing/fetchVoidBill ===> Message : fetchVoidBill() :: DB :: Invoked !
info: ===> TimeStamp : 2025-08-26 18:03:12===> API : null ===> Message : validRequest() :: Api validated Successfully
info: ===> TimeStamp : 2025-08-26 18:03:12===> API : /api/billing/noShowGuestList ===> Message : noShowGuestList() invoked!!
info: ===> TimeStamp : 2025-08-26 18:03:12===> API : /api/billing/noShowGuestList ===> Message : noShowGuestList() :: DB :: Invoked !
info: ===> TimeStamp : 2025-08-26 18:03:12===> API : null ===> Message : validRequest() :: Api validated Successfully
info: ===> TimeStamp : 2025-08-26 18:03:12===> API : /api/billing/getBillingDetails?billId=0&userId=0&billingDate=2025-08-26&shiftId=0&isBookingWebsite=0&futureDate=2025-08-26&fromDate=&toDate= ===> Message : getBillingDetails() invoked!!
info: ===> TimeStamp : 2025-08-26 18:03:13===> API : /api/billing/getBillingDetails?billId=0&userId=0&billingDate=2025-08-26&shiftId=0&isBookingWebsite=0&futureDate=&fromDate=&toDate= ===> Message : getBillingDetailsResponse() invoked!
info: ===> TimeStamp : 2025-08-26 18:03:13===> API : /api/billing/getBillingDetails?billId=0&userId=0&billingDate=2025-08-26&shiftId=0&isBookingWebsite=0&futureDate=&fromDate=&toDate= ===> Message : getBillingDetailsResponse() completed
info: ===> TimeStamp : 2025-08-26 18:03:13===> API : null ===> Message : validateRequest() invoked
info: ===> TimeStamp : 2025-08-26 18:03:13===> API : null ===> Message : fetchDBSettings()
info: ===> TimeStamp : 2025-08-26 18:03:13===> API : null ===> Message : validateRequest() Invoked!
info: ===> TimeStamp : 2025-08-26 18:03:13===> API : null ===> Message : validRequest() :: Api validated Successfully
info: ===> TimeStamp : 2025-08-26 18:03:13===> API : /api/billing/getBillingDetails?billId=0&userId=0&billingDate=2025-08-26&shiftId=0&isBookingWebsite=0&futureDate=&fromDate=&toDate= ===> Message : getBillingDetails() invoked!!
info: ===> TimeStamp : 2025-08-26 18:03:13===> API : /api/billing/getBillingDetails?billId=0&userId=0&billingDate=2025-08-26&shiftId=0&isBookingWebsite=0&futureDate=&fromDate=&toDate= ===> Message : getBilliDetailsByBillDate() :: DB :: Invoked !
info: ===> TimeStamp : 2025-08-26 18:03:13===> API : /api/billing/getBillingDetails?billId=0&userId=0&billingDate=2025-08-26&shiftId=0&isBookingWebsite=0&futureDate=&fromDate=&toDate= ===> Message : getBillingDetailsResponse() invoked!
info: ===> TimeStamp : 2025-08-26 18:03:13===> API : /api/billing/getBillingDetails?billId=0&userId=0&billingDate=2025-08-26&shiftId=0&isBookingWebsite=0&futureDate=&fromDate=&toDate= ===> Message : getBillingDetailsResponse() completed
info: ===> TimeStamp : 2025-08-26 18:03:14===> API : /api/billing/fetchVoidBill ===> Message : fetchVoidBillResponse() invoked!
info: ===> TimeStamp : 2025-08-26 18:03:14===> API : /api/billing/fetchVoidBill ===> Message : fetchVoidBillResponse() completed
info: ===> TimeStamp : 2025-08-26 18:03:14===> API : /api/billing/noShowGuestList ===> Message : noShowGuestListResponse() invoked!
info: ===> TimeStamp : 2025-08-26 18:03:14===> API : /api/billing/noShowGuestList ===> Message : noShowGuestListResponse() completed
info: ===> TimeStamp : 2025-08-26 18:03:14===> API : null ===> Message : validateRequest() invoked
info: ===> TimeStamp : 2025-08-26 18:03:14===> API : null ===> Message : fetchDBSettings()
info: ===> TimeStamp : 2025-08-26 18:03:14===> API : null ===> Message : validateRequest() Invoked!
info: ===> TimeStamp : 2025-08-26 18:03:14===> API : null ===> Message : validateRequest() invoked
info: ===> TimeStamp : 2025-08-26 18:03:14===> API : null ===> Message : fetchDBSettings()
info: ===> TimeStamp : 2025-08-26 18:03:14===> API : null ===> Message : validateRequest() Invoked!
info: ===> TimeStamp : 2025-08-26 18:03:14===> API : null ===> Message : validRequest() :: Api validated Successfully
info: ===> TimeStamp : 2025-08-26 18:03:14===> API : /api/billing/getBillingDetails?billId=0&userId=0&billingDate=2025-08-26&shiftId=0&isBookingWebsite=0&futureDate=&fromDate=&toDate= ===> Message : getBillingDetails() invoked!!
info: ===> TimeStamp : 2025-08-26 18:03:14===> API : /api/billing/getBillingDetails?billId=0&userId=0&billingDate=2025-08-26&shiftId=0&isBookingWebsite=0&futureDate=&fromDate=&toDate= ===> Message : getBilliDetailsByBillDate() :: DB :: Invoked !
info: ===> TimeStamp : 2025-08-26 18:03:14===> API : /api/billing/getBillingDetails?billId=0&userId=0&billingDate=2025-08-26&shiftId=0&isBookingWebsite=0&futureDate=&fromDate=&toDate= ===> Message : getBillingDetailsResponse() invoked!
info: ===> TimeStamp : 2025-08-26 18:03:14===> API : /api/billing/getBillingDetails?billId=0&userId=0&billingDate=2025-08-26&shiftId=0&isBookingWebsite=0&futureDate=&fromDate=&toDate= ===> Message : getBillingDetailsResponse() completed
info: ===> TimeStamp : 2025-08-26 18:03:14===> API : null ===> Message : validRequest() :: Api validated Successfully
info: ===> TimeStamp : 2025-08-26 18:03:14===> API : /api/billing/noShowGuestList ===> Message : noShowGuestList() invoked!!
info: ===> TimeStamp : 2025-08-26 18:03:14===> API : /api/billing/noShowGuestList ===> Message : noShowGuestList() :: DB :: Invoked !
info: ===> TimeStamp : 2025-08-26 18:03:14===> API : /api/billing/noShowGuestList ===> Message : noShowGuestListResponse() invoked!
info: ===> TimeStamp : 2025-08-26 18:03:14===> API : /api/billing/noShowGuestList ===> Message : noShowGuestListResponse() completed
info: ===> TimeStamp : 2025-08-26 18:03:17===> API : null ===> Message : validateRequest() invoked
info: ===> TimeStamp : 2025-08-26 18:03:17===> API : null ===> Message : fetchDBSettings()
info: ===> TimeStamp : 2025-08-26 18:03:17===> API : null ===> Message : validateRequest() Invoked!
info: ===> TimeStamp : 2025-08-26 18:03:17===> API : null ===> Message : validRequest() :: Api validated Successfully
info: ===> TimeStamp : 2025-08-26 18:03:17===> API : /api/billing/getBillingDetails?billId=0&userId=0&billingDate=2025-08-26&shiftId=2&isBookingWebsite=0&futureDate=&fromDate=&toDate= ===> Message : getBilliDetailsByShift() :: DB :: Invoked !
info: ===> TimeStamp : 2025-08-26 18:03:17===> API : /api/billing/getBillingDetails?billId=0&userId=0&billingDate=2025-08-26&shiftId=2&isBookingWebsite=0&futureDate=&fromDate=&toDate= ===> Message : getBillingDetails() invoked!!
info: ===> TimeStamp : 2025-08-26 18:03:18===> API : /api/billing/getBillingDetails?billId=0&userId=0&billingDate=2025-08-26&shiftId=2&isBookingWebsite=0&futureDate=&fromDate=&toDate= ===> Message : getBillingDetailsResponse() invoked!
info: ===> TimeStamp : 2025-08-26 18:03:18===> API : /api/billing/getBillingDetails?billId=0&userId=0&billingDate=2025-08-26&shiftId=2&isBookingWebsite=0&futureDate=&fromDate=&toDate= ===> Message : getBillingDetailsResponse() completed
info: ===> TimeStamp : 2025-08-26 18:03:18===> API : null ===> Message : validateRequest() invoked
info: ===> TimeStamp : 2025-08-26 18:03:18===> API : null ===> Message : fetchDBSettings()
info: ===> TimeStamp : 2025-08-26 18:03:18===> API : null ===> Message : validateRequest() Invoked!
info: ===> TimeStamp : 2025-08-26 18:03:18===> API : null ===> Message : validRequest() :: Api validated Successfully
info: ===> TimeStamp : 2025-08-26 18:03:18===> API : /api/billing/generateCSVReport ===> Message : generateReports() invoked!!
info: ===> TimeStamp : 2025-08-26 18:03:18===> API : /api/billing/generateCSVReport ===> Message : generateReportsByShift() :: DB :: Invoked !
info: ===> TimeStamp : 2025-08-26 18:03:18===> API : /api/billing/generateCSVReport ===> Message : uploadReportFile() :: DB :: Invoked !
info: ===> TimeStamp : 2025-08-26 18:03:18===> API : /api/billing/generateCSVReport ===> Message : generateReportsResponse() invoked!
info: ===> TimeStamp : 2025-08-26 18:03:18===> API : /api/billing/generateCSVReport ===> Message : generateReportsResponse() completed
info: ===> TimeStamp : 2025-08-26 18:03:33===> API : null ===> Message : validateRequest() invoked
info: ===> TimeStamp : 2025-08-26 18:03:33===> API : null ===> Message : fetchDBSettings()
info: ===> TimeStamp : 2025-08-26 18:03:33===> API : null ===> Message : validateRequest() Invoked!
info: ===> TimeStamp : 2025-08-26 18:03:34===> API : null ===> Message : validRequest() :: Api validated Successfully
info: ===> TimeStamp : 2025-08-26 18:03:34===> API : /api/billing/getBillingDetails?billId=0&userId=0&billingDate=2025-08-26&shiftId=0&isBookingWebsite=0&futureDate=2025-08-26&fromDate=&toDate= ===> Message : getBillingDetails() invoked!!
info: ===> TimeStamp : 2025-08-26 18:29:06===> API : null ===> Message : validateRequest() invoked
info: ===> TimeStamp : 2025-08-26 18:29:06===> API : null ===> Message : validateRequest() Error:: Invalid Request :: 
      {"apiUri":"/robots.txt"}
info: ===> TimeStamp : 2025-08-26 18:53:45===> API : null ===> Message : validateRequest() invoked
info: ===> TimeStamp : 2025-08-26 18:53:45===> API : null ===> Message : fetchDBSettings()
info: ===> TimeStamp : 2025-08-26 18:53:45===> API : null ===> Message : validateRequest() Invoked!
info: ===> TimeStamp : 2025-08-26 18:53:45===> API : null ===> Message : validRequest() :: Api validated Successfully
info: ===> TimeStamp : 2025-08-26 18:53:45===> API : /api/billing/addBillingDetails ===> Message : addBillingDetails() invoked!!
info: ===> TimeStamp : 2025-08-26 18:53:45===> API : /api/billing/addBillingDetails ===> Message : getPackageItemDetails() :: DB :: Invoked !
info: ===> TimeStamp : 2025-08-26 18:53:45===> API : /api/billing/addBillingDetails ===> Message : newBooking() :: DB :: Invoked !
info: ===> TimeStamp : 2025-08-26 18:53:45===> API : /api/billing/addBillingDetails ===> Message : newBooking() :: DB :: Invoked !
info: ===> TimeStamp : 2025-08-26 18:53:47===> API : /api/billing/addBillingDetails ===> Message : newBooking() :: DB :: Invoked !
info: ===> TimeStamp : 2025-08-26 18:53:47===> API : /api/billing/addBillingDetails ===> Message : newBooking() :: DB :: Invoked !
info: ===> TimeStamp : 2025-08-26 18:53:49===> API : /api/billing/addBillingDetails ===> Message : addBillingDetailsResponse() invoked!
info: ===> TimeStamp : 2025-08-26 18:53:49===> API : /api/billing/addBillingDetails ===> Message : addBillingDetailsResponse() completed
info: ===> TimeStamp : 2025-08-26 18:53:49===> API : null ===> Message : validateRequest() invoked
info: ===> TimeStamp : 2025-08-26 18:53:49===> API : null ===> Message : fetchDBSettings()
info: ===> TimeStamp : 2025-08-26 18:53:49===> API : null ===> Message : validateRequest() Invoked!
info: ===> TimeStamp : 2025-08-26 18:53:49===> API : null ===> Message : validRequest() :: Api validated Successfully
info: ===> TimeStamp : 2025-08-26 18:53:49===> API : /api/billing/updateItemDetailsBill ===> Message : updateItemDetailsBill() invoked!!
info: ===> TimeStamp : 2025-08-26 18:53:49===> API : /api/billing/updateItemDetailsBill ===> Message : updateItemDetailsBill() :: DB :: Invoked !
info: ===> TimeStamp : 2025-08-26 18:53:49===> API : /api/billing/updateItemDetailsBill ===> Message : updateItemDetailsBillResponse() invoked!
info: ===> TimeStamp : 2025-08-26 18:53:49===> API : /api/billing/updateItemDetailsBill ===> Message : updateItemDetailsBillResponse() completed
info: ===> TimeStamp : 2025-08-26 18:53:50===> API : null ===> Message : validateRequest() invoked
info: ===> TimeStamp : 2025-08-26 18:53:50===> API : null ===> Message : fetchDBSettings()
info: ===> TimeStamp : 2025-08-26 18:53:50===> API : null ===> Message : validateRequest() Invoked!
info: ===> TimeStamp : 2025-08-26 18:53:50===> API : null ===> Message : validRequest() :: Api validated Successfully
info: ===> TimeStamp : 2025-08-26 18:53:50===> API : /api/billing/uploadBillFile ===> Message : uploadBillFile() invoked!!
info: ===> TimeStamp : 2025-08-26 18:53:50===> API : /api/billing/uploadBillFile ===> Message : uploadBillFile() :: DB :: Invoked !
info: ===> TimeStamp : 2025-08-26 18:53:50===> API : /api/billing/uploadBillFile ===> Message : uploadBillFileResponse() invoked!
info: ===> TimeStamp : 2025-08-26 18:53:50===> API : /api/billing/uploadBillFile ===> Message : uploadBillFileResponse() completed
info: ===> TimeStamp : 2025-08-26 18:53:53===> API : null ===> Message : validateRequest() invoked
info: ===> TimeStamp : 2025-08-26 18:53:53===> API : null ===> Message : fetchDBSettings()
info: ===> TimeStamp : 2025-08-26 18:53:53===> API : null ===> Message : validateRequest() Invoked!
info: ===> TimeStamp : 2025-08-26 18:53:53===> API : null ===> Message : validRequest() :: Api validated Successfully
info: ===> TimeStamp : 2025-08-26 18:53:53===> API : /api/billing/uploadBillFile ===> Message : uploadBillFile() invoked!!
info: ===> TimeStamp : 2025-08-26 18:53:53===> API : /api/billing/uploadBillFile ===> Message : uploadBillFile() :: DB :: Invoked !
info: ===> TimeStamp : 2025-08-26 18:53:53===> API : /api/billing/uploadBillFile ===> Message : uploadBillFileResponse() invoked!
info: ===> TimeStamp : 2025-08-26 18:53:53===> API : /api/billing/uploadBillFile ===> Message : uploadBillFileResponse() completed
info: ===> TimeStamp : 2025-08-26 18:53:54===> API : null ===> Message : validateRequest() invoked
info: ===> TimeStamp : 2025-08-26 18:53:54===> API : null ===> Message : fetchDBSettings()
info: ===> TimeStamp : 2025-08-26 18:53:54===> API : null ===> Message : validateRequest() Invoked!
info: ===> TimeStamp : 2025-08-26 18:53:54===> API : null ===> Message : validRequest() :: Api validated Successfully
info: ===> TimeStamp : 2025-08-26 18:53:54===> API : /api/billing/sendBillMail ===> Message : sendBillMail() invoked!!
info: ===> TimeStamp : 2025-08-26 18:53:57===> API : /api/billing/sendBillMail ===> Message : notifySellers() :: Email sent :: Success :: 250 2.0.0 OK  1756214637 41be03b00d2f7-b49cb8afc11sm9160086a12.17 - gsmtp !
info: ===> TimeStamp : 2025-08-26 18:53:57===> API : /api/billing/sendBillMail ===> Message : sendBillMailResponse() invoked!
info: ===> TimeStamp : 2025-08-26 18:53:57===> API : /api/billing/sendBillMail ===> Message : sendBillMailResponse() completed
info: ===> TimeStamp : 2025-08-26 18:53:58===> API : null ===> Message : validateRequest() invoked
info: ===> TimeStamp : 2025-08-26 18:53:58===> API : null ===> Message : fetchDBSettings()
info: ===> TimeStamp : 2025-08-26 18:53:58===> API : null ===> Message : validateRequest() Invoked!
info: ===> TimeStamp : 2025-08-26 18:53:58===> API : null ===> Message : validRequest() :: Api validated Successfully
info: ===> TimeStamp : 2025-08-26 18:53:58===> API : /api/billing/uploadBillFile ===> Message : uploadBillFile() invoked!!
info: ===> TimeStamp : 2025-08-26 18:53:58===> API : /api/billing/uploadBillFile ===> Message : uploadBillFile() :: DB :: Invoked !
info: ===> TimeStamp : 2025-08-26 18:53:58===> API : /api/billing/uploadBillFile ===> Message : uploadBillFileResponse() invoked!
info: ===> TimeStamp : 2025-08-26 18:53:58===> API : /api/billing/uploadBillFile ===> Message : uploadBillFileResponse() completed
info: ===> TimeStamp : 2025-08-26 18:53:58===> API : null ===> Message : fetchDBSettings()
info: ===> TimeStamp : 2025-08-26 18:53:58===> API : null ===> Message : validateRequest() invoked
info: ===> TimeStamp : 2025-08-26 18:53:58===> API : null ===> Message : validateRequest() Invoked!
info: ===> TimeStamp : 2025-08-26 18:53:59===> API : null ===> Message : validRequest() :: Api validated Successfully
info: ===> TimeStamp : 2025-08-26 18:53:59===> API : /api/billing/sendBillMail ===> Message : sendBillMail() invoked!!
info: ===> TimeStamp : 2025-08-26 18:54:01===> API : /api/billing/sendBillMail ===> Message : notifySellers() :: Email sent :: Success :: 250 2.0.0 OK  1756214641 41be03b00d2f7-b4c1b6dedd2sm5043964a12.23 - gsmtp !
info: ===> TimeStamp : 2025-08-26 18:54:01===> API : /api/billing/sendBillMail ===> Message : sendBillMailResponse() invoked!
info: ===> TimeStamp : 2025-08-26 18:54:01===> API : /api/billing/sendBillMail ===> Message : sendBillMailResponse() completed
info: ===> TimeStamp : 2025-08-26 18:56:08===> API : null ===> Message : validateRequest() invoked
info: ===> TimeStamp : 2025-08-26 18:56:08===> API : null ===> Message : fetchDBSettings()
info: ===> TimeStamp : 2025-08-26 18:56:08===> API : null ===> Message : validateRequest() invoked
info: ===> TimeStamp : 2025-08-26 18:56:08===> API : null ===> Message : fetchDBSettings()
info: ===> TimeStamp : 2025-08-26 18:56:08===> API : null ===> Message : validateRequest() invoked
info: ===> TimeStamp : 2025-08-26 18:56:08===> API : null ===> Message : fetchDBSettings()
info: ===> TimeStamp : 2025-08-26 18:56:08===> API : null ===> Message : validateRequest() Invoked!
info: ===> TimeStamp : 2025-08-26 18:56:08===> API : null ===> Message : validateRequest() Invoked!
info: ===> TimeStamp : 2025-08-26 18:56:08===> API : null ===> Message : validateRequest() Invoked!
info: ===> TimeStamp : 2025-08-26 18:56:08===> API : null ===> Message : validateRequest() invoked
info: ===> TimeStamp : 2025-08-26 18:56:08===> API : null ===> Message : fetchDBSettings()
info: ===> TimeStamp : 2025-08-26 18:56:08===> API : null ===> Message : validateRequest() Invoked!
info: ===> TimeStamp : 2025-08-26 18:56:08===> API : null ===> Message : validRequest() :: Api validated Successfully
info: ===> TimeStamp : 2025-08-26 18:56:08===> API : /api/billing/fetchVoidBill ===> Message : fetchVoidBill() invoked!!
info: ===> TimeStamp : 2025-08-26 18:56:08===> API : /api/billing/fetchVoidBill ===> Message : fetchVoidBill() :: DB :: Invoked !
info: ===> TimeStamp : 2025-08-26 18:56:08===> API : null ===> Message : validRequest() :: Api validated Successfully
info: ===> TimeStamp : 2025-08-26 18:56:08===> API : /api/billing/getBillingDetails?billId=0&userId=0&billingDate=2025-08-26&shiftId=0&isBookingWebsite=0&futureDate=&fromDate=&toDate= ===> Message : getBillingDetails() invoked!!
info: ===> TimeStamp : 2025-08-26 18:56:08===> API : /api/billing/getBillingDetails?billId=0&userId=0&billingDate=2025-08-26&shiftId=0&isBookingWebsite=0&futureDate=&fromDate=&toDate= ===> Message : getBilliDetailsByBillDate() :: DB :: Invoked !
info: ===> TimeStamp : 2025-08-26 18:56:08===> API : null ===> Message : validRequest() :: Api validated Successfully
info: ===> TimeStamp : 2025-08-26 18:56:08===> API : /api/billing/noShowGuestList ===> Message : noShowGuestList() invoked!!
info: ===> TimeStamp : 2025-08-26 18:56:08===> API : /api/billing/noShowGuestList ===> Message : noShowGuestList() :: DB :: Invoked !
info: ===> TimeStamp : 2025-08-26 18:56:08===> API : null ===> Message : validRequest() :: Api validated Successfully
info: ===> TimeStamp : 2025-08-26 18:56:08===> API : /api/billing/getBillingDetails?billId=0&userId=0&billingDate=2025-08-26&shiftId=0&isBookingWebsite=0&futureDate=2025-08-26&fromDate=&toDate= ===> Message : getBillingDetails() invoked!!
info: ===> TimeStamp : 2025-08-26 18:56:08===> API : /api/billing/getBillingDetails?billId=0&userId=0&billingDate=2025-08-26&shiftId=0&isBookingWebsite=0&futureDate=&fromDate=&toDate= ===> Message : getBillingDetailsResponse() invoked!
info: ===> TimeStamp : 2025-08-26 18:56:08===> API : /api/billing/getBillingDetails?billId=0&userId=0&billingDate=2025-08-26&shiftId=0&isBookingWebsite=0&futureDate=&fromDate=&toDate= ===> Message : getBillingDetailsResponse() completed
info: ===> TimeStamp : 2025-08-26 18:56:09===> API : null ===> Message : validateRequest() invoked
info: ===> TimeStamp : 2025-08-26 18:56:09===> API : null ===> Message : fetchDBSettings()
info: ===> TimeStamp : 2025-08-26 18:56:09===> API : null ===> Message : validateRequest() Invoked!
info: ===> TimeStamp : 2025-08-26 18:56:09===> API : null ===> Message : validRequest() :: Api validated Successfully
info: ===> TimeStamp : 2025-08-26 18:56:09===> API : /api/billing/getBillingDetails?billId=0&userId=0&billingDate=2025-08-26&shiftId=0&isBookingWebsite=0&futureDate=&fromDate=&toDate= ===> Message : getBillingDetails() invoked!!
info: ===> TimeStamp : 2025-08-26 18:56:09===> API : /api/billing/getBillingDetails?billId=0&userId=0&billingDate=2025-08-26&shiftId=0&isBookingWebsite=0&futureDate=&fromDate=&toDate= ===> Message : getBilliDetailsByBillDate() :: DB :: Invoked !
info: ===> TimeStamp : 2025-08-26 18:56:09===> API : /api/billing/getBillingDetails?billId=0&userId=0&billingDate=2025-08-26&shiftId=0&isBookingWebsite=0&futureDate=&fromDate=&toDate= ===> Message : getBillingDetailsResponse() invoked!
info: ===> TimeStamp : 2025-08-26 18:56:09===> API : /api/billing/getBillingDetails?billId=0&userId=0&billingDate=2025-08-26&shiftId=0&isBookingWebsite=0&futureDate=&fromDate=&toDate= ===> Message : getBillingDetailsResponse() completed
info: ===> TimeStamp : 2025-08-26 18:56:09===> API : /api/billing/fetchVoidBill ===> Message : fetchVoidBillResponse() invoked!
info: ===> TimeStamp : 2025-08-26 18:56:09===> API : /api/billing/fetchVoidBill ===> Message : fetchVoidBillResponse() completed
info: ===> TimeStamp : 2025-08-26 18:56:10===> API : /api/billing/noShowGuestList ===> Message : noShowGuestListResponse() invoked!
info: ===> TimeStamp : 2025-08-26 18:56:10===> API : /api/billing/noShowGuestList ===> Message : noShowGuestListResponse() completed
info: ===> TimeStamp : 2025-08-26 18:56:10===> API : null ===> Message : validateRequest() invoked
info: ===> TimeStamp : 2025-08-26 18:56:10===> API : null ===> Message : fetchDBSettings()
info: ===> TimeStamp : 2025-08-26 18:56:10===> API : null ===> Message : validateRequest() Invoked!
info: ===> TimeStamp : 2025-08-26 18:56:10===> API : null ===> Message : validateRequest() invoked
info: ===> TimeStamp : 2025-08-26 18:56:10===> API : null ===> Message : fetchDBSettings()
info: ===> TimeStamp : 2025-08-26 18:56:10===> API : null ===> Message : validateRequest() Invoked!
info: ===> TimeStamp : 2025-08-26 18:56:10===> API : null ===> Message : validRequest() :: Api validated Successfully
info: ===> TimeStamp : 2025-08-26 18:56:10===> API : /api/billing/noShowGuestList ===> Message : noShowGuestList() invoked!!
info: ===> TimeStamp : 2025-08-26 18:56:10===> API : /api/billing/noShowGuestList ===> Message : noShowGuestList() :: DB :: Invoked !
info: ===> TimeStamp : 2025-08-26 18:56:10===> API : null ===> Message : validRequest() :: Api validated Successfully
info: ===> TimeStamp : 2025-08-26 18:56:10===> API : /api/billing/getBillingDetails?billId=0&userId=0&billingDate=2025-08-26&shiftId=0&isBookingWebsite=0&futureDate=&fromDate=&toDate= ===> Message : getBillingDetails() invoked!!
info: ===> TimeStamp : 2025-08-26 18:56:10===> API : /api/billing/getBillingDetails?billId=0&userId=0&billingDate=2025-08-26&shiftId=0&isBookingWebsite=0&futureDate=&fromDate=&toDate= ===> Message : getBilliDetailsByBillDate() :: DB :: Invoked !
info: ===> TimeStamp : 2025-08-26 18:56:10===> API : /api/billing/getBillingDetails?billId=0&userId=0&billingDate=2025-08-26&shiftId=0&isBookingWebsite=0&futureDate=&fromDate=&toDate= ===> Message : getBillingDetailsResponse() invoked!
info: ===> TimeStamp : 2025-08-26 18:56:10===> API : /api/billing/getBillingDetails?billId=0&userId=0&billingDate=2025-08-26&shiftId=0&isBookingWebsite=0&futureDate=&fromDate=&toDate= ===> Message : getBillingDetailsResponse() completed
info: ===> TimeStamp : 2025-08-26 18:56:10===> API : /api/billing/noShowGuestList ===> Message : noShowGuestListResponse() invoked!
info: ===> TimeStamp : 2025-08-26 18:56:10===> API : /api/billing/noShowGuestList ===> Message : noShowGuestListResponse() completed
info: ===> TimeStamp : 2025-08-26 18:56:12===> API : null ===> Message : validateRequest() invoked
info: ===> TimeStamp : 2025-08-26 18:56:12===> API : null ===> Message : fetchDBSettings()
info: ===> TimeStamp : 2025-08-26 18:56:12===> API : null ===> Message : validateRequest() Invoked!
info: ===> TimeStamp : 2025-08-26 18:56:12===> API : null ===> Message : validRequest() :: Api validated Successfully
info: ===> TimeStamp : 2025-08-26 18:56:12===> API : /api/billing/getBillingDetails?billId=0&userId=0&billingDate=2025-08-26&shiftId=2&isBookingWebsite=0&futureDate=&fromDate=&toDate= ===> Message : getBillingDetails() invoked!!
info: ===> TimeStamp : 2025-08-26 18:56:12===> API : /api/billing/getBillingDetails?billId=0&userId=0&billingDate=2025-08-26&shiftId=2&isBookingWebsite=0&futureDate=&fromDate=&toDate= ===> Message : getBilliDetailsByShift() :: DB :: Invoked !
info: ===> TimeStamp : 2025-08-26 18:56:12===> API : /api/billing/getBillingDetails?billId=0&userId=0&billingDate=2025-08-26&shiftId=2&isBookingWebsite=0&futureDate=&fromDate=&toDate= ===> Message : getBillingDetailsResponse() invoked!
info: ===> TimeStamp : 2025-08-26 18:56:12===> API : /api/billing/getBillingDetails?billId=0&userId=0&billingDate=2025-08-26&shiftId=2&isBookingWebsite=0&futureDate=&fromDate=&toDate= ===> Message : getBillingDetailsResponse() completed
info: ===> TimeStamp : 2025-08-26 18:56:14===> API : null ===> Message : validateRequest() invoked
info: ===> TimeStamp : 2025-08-26 18:56:14===> API : null ===> Message : fetchDBSettings()
info: ===> TimeStamp : 2025-08-26 18:56:14===> API : null ===> Message : validateRequest() Invoked!
info: ===> TimeStamp : 2025-08-26 18:56:14===> API : null ===> Message : validRequest() :: Api validated Successfully
info: ===> TimeStamp : 2025-08-26 18:56:14===> API : /api/billing/generateCSVReport ===> Message : generateReports() invoked!!
info: ===> TimeStamp : 2025-08-26 18:56:14===> API : /api/billing/generateCSVReport ===> Message : generateReportsByShift() :: DB :: Invoked !
info: ===> TimeStamp : 2025-08-26 18:56:14===> API : /api/billing/generateCSVReport ===> Message : uploadReportFile() :: DB :: Invoked !
info: ===> TimeStamp : 2025-08-26 18:56:14===> API : /api/billing/generateCSVReport ===> Message : generateReportsResponse() invoked!
info: ===> TimeStamp : 2025-08-26 18:56:14===> API : /api/billing/generateCSVReport ===> Message : generateReportsResponse() completed
info: ===> TimeStamp : 2025-08-26 18:56:30===> API : null ===> Message : validateRequest() invoked
info: ===> TimeStamp : 2025-08-26 18:56:30===> API : null ===> Message : fetchDBSettings()
info: ===> TimeStamp : 2025-08-26 18:56:30===> API : null ===> Message : validateRequest() Invoked!
info: ===> TimeStamp : 2025-08-26 18:56:30===> API : null ===> Message : validRequest() :: Api validated Successfully
info: ===> TimeStamp : 2025-08-26 18:56:30===> API : /api/billing/getBillingDetails?billId=0&userId=0&billingDate=2025-08-26&shiftId=0&isBookingWebsite=0&futureDate=2025-08-26&fromDate=&toDate= ===> Message : getBillingDetails() invoked!!
info: ===> TimeStamp : 2025-08-26 19:28:17===> API : null ===> Message : validateRequest() invoked
info: ===> TimeStamp : 2025-08-26 19:28:17===> API : null ===> Message : fetchDBSettings()
info: ===> TimeStamp : 2025-08-26 19:28:17===> API : null ===> Message : validateRequest() Invoked!
info: ===> TimeStamp : 2025-08-26 19:28:17===> API : /api/billing/addBillingDetails ===> Message : addBillingDetails() invoked!!
info: ===> TimeStamp : 2025-08-26 19:28:17===> API : /api/billing/addBillingDetails ===> Message : getPackageItemDetails() :: DB :: Invoked !
info: ===> TimeStamp : 2025-08-26 19:28:17===> API : null ===> Message : validRequest() :: Api validated Successfully
info: ===> TimeStamp : 2025-08-26 19:28:17===> API : /api/billing/addBillingDetails ===> Message : newBooking() :: DB :: Invoked !
info: ===> TimeStamp : 2025-08-26 19:28:17===> API : /api/billing/addBillingDetails ===> Message : newBooking() :: DB :: Invoked !
info: ===> TimeStamp : 2025-08-26 19:28:19===> API : /api/billing/addBillingDetails ===> Message : newBooking() :: DB :: Invoked !
info: ===> TimeStamp : 2025-08-26 19:28:19===> API : /api/billing/addBillingDetails ===> Message : newBooking() :: DB :: Invoked !
info: ===> TimeStamp : 2025-08-26 19:28:21===> API : /api/billing/addBillingDetails ===> Message : addBillingDetailsResponse() invoked!
info: ===> TimeStamp : 2025-08-26 19:28:21===> API : /api/billing/addBillingDetails ===> Message : addBillingDetailsResponse() completed
info: ===> TimeStamp : 2025-08-26 19:28:21===> API : null ===> Message : validateRequest() invoked
info: ===> TimeStamp : 2025-08-26 19:28:21===> API : null ===> Message : fetchDBSettings()
info: ===> TimeStamp : 2025-08-26 19:28:21===> API : null ===> Message : validateRequest() Invoked!
info: ===> TimeStamp : 2025-08-26 19:28:21===> API : null ===> Message : validRequest() :: Api validated Successfully
info: ===> TimeStamp : 2025-08-26 19:28:21===> API : /api/billing/updateItemDetailsBill ===> Message : updateItemDetailsBill() invoked!!
info: ===> TimeStamp : 2025-08-26 19:28:21===> API : /api/billing/updateItemDetailsBill ===> Message : updateItemDetailsBill() :: DB :: Invoked !
info: ===> TimeStamp : 2025-08-26 19:28:21===> API : /api/billing/updateItemDetailsBill ===> Message : updateItemDetailsBillResponse() invoked!
info: ===> TimeStamp : 2025-08-26 19:28:21===> API : /api/billing/updateItemDetailsBill ===> Message : updateItemDetailsBillResponse() completed
info: ===> TimeStamp : 2025-08-26 19:28:22===> API : null ===> Message : validateRequest() invoked
info: ===> TimeStamp : 2025-08-26 19:28:22===> API : null ===> Message : fetchDBSettings()
info: ===> TimeStamp : 2025-08-26 19:28:22===> API : null ===> Message : validateRequest() Invoked!
info: ===> TimeStamp : 2025-08-26 19:28:22===> API : null ===> Message : validRequest() :: Api validated Successfully
info: ===> TimeStamp : 2025-08-26 19:28:22===> API : /api/billing/uploadBillFile ===> Message : uploadBillFile() invoked!!
info: ===> TimeStamp : 2025-08-26 19:28:22===> API : /api/billing/uploadBillFile ===> Message : uploadBillFile() :: DB :: Invoked !
info: ===> TimeStamp : 2025-08-26 19:28:23===> API : /api/billing/uploadBillFile ===> Message : uploadBillFileResponse() invoked!
info: ===> TimeStamp : 2025-08-26 19:28:23===> API : /api/billing/uploadBillFile ===> Message : uploadBillFileResponse() completed
info: ===> TimeStamp : 2025-08-26 19:28:38===> API : null ===> Message : validateRequest() invoked
info: ===> TimeStamp : 2025-08-26 19:28:38===> API : null ===> Message : fetchDBSettings()
info: ===> TimeStamp : 2025-08-26 19:28:38===> API : null ===> Message : validateRequest() Invoked!
info: ===> TimeStamp : 2025-08-26 19:28:38===> API : null ===> Message : validRequest() :: Api validated Successfully
info: ===> TimeStamp : 2025-08-26 19:28:38===> API : /api/billing/uploadBillFile ===> Message : uploadBillFile() invoked!!
info: ===> TimeStamp : 2025-08-26 19:28:39===> API : /api/billing/uploadBillFile ===> Message : uploadBillFile() :: DB :: Invoked !
info: ===> TimeStamp : 2025-08-26 19:28:39===> API : /api/billing/uploadBillFile ===> Message : uploadBillFileResponse() invoked!
info: ===> TimeStamp : 2025-08-26 19:28:39===> API : /api/billing/uploadBillFile ===> Message : uploadBillFileResponse() completed
info: ===> TimeStamp : 2025-08-26 19:28:39===> API : null ===> Message : validateRequest() invoked
info: ===> TimeStamp : 2025-08-26 19:28:39===> API : null ===> Message : fetchDBSettings()
info: ===> TimeStamp : 2025-08-26 19:28:39===> API : null ===> Message : validateRequest() Invoked!
info: ===> TimeStamp : 2025-08-26 19:28:39===> API : null ===> Message : validRequest() :: Api validated Successfully
info: ===> TimeStamp : 2025-08-26 19:28:39===> API : /api/billing/sendBillMail ===> Message : sendBillMail() invoked!!
info: ===> TimeStamp : 2025-08-26 19:28:42===> API : /api/billing/sendBillMail ===> Message : notifySellers() :: Email sent :: Success :: 250 2.0.0 OK  1756216722 d9443c01a7336-24668879162sm96930705ad.113 - gsmtp !
info: ===> TimeStamp : 2025-08-26 19:28:42===> API : /api/billing/sendBillMail ===> Message : sendBillMailResponse() invoked!
info: ===> TimeStamp : 2025-08-26 19:28:42===> API : /api/billing/sendBillMail ===> Message : sendBillMailResponse() completed
info: ===> TimeStamp : 2025-08-26 19:32:21===> API : null ===> Message : validateRequest() invoked
info: ===> TimeStamp : 2025-08-26 19:32:21===> API : null ===> Message : fetchDBSettings()
info: ===> TimeStamp : 2025-08-26 19:32:21===> API : null ===> Message : validateRequest() Invoked!
info: ===> TimeStamp : 2025-08-26 19:32:21===> API : null ===> Message : validRequest() :: Api validated Successfully
info: ===> TimeStamp : 2025-08-26 19:32:21===> API : /api/billing/addBillingDetails ===> Message : addBillingDetails() invoked!!
info: ===> TimeStamp : 2025-08-26 19:32:21===> API : /api/billing/addBillingDetails ===> Message : getPackageItemDetails() :: DB :: Invoked !
info: ===> TimeStamp : 2025-08-26 19:32:21===> API : /api/billing/addBillingDetails ===> Message : newBooking() :: DB :: Invoked !
info: ===> TimeStamp : 2025-08-26 19:32:21===> API : /api/billing/addBillingDetails ===> Message : newBooking() :: DB :: Invoked !
info: ===> TimeStamp : 2025-08-26 19:32:23===> API : /api/billing/addBillingDetails ===> Message : newBooking() :: DB :: Invoked !
info: ===> TimeStamp : 2025-08-26 19:32:23===> API : /api/billing/addBillingDetails ===> Message : newBooking() :: DB :: Invoked !
info: ===> TimeStamp : 2025-08-26 19:32:24===> API : /api/billing/addBillingDetails ===> Message : addBillingDetailsResponse() invoked!
info: ===> TimeStamp : 2025-08-26 19:32:24===> API : /api/billing/addBillingDetails ===> Message : addBillingDetailsResponse() completed
info: ===> TimeStamp : 2025-08-26 19:32:24===> API : null ===> Message : validateRequest() invoked
info: ===> TimeStamp : 2025-08-26 19:32:24===> API : null ===> Message : fetchDBSettings()
info: ===> TimeStamp : 2025-08-26 19:32:24===> API : null ===> Message : validateRequest() Invoked!
info: ===> TimeStamp : 2025-08-26 19:32:24===> API : null ===> Message : validRequest() :: Api validated Successfully
info: ===> TimeStamp : 2025-08-26 19:32:24===> API : /api/billing/updateItemDetailsBill ===> Message : updateItemDetailsBill() invoked!!
info: ===> TimeStamp : 2025-08-26 19:32:24===> API : /api/billing/updateItemDetailsBill ===> Message : updateItemDetailsBill() :: DB :: Invoked !
info: ===> TimeStamp : 2025-08-26 19:32:24===> API : /api/billing/updateItemDetailsBill ===> Message : updateItemDetailsBillResponse() invoked!
info: ===> TimeStamp : 2025-08-26 19:32:24===> API : /api/billing/updateItemDetailsBill ===> Message : updateItemDetailsBillResponse() completed
info: ===> TimeStamp : 2025-08-26 19:32:28===> API : null ===> Message : validateRequest() invoked
info: ===> TimeStamp : 2025-08-26 19:32:28===> API : null ===> Message : fetchDBSettings()
info: ===> TimeStamp : 2025-08-26 19:32:28===> API : null ===> Message : validateRequest() Invoked!
info: ===> TimeStamp : 2025-08-26 19:32:28===> API : null ===> Message : validRequest() :: Api validated Successfully
info: ===> TimeStamp : 2025-08-26 19:32:28===> API : /api/billing/uploadBillFile ===> Message : uploadBillFile() invoked!!
info: ===> TimeStamp : 2025-08-26 19:32:29===> API : /api/billing/uploadBillFile ===> Message : uploadBillFile() :: DB :: Invoked !
info: ===> TimeStamp : 2025-08-26 19:32:29===> API : /api/billing/uploadBillFile ===> Message : uploadBillFileResponse() invoked!
info: ===> TimeStamp : 2025-08-26 19:32:29===> API : /api/billing/uploadBillFile ===> Message : uploadBillFileResponse() completed
info: ===> TimeStamp : 2025-08-26 19:32:37===> API : null ===> Message : validateRequest() invoked
info: ===> TimeStamp : 2025-08-26 19:32:37===> API : null ===> Message : fetchDBSettings()
info: ===> TimeStamp : 2025-08-26 19:32:37===> API : null ===> Message : validateRequest() Invoked!
info: ===> TimeStamp : 2025-08-26 19:32:37===> API : null ===> Message : validRequest() :: Api validated Successfully
info: ===> TimeStamp : 2025-08-26 19:32:37===> API : /api/billing/uploadBillFile ===> Message : uploadBillFile() invoked!!
info: ===> TimeStamp : 2025-08-26 19:32:37===> API : /api/billing/uploadBillFile ===> Message : uploadBillFile() :: DB :: Invoked !
info: ===> TimeStamp : 2025-08-26 19:32:38===> API : /api/billing/uploadBillFile ===> Message : uploadBillFileResponse() invoked!
info: ===> TimeStamp : 2025-08-26 19:32:38===> API : /api/billing/uploadBillFile ===> Message : uploadBillFileResponse() completed
info: ===> TimeStamp : 2025-08-26 19:32:39===> API : null ===> Message : validateRequest() invoked
info: ===> TimeStamp : 2025-08-26 19:32:39===> API : null ===> Message : fetchDBSettings()
info: ===> TimeStamp : 2025-08-26 19:32:39===> API : null ===> Message : validateRequest() Invoked!
info: ===> TimeStamp : 2025-08-26 19:32:39===> API : null ===> Message : validRequest() :: Api validated Successfully
info: ===> TimeStamp : 2025-08-26 19:32:39===> API : /api/billing/sendBillMail ===> Message : sendBillMail() invoked!!
info: ===> TimeStamp : 2025-08-26 19:32:42===> API : /api/billing/sendBillMail ===> Message : notifySellers() :: Email sent :: Success :: 250 2.0.0 OK  1756216962 d9443c01a7336-246fbf368ebsm40288075ad.151 - gsmtp !
info: ===> TimeStamp : 2025-08-26 19:32:42===> API : /api/billing/sendBillMail ===> Message : sendBillMailResponse() invoked!
info: ===> TimeStamp : 2025-08-26 19:32:42===> API : /api/billing/sendBillMail ===> Message : sendBillMailResponse() completed
info: ===> TimeStamp : 2025-08-26 19:32:44===> API : null ===> Message : validateRequest() invoked
info: ===> TimeStamp : 2025-08-26 19:32:44===> API : null ===> Message : fetchDBSettings()
info: ===> TimeStamp : 2025-08-26 19:32:44===> API : null ===> Message : validateRequest() Invoked!
info: ===> TimeStamp : 2025-08-26 19:32:44===> API : null ===> Message : validRequest() :: Api validated Successfully
info: ===> TimeStamp : 2025-08-26 19:32:44===> API : /api/billing/uploadBillFile ===> Message : uploadBillFile() invoked!!
info: ===> TimeStamp : 2025-08-26 19:32:44===> API : /api/billing/uploadBillFile ===> Message : uploadBillFile() :: DB :: Invoked !
info: ===> TimeStamp : 2025-08-26 19:32:44===> API : /api/billing/uploadBillFile ===> Message : uploadBillFileResponse() invoked!
info: ===> TimeStamp : 2025-08-26 19:32:44===> API : /api/billing/uploadBillFile ===> Message : uploadBillFileResponse() completed
info: ===> TimeStamp : 2025-08-26 19:32:44===> API : null ===> Message : validateRequest() invoked
info: ===> TimeStamp : 2025-08-26 19:32:44===> API : null ===> Message : fetchDBSettings()
info: ===> TimeStamp : 2025-08-26 19:32:44===> API : null ===> Message : validateRequest() Invoked!
info: ===> TimeStamp : 2025-08-26 19:32:44===> API : null ===> Message : validRequest() :: Api validated Successfully
info: ===> TimeStamp : 2025-08-26 19:32:44===> API : /api/billing/sendBillMail ===> Message : sendBillMail() invoked!!
info: ===> TimeStamp : 2025-08-26 19:32:49===> API : /api/billing/sendBillMail ===> Message : notifySellers() :: Email sent :: Success :: 250 2.0.0 OK  1756216968 98e67ed59e1d1-3254c47f632sm9974760a91.30 - gsmtp !
info: ===> TimeStamp : 2025-08-26 19:32:49===> API : /api/billing/sendBillMail ===> Message : sendBillMailResponse() invoked!
info: ===> TimeStamp : 2025-08-26 19:32:49===> API : /api/billing/sendBillMail ===> Message : sendBillMailResponse() completed
info: ===> TimeStamp : 2025-08-26 19:44:01===> API : null ===> Message : validateRequest() invoked
info: ===> TimeStamp : 2025-08-26 19:44:01===> API : null ===> Message : fetchDBSettings()
info: ===> TimeStamp : 2025-08-26 19:44:01===> API : null ===> Message : validateRequest() Invoked!
info: ===> TimeStamp : 2025-08-26 19:44:01===> API : null ===> Message : validRequest() :: Api validated Successfully
info: ===> TimeStamp : 2025-08-26 19:44:01===> API : /api/billing/addBillingDetails ===> Message : addBillingDetails() invoked!!
info: ===> TimeStamp : 2025-08-26 19:44:01===> API : /api/billing/addBillingDetails ===> Message : getPackageItemDetails() :: DB :: Invoked !
info: ===> TimeStamp : 2025-08-26 19:44:01===> API : /api/billing/addBillingDetails ===> Message : newBooking() :: DB :: Invoked !
info: ===> TimeStamp : 2025-08-26 19:44:01===> API : /api/billing/addBillingDetails ===> Message : newBooking() :: DB :: Invoked !
info: ===> TimeStamp : 2025-08-26 19:44:02===> API : /api/billing/addBillingDetails ===> Message : newBooking() :: DB :: Invoked !
info: ===> TimeStamp : 2025-08-26 19:44:02===> API : /api/billing/addBillingDetails ===> Message : newBooking() :: DB :: Invoked !
info: ===> TimeStamp : 2025-08-26 19:44:04===> API : /api/billing/addBillingDetails ===> Message : addBillingDetailsResponse() invoked!
info: ===> TimeStamp : 2025-08-26 19:44:04===> API : /api/billing/addBillingDetails ===> Message : addBillingDetailsResponse() completed
info: ===> TimeStamp : 2025-08-26 19:44:04===> API : null ===> Message : validateRequest() invoked
info: ===> TimeStamp : 2025-08-26 19:44:04===> API : null ===> Message : fetchDBSettings()
info: ===> TimeStamp : 2025-08-26 19:44:04===> API : null ===> Message : validateRequest() Invoked!
info: ===> TimeStamp : 2025-08-26 19:44:04===> API : null ===> Message : validRequest() :: Api validated Successfully
info: ===> TimeStamp : 2025-08-26 19:44:04===> API : /api/billing/updateItemDetailsBill ===> Message : updateItemDetailsBill() invoked!!
info: ===> TimeStamp : 2025-08-26 19:44:04===> API : /api/billing/updateItemDetailsBill ===> Message : updateItemDetailsBill() :: DB :: Invoked !
info: ===> TimeStamp : 2025-08-26 19:44:04===> API : /api/billing/updateItemDetailsBill ===> Message : updateItemDetailsBillResponse() invoked!
info: ===> TimeStamp : 2025-08-26 19:44:04===> API : /api/billing/updateItemDetailsBill ===> Message : updateItemDetailsBillResponse() completed
info: ===> TimeStamp : 2025-08-26 19:44:05===> API : null ===> Message : validateRequest() invoked
info: ===> TimeStamp : 2025-08-26 19:44:05===> API : null ===> Message : fetchDBSettings()
info: ===> TimeStamp : 2025-08-26 19:44:05===> API : null ===> Message : validateRequest() Invoked!
info: ===> TimeStamp : 2025-08-26 19:44:05===> API : null ===> Message : validRequest() :: Api validated Successfully
info: ===> TimeStamp : 2025-08-26 19:44:05===> API : /api/billing/uploadBillFile ===> Message : uploadBillFile() invoked!!
info: ===> TimeStamp : 2025-08-26 19:44:06===> API : /api/billing/uploadBillFile ===> Message : uploadBillFile() :: DB :: Invoked !
info: ===> TimeStamp : 2025-08-26 19:44:06===> API : /api/billing/uploadBillFile ===> Message : uploadBillFileResponse() invoked!
info: ===> TimeStamp : 2025-08-26 19:44:06===> API : /api/billing/uploadBillFile ===> Message : uploadBillFileResponse() completed
info: ===> TimeStamp : 2025-08-26 19:44:08===> API : null ===> Message : validateRequest() invoked
info: ===> TimeStamp : 2025-08-26 19:44:08===> API : null ===> Message : fetchDBSettings()
info: ===> TimeStamp : 2025-08-26 19:44:08===> API : null ===> Message : validateRequest() Invoked!
info: ===> TimeStamp : 2025-08-26 19:44:08===> API : null ===> Message : validRequest() :: Api validated Successfully
info: ===> TimeStamp : 2025-08-26 19:44:08===> API : /api/billing/uploadBillFile ===> Message : uploadBillFile() invoked!!
info: ===> TimeStamp : 2025-08-26 19:44:08===> API : /api/billing/uploadBillFile ===> Message : uploadBillFile() :: DB :: Invoked !
info: ===> TimeStamp : 2025-08-26 19:44:08===> API : /api/billing/uploadBillFile ===> Message : uploadBillFileResponse() invoked!
info: ===> TimeStamp : 2025-08-26 19:44:08===> API : /api/billing/uploadBillFile ===> Message : uploadBillFileResponse() completed
info: ===> TimeStamp : 2025-08-26 19:44:08===> API : null ===> Message : validateRequest() invoked
info: ===> TimeStamp : 2025-08-26 19:44:08===> API : null ===> Message : fetchDBSettings()
info: ===> TimeStamp : 2025-08-26 19:44:08===> API : null ===> Message : validateRequest() Invoked!
info: ===> TimeStamp : 2025-08-26 19:44:08===> API : null ===> Message : validRequest() :: Api validated Successfully
info: ===> TimeStamp : 2025-08-26 19:44:08===> API : /api/billing/sendBillMail ===> Message : sendBillMail() invoked!!
info: ===> TimeStamp : 2025-08-26 19:44:11===> API : /api/billing/sendBillMail ===> Message : notifySellers() :: Email sent :: Success :: 250 2.0.0 OK  1756217651 41be03b00d2f7-b49cbb98e8asm9341843a12.38 - gsmtp !
info: ===> TimeStamp : 2025-08-26 19:44:11===> API : /api/billing/sendBillMail ===> Message : sendBillMailResponse() invoked!
info: ===> TimeStamp : 2025-08-26 19:44:11===> API : /api/billing/sendBillMail ===> Message : sendBillMailResponse() completed
info: ===> TimeStamp : 2025-08-26 19:44:12===> API : null ===> Message : validateRequest() invoked
info: ===> TimeStamp : 2025-08-26 19:44:12===> API : null ===> Message : fetchDBSettings()
info: ===> TimeStamp : 2025-08-26 19:44:12===> API : null ===> Message : validateRequest() Invoked!
info: ===> TimeStamp : 2025-08-26 19:44:12===> API : null ===> Message : validRequest() :: Api validated Successfully
info: ===> TimeStamp : 2025-08-26 19:44:12===> API : /api/billing/uploadBillFile ===> Message : uploadBillFile() invoked!!
info: ===> TimeStamp : 2025-08-26 19:44:12===> API : /api/billing/uploadBillFile ===> Message : uploadBillFile() :: DB :: Invoked !
info: ===> TimeStamp : 2025-08-26 19:44:12===> API : /api/billing/uploadBillFile ===> Message : uploadBillFileResponse() invoked!
info: ===> TimeStamp : 2025-08-26 19:44:12===> API : /api/billing/uploadBillFile ===> Message : uploadBillFileResponse() completed
info: ===> TimeStamp : 2025-08-26 19:44:12===> API : null ===> Message : validateRequest() invoked
info: ===> TimeStamp : 2025-08-26 19:44:12===> API : null ===> Message : fetchDBSettings()
info: ===> TimeStamp : 2025-08-26 19:44:12===> API : null ===> Message : validateRequest() Invoked!
info: ===> TimeStamp : 2025-08-26 19:44:13===> API : null ===> Message : validRequest() :: Api validated Successfully
info: ===> TimeStamp : 2025-08-26 19:44:13===> API : /api/billing/sendBillMail ===> Message : sendBillMail() invoked!!
info: ===> TimeStamp : 2025-08-26 19:44:15===> API : /api/billing/sendBillMail ===> Message : notifySellers() :: Email sent :: Success :: 250 2.0.0 OK  1756217655 d9443c01a7336-2487beb7ec7sm9910375ad.49 - gsmtp !
info: ===> TimeStamp : 2025-08-26 19:44:15===> API : /api/billing/sendBillMail ===> Message : sendBillMailResponse() invoked!
info: ===> TimeStamp : 2025-08-26 19:44:15===> API : /api/billing/sendBillMail ===> Message : sendBillMailResponse() completed
info: ===> TimeStamp : 2025-08-26 19:51:34===> API : null ===> Message : validateRequest() invoked
info: ===> TimeStamp : 2025-08-26 19:51:34===> API : null ===> Message : fetchDBSettings()
info: ===> TimeStamp : 2025-08-26 19:51:34===> API : null ===> Message : validateRequest() Invoked!
info: ===> TimeStamp : 2025-08-26 19:51:34===> API : null ===> Message : validRequest() :: Api validated Successfully
info: ===> TimeStamp : 2025-08-26 19:51:34===> API : /api/billing/addBillingDetails ===> Message : addBillingDetails() invoked!!
info: ===> TimeStamp : 2025-08-26 19:51:34===> API : /api/billing/addBillingDetails ===> Message : getPackageItemDetails() :: DB :: Invoked !
info: ===> TimeStamp : 2025-08-26 19:51:34===> API : /api/billing/addBillingDetails ===> Message : newBooking() :: DB :: Invoked !
info: ===> TimeStamp : 2025-08-26 19:51:34===> API : /api/billing/addBillingDetails ===> Message : newBooking() :: DB :: Invoked !
info: ===> TimeStamp : 2025-08-26 19:51:35===> API : /api/billing/addBillingDetails ===> Message : newBooking() :: DB :: Invoked !
info: ===> TimeStamp : 2025-08-26 19:51:35===> API : /api/billing/addBillingDetails ===> Message : newBooking() :: DB :: Invoked !
info: ===> TimeStamp : 2025-08-26 19:51:36===> API : /api/billing/addBillingDetails ===> Message : addBillingDetailsResponse() invoked!
info: ===> TimeStamp : 2025-08-26 19:51:36===> API : /api/billing/addBillingDetails ===> Message : addBillingDetailsResponse() completed
info: ===> TimeStamp : 2025-08-26 19:51:36===> API : null ===> Message : validateRequest() invoked
info: ===> TimeStamp : 2025-08-26 19:51:36===> API : null ===> Message : fetchDBSettings()
info: ===> TimeStamp : 2025-08-26 19:51:36===> API : null ===> Message : validateRequest() Invoked!
info: ===> TimeStamp : 2025-08-26 19:51:36===> API : null ===> Message : validRequest() :: Api validated Successfully
info: ===> TimeStamp : 2025-08-26 19:51:36===> API : /api/billing/updateItemDetailsBill ===> Message : updateItemDetailsBill() invoked!!
info: ===> TimeStamp : 2025-08-26 19:51:36===> API : /api/billing/updateItemDetailsBill ===> Message : updateItemDetailsBill() :: DB :: Invoked !
info: ===> TimeStamp : 2025-08-26 19:51:36===> API : /api/billing/updateItemDetailsBill ===> Message : updateItemDetailsBillResponse() invoked!
info: ===> TimeStamp : 2025-08-26 19:51:36===> API : /api/billing/updateItemDetailsBill ===> Message : updateItemDetailsBillResponse() completed
info: ===> TimeStamp : 2025-08-26 19:51:41===> API : null ===> Message : fetchDBSettings()
info: ===> TimeStamp : 2025-08-26 19:51:41===> API : null ===> Message : validateRequest() invoked
info: ===> TimeStamp : 2025-08-26 19:51:41===> API : null ===> Message : validateRequest() Invoked!
info: ===> TimeStamp : 2025-08-26 19:51:41===> API : null ===> Message : validRequest() :: Api validated Successfully
info: ===> TimeStamp : 2025-08-26 19:51:41===> API : /api/billing/uploadBillFile ===> Message : uploadBillFile() invoked!!
info: ===> TimeStamp : 2025-08-26 19:51:41===> API : /api/billing/uploadBillFile ===> Message : uploadBillFile() :: DB :: Invoked !
info: ===> TimeStamp : 2025-08-26 19:51:41===> API : /api/billing/uploadBillFile ===> Message : uploadBillFileResponse() invoked!
info: ===> TimeStamp : 2025-08-26 19:51:41===> API : /api/billing/uploadBillFile ===> Message : uploadBillFileResponse() completed
info: ===> TimeStamp : 2025-08-26 19:51:47===> API : null ===> Message : validateRequest() invoked
info: ===> TimeStamp : 2025-08-26 19:51:47===> API : null ===> Message : fetchDBSettings()
info: ===> TimeStamp : 2025-08-26 19:51:47===> API : null ===> Message : validateRequest() Invoked!
info: ===> TimeStamp : 2025-08-26 19:51:47===> API : null ===> Message : validRequest() :: Api validated Successfully
info: ===> TimeStamp : 2025-08-26 19:51:47===> API : /api/billing/uploadBillFile ===> Message : uploadBillFile() invoked!!
info: ===> TimeStamp : 2025-08-26 19:51:47===> API : /api/billing/uploadBillFile ===> Message : uploadBillFile() :: DB :: Invoked !
info: ===> TimeStamp : 2025-08-26 19:51:47===> API : /api/billing/uploadBillFile ===> Message : uploadBillFileResponse() invoked!
info: ===> TimeStamp : 2025-08-26 19:51:47===> API : /api/billing/uploadBillFile ===> Message : uploadBillFileResponse() completed
info: ===> TimeStamp : 2025-08-26 19:51:47===> API : null ===> Message : validateRequest() invoked
info: ===> TimeStamp : 2025-08-26 19:51:47===> API : null ===> Message : fetchDBSettings()
info: ===> TimeStamp : 2025-08-26 19:51:47===> API : null ===> Message : validateRequest() Invoked!
info: ===> TimeStamp : 2025-08-26 19:51:47===> API : null ===> Message : validRequest() :: Api validated Successfully
info: ===> TimeStamp : 2025-08-26 19:51:47===> API : /api/billing/sendBillMail ===> Message : sendBillMail() invoked!!
info: ===> TimeStamp : 2025-08-26 19:51:50===> API : /api/billing/sendBillMail ===> Message : notifySellers() :: Email sent :: Success :: 250 2.0.0 OK  1756218110 98e67ed59e1d1-3254aa4fc2bsm10156040a91.14 - gsmtp !
info: ===> TimeStamp : 2025-08-26 19:51:50===> API : /api/billing/sendBillMail ===> Message : sendBillMailResponse() invoked!
info: ===> TimeStamp : 2025-08-26 19:51:50===> API : /api/billing/sendBillMail ===> Message : sendBillMailResponse() completed
info: ===> TimeStamp : 2025-08-26 19:52:30===> API : null ===> Message : validateRequest() invoked
info: ===> TimeStamp : 2025-08-26 19:52:30===> API : null ===> Message : fetchDBSettings()
info: ===> TimeStamp : 2025-08-26 19:52:30===> API : null ===> Message : validateRequest() invoked
info: ===> TimeStamp : 2025-08-26 19:52:30===> API : null ===> Message : fetchDBSettings()
info: ===> TimeStamp : 2025-08-26 19:52:30===> API : null ===> Message : validateRequest() invoked
info: ===> TimeStamp : 2025-08-26 19:52:30===> API : null ===> Message : fetchDBSettings()
info: ===> TimeStamp : 2025-08-26 19:52:30===> API : null ===> Message : validateRequest() Invoked!
info: ===> TimeStamp : 2025-08-26 19:52:30===> API : null ===> Message : validateRequest() invoked
info: ===> TimeStamp : 2025-08-26 19:52:30===> API : null ===> Message : fetchDBSettings()
info: ===> TimeStamp : 2025-08-26 19:52:30===> API : null ===> Message : validateRequest() Invoked!
info: ===> TimeStamp : 2025-08-26 19:52:30===> API : null ===> Message : validateRequest() Invoked!
info: ===> TimeStamp : 2025-08-26 19:52:30===> API : null ===> Message : validateRequest() Invoked!
info: ===> TimeStamp : 2025-08-26 19:52:31===> API : null ===> Message : validRequest() :: Api validated Successfully
info: ===> TimeStamp : 2025-08-26 19:52:31===> API : /api/billing/getBillingDetails?billId=0&userId=0&billingDate=2025-08-26&shiftId=0&isBookingWebsite=0&futureDate=&fromDate=&toDate= ===> Message : getBilliDetailsByBillDate() :: DB :: Invoked !
info: ===> TimeStamp : 2025-08-26 19:52:31===> API : /api/billing/getBillingDetails?billId=0&userId=0&billingDate=2025-08-26&shiftId=0&isBookingWebsite=0&futureDate=&fromDate=&toDate= ===> Message : getBillingDetails() invoked!!
info: ===> TimeStamp : 2025-08-26 19:52:31===> API : null ===> Message : validRequest() :: Api validated Successfully
info: ===> TimeStamp : 2025-08-26 19:52:31===> API : /api/billing/fetchVoidBill ===> Message : fetchVoidBill() invoked!!
info: ===> TimeStamp : 2025-08-26 19:52:31===> API : /api/billing/fetchVoidBill ===> Message : fetchVoidBill() :: DB :: Invoked !
info: ===> TimeStamp : 2025-08-26 19:52:31===> API : null ===> Message : validRequest() :: Api validated Successfully
info: ===> TimeStamp : 2025-08-26 19:52:31===> API : /api/billing/noShowGuestList ===> Message : noShowGuestList() invoked!!
info: ===> TimeStamp : 2025-08-26 19:52:31===> API : /api/billing/noShowGuestList ===> Message : noShowGuestList() :: DB :: Invoked !
info: ===> TimeStamp : 2025-08-26 19:52:31===> API : /api/billing/getBillingDetails?billId=0&userId=0&billingDate=2025-08-26&shiftId=0&isBookingWebsite=0&futureDate=&fromDate=&toDate= ===> Message : getBillingDetailsResponse() invoked!
info: ===> TimeStamp : 2025-08-26 19:52:31===> API : /api/billing/getBillingDetails?billId=0&userId=0&billingDate=2025-08-26&shiftId=0&isBookingWebsite=0&futureDate=&fromDate=&toDate= ===> Message : getBillingDetailsResponse() completed
info: ===> TimeStamp : 2025-08-26 19:52:31===> API : null ===> Message : validRequest() :: Api validated Successfully
info: ===> TimeStamp : 2025-08-26 19:52:31===> API : /api/billing/getBillingDetails?billId=0&userId=0&billingDate=2025-08-26&shiftId=0&isBookingWebsite=0&futureDate=2025-08-26&fromDate=&toDate= ===> Message : getBillingDetails() invoked!!
info: ===> TimeStamp : 2025-08-26 19:52:31===> API : null ===> Message : validateRequest() invoked
info: ===> TimeStamp : 2025-08-26 19:52:31===> API : null ===> Message : fetchDBSettings()
info: ===> TimeStamp : 2025-08-26 19:52:31===> API : null ===> Message : validateRequest() Invoked!
info: ===> TimeStamp : 2025-08-26 19:52:31===> API : null ===> Message : validRequest() :: Api validated Successfully
info: ===> TimeStamp : 2025-08-26 19:52:31===> API : /api/billing/getBillingDetails?billId=0&userId=0&billingDate=2025-08-26&shiftId=0&isBookingWebsite=0&futureDate=&fromDate=&toDate= ===> Message : getBillingDetails() invoked!!
info: ===> TimeStamp : 2025-08-26 19:52:31===> API : /api/billing/getBillingDetails?billId=0&userId=0&billingDate=2025-08-26&shiftId=0&isBookingWebsite=0&futureDate=&fromDate=&toDate= ===> Message : getBilliDetailsByBillDate() :: DB :: Invoked !
info: ===> TimeStamp : 2025-08-26 19:52:31===> API : /api/billing/getBillingDetails?billId=0&userId=0&billingDate=2025-08-26&shiftId=0&isBookingWebsite=0&futureDate=&fromDate=&toDate= ===> Message : getBillingDetailsResponse() invoked!
info: ===> TimeStamp : 2025-08-26 19:52:31===> API : /api/billing/getBillingDetails?billId=0&userId=0&billingDate=2025-08-26&shiftId=0&isBookingWebsite=0&futureDate=&fromDate=&toDate= ===> Message : getBillingDetailsResponse() completed
info: ===> TimeStamp : 2025-08-26 19:52:31===> API : /api/billing/fetchVoidBill ===> Message : fetchVoidBillResponse() invoked!
info: ===> TimeStamp : 2025-08-26 19:52:31===> API : /api/billing/fetchVoidBill ===> Message : fetchVoidBillResponse() completed
info: ===> TimeStamp : 2025-08-26 19:52:31===> API : /api/billing/noShowGuestList ===> Message : noShowGuestListResponse() invoked!
info: ===> TimeStamp : 2025-08-26 19:52:31===> API : /api/billing/noShowGuestList ===> Message : noShowGuestListResponse() completed
info: ===> TimeStamp : 2025-08-26 19:52:31===> API : null ===> Message : validateRequest() invoked
info: ===> TimeStamp : 2025-08-26 19:52:31===> API : null ===> Message : fetchDBSettings()
info: ===> TimeStamp : 2025-08-26 19:52:31===> API : null ===> Message : validateRequest() Invoked!
info: ===> TimeStamp : 2025-08-26 19:52:32===> API : null ===> Message : validRequest() :: Api validated Successfully
info: ===> TimeStamp : 2025-08-26 19:52:32===> API : /api/billing/noShowGuestList ===> Message : noShowGuestList() invoked!!
info: ===> TimeStamp : 2025-08-26 19:52:32===> API : /api/billing/noShowGuestList ===> Message : noShowGuestList() :: DB :: Invoked !
info: ===> TimeStamp : 2025-08-26 19:52:32===> API : /api/billing/noShowGuestList ===> Message : noShowGuestListResponse() invoked!
info: ===> TimeStamp : 2025-08-26 19:52:32===> API : /api/billing/noShowGuestList ===> Message : noShowGuestListResponse() completed
info: ===> TimeStamp : 2025-08-26 19:52:32===> API : null ===> Message : validateRequest() invoked
info: ===> TimeStamp : 2025-08-26 19:52:32===> API : null ===> Message : fetchDBSettings()
info: ===> TimeStamp : 2025-08-26 19:52:32===> API : null ===> Message : validateRequest() Invoked!
info: ===> TimeStamp : 2025-08-26 19:52:32===> API : null ===> Message : validRequest() :: Api validated Successfully
info: ===> TimeStamp : 2025-08-26 19:52:32===> API : /api/billing/getBillingDetails?billId=0&userId=0&billingDate=2025-08-26&shiftId=0&isBookingWebsite=0&futureDate=&fromDate=&toDate= ===> Message : getBillingDetails() invoked!!
info: ===> TimeStamp : 2025-08-26 19:52:32===> API : /api/billing/getBillingDetails?billId=0&userId=0&billingDate=2025-08-26&shiftId=0&isBookingWebsite=0&futureDate=&fromDate=&toDate= ===> Message : getBilliDetailsByBillDate() :: DB :: Invoked !
info: ===> TimeStamp : 2025-08-26 19:52:32===> API : /api/billing/getBillingDetails?billId=0&userId=0&billingDate=2025-08-26&shiftId=0&isBookingWebsite=0&futureDate=&fromDate=&toDate= ===> Message : getBillingDetailsResponse() invoked!
info: ===> TimeStamp : 2025-08-26 19:52:32===> API : /api/billing/getBillingDetails?billId=0&userId=0&billingDate=2025-08-26&shiftId=0&isBookingWebsite=0&futureDate=&fromDate=&toDate= ===> Message : getBillingDetailsResponse() completed
info: ===> TimeStamp : 2025-08-26 19:52:35===> API : null ===> Message : validateRequest() invoked
info: ===> TimeStamp : 2025-08-26 19:52:35===> API : null ===> Message : fetchDBSettings()
info: ===> TimeStamp : 2025-08-26 19:52:35===> API : null ===> Message : validateRequest() Invoked!
info: ===> TimeStamp : 2025-08-26 19:52:35===> API : null ===> Message : validRequest() :: Api validated Successfully
info: ===> TimeStamp : 2025-08-26 19:52:35===> API : /api/billing/getBillingDetails?billId=0&userId=0&billingDate=2025-08-26&shiftId=2&isBookingWebsite=0&futureDate=&fromDate=&toDate= ===> Message : getBillingDetails() invoked!!
info: ===> TimeStamp : 2025-08-26 19:52:35===> API : /api/billing/getBillingDetails?billId=0&userId=0&billingDate=2025-08-26&shiftId=2&isBookingWebsite=0&futureDate=&fromDate=&toDate= ===> Message : getBilliDetailsByShift() :: DB :: Invoked !
info: ===> TimeStamp : 2025-08-26 19:52:35===> API : /api/billing/getBillingDetails?billId=0&userId=0&billingDate=2025-08-26&shiftId=2&isBookingWebsite=0&futureDate=&fromDate=&toDate= ===> Message : getBillingDetailsResponse() invoked!
info: ===> TimeStamp : 2025-08-26 19:52:35===> API : /api/billing/getBillingDetails?billId=0&userId=0&billingDate=2025-08-26&shiftId=2&isBookingWebsite=0&futureDate=&fromDate=&toDate= ===> Message : getBillingDetailsResponse() completed
info: ===> TimeStamp : 2025-08-26 19:52:36===> API : null ===> Message : validateRequest() invoked
info: ===> TimeStamp : 2025-08-26 19:52:36===> API : null ===> Message : fetchDBSettings()
info: ===> TimeStamp : 2025-08-26 19:52:36===> API : null ===> Message : validateRequest() Invoked!
info: ===> TimeStamp : 2025-08-26 19:52:36===> API : null ===> Message : validRequest() :: Api validated Successfully
info: ===> TimeStamp : 2025-08-26 19:52:36===> API : /api/billing/generateCSVReport ===> Message : generateReports() invoked!!
info: ===> TimeStamp : 2025-08-26 19:52:36===> API : /api/billing/generateCSVReport ===> Message : generateReportsByShift() :: DB :: Invoked !
info: ===> TimeStamp : 2025-08-26 19:52:36===> API : /api/billing/generateCSVReport ===> Message : uploadReportFile() :: DB :: Invoked !
info: ===> TimeStamp : 2025-08-26 19:52:36===> API : /api/billing/generateCSVReport ===> Message : generateReportsResponse() invoked!
info: ===> TimeStamp : 2025-08-26 19:52:36===> API : /api/billing/generateCSVReport ===> Message : generateReportsResponse() completed
info: ===> TimeStamp : 2025-08-26 19:52:52===> API : null ===> Message : validateRequest() invoked
info: ===> TimeStamp : 2025-08-26 19:52:52===> API : null ===> Message : fetchDBSettings()
info: ===> TimeStamp : 2025-08-26 19:52:52===> API : null ===> Message : validateRequest() Invoked!
info: ===> TimeStamp : 2025-08-26 19:52:52===> API : null ===> Message : validRequest() :: Api validated Successfully
info: ===> TimeStamp : 2025-08-26 19:52:52===> API : /api/billing/getBillingDetails?billId=0&userId=0&billingDate=2025-08-26&shiftId=0&isBookingWebsite=0&futureDate=2025-08-26&fromDate=&toDate= ===> Message : getBillingDetails() invoked!!
info: ===> TimeStamp : 2025-08-26 20:04:34===> API : null ===> Message : validateRequest() invoked
info: ===> TimeStamp : 2025-08-26 20:04:34===> API : null ===> Message : fetchDBSettings()
info: ===> TimeStamp : 2025-08-26 20:04:34===> API : null ===> Message : validateRequest() Invoked!
info: ===> TimeStamp : 2025-08-26 20:04:34===> API : null ===> Message : validRequest() :: Api validated Successfully
info: ===> TimeStamp : 2025-08-26 20:04:34===> API : /api/billing/addBillingDetails ===> Message : addBillingDetails() invoked!!
info: ===> TimeStamp : 2025-08-26 20:04:34===> API : /api/billing/addBillingDetails ===> Message : getPackageItemDetails() :: DB :: Invoked !
info: ===> TimeStamp : 2025-08-26 20:04:34===> API : /api/billing/addBillingDetails ===> Message : newBooking() :: DB :: Invoked !
info: ===> TimeStamp : 2025-08-26 20:04:34===> API : /api/billing/addBillingDetails ===> Message : newBooking() :: DB :: Invoked !
info: ===> TimeStamp : 2025-08-26 20:04:36===> API : /api/billing/addBillingDetails ===> Message : newBooking() :: DB :: Invoked !
info: ===> TimeStamp : 2025-08-26 20:04:36===> API : /api/billing/addBillingDetails ===> Message : newBooking() :: DB :: Invoked !
info: ===> TimeStamp : 2025-08-26 20:04:38===> API : /api/billing/addBillingDetails ===> Message : addBillingDetailsResponse() invoked!
info: ===> TimeStamp : 2025-08-26 20:04:38===> API : /api/billing/addBillingDetails ===> Message : addBillingDetailsResponse() completed
info: ===> TimeStamp : 2025-08-26 20:04:38===> API : null ===> Message : validateRequest() invoked
info: ===> TimeStamp : 2025-08-26 20:04:38===> API : null ===> Message : fetchDBSettings()
info: ===> TimeStamp : 2025-08-26 20:04:38===> API : null ===> Message : validateRequest() Invoked!
info: ===> TimeStamp : 2025-08-26 20:04:38===> API : null ===> Message : validRequest() :: Api validated Successfully
info: ===> TimeStamp : 2025-08-26 20:04:38===> API : /api/billing/updateItemDetailsBill ===> Message : updateItemDetailsBill() invoked!!
info: ===> TimeStamp : 2025-08-26 20:04:38===> API : /api/billing/updateItemDetailsBill ===> Message : updateItemDetailsBill() :: DB :: Invoked !
info: ===> TimeStamp : 2025-08-26 20:04:38===> API : /api/billing/updateItemDetailsBill ===> Message : updateItemDetailsBillResponse() invoked!
info: ===> TimeStamp : 2025-08-26 20:04:38===> API : /api/billing/updateItemDetailsBill ===> Message : updateItemDetailsBillResponse() completed
info: ===> TimeStamp : 2025-08-26 20:04:39===> API : null ===> Message : validateRequest() invoked
info: ===> TimeStamp : 2025-08-26 20:04:39===> API : null ===> Message : fetchDBSettings()
info: ===> TimeStamp : 2025-08-26 20:04:39===> API : null ===> Message : validateRequest() Invoked!
info: ===> TimeStamp : 2025-08-26 20:04:39===> API : null ===> Message : validRequest() :: Api validated Successfully
info: ===> TimeStamp : 2025-08-26 20:04:39===> API : /api/billing/uploadBillFile ===> Message : uploadBillFile() invoked!!
info: ===> TimeStamp : 2025-08-26 20:04:39===> API : /api/billing/uploadBillFile ===> Message : uploadBillFile() :: DB :: Invoked !
info: ===> TimeStamp : 2025-08-26 20:04:39===> API : /api/billing/uploadBillFile ===> Message : uploadBillFileResponse() invoked!
info: ===> TimeStamp : 2025-08-26 20:04:39===> API : /api/billing/uploadBillFile ===> Message : uploadBillFileResponse() completed
info: ===> TimeStamp : 2025-08-26 20:04:40===> API : null ===> Message : validateRequest() invoked
info: ===> TimeStamp : 2025-08-26 20:04:40===> API : null ===> Message : fetchDBSettings()
info: ===> TimeStamp : 2025-08-26 20:04:40===> API : null ===> Message : validateRequest() Invoked!
info: ===> TimeStamp : 2025-08-26 20:04:40===> API : null ===> Message : validRequest() :: Api validated Successfully
info: ===> TimeStamp : 2025-08-26 20:04:40===> API : /api/billing/uploadBillFile ===> Message : uploadBillFile() invoked!!
info: ===> TimeStamp : 2025-08-26 20:04:40===> API : /api/billing/uploadBillFile ===> Message : uploadBillFile() :: DB :: Invoked !
info: ===> TimeStamp : 2025-08-26 20:04:40===> API : /api/billing/uploadBillFile ===> Message : uploadBillFileResponse() invoked!
info: ===> TimeStamp : 2025-08-26 20:04:40===> API : /api/billing/uploadBillFile ===> Message : uploadBillFileResponse() completed
info: ===> TimeStamp : 2025-08-26 20:04:40===> API : null ===> Message : validateRequest() invoked
info: ===> TimeStamp : 2025-08-26 20:04:40===> API : null ===> Message : fetchDBSettings()
info: ===> TimeStamp : 2025-08-26 20:04:40===> API : null ===> Message : validateRequest() Invoked!
info: ===> TimeStamp : 2025-08-26 20:04:40===> API : null ===> Message : validRequest() :: Api validated Successfully
info: ===> TimeStamp : 2025-08-26 20:04:40===> API : /api/billing/sendBillMail ===> Message : sendBillMail() invoked!!
info: ===> TimeStamp : 2025-08-26 20:04:43===> API : /api/billing/sendBillMail ===> Message : notifySellers() :: Email sent :: Success :: 250 2.0.0 OK  1756218883 d2e1a72fcca58-771f2f2ac7dsm3372453b3a.43 - gsmtp !
info: ===> TimeStamp : 2025-08-26 20:04:43===> API : /api/billing/sendBillMail ===> Message : sendBillMailResponse() invoked!
info: ===> TimeStamp : 2025-08-26 20:04:43===> API : /api/billing/sendBillMail ===> Message : sendBillMailResponse() completed
info: ===> TimeStamp : 2025-08-26 20:04:45===> API : null ===> Message : validateRequest() invoked
info: ===> TimeStamp : 2025-08-26 20:04:45===> API : null ===> Message : fetchDBSettings()
info: ===> TimeStamp : 2025-08-26 20:04:45===> API : null ===> Message : validateRequest() Invoked!
info: ===> TimeStamp : 2025-08-26 20:04:45===> API : null ===> Message : validRequest() :: Api validated Successfully
info: ===> TimeStamp : 2025-08-26 20:04:45===> API : /api/billing/uploadBillFile ===> Message : uploadBillFile() invoked!!
info: ===> TimeStamp : 2025-08-26 20:04:45===> API : /api/billing/uploadBillFile ===> Message : uploadBillFile() :: DB :: Invoked !
info: ===> TimeStamp : 2025-08-26 20:04:45===> API : /api/billing/uploadBillFile ===> Message : uploadBillFileResponse() invoked!
info: ===> TimeStamp : 2025-08-26 20:04:45===> API : /api/billing/uploadBillFile ===> Message : uploadBillFileResponse() completed
info: ===> TimeStamp : 2025-08-26 20:04:45===> API : null ===> Message : validateRequest() invoked
info: ===> TimeStamp : 2025-08-26 20:04:45===> API : null ===> Message : fetchDBSettings()
info: ===> TimeStamp : 2025-08-26 20:04:45===> API : null ===> Message : validateRequest() Invoked!
info: ===> TimeStamp : 2025-08-26 20:04:45===> API : null ===> Message : validRequest() :: Api validated Successfully
info: ===> TimeStamp : 2025-08-26 20:04:45===> API : /api/billing/sendBillMail ===> Message : sendBillMail() invoked!!
info: ===> TimeStamp : 2025-08-26 20:04:48===> API : /api/billing/sendBillMail ===> Message : notifySellers() :: Email sent :: Success :: 250 2.0.0 OK  1756218888 d2e1a72fcca58-771eaa6792dsm4894310b3a.48 - gsmtp !
info: ===> TimeStamp : 2025-08-26 20:04:48===> API : /api/billing/sendBillMail ===> Message : sendBillMailResponse() invoked!
info: ===> TimeStamp : 2025-08-26 20:04:48===> API : /api/billing/sendBillMail ===> Message : sendBillMailResponse() completed
info: ===> TimeStamp : 2025-08-26 20:21:21===> API : null ===> Message : validateRequest() invoked
info: ===> TimeStamp : 2025-08-26 20:21:21===> API : null ===> Message : validateRequest() Error:: Invalid Request :: 
      {"apiUri":"/"}
info: ===> TimeStamp : 2025-08-26 20:21:24===> API : null ===> Message : validateRequest() invoked
info: ===> TimeStamp : 2025-08-26 20:21:24===> API : null ===> Message : validateRequest() Error:: Invalid Request :: 
      {"apiUri":"/"}
info: ===> TimeStamp : 2025-08-26 20:21:25===> API : null ===> Message : validateRequest() invoked
info: ===> TimeStamp : 2025-08-26 20:21:25===> API : null ===> Message : validateRequest() Error:: Invalid Request :: 
      {"apiUri":"/@vite/env"}
info: ===> TimeStamp : 2025-08-26 20:21:25===> API : null ===> Message : validateRequest() invoked
info: ===> TimeStamp : 2025-08-26 20:21:25===> API : null ===> Message : validateRequest() Error:: Invalid Request :: 
      {"apiUri":"/actuator/env"}
info: ===> TimeStamp : 2025-08-26 20:21:26===> API : null ===> Message : validateRequest() invoked
info: ===> TimeStamp : 2025-08-26 20:21:26===> API : null ===> Message : validateRequest() Error:: Invalid Request :: 
      {"apiUri":"/php-cgi/php-cgi.exe"}
info: ===> TimeStamp : 2025-08-26 20:21:26===> API : null ===> Message : validateRequest() invoked
info: ===> TimeStamp : 2025-08-26 20:21:26===> API : null ===> Message : validateRequest() Error:: Invalid Request :: 
      {"apiUri":"/server"}
info: ===> TimeStamp : 2025-08-26 20:21:26===> API : null ===> Message : validateRequest() invoked
info: ===> TimeStamp : 2025-08-26 20:21:26===> API : null ===> Message : validateRequest() Error:: Invalid Request :: 
      {"apiUri":"/.vscode/sftp.json"}
info: ===> TimeStamp : 2025-08-26 20:21:27===> API : null ===> Message : validateRequest() invoked
info: ===> TimeStamp : 2025-08-26 20:21:27===> API : null ===> Message : validateRequest() Error:: Invalid Request :: 
      {"apiUri":"/about"}
info: ===> TimeStamp : 2025-08-26 20:21:27===> API : null ===> Message : validateRequest() invoked
info: ===> TimeStamp : 2025-08-26 20:21:27===> API : null ===> Message : validateRequest() Error:: Invalid Request :: 
      {"apiUri":"/debug/default/view"}
info: ===> TimeStamp : 2025-08-26 20:21:28===> API : null ===> Message : validateRequest() invoked
info: ===> TimeStamp : 2025-08-26 20:21:28===> API : null ===> Message : validateRequest() Error:: Invalid Request :: 
      {"apiUri":"/v2/_catalog"}
info: ===> TimeStamp : 2025-08-26 20:21:28===> API : null ===> Message : validateRequest() invoked
info: ===> TimeStamp : 2025-08-26 20:21:28===> API : null ===> Message : validateRequest() Error:: Invalid Request :: 
      {"apiUri":"/ecp/Current/exporttool/microsoft.exchange.ediscovery.exporttool.application"}
info: ===> TimeStamp : 2025-08-26 20:21:29===> API : null ===> Message : validateRequest() invoked
info: ===> TimeStamp : 2025-08-26 20:21:29===> API : null ===> Message : validateRequest() Error:: Invalid Request :: 
      {"apiUri":"/server-status"}
info: ===> TimeStamp : 2025-08-26 20:21:29===> API : null ===> Message : validateRequest() invoked
info: ===> TimeStamp : 2025-08-26 20:21:29===> API : null ===> Message : validateRequest() Error:: Invalid Request :: 
      {"apiUri":"/login.action"}
info: ===> TimeStamp : 2025-08-26 20:21:29===> API : null ===> Message : validateRequest() invoked
info: ===> TimeStamp : 2025-08-26 20:21:29===> API : null ===> Message : validateRequest() Error:: Invalid Request :: 
      {"apiUri":"/_all_dbs"}
info: ===> TimeStamp : 2025-08-26 20:21:30===> API : null ===> Message : validateRequest() invoked
info: ===> TimeStamp : 2025-08-26 20:21:30===> API : null ===> Message : validateRequest() Error:: Invalid Request :: 
      {"apiUri":"/.DS_Store"}
info: ===> TimeStamp : 2025-08-26 20:21:30===> API : null ===> Message : validateRequest() invoked
info: ===> TimeStamp : 2025-08-26 20:21:30===> API : null ===> Message : validateRequest() Error:: Invalid Request :: 
      {"apiUri":"/.env"}
info: ===> TimeStamp : 2025-08-26 20:21:31===> API : null ===> Message : validateRequest() invoked
info: ===> TimeStamp : 2025-08-26 20:21:31===> API : null ===> Message : validateRequest() Error:: Invalid Request :: 
      {"apiUri":"/.git/config"}
info: ===> TimeStamp : 2025-08-26 20:21:31===> API : null ===> Message : validateRequest() invoked
info: ===> TimeStamp : 2025-08-26 20:21:31===> API : null ===> Message : validateRequest() Error:: Invalid Request :: 
      {"apiUri":"/s/535313e27313e273e233/_/;/META-INF/maven/com.atlassian.jira/jira-webapp-dist/pom.properties"}
info: ===> TimeStamp : 2025-08-26 20:21:32===> API : null ===> Message : validateRequest() invoked
info: ===> TimeStamp : 2025-08-26 20:21:32===> API : null ===> Message : validateRequest() Error:: Invalid Request :: 
      {"apiUri":"/config.json"}
info: ===> TimeStamp : 2025-08-26 20:21:32===> API : null ===> Message : validateRequest() invoked
info: ===> TimeStamp : 2025-08-26 20:21:32===> API : null ===> Message : validateRequest() Error:: Invalid Request :: 
      {"apiUri":"/telescope/requests"}
info: ===> TimeStamp : 2025-08-26 20:21:32===> API : null ===> Message : validateRequest() invoked
info: ===> TimeStamp : 2025-08-26 20:21:32===> API : null ===> Message : validateRequest() Error:: Invalid Request :: 
      {"apiUri":"/info.php"}
info: ===> TimeStamp : 2025-08-26 20:21:33===> API : null ===> Message : validateRequest() invoked
info: ===> TimeStamp : 2025-08-26 20:21:33===> API : null ===> Message : validateRequest() Error:: Invalid Request :: 
      {"apiUri":"/"}
info: ===> TimeStamp : 2025-08-26 20:35:18===> API : null ===> Message : validateRequest() invoked
info: ===> TimeStamp : 2025-08-26 20:35:18===> API : null ===> Message : fetchDBSettings()
info: ===> TimeStamp : 2025-08-26 20:35:18===> API : null ===> Message : validateRequest() Invoked!
info: ===> TimeStamp : 2025-08-26 20:35:18===> API : null ===> Message : validRequest() :: Api validated Successfully
info: ===> TimeStamp : 2025-08-26 20:35:18===> API : /api/billing/addBillingDetails ===> Message : addBillingDetails() invoked!!
info: ===> TimeStamp : 2025-08-26 20:35:18===> API : /api/billing/addBillingDetails ===> Message : getPackageItemDetails() :: DB :: Invoked !
info: ===> TimeStamp : 2025-08-26 20:35:18===> API : /api/billing/addBillingDetails ===> Message : newBooking() :: DB :: Invoked !
info: ===> TimeStamp : 2025-08-26 20:35:18===> API : /api/billing/addBillingDetails ===> Message : newBooking() :: DB :: Invoked !
info: ===> TimeStamp : 2025-08-26 20:35:19===> API : null ===> Message : validateRequest() invoked
info: ===> TimeStamp : 2025-08-26 20:35:19===> API : null ===> Message : fetchDBSettings()
info: ===> TimeStamp : 2025-08-26 20:35:19===> API : null ===> Message : validateRequest() Invoked!
info: ===> TimeStamp : 2025-08-26 20:35:19===> API : null ===> Message : validRequest() :: Api validated Successfully
info: ===> TimeStamp : 2025-08-26 20:35:19===> API : /api/billing/addBillingDetails ===> Message : addBillingDetails() invoked!!
info: ===> TimeStamp : 2025-08-26 20:35:19===> API : /api/billing/addBillingDetails ===> Message : getPackageItemDetails() :: DB :: Invoked !
info: ===> TimeStamp : 2025-08-26 20:35:19===> API : /api/billing/addBillingDetails ===> Message : newBooking() :: DB :: Invoked !
info: ===> TimeStamp : 2025-08-26 20:35:19===> API : /api/billing/addBillingDetails ===> Message : newBooking() :: DB :: Invoked !
info: ===> TimeStamp : 2025-08-26 20:35:20===> API : /api/billing/addBillingDetails ===> Message : newBooking() :: DB :: Invoked !
info: ===> TimeStamp : 2025-08-26 20:35:20===> API : /api/billing/addBillingDetails ===> Message : newBooking() :: DB :: Invoked !
info: ===> TimeStamp : 2025-08-26 20:35:21===> API : /api/billing/addBillingDetails ===> Message : newBooking() :: DB :: Invoked !
info: ===> TimeStamp : 2025-08-26 20:35:21===> API : /api/billing/addBillingDetails ===> Message : newBooking() :: DB :: Invoked !
info: ===> TimeStamp : 2025-08-26 20:35:22===> API : /api/billing/addBillingDetails ===> Message : addBillingDetailsResponse() invoked!
info: ===> TimeStamp : 2025-08-26 20:35:22===> API : /api/billing/addBillingDetails ===> Message : addBillingDetailsResponse() completed
info: ===> TimeStamp : 2025-08-26 20:35:22===> API : null ===> Message : validateRequest() invoked
info: ===> TimeStamp : 2025-08-26 20:35:22===> API : null ===> Message : fetchDBSettings()
info: ===> TimeStamp : 2025-08-26 20:35:22===> API : null ===> Message : validateRequest() Invoked!
info: ===> TimeStamp : 2025-08-26 20:35:22===> API : null ===> Message : validRequest() :: Api validated Successfully
info: ===> TimeStamp : 2025-08-26 20:35:22===> API : /api/billing/updateItemDetailsBill ===> Message : updateItemDetailsBill() invoked!!
info: ===> TimeStamp : 2025-08-26 20:35:22===> API : /api/billing/updateItemDetailsBill ===> Message : updateItemDetailsBill() :: DB :: Invoked !
info: ===> TimeStamp : 2025-08-26 20:35:22===> API : /api/billing/updateItemDetailsBill ===> Message : updateItemDetailsBillResponse() invoked!
info: ===> TimeStamp : 2025-08-26 20:35:22===> API : /api/billing/updateItemDetailsBill ===> Message : updateItemDetailsBillResponse() completed
info: ===> TimeStamp : 2025-08-26 20:35:22===> API : /api/billing/addBillingDetails ===> Message : addBillingDetailsResponse() invoked!
info: ===> TimeStamp : 2025-08-26 20:35:22===> API : /api/billing/addBillingDetails ===> Message : addBillingDetailsResponse() completed
info: ===> TimeStamp : 2025-08-26 20:35:22===> API : null ===> Message : validateRequest() invoked
info: ===> TimeStamp : 2025-08-26 20:35:22===> API : null ===> Message : fetchDBSettings()
info: ===> TimeStamp : 2025-08-26 20:35:22===> API : null ===> Message : validateRequest() Invoked!
info: ===> TimeStamp : 2025-08-26 20:35:22===> API : null ===> Message : validRequest() :: Api validated Successfully
info: ===> TimeStamp : 2025-08-26 20:35:22===> API : /api/billing/updateItemDetailsBill ===> Message : updateItemDetailsBill() invoked!!
info: ===> TimeStamp : 2025-08-26 20:35:22===> API : /api/billing/updateItemDetailsBill ===> Message : updateItemDetailsBill() :: DB :: Invoked !
info: ===> TimeStamp : 2025-08-26 20:35:22===> API : /api/billing/updateItemDetailsBill ===> Message : updateItemDetailsBillResponse() invoked!
info: ===> TimeStamp : 2025-08-26 20:35:22===> API : /api/billing/updateItemDetailsBill ===> Message : updateItemDetailsBillResponse() completed
info: ===> TimeStamp : 2025-08-26 20:35:23===> API : null ===> Message : validateRequest() invoked
info: ===> TimeStamp : 2025-08-26 20:35:23===> API : null ===> Message : fetchDBSettings()
info: ===> TimeStamp : 2025-08-26 20:35:23===> API : null ===> Message : validateRequest() Invoked!
info: ===> TimeStamp : 2025-08-26 20:35:23===> API : null ===> Message : validRequest() :: Api validated Successfully
info: ===> TimeStamp : 2025-08-26 20:35:23===> API : /api/billing/uploadBillFile ===> Message : uploadBillFile() invoked!!
info: ===> TimeStamp : 2025-08-26 20:35:23===> API : /api/billing/uploadBillFile ===> Message : uploadBillFile() :: DB :: Invoked !
info: ===> TimeStamp : 2025-08-26 20:35:23===> API : /api/billing/uploadBillFile ===> Message : uploadBillFileResponse() invoked!
info: ===> TimeStamp : 2025-08-26 20:35:23===> API : /api/billing/uploadBillFile ===> Message : uploadBillFileResponse() completed
info: ===> TimeStamp : 2025-08-26 20:35:27===> API : null ===> Message : validateRequest() invoked
info: ===> TimeStamp : 2025-08-26 20:35:27===> API : null ===> Message : fetchDBSettings()
info: ===> TimeStamp : 2025-08-26 20:35:27===> API : null ===> Message : validateRequest() Invoked!
info: ===> TimeStamp : 2025-08-26 20:35:27===> API : null ===> Message : validRequest() :: Api validated Successfully
info: ===> TimeStamp : 2025-08-26 20:35:27===> API : /api/billing/uploadBillFile ===> Message : uploadBillFile() invoked!!
info: ===> TimeStamp : 2025-08-26 20:35:27===> API : /api/billing/uploadBillFile ===> Message : uploadBillFile() :: DB :: Invoked !
info: ===> TimeStamp : 2025-08-26 20:35:27===> API : /api/billing/uploadBillFile ===> Message : uploadBillFileResponse() invoked!
info: ===> TimeStamp : 2025-08-26 20:35:27===> API : /api/billing/uploadBillFile ===> Message : uploadBillFileResponse() completed
info: ===> TimeStamp : 2025-08-26 20:35:35===> API : null ===> Message : validateRequest() invoked
info: ===> TimeStamp : 2025-08-26 20:35:35===> API : null ===> Message : fetchDBSettings()
info: ===> TimeStamp : 2025-08-26 20:35:35===> API : null ===> Message : validateRequest() Invoked!
info: ===> TimeStamp : 2025-08-26 20:35:35===> API : null ===> Message : validRequest() :: Api validated Successfully
info: ===> TimeStamp : 2025-08-26 20:35:35===> API : /api/billing/uploadBillFile ===> Message : uploadBillFile() invoked!!
info: ===> TimeStamp : 2025-08-26 20:35:35===> API : /api/billing/uploadBillFile ===> Message : uploadBillFile() :: DB :: Invoked !
info: ===> TimeStamp : 2025-08-26 20:35:35===> API : /api/billing/uploadBillFile ===> Message : uploadBillFileResponse() invoked!
info: ===> TimeStamp : 2025-08-26 20:35:35===> API : /api/billing/uploadBillFile ===> Message : uploadBillFileResponse() completed
info: ===> TimeStamp : 2025-08-26 20:35:35===> API : null ===> Message : validateRequest() invoked
info: ===> TimeStamp : 2025-08-26 20:35:35===> API : null ===> Message : fetchDBSettings()
info: ===> TimeStamp : 2025-08-26 20:35:35===> API : null ===> Message : validateRequest() Invoked!
info: ===> TimeStamp : 2025-08-26 20:35:35===> API : null ===> Message : validRequest() :: Api validated Successfully
info: ===> TimeStamp : 2025-08-26 20:35:35===> API : /api/billing/sendBillMail ===> Message : sendBillMail() invoked!!
info: ===> TimeStamp : 2025-08-26 20:35:40===> API : /api/billing/sendBillMail ===> Message : notifySellers() :: Email sent :: Success :: 250 2.0.0 OK  1756220740 98e67ed59e1d1-32549fe6c21sm10343245a91.5 - gsmtp !
info: ===> TimeStamp : 2025-08-26 20:35:40===> API : /api/billing/sendBillMail ===> Message : sendBillMailResponse() invoked!
info: ===> TimeStamp : 2025-08-26 20:35:40===> API : /api/billing/sendBillMail ===> Message : sendBillMailResponse() completed
info: ===> TimeStamp : 2025-08-26 20:35:48===> API : null ===> Message : validateRequest() invoked
info: ===> TimeStamp : 2025-08-26 20:35:48===> API : null ===> Message : fetchDBSettings()
info: ===> TimeStamp : 2025-08-26 20:35:48===> API : null ===> Message : validateRequest() Invoked!
info: ===> TimeStamp : 2025-08-26 20:35:48===> API : null ===> Message : validRequest() :: Api validated Successfully
info: ===> TimeStamp : 2025-08-26 20:35:48===> API : /api/billing/uploadBillFile ===> Message : uploadBillFile() invoked!!
info: ===> TimeStamp : 2025-08-26 20:35:48===> API : /api/billing/uploadBillFile ===> Message : uploadBillFile() :: DB :: Invoked !
info: ===> TimeStamp : 2025-08-26 20:35:48===> API : /api/billing/uploadBillFile ===> Message : uploadBillFileResponse() invoked!
info: ===> TimeStamp : 2025-08-26 20:35:48===> API : /api/billing/uploadBillFile ===> Message : uploadBillFileResponse() completed
info: ===> TimeStamp : 2025-08-26 20:35:48===> API : null ===> Message : validateRequest() invoked
info: ===> TimeStamp : 2025-08-26 20:35:48===> API : null ===> Message : fetchDBSettings()
info: ===> TimeStamp : 2025-08-26 20:35:48===> API : null ===> Message : validateRequest() Invoked!
info: ===> TimeStamp : 2025-08-26 20:35:48===> API : null ===> Message : validRequest() :: Api validated Successfully
info: ===> TimeStamp : 2025-08-26 20:35:48===> API : /api/billing/sendBillMail ===> Message : sendBillMail() invoked!!
info: ===> TimeStamp : 2025-08-26 20:35:51===> API : null ===> Message : validateRequest() invoked
info: ===> TimeStamp : 2025-08-26 20:35:51===> API : null ===> Message : fetchDBSettings()
info: ===> TimeStamp : 2025-08-26 20:35:51===> API : null ===> Message : validateRequest() Invoked!
info: ===> TimeStamp : 2025-08-26 20:35:51===> API : null ===> Message : validRequest() :: Api validated Successfully
info: ===> TimeStamp : 2025-08-26 20:35:51===> API : /api/billing/uploadBillFile ===> Message : uploadBillFile() invoked!!
info: ===> TimeStamp : 2025-08-26 20:35:51===> API : /api/billing/uploadBillFile ===> Message : uploadBillFile() :: DB :: Invoked !
info: ===> TimeStamp : 2025-08-26 20:35:51===> API : /api/billing/uploadBillFile ===> Message : uploadBillFileResponse() invoked!
info: ===> TimeStamp : 2025-08-26 20:35:51===> API : /api/billing/uploadBillFile ===> Message : uploadBillFileResponse() completed
info: ===> TimeStamp : 2025-08-26 20:35:51===> API : null ===> Message : validateRequest() invoked
info: ===> TimeStamp : 2025-08-26 20:35:51===> API : null ===> Message : fetchDBSettings()
info: ===> TimeStamp : 2025-08-26 20:35:51===> API : null ===> Message : validateRequest() Invoked!
info: ===> TimeStamp : 2025-08-26 20:35:51===> API : null ===> Message : validRequest() :: Api validated Successfully
info: ===> TimeStamp : 2025-08-26 20:35:51===> API : /api/billing/sendBillMail ===> Message : sendBillMail() invoked!!
info: ===> TimeStamp : 2025-08-26 20:35:54===> API : /api/billing/sendBillMail ===> Message : sendBillMailResponse() invoked!
info: ===> TimeStamp : 2025-08-26 20:35:54===> API : /api/billing/sendBillMail ===> Message : notifySellers() :: Email sent :: Success :: 250 2.0.0 OK  1756220754 98e67ed59e1d1-3276575aed6sm221880a91.19 - gsmtp !
info: ===> TimeStamp : 2025-08-26 20:35:54===> API : /api/billing/sendBillMail ===> Message : sendBillMailResponse() completed
info: ===> TimeStamp : 2025-08-26 20:35:55===> API : /api/billing/sendBillMail ===> Message : notifySellers() :: Email sent :: Success :: 250 2.0.0 OK  1756220755 98e67ed59e1d1-3275c05e1a6sm400323a91.1 - gsmtp !
info: ===> TimeStamp : 2025-08-26 20:35:55===> API : /api/billing/sendBillMail ===> Message : sendBillMailResponse() invoked!
info: ===> TimeStamp : 2025-08-26 20:35:55===> API : /api/billing/sendBillMail ===> Message : sendBillMailResponse() completed
info: ===> TimeStamp : 2025-08-26 20:35:59===> API : null ===> Message : validateRequest() invoked
info: ===> TimeStamp : 2025-08-26 20:35:59===> API : null ===> Message : fetchDBSettings()
info: ===> TimeStamp : 2025-08-26 20:35:59===> API : null ===> Message : validateRequest() invoked
info: ===> TimeStamp : 2025-08-26 20:35:59===> API : null ===> Message : fetchDBSettings()
info: ===> TimeStamp : 2025-08-26 20:35:59===> API : null ===> Message : validateRequest() invoked
info: ===> TimeStamp : 2025-08-26 20:35:59===> API : null ===> Message : fetchDBSettings()
info: ===> TimeStamp : 2025-08-26 20:35:59===> API : null ===> Message : validateRequest() Invoked!
info: ===> TimeStamp : 2025-08-26 20:35:59===> API : null ===> Message : validateRequest() invoked
info: ===> TimeStamp : 2025-08-26 20:35:59===> API : null ===> Message : fetchDBSettings()
info: ===> TimeStamp : 2025-08-26 20:35:59===> API : null ===> Message : validateRequest() Invoked!
info: ===> TimeStamp : 2025-08-26 20:35:59===> API : null ===> Message : validateRequest() Invoked!
info: ===> TimeStamp : 2025-08-26 20:35:59===> API : null ===> Message : validateRequest() Invoked!
info: ===> TimeStamp : 2025-08-26 20:35:59===> API : null ===> Message : validRequest() :: Api validated Successfully
info: ===> TimeStamp : 2025-08-26 20:35:59===> API : /api/billing/getBillingDetails?billId=0&userId=0&billingDate=2025-08-26&shiftId=0&isBookingWebsite=0&futureDate=&fromDate=&toDate= ===> Message : getBilliDetailsByBillDate() :: DB :: Invoked !
info: ===> TimeStamp : 2025-08-26 20:35:59===> API : /api/billing/getBillingDetails?billId=0&userId=0&billingDate=2025-08-26&shiftId=0&isBookingWebsite=0&futureDate=&fromDate=&toDate= ===> Message : getBillingDetails() invoked!!
info: ===> TimeStamp : 2025-08-26 20:35:59===> API : null ===> Message : validRequest() :: Api validated Successfully
info: ===> TimeStamp : 2025-08-26 20:35:59===> API : /api/billing/fetchVoidBill ===> Message : fetchVoidBill() invoked!!
info: ===> TimeStamp : 2025-08-26 20:35:59===> API : /api/billing/fetchVoidBill ===> Message : fetchVoidBill() :: DB :: Invoked !
info: ===> TimeStamp : 2025-08-26 20:35:59===> API : null ===> Message : validRequest() :: Api validated Successfully
info: ===> TimeStamp : 2025-08-26 20:35:59===> API : /api/billing/noShowGuestList ===> Message : noShowGuestList() invoked!!
info: ===> TimeStamp : 2025-08-26 20:35:59===> API : /api/billing/noShowGuestList ===> Message : noShowGuestList() :: DB :: Invoked !
info: ===> TimeStamp : 2025-08-26 20:35:59===> API : null ===> Message : validRequest() :: Api validated Successfully
info: ===> TimeStamp : 2025-08-26 20:35:59===> API : /api/billing/getBillingDetails?billId=0&userId=0&billingDate=2025-08-26&shiftId=0&isBookingWebsite=0&futureDate=2025-08-26&fromDate=&toDate= ===> Message : getBillingDetails() invoked!!
info: ===> TimeStamp : 2025-08-26 20:35:59===> API : /api/billing/getBillingDetails?billId=0&userId=0&billingDate=2025-08-26&shiftId=0&isBookingWebsite=0&futureDate=&fromDate=&toDate= ===> Message : getBillingDetailsResponse() invoked!
info: ===> TimeStamp : 2025-08-26 20:35:59===> API : /api/billing/getBillingDetails?billId=0&userId=0&billingDate=2025-08-26&shiftId=0&isBookingWebsite=0&futureDate=&fromDate=&toDate= ===> Message : getBillingDetailsResponse() completed
info: ===> TimeStamp : 2025-08-26 20:36:00===> API : null ===> Message : validateRequest() invoked
info: ===> TimeStamp : 2025-08-26 20:36:00===> API : null ===> Message : fetchDBSettings()
info: ===> TimeStamp : 2025-08-26 20:36:00===> API : null ===> Message : validateRequest() Invoked!
info: ===> TimeStamp : 2025-08-26 20:36:00===> API : null ===> Message : validRequest() :: Api validated Successfully
info: ===> TimeStamp : 2025-08-26 20:36:00===> API : /api/billing/getBillingDetails?billId=0&userId=0&billingDate=2025-08-26&shiftId=0&isBookingWebsite=0&futureDate=&fromDate=&toDate= ===> Message : getBillingDetails() invoked!!
info: ===> TimeStamp : 2025-08-26 20:36:00===> API : /api/billing/getBillingDetails?billId=0&userId=0&billingDate=2025-08-26&shiftId=0&isBookingWebsite=0&futureDate=&fromDate=&toDate= ===> Message : getBilliDetailsByBillDate() :: DB :: Invoked !
info: ===> TimeStamp : 2025-08-26 20:36:00===> API : /api/billing/getBillingDetails?billId=0&userId=0&billingDate=2025-08-26&shiftId=0&isBookingWebsite=0&futureDate=&fromDate=&toDate= ===> Message : getBillingDetailsResponse() invoked!
info: ===> TimeStamp : 2025-08-26 20:36:00===> API : /api/billing/getBillingDetails?billId=0&userId=0&billingDate=2025-08-26&shiftId=0&isBookingWebsite=0&futureDate=&fromDate=&toDate= ===> Message : getBillingDetailsResponse() completed
info: ===> TimeStamp : 2025-08-26 20:36:01===> API : /api/billing/fetchVoidBill ===> Message : fetchVoidBillResponse() invoked!
info: ===> TimeStamp : 2025-08-26 20:36:01===> API : /api/billing/fetchVoidBill ===> Message : fetchVoidBillResponse() completed
info: ===> TimeStamp : 2025-08-26 20:36:01===> API : /api/billing/noShowGuestList ===> Message : noShowGuestListResponse() invoked!
info: ===> TimeStamp : 2025-08-26 20:36:01===> API : /api/billing/noShowGuestList ===> Message : noShowGuestListResponse() completed
info: ===> TimeStamp : 2025-08-26 20:36:01===> API : null ===> Message : validateRequest() invoked
info: ===> TimeStamp : 2025-08-26 20:36:01===> API : null ===> Message : fetchDBSettings()
info: ===> TimeStamp : 2025-08-26 20:36:01===> API : null ===> Message : validateRequest() Invoked!
info: ===> TimeStamp : 2025-08-26 20:36:01===> API : null ===> Message : validRequest() :: Api validated Successfully
info: ===> TimeStamp : 2025-08-26 20:36:01===> API : /api/billing/noShowGuestList ===> Message : noShowGuestList() invoked!!
info: ===> TimeStamp : 2025-08-26 20:36:01===> API : /api/billing/noShowGuestList ===> Message : noShowGuestList() :: DB :: Invoked !
info: ===> TimeStamp : 2025-08-26 20:36:01===> API : null ===> Message : validateRequest() invoked
info: ===> TimeStamp : 2025-08-26 20:36:01===> API : null ===> Message : fetchDBSettings()
info: ===> TimeStamp : 2025-08-26 20:36:01===> API : null ===> Message : validateRequest() Invoked!
info: ===> TimeStamp : 2025-08-26 20:36:01===> API : null ===> Message : validRequest() :: Api validated Successfully
info: ===> TimeStamp : 2025-08-26 20:36:01===> API : /api/billing/updateItemDetailsBill ===> Message : updateItemDetailsBill() :: DB :: Invoked !
info: ===> TimeStamp : 2025-08-26 20:36:01===> API : /api/billing/updateItemDetailsBill ===> Message : updateItemDetailsBill() invoked!!
info: ===> TimeStamp : 2025-08-26 20:36:01===> API : /api/billing/updateItemDetailsBill ===> Message : updateItemDetailsBillResponse() invoked!
info: ===> TimeStamp : 2025-08-26 20:36:01===> API : /api/billing/updateItemDetailsBill ===> Message : updateItemDetailsBillResponse() completed
info: ===> TimeStamp : 2025-08-26 20:36:02===> API : /api/billing/noShowGuestList ===> Message : noShowGuestListResponse() invoked!
info: ===> TimeStamp : 2025-08-26 20:36:02===> API : /api/billing/noShowGuestList ===> Message : noShowGuestListResponse() completed
info: ===> TimeStamp : 2025-08-26 20:36:03===> API : null ===> Message : validateRequest() invoked
info: ===> TimeStamp : 2025-08-26 20:36:03===> API : null ===> Message : fetchDBSettings()
info: ===> TimeStamp : 2025-08-26 20:36:03===> API : null ===> Message : validateRequest() Invoked!
info: ===> TimeStamp : 2025-08-26 20:36:03===> API : null ===> Message : validRequest() :: Api validated Successfully
info: ===> TimeStamp : 2025-08-26 20:36:03===> API : /api/billing/uploadBillFile ===> Message : uploadBillFile() invoked!!
info: ===> TimeStamp : 2025-08-26 20:36:03===> API : /api/billing/uploadBillFile ===> Message : uploadBillFile() :: DB :: Invoked !
info: ===> TimeStamp : 2025-08-26 20:36:03===> API : /api/billing/uploadBillFile ===> Message : uploadBillFileResponse() invoked!
info: ===> TimeStamp : 2025-08-26 20:36:03===> API : /api/billing/uploadBillFile ===> Message : uploadBillFileResponse() completed
info: ===> TimeStamp : 2025-08-26 20:36:11===> API : null ===> Message : validateRequest() invoked
info: ===> TimeStamp : 2025-08-26 20:36:11===> API : null ===> Message : fetchDBSettings()
info: ===> TimeStamp : 2025-08-26 20:36:11===> API : null ===> Message : validateRequest() Invoked!
info: ===> TimeStamp : 2025-08-26 20:36:11===> API : null ===> Message : validRequest() :: Api validated Successfully
info: ===> TimeStamp : 2025-08-26 20:36:11===> API : /api/billing/uploadBillFile ===> Message : uploadBillFile() invoked!!
info: ===> TimeStamp : 2025-08-26 20:36:11===> API : /api/billing/uploadBillFile ===> Message : uploadBillFile() :: DB :: Invoked !
info: ===> TimeStamp : 2025-08-26 20:36:11===> API : /api/billing/uploadBillFile ===> Message : uploadBillFileResponse() invoked!
info: ===> TimeStamp : 2025-08-26 20:36:11===> API : /api/billing/uploadBillFile ===> Message : uploadBillFileResponse() completed
info: ===> TimeStamp : 2025-08-26 20:36:11===> API : null ===> Message : validateRequest() invoked
info: ===> TimeStamp : 2025-08-26 20:36:11===> API : null ===> Message : fetchDBSettings()
info: ===> TimeStamp : 2025-08-26 20:36:11===> API : null ===> Message : validateRequest() Invoked!
info: ===> TimeStamp : 2025-08-26 20:36:11===> API : null ===> Message : validRequest() :: Api validated Successfully
info: ===> TimeStamp : 2025-08-26 20:36:11===> API : /api/billing/sendBillMail ===> Message : sendBillMail() invoked!!
info: ===> TimeStamp : 2025-08-26 20:36:14===> API : /api/billing/sendBillMail ===> Message : notifySellers() :: Email sent :: Success :: 250 2.0.0 OK  1756220774 41be03b00d2f7-b49cbb75dd1sm9463653a12.36 - gsmtp !
info: ===> TimeStamp : 2025-08-26 20:36:14===> API : /api/billing/sendBillMail ===> Message : sendBillMailResponse() invoked!
info: ===> TimeStamp : 2025-08-26 20:36:14===> API : /api/billing/sendBillMail ===> Message : sendBillMailResponse() completed
info: ===> TimeStamp : 2025-08-26 20:36:15===> API : null ===> Message : validateRequest() invoked
info: ===> TimeStamp : 2025-08-26 20:36:15===> API : null ===> Message : fetchDBSettings()
info: ===> TimeStamp : 2025-08-26 20:36:15===> API : null ===> Message : validateRequest() Invoked!
info: ===> TimeStamp : 2025-08-26 20:36:15===> API : null ===> Message : validRequest() :: Api validated Successfully
info: ===> TimeStamp : 2025-08-26 20:36:15===> API : /api/billing/uploadBillFile ===> Message : uploadBillFile() invoked!!
info: ===> TimeStamp : 2025-08-26 20:36:15===> API : /api/billing/uploadBillFile ===> Message : uploadBillFile() :: DB :: Invoked !
info: ===> TimeStamp : 2025-08-26 20:36:15===> API : /api/billing/uploadBillFile ===> Message : uploadBillFileResponse() invoked!
info: ===> TimeStamp : 2025-08-26 20:36:15===> API : /api/billing/uploadBillFile ===> Message : uploadBillFileResponse() completed
info: ===> TimeStamp : 2025-08-26 20:36:15===> API : null ===> Message : validateRequest() invoked
info: ===> TimeStamp : 2025-08-26 20:36:15===> API : null ===> Message : fetchDBSettings()
info: ===> TimeStamp : 2025-08-26 20:36:15===> API : null ===> Message : validateRequest() Invoked!
info: ===> TimeStamp : 2025-08-26 20:36:15===> API : null ===> Message : validRequest() :: Api validated Successfully
info: ===> TimeStamp : 2025-08-26 20:36:15===> API : /api/billing/sendBillMail ===> Message : sendBillMail() invoked!!
info: ===> TimeStamp : 2025-08-26 20:36:18===> API : /api/billing/sendBillMail ===> Message : notifySellers() :: Email sent :: Success :: 250 2.0.0 OK  1756220778 d9443c01a7336-246688b40d0sm98752835ad.166 - gsmtp !
info: ===> TimeStamp : 2025-08-26 20:36:18===> API : /api/billing/sendBillMail ===> Message : sendBillMailResponse() invoked!
info: ===> TimeStamp : 2025-08-26 20:36:18===> API : /api/billing/sendBillMail ===> Message : sendBillMailResponse() completed
info: ===> TimeStamp : 2025-08-26 20:39:03===> API : null ===> Message : validateRequest() invoked
info: ===> TimeStamp : 2025-08-26 20:39:03===> API : null ===> Message : fetchDBSettings()
info: ===> TimeStamp : 2025-08-26 20:39:03===> API : null ===> Message : validateRequest() Invoked!
info: ===> TimeStamp : 2025-08-26 20:39:03===> API : null ===> Message : validRequest() :: Api validated Successfully
info: ===> TimeStamp : 2025-08-26 20:39:03===> API : /api/billing/addBillingDetails ===> Message : getPackageItemDetails() :: DB :: Invoked !
info: ===> TimeStamp : 2025-08-26 20:39:03===> API : /api/billing/addBillingDetails ===> Message : addBillingDetails() invoked!!
info: ===> TimeStamp : 2025-08-26 20:39:03===> API : /api/billing/addBillingDetails ===> Message : newBooking() :: DB :: Invoked !
info: ===> TimeStamp : 2025-08-26 20:39:03===> API : /api/billing/addBillingDetails ===> Message : newBooking() :: DB :: Invoked !
info: ===> TimeStamp : 2025-08-26 20:39:05===> API : /api/billing/addBillingDetails ===> Message : newBooking() :: DB :: Invoked !
info: ===> TimeStamp : 2025-08-26 20:39:05===> API : /api/billing/addBillingDetails ===> Message : newBooking() :: DB :: Invoked !
info: ===> TimeStamp : 2025-08-26 20:39:06===> API : /api/billing/addBillingDetails ===> Message : addBillingDetailsResponse() invoked!
info: ===> TimeStamp : 2025-08-26 20:39:06===> API : /api/billing/addBillingDetails ===> Message : addBillingDetailsResponse() completed
info: ===> TimeStamp : 2025-08-26 20:39:06===> API : null ===> Message : validateRequest() invoked
info: ===> TimeStamp : 2025-08-26 20:39:06===> API : null ===> Message : fetchDBSettings()
info: ===> TimeStamp : 2025-08-26 20:39:06===> API : null ===> Message : validateRequest() Invoked!
info: ===> TimeStamp : 2025-08-26 20:39:06===> API : null ===> Message : validRequest() :: Api validated Successfully
info: ===> TimeStamp : 2025-08-26 20:39:06===> API : /api/billing/updateItemDetailsBill ===> Message : updateItemDetailsBill() invoked!!
info: ===> TimeStamp : 2025-08-26 20:39:06===> API : /api/billing/updateItemDetailsBill ===> Message : updateItemDetailsBill() :: DB :: Invoked !
info: ===> TimeStamp : 2025-08-26 20:39:06===> API : /api/billing/updateItemDetailsBill ===> Message : updateItemDetailsBillResponse() invoked!
info: ===> TimeStamp : 2025-08-26 20:39:06===> API : /api/billing/updateItemDetailsBill ===> Message : updateItemDetailsBillResponse() completed
info: ===> TimeStamp : 2025-08-26 20:39:12===> API : null ===> Message : fetchDBSettings()
info: ===> TimeStamp : 2025-08-26 20:39:12===> API : null ===> Message : validateRequest() invoked
info: ===> TimeStamp : 2025-08-26 20:39:12===> API : null ===> Message : validateRequest() Invoked!
info: ===> TimeStamp : 2025-08-26 20:39:12===> API : null ===> Message : validRequest() :: Api validated Successfully
info: ===> TimeStamp : 2025-08-26 20:39:12===> API : /api/billing/uploadBillFile ===> Message : uploadBillFile() invoked!!
info: ===> TimeStamp : 2025-08-26 20:39:12===> API : /api/billing/uploadBillFile ===> Message : uploadBillFile() :: DB :: Invoked !
info: ===> TimeStamp : 2025-08-26 20:39:12===> API : /api/billing/uploadBillFile ===> Message : uploadBillFileResponse() invoked!
info: ===> TimeStamp : 2025-08-26 20:39:12===> API : /api/billing/uploadBillFile ===> Message : uploadBillFileResponse() completed
info: ===> TimeStamp : 2025-08-26 20:39:19===> API : null ===> Message : validateRequest() invoked
info: ===> TimeStamp : 2025-08-26 20:39:19===> API : null ===> Message : fetchDBSettings()
info: ===> TimeStamp : 2025-08-26 20:39:19===> API : null ===> Message : validateRequest() Invoked!
info: ===> TimeStamp : 2025-08-26 20:39:19===> API : null ===> Message : validRequest() :: Api validated Successfully
info: ===> TimeStamp : 2025-08-26 20:39:19===> API : /api/billing/uploadBillFile ===> Message : uploadBillFile() invoked!!
info: ===> TimeStamp : 2025-08-26 20:39:19===> API : /api/billing/uploadBillFile ===> Message : uploadBillFile() :: DB :: Invoked !
info: ===> TimeStamp : 2025-08-26 20:39:19===> API : /api/billing/uploadBillFile ===> Message : uploadBillFileResponse() invoked!
info: ===> TimeStamp : 2025-08-26 20:39:19===> API : /api/billing/uploadBillFile ===> Message : uploadBillFileResponse() completed
info: ===> TimeStamp : 2025-08-26 20:39:24===> API : null ===> Message : validateRequest() invoked
info: ===> TimeStamp : 2025-08-26 20:39:24===> API : null ===> Message : fetchDBSettings()
info: ===> TimeStamp : 2025-08-26 20:39:24===> API : null ===> Message : validateRequest() Invoked!
info: ===> TimeStamp : 2025-08-26 20:39:24===> API : null ===> Message : validRequest() :: Api validated Successfully
info: ===> TimeStamp : 2025-08-26 20:39:24===> API : /api/billing/sendBillMail ===> Message : sendBillMail() invoked!!
info: ===> TimeStamp : 2025-08-26 20:39:25===> API : null ===> Message : validateRequest() invoked
info: ===> TimeStamp : 2025-08-26 20:39:25===> API : null ===> Message : fetchDBSettings()
info: ===> TimeStamp : 2025-08-26 20:39:25===> API : null ===> Message : validateRequest() Invoked!
info: ===> TimeStamp : 2025-08-26 20:39:25===> API : null ===> Message : validRequest() :: Api validated Successfully
info: ===> TimeStamp : 2025-08-26 20:39:25===> API : /api/billing/uploadBillFile ===> Message : uploadBillFile() invoked!!
info: ===> TimeStamp : 2025-08-26 20:39:25===> API : /api/billing/uploadBillFile ===> Message : uploadBillFile() :: DB :: Invoked !
info: ===> TimeStamp : 2025-08-26 20:39:25===> API : /api/billing/uploadBillFile ===> Message : uploadBillFileResponse() invoked!
info: ===> TimeStamp : 2025-08-26 20:39:25===> API : /api/billing/uploadBillFile ===> Message : uploadBillFileResponse() completed
info: ===> TimeStamp : 2025-08-26 20:39:27===> API : /api/billing/sendBillMail ===> Message : notifySellers() :: Email sent :: Success :: 250 2.0.0 OK  1756220967 d9443c01a7336-24668880432sm98387605ad.111 - gsmtp !
info: ===> TimeStamp : 2025-08-26 20:39:27===> API : /api/billing/sendBillMail ===> Message : sendBillMailResponse() invoked!
info: ===> TimeStamp : 2025-08-26 20:39:27===> API : /api/billing/sendBillMail ===> Message : sendBillMailResponse() completed
info: ===> TimeStamp : 2025-08-26 20:39:29===> API : null ===> Message : validateRequest() invoked
info: ===> TimeStamp : 2025-08-26 20:39:29===> API : null ===> Message : fetchDBSettings()
info: ===> TimeStamp : 2025-08-26 20:39:29===> API : null ===> Message : validateRequest() Invoked!
info: ===> TimeStamp : 2025-08-26 20:39:29===> API : null ===> Message : validRequest() :: Api validated Successfully
info: ===> TimeStamp : 2025-08-26 20:39:29===> API : /api/billing/sendBillMail ===> Message : sendBillMail() invoked!!
info: ===> TimeStamp : 2025-08-26 20:39:32===> API : /api/billing/sendBillMail ===> Message : notifySellers() :: Email sent :: Success :: 250 2.0.0 OK  1756220972 d2e1a72fcca58-770401af16bsm10724600b3a.54 - gsmtp !
info: ===> TimeStamp : 2025-08-26 20:39:32===> API : /api/billing/sendBillMail ===> Message : sendBillMailResponse() completed
info: ===> TimeStamp : 2025-08-26 20:39:32===> API : /api/billing/sendBillMail ===> Message : sendBillMailResponse() invoked!
info: ===> TimeStamp : 2025-08-26 20:39:52===> API : null ===> Message : validateRequest() invoked
info: ===> TimeStamp : 2025-08-26 20:39:52===> API : null ===> Message : fetchDBSettings()
info: ===> TimeStamp : 2025-08-26 20:39:52===> API : null ===> Message : validateRequest() invoked
info: ===> TimeStamp : 2025-08-26 20:39:52===> API : null ===> Message : fetchDBSettings()
info: ===> TimeStamp : 2025-08-26 20:39:52===> API : null ===> Message : validateRequest() invoked
info: ===> TimeStamp : 2025-08-26 20:39:52===> API : null ===> Message : fetchDBSettings()
info: ===> TimeStamp : 2025-08-26 20:39:52===> API : null ===> Message : validateRequest() Invoked!
info: ===> TimeStamp : 2025-08-26 20:39:52===> API : null ===> Message : validateRequest() Invoked!
info: ===> TimeStamp : 2025-08-26 20:39:52===> API : null ===> Message : validateRequest() invoked
info: ===> TimeStamp : 2025-08-26 20:39:52===> API : null ===> Message : fetchDBSettings()
info: ===> TimeStamp : 2025-08-26 20:39:52===> API : null ===> Message : validateRequest() Invoked!
info: ===> TimeStamp : 2025-08-26 20:39:52===> API : null ===> Message : validateRequest() Invoked!
info: ===> TimeStamp : 2025-08-26 20:39:52===> API : null ===> Message : validRequest() :: Api validated Successfully
info: ===> TimeStamp : 2025-08-26 20:39:52===> API : /api/billing/fetchVoidBill ===> Message : fetchVoidBill() invoked!!
info: ===> TimeStamp : 2025-08-26 20:39:52===> API : /api/billing/fetchVoidBill ===> Message : fetchVoidBill() :: DB :: Invoked !
info: ===> TimeStamp : 2025-08-26 20:39:52===> API : null ===> Message : validRequest() :: Api validated Successfully
info: ===> TimeStamp : 2025-08-26 20:39:52===> API : /api/billing/getBillingDetails?billId=0&userId=0&billingDate=2025-08-26&shiftId=0&isBookingWebsite=0&futureDate=&fromDate=&toDate= ===> Message : getBillingDetails() invoked!!
info: ===> TimeStamp : 2025-08-26 20:39:52===> API : /api/billing/getBillingDetails?billId=0&userId=0&billingDate=2025-08-26&shiftId=0&isBookingWebsite=0&futureDate=&fromDate=&toDate= ===> Message : getBilliDetailsByBillDate() :: DB :: Invoked !
info: ===> TimeStamp : 2025-08-26 20:39:53===> API : /api/billing/getBillingDetails?billId=0&userId=0&billingDate=2025-08-26&shiftId=0&isBookingWebsite=0&futureDate=&fromDate=&toDate= ===> Message : getBillingDetailsResponse() invoked!
info: ===> TimeStamp : 2025-08-26 20:39:53===> API : /api/billing/getBillingDetails?billId=0&userId=0&billingDate=2025-08-26&shiftId=0&isBookingWebsite=0&futureDate=&fromDate=&toDate= ===> Message : getBillingDetailsResponse() completed
info: ===> TimeStamp : 2025-08-26 20:39:53===> API : null ===> Message : validRequest() :: Api validated Successfully
info: ===> TimeStamp : 2025-08-26 20:39:53===> API : /api/billing/noShowGuestList ===> Message : noShowGuestList() invoked!!
info: ===> TimeStamp : 2025-08-26 20:39:53===> API : /api/billing/noShowGuestList ===> Message : noShowGuestList() :: DB :: Invoked !
info: ===> TimeStamp : 2025-08-26 20:39:53===> API : null ===> Message : validRequest() :: Api validated Successfully
info: ===> TimeStamp : 2025-08-26 20:39:53===> API : /api/billing/getBillingDetails?billId=0&userId=0&billingDate=2025-08-26&shiftId=0&isBookingWebsite=0&futureDate=2025-08-26&fromDate=&toDate= ===> Message : getBillingDetails() invoked!!
info: ===> TimeStamp : 2025-08-26 20:39:53===> API : null ===> Message : validateRequest() invoked
info: ===> TimeStamp : 2025-08-26 20:39:53===> API : null ===> Message : fetchDBSettings()
info: ===> TimeStamp : 2025-08-26 20:39:53===> API : null ===> Message : validateRequest() Invoked!
info: ===> TimeStamp : 2025-08-26 20:39:53===> API : null ===> Message : validRequest() :: Api validated Successfully
info: ===> TimeStamp : 2025-08-26 20:39:53===> API : /api/billing/getBillingDetails?billId=0&userId=0&billingDate=2025-08-26&shiftId=0&isBookingWebsite=0&futureDate=&fromDate=&toDate= ===> Message : getBillingDetails() invoked!!
info: ===> TimeStamp : 2025-08-26 20:39:53===> API : /api/billing/getBillingDetails?billId=0&userId=0&billingDate=2025-08-26&shiftId=0&isBookingWebsite=0&futureDate=&fromDate=&toDate= ===> Message : getBilliDetailsByBillDate() :: DB :: Invoked !
info: ===> TimeStamp : 2025-08-26 20:39:53===> API : /api/billing/getBillingDetails?billId=0&userId=0&billingDate=2025-08-26&shiftId=0&isBookingWebsite=0&futureDate=&fromDate=&toDate= ===> Message : getBillingDetailsResponse() invoked!
info: ===> TimeStamp : 2025-08-26 20:39:53===> API : /api/billing/getBillingDetails?billId=0&userId=0&billingDate=2025-08-26&shiftId=0&isBookingWebsite=0&futureDate=&fromDate=&toDate= ===> Message : getBillingDetailsResponse() completed
info: ===> TimeStamp : 2025-08-26 20:39:53===> API : /api/billing/fetchVoidBill ===> Message : fetchVoidBillResponse() invoked!
info: ===> TimeStamp : 2025-08-26 20:39:53===> API : /api/billing/fetchVoidBill ===> Message : fetchVoidBillResponse() completed
info: ===> TimeStamp : 2025-08-26 20:39:53===> API : /api/billing/noShowGuestList ===> Message : noShowGuestListResponse() invoked!
info: ===> TimeStamp : 2025-08-26 20:39:53===> API : /api/billing/noShowGuestList ===> Message : noShowGuestListResponse() completed
info: ===> TimeStamp : 2025-08-26 20:39:53===> API : null ===> Message : validateRequest() invoked
info: ===> TimeStamp : 2025-08-26 20:39:53===> API : null ===> Message : fetchDBSettings()
info: ===> TimeStamp : 2025-08-26 20:39:53===> API : null ===> Message : validateRequest() Invoked!
info: ===> TimeStamp : 2025-08-26 20:39:53===> API : null ===> Message : validRequest() :: Api validated Successfully
info: ===> TimeStamp : 2025-08-26 20:39:53===> API : /api/billing/noShowGuestList ===> Message : noShowGuestList() invoked!!
info: ===> TimeStamp : 2025-08-26 20:39:53===> API : /api/billing/noShowGuestList ===> Message : noShowGuestList() :: DB :: Invoked !
info: ===> TimeStamp : 2025-08-26 20:39:54===> API : /api/billing/noShowGuestList ===> Message : noShowGuestListResponse() invoked!
info: ===> TimeStamp : 2025-08-26 20:39:54===> API : /api/billing/noShowGuestList ===> Message : noShowGuestListResponse() completed
info: ===> TimeStamp : 2025-08-26 20:39:55===> API : null ===> Message : validateRequest() invoked
info: ===> TimeStamp : 2025-08-26 20:39:55===> API : null ===> Message : fetchDBSettings()
info: ===> TimeStamp : 2025-08-26 20:39:55===> API : null ===> Message : validateRequest() Invoked!
info: ===> TimeStamp : 2025-08-26 20:39:55===> API : null ===> Message : validRequest() :: Api validated Successfully
info: ===> TimeStamp : 2025-08-26 20:39:55===> API : /api/billing/updateItemDetailsBill ===> Message : updateItemDetailsBill() invoked!!
info: ===> TimeStamp : 2025-08-26 20:39:55===> API : /api/billing/updateItemDetailsBill ===> Message : updateItemDetailsBill() :: DB :: Invoked !
info: ===> TimeStamp : 2025-08-26 20:39:55===> API : /api/billing/updateItemDetailsBill ===> Message : updateItemDetailsBillResponse() invoked!
info: ===> TimeStamp : 2025-08-26 20:39:55===> API : /api/billing/updateItemDetailsBill ===> Message : updateItemDetailsBillResponse() completed
info: ===> TimeStamp : 2025-08-26 20:40:01===> API : null ===> Message : validateRequest() invoked
info: ===> TimeStamp : 2025-08-26 20:40:01===> API : null ===> Message : fetchDBSettings()
info: ===> TimeStamp : 2025-08-26 20:40:01===> API : null ===> Message : validateRequest() Invoked!
info: ===> TimeStamp : 2025-08-26 20:40:01===> API : null ===> Message : validRequest() :: Api validated Successfully
info: ===> TimeStamp : 2025-08-26 20:40:01===> API : /api/billing/uploadBillFile ===> Message : uploadBillFile() invoked!!
info: ===> TimeStamp : 2025-08-26 20:40:01===> API : /api/billing/uploadBillFile ===> Message : uploadBillFile() :: DB :: Invoked !
info: ===> TimeStamp : 2025-08-26 20:40:01===> API : /api/billing/uploadBillFile ===> Message : uploadBillFileResponse() invoked!
info: ===> TimeStamp : 2025-08-26 20:40:01===> API : /api/billing/uploadBillFile ===> Message : uploadBillFileResponse() completed
info: ===> TimeStamp : 2025-08-26 20:40:08===> API : null ===> Message : validateRequest() invoked
info: ===> TimeStamp : 2025-08-26 20:40:08===> API : null ===> Message : fetchDBSettings()
info: ===> TimeStamp : 2025-08-26 20:40:08===> API : null ===> Message : validateRequest() Invoked!
info: ===> TimeStamp : 2025-08-26 20:40:08===> API : null ===> Message : validRequest() :: Api validated Successfully
info: ===> TimeStamp : 2025-08-26 20:40:08===> API : /api/billing/uploadBillFile ===> Message : uploadBillFile() invoked!!
info: ===> TimeStamp : 2025-08-26 20:40:08===> API : /api/billing/uploadBillFile ===> Message : uploadBillFile() :: DB :: Invoked !
info: ===> TimeStamp : 2025-08-26 20:40:08===> API : /api/billing/uploadBillFile ===> Message : uploadBillFileResponse() invoked!
info: ===> TimeStamp : 2025-08-26 20:40:08===> API : /api/billing/uploadBillFile ===> Message : uploadBillFileResponse() completed
info: ===> TimeStamp : 2025-08-26 20:40:08===> API : null ===> Message : validateRequest() invoked
info: ===> TimeStamp : 2025-08-26 20:40:08===> API : null ===> Message : fetchDBSettings()
info: ===> TimeStamp : 2025-08-26 20:40:08===> API : null ===> Message : validateRequest() Invoked!
info: ===> TimeStamp : 2025-08-26 20:40:08===> API : null ===> Message : validRequest() :: Api validated Successfully
info: ===> TimeStamp : 2025-08-26 20:40:08===> API : /api/billing/sendBillMail ===> Message : sendBillMail() invoked!!
info: ===> TimeStamp : 2025-08-26 20:40:12===> API : /api/billing/sendBillMail ===> Message : notifySellers() :: Email sent :: Success :: 250 2.0.0 OK  1756221012 d9443c01a7336-246687b0ca3sm98142075ad.57 - gsmtp !
info: ===> TimeStamp : 2025-08-26 20:40:12===> API : /api/billing/sendBillMail ===> Message : sendBillMailResponse() invoked!
info: ===> TimeStamp : 2025-08-26 20:40:12===> API : /api/billing/sendBillMail ===> Message : sendBillMailResponse() completed
info: ===> TimeStamp : 2025-08-26 20:50:25===> API : null ===> Message : validateRequest() invoked
info: ===> TimeStamp : 2025-08-26 20:50:25===> API : null ===> Message : fetchDBSettings()
info: ===> TimeStamp : 2025-08-26 20:50:25===> API : null ===> Message : validateRequest() invoked
info: ===> TimeStamp : 2025-08-26 20:50:25===> API : null ===> Message : fetchDBSettings()
info: ===> TimeStamp : 2025-08-26 20:50:25===> API : null ===> Message : validateRequest() invoked
info: ===> TimeStamp : 2025-08-26 20:50:25===> API : null ===> Message : fetchDBSettings()
info: ===> TimeStamp : 2025-08-26 20:50:25===> API : null ===> Message : validateRequest() invoked
info: ===> TimeStamp : 2025-08-26 20:50:25===> API : null ===> Message : fetchDBSettings()
info: ===> TimeStamp : 2025-08-26 20:50:25===> API : null ===> Message : validateRequest() Invoked!
info: ===> TimeStamp : 2025-08-26 20:50:25===> API : null ===> Message : validateRequest() Invoked!
info: ===> TimeStamp : 2025-08-26 20:50:25===> API : null ===> Message : validateRequest() Invoked!
info: ===> TimeStamp : 2025-08-26 20:50:25===> API : null ===> Message : validateRequest() Invoked!
info: ===> TimeStamp : 2025-08-26 20:50:25===> API : null ===> Message : validRequest() :: Api validated Successfully
info: ===> TimeStamp : 2025-08-26 20:50:25===> API : /api/billing/noShowGuestList ===> Message : noShowGuestList() invoked!!
info: ===> TimeStamp : 2025-08-26 20:50:25===> API : /api/billing/noShowGuestList ===> Message : noShowGuestList() :: DB :: Invoked !
info: ===> TimeStamp : 2025-08-26 20:50:25===> API : null ===> Message : validRequest() :: Api validated Successfully
info: ===> TimeStamp : 2025-08-26 20:50:25===> API : /api/billing/getBillingDetails?billId=0&userId=0&billingDate=2025-08-26&shiftId=0&isBookingWebsite=0&futureDate=2025-08-26&fromDate=&toDate= ===> Message : getBillingDetails() invoked!!
info: ===> TimeStamp : 2025-08-26 20:50:25===> API : null ===> Message : validRequest() :: Api validated Successfully
info: ===> TimeStamp : 2025-08-26 20:50:25===> API : /api/billing/getBillingDetails?billId=0&userId=0&billingDate=2025-08-26&shiftId=0&isBookingWebsite=0&futureDate=&fromDate=&toDate= ===> Message : getBillingDetails() invoked!!
info: ===> TimeStamp : 2025-08-26 20:50:25===> API : /api/billing/getBillingDetails?billId=0&userId=0&billingDate=2025-08-26&shiftId=0&isBookingWebsite=0&futureDate=&fromDate=&toDate= ===> Message : getBilliDetailsByBillDate() :: DB :: Invoked !
info: ===> TimeStamp : 2025-08-26 20:50:25===> API : null ===> Message : validRequest() :: Api validated Successfully
info: ===> TimeStamp : 2025-08-26 20:50:25===> API : /api/billing/fetchVoidBill ===> Message : fetchVoidBill() invoked!!
info: ===> TimeStamp : 2025-08-26 20:50:25===> API : /api/billing/fetchVoidBill ===> Message : fetchVoidBill() :: DB :: Invoked !
info: ===> TimeStamp : 2025-08-26 20:50:25===> API : /api/billing/getBillingDetails?billId=0&userId=0&billingDate=2025-08-26&shiftId=0&isBookingWebsite=0&futureDate=&fromDate=&toDate= ===> Message : getBillingDetailsResponse() invoked!
info: ===> TimeStamp : 2025-08-26 20:50:25===> API : /api/billing/getBillingDetails?billId=0&userId=0&billingDate=2025-08-26&shiftId=0&isBookingWebsite=0&futureDate=&fromDate=&toDate= ===> Message : getBillingDetailsResponse() completed
info: ===> TimeStamp : 2025-08-26 20:50:25===> API : null ===> Message : validateRequest() invoked
info: ===> TimeStamp : 2025-08-26 20:50:25===> API : null ===> Message : fetchDBSettings()
info: ===> TimeStamp : 2025-08-26 20:50:25===> API : null ===> Message : validateRequest() Invoked!
info: ===> TimeStamp : 2025-08-26 20:50:26===> API : null ===> Message : validRequest() :: Api validated Successfully
info: ===> TimeStamp : 2025-08-26 20:50:26===> API : /api/billing/getBillingDetails?billId=0&userId=0&billingDate=2025-08-26&shiftId=0&isBookingWebsite=0&futureDate=&fromDate=&toDate= ===> Message : getBillingDetails() invoked!!
info: ===> TimeStamp : 2025-08-26 20:50:26===> API : /api/billing/getBillingDetails?billId=0&userId=0&billingDate=2025-08-26&shiftId=0&isBookingWebsite=0&futureDate=&fromDate=&toDate= ===> Message : getBilliDetailsByBillDate() :: DB :: Invoked !
info: ===> TimeStamp : 2025-08-26 20:50:26===> API : /api/billing/getBillingDetails?billId=0&userId=0&billingDate=2025-08-26&shiftId=0&isBookingWebsite=0&futureDate=&fromDate=&toDate= ===> Message : getBillingDetailsResponse() invoked!
info: ===> TimeStamp : 2025-08-26 20:50:26===> API : /api/billing/getBillingDetails?billId=0&userId=0&billingDate=2025-08-26&shiftId=0&isBookingWebsite=0&futureDate=&fromDate=&toDate= ===> Message : getBillingDetailsResponse() completed
info: ===> TimeStamp : 2025-08-26 20:50:27===> API : /api/billing/noShowGuestList ===> Message : noShowGuestListResponse() invoked!
info: ===> TimeStamp : 2025-08-26 20:50:27===> API : /api/billing/noShowGuestList ===> Message : noShowGuestListResponse() completed
info: ===> TimeStamp : 2025-08-26 20:50:27===> API : null ===> Message : validateRequest() invoked
info: ===> TimeStamp : 2025-08-26 20:50:27===> API : null ===> Message : fetchDBSettings()
info: ===> TimeStamp : 2025-08-26 20:50:27===> API : null ===> Message : validateRequest() Invoked!
info: ===> TimeStamp : 2025-08-26 20:50:27===> API : null ===> Message : validRequest() :: Api validated Successfully
info: ===> TimeStamp : 2025-08-26 20:50:27===> API : /api/billing/noShowGuestList ===> Message : noShowGuestList() invoked!!
info: ===> TimeStamp : 2025-08-26 20:50:27===> API : /api/billing/noShowGuestList ===> Message : noShowGuestList() :: DB :: Invoked !
info: ===> TimeStamp : 2025-08-26 20:50:27===> API : /api/billing/fetchVoidBill ===> Message : fetchVoidBillResponse() invoked!
info: ===> TimeStamp : 2025-08-26 20:50:27===> API : /api/billing/fetchVoidBill ===> Message : fetchVoidBillResponse() completed
info: ===> TimeStamp : 2025-08-26 20:50:27===> API : null ===> Message : validateRequest() invoked
info: ===> TimeStamp : 2025-08-26 20:50:27===> API : null ===> Message : fetchDBSettings()
info: ===> TimeStamp : 2025-08-26 20:50:27===> API : null ===> Message : validateRequest() Invoked!
info: ===> TimeStamp : 2025-08-26 20:50:28===> API : null ===> Message : validRequest() :: Api validated Successfully
info: ===> TimeStamp : 2025-08-26 20:50:28===> API : /api/billing/addBillingDetails ===> Message : getPackageItemDetails() :: DB :: Invoked !
info: ===> TimeStamp : 2025-08-26 20:50:28===> API : /api/billing/addBillingDetails ===> Message : addBillingDetails() invoked!!
info: ===> TimeStamp : 2025-08-26 20:50:28===> API : /api/billing/addBillingDetails ===> Message : newBooking() :: DB :: Invoked !
info: ===> TimeStamp : 2025-08-26 20:50:28===> API : /api/billing/addBillingDetails ===> Message : newBooking() :: DB :: Invoked !
info: ===> TimeStamp : 2025-08-26 20:50:28===> API : /api/billing/noShowGuestList ===> Message : noShowGuestListResponse() invoked!
info: ===> TimeStamp : 2025-08-26 20:50:28===> API : /api/billing/noShowGuestList ===> Message : noShowGuestListResponse() completed
info: ===> TimeStamp : 2025-08-26 20:50:29===> API : /api/billing/addBillingDetails ===> Message : newBooking() :: DB :: Invoked !
info: ===> TimeStamp : 2025-08-26 20:50:29===> API : /api/billing/addBillingDetails ===> Message : newBooking() :: DB :: Invoked !
info: ===> TimeStamp : 2025-08-26 20:50:31===> API : /api/billing/addBillingDetails ===> Message : addBillingDetailsResponse() invoked!
info: ===> TimeStamp : 2025-08-26 20:50:31===> API : /api/billing/addBillingDetails ===> Message : addBillingDetailsResponse() completed
info: ===> TimeStamp : 2025-08-26 20:50:31===> API : null ===> Message : validateRequest() invoked
info: ===> TimeStamp : 2025-08-26 20:50:31===> API : null ===> Message : fetchDBSettings()
info: ===> TimeStamp : 2025-08-26 20:50:31===> API : null ===> Message : validateRequest() Invoked!
info: ===> TimeStamp : 2025-08-26 20:50:31===> API : null ===> Message : validRequest() :: Api validated Successfully
info: ===> TimeStamp : 2025-08-26 20:50:31===> API : /api/billing/updateItemDetailsBill ===> Message : updateItemDetailsBill() :: DB :: Invoked !
info: ===> TimeStamp : 2025-08-26 20:50:31===> API : /api/billing/updateItemDetailsBill ===> Message : updateItemDetailsBill() invoked!!
info: ===> TimeStamp : 2025-08-26 20:50:31===> API : /api/billing/updateItemDetailsBill ===> Message : updateItemDetailsBillResponse() invoked!
info: ===> TimeStamp : 2025-08-26 20:50:31===> API : /api/billing/updateItemDetailsBill ===> Message : updateItemDetailsBillResponse() completed
info: ===> TimeStamp : 2025-08-26 20:50:32===> API : null ===> Message : validateRequest() invoked
info: ===> TimeStamp : 2025-08-26 20:50:32===> API : null ===> Message : fetchDBSettings()
info: ===> TimeStamp : 2025-08-26 20:50:32===> API : null ===> Message : validateRequest() Invoked!
info: ===> TimeStamp : 2025-08-26 20:50:32===> API : null ===> Message : validRequest() :: Api validated Successfully
info: ===> TimeStamp : 2025-08-26 20:50:32===> API : /api/billing/getBillingDetails?billId=0&userId=0&billingDate=2025-08-26&shiftId=0&isBookingWebsite=0&futureDate=&fromDate=&toDate= ===> Message : getBilliDetailsByBillDate() :: DB :: Invoked !
info: ===> TimeStamp : 2025-08-26 20:50:32===> API : /api/billing/getBillingDetails?billId=0&userId=0&billingDate=2025-08-26&shiftId=0&isBookingWebsite=0&futureDate=&fromDate=&toDate= ===> Message : getBillingDetails() invoked!!
info: ===> TimeStamp : 2025-08-26 20:50:32===> API : /api/billing/getBillingDetails?billId=0&userId=0&billingDate=2025-08-26&shiftId=0&isBookingWebsite=0&futureDate=&fromDate=&toDate= ===> Message : getBillingDetailsResponse() invoked!
info: ===> TimeStamp : 2025-08-26 20:50:32===> API : /api/billing/getBillingDetails?billId=0&userId=0&billingDate=2025-08-26&shiftId=0&isBookingWebsite=0&futureDate=&fromDate=&toDate= ===> Message : getBillingDetailsResponse() completed
info: ===> TimeStamp : 2025-08-26 20:50:33===> API : null ===> Message : validateRequest() invoked
info: ===> TimeStamp : 2025-08-26 20:50:33===> API : null ===> Message : fetchDBSettings()
info: ===> TimeStamp : 2025-08-26 20:50:33===> API : null ===> Message : validateRequest() Invoked!
info: ===> TimeStamp : 2025-08-26 20:50:33===> API : null ===> Message : validRequest() :: Api validated Successfully
info: ===> TimeStamp : 2025-08-26 20:50:33===> API : /api/billing/uploadBillFile ===> Message : uploadBillFile() invoked!!
info: ===> TimeStamp : 2025-08-26 20:50:33===> API : /api/billing/uploadBillFile ===> Message : uploadBillFile() :: DB :: Invoked !
info: ===> TimeStamp : 2025-08-26 20:50:33===> API : /api/billing/uploadBillFile ===> Message : uploadBillFileResponse() invoked!
info: ===> TimeStamp : 2025-08-26 20:50:33===> API : /api/billing/uploadBillFile ===> Message : uploadBillFileResponse() completed
info: ===> TimeStamp : 2025-08-26 20:50:34===> API : null ===> Message : validateRequest() invoked
info: ===> TimeStamp : 2025-08-26 20:50:34===> API : null ===> Message : fetchDBSettings()
info: ===> TimeStamp : 2025-08-26 20:50:34===> API : null ===> Message : validateRequest() Invoked!
info: ===> TimeStamp : 2025-08-26 20:50:34===> API : null ===> Message : validRequest() :: Api validated Successfully
info: ===> TimeStamp : 2025-08-26 20:50:34===> API : /api/billing/getBillingDetails?billId=0&userId=0&billingDate=2025-08-26&shiftId=2&isBookingWebsite=0&futureDate=&fromDate=&toDate= ===> Message : getBillingDetails() invoked!!
info: ===> TimeStamp : 2025-08-26 20:50:34===> API : /api/billing/getBillingDetails?billId=0&userId=0&billingDate=2025-08-26&shiftId=2&isBookingWebsite=0&futureDate=&fromDate=&toDate= ===> Message : getBilliDetailsByShift() :: DB :: Invoked !
info: ===> TimeStamp : 2025-08-26 20:50:34===> API : /api/billing/getBillingDetails?billId=0&userId=0&billingDate=2025-08-26&shiftId=2&isBookingWebsite=0&futureDate=&fromDate=&toDate= ===> Message : getBillingDetailsResponse() invoked!
info: ===> TimeStamp : 2025-08-26 20:50:34===> API : /api/billing/getBillingDetails?billId=0&userId=0&billingDate=2025-08-26&shiftId=2&isBookingWebsite=0&futureDate=&fromDate=&toDate= ===> Message : getBillingDetailsResponse() completed
info: ===> TimeStamp : 2025-08-26 20:50:37===> API : null ===> Message : validateRequest() invoked
info: ===> TimeStamp : 2025-08-26 20:50:37===> API : null ===> Message : fetchDBSettings()
info: ===> TimeStamp : 2025-08-26 20:50:37===> API : null ===> Message : validateRequest() Invoked!
info: ===> TimeStamp : 2025-08-26 20:50:38===> API : null ===> Message : validRequest() :: Api validated Successfully
info: ===> TimeStamp : 2025-08-26 20:50:38===> API : /api/billing/uploadBillFile ===> Message : uploadBillFile() invoked!!
info: ===> TimeStamp : 2025-08-26 20:50:38===> API : /api/billing/uploadBillFile ===> Message : uploadBillFile() :: DB :: Invoked !
info: ===> TimeStamp : 2025-08-26 20:50:38===> API : /api/billing/uploadBillFile ===> Message : uploadBillFileResponse() invoked!
info: ===> TimeStamp : 2025-08-26 20:50:38===> API : /api/billing/uploadBillFile ===> Message : uploadBillFileResponse() completed
info: ===> TimeStamp : 2025-08-26 20:50:38===> API : null ===> Message : validateRequest() invoked
info: ===> TimeStamp : 2025-08-26 20:50:38===> API : null ===> Message : fetchDBSettings()
info: ===> TimeStamp : 2025-08-26 20:50:38===> API : null ===> Message : validateRequest() Invoked!
info: ===> TimeStamp : 2025-08-26 20:50:38===> API : null ===> Message : validRequest() :: Api validated Successfully
info: ===> TimeStamp : 2025-08-26 20:50:38===> API : /api/billing/sendBillMail ===> Message : sendBillMail() invoked!!
info: ===> TimeStamp : 2025-08-26 20:50:39===> API : null ===> Message : validateRequest() invoked
info: ===> TimeStamp : 2025-08-26 20:50:39===> API : null ===> Message : fetchDBSettings()
info: ===> TimeStamp : 2025-08-26 20:50:39===> API : null ===> Message : validateRequest() Invoked!
info: ===> TimeStamp : 2025-08-26 20:50:40===> API : null ===> Message : validRequest() :: Api validated Successfully
info: ===> TimeStamp : 2025-08-26 20:50:40===> API : /api/billing/generateCSVReport ===> Message : generateReports() invoked!!
info: ===> TimeStamp : 2025-08-26 20:50:40===> API : /api/billing/generateCSVReport ===> Message : generateReportsByShift() :: DB :: Invoked !
info: ===> TimeStamp : 2025-08-26 20:50:40===> API : /api/billing/generateCSVReport ===> Message : uploadReportFile() :: DB :: Invoked !
info: ===> TimeStamp : 2025-08-26 20:50:40===> API : /api/billing/generateCSVReport ===> Message : generateReportsResponse() invoked!
info: ===> TimeStamp : 2025-08-26 20:50:40===> API : /api/billing/generateCSVReport ===> Message : generateReportsResponse() completed
info: ===> TimeStamp : 2025-08-26 20:50:41===> API : /api/billing/sendBillMail ===> Message : notifySellers() :: Email sent :: Success :: 250 2.0.0 OK  1756221641 41be03b00d2f7-b49cbbbd1absm9448961a12.52 - gsmtp !
info: ===> TimeStamp : 2025-08-26 20:50:41===> API : /api/billing/sendBillMail ===> Message : sendBillMailResponse() invoked!
info: ===> TimeStamp : 2025-08-26 20:50:41===> API : /api/billing/sendBillMail ===> Message : sendBillMailResponse() completed
info: ===> TimeStamp : 2025-08-26 20:50:52===> API : null ===> Message : validateRequest() invoked
info: ===> TimeStamp : 2025-08-26 20:50:52===> API : null ===> Message : fetchDBSettings()
info: ===> TimeStamp : 2025-08-26 20:50:52===> API : null ===> Message : validateRequest() Invoked!
info: ===> TimeStamp : 2025-08-26 20:50:52===> API : null ===> Message : validRequest() :: Api validated Successfully
info: ===> TimeStamp : 2025-08-26 20:50:52===> API : /api/billing/getBillingDetails?billId=0&userId=0&billingDate=2025-08-26&shiftId=0&isBookingWebsite=0&futureDate=2025-08-26&fromDate=&toDate= ===> Message : getBillingDetails() invoked!!
info: ===> TimeStamp : 2025-08-26 20:53:07===> API : null ===> Message : validateRequest() invoked
info: ===> TimeStamp : 2025-08-26 20:53:07===> API : null ===> Message : fetchDBSettings()
info: ===> TimeStamp : 2025-08-26 20:53:07===> API : null ===> Message : validateRequest() Invoked!
info: ===> TimeStamp : 2025-08-26 20:53:07===> API : null ===> Message : validRequest() :: Api validated Successfully
info: ===> TimeStamp : 2025-08-26 20:53:07===> API : /api/billing/addBillingDetails ===> Message : addBillingDetails() invoked!!
info: ===> TimeStamp : 2025-08-26 20:53:07===> API : /api/billing/addBillingDetails ===> Message : getPackageItemDetails() :: DB :: Invoked !
info: ===> TimeStamp : 2025-08-26 20:53:07===> API : /api/billing/addBillingDetails ===> Message : newBooking() :: DB :: Invoked !
info: ===> TimeStamp : 2025-08-26 20:53:07===> API : /api/billing/addBillingDetails ===> Message : newBooking() :: DB :: Invoked !
info: ===> TimeStamp : 2025-08-26 20:53:08===> API : /api/billing/addBillingDetails ===> Message : newBooking() :: DB :: Invoked !
info: ===> TimeStamp : 2025-08-26 20:53:08===> API : /api/billing/addBillingDetails ===> Message : newBooking() :: DB :: Invoked !
info: ===> TimeStamp : 2025-08-26 20:53:09===> API : /api/billing/addBillingDetails ===> Message : addBillingDetailsResponse() invoked!
info: ===> TimeStamp : 2025-08-26 20:53:09===> API : /api/billing/addBillingDetails ===> Message : addBillingDetailsResponse() completed
info: ===> TimeStamp : 2025-08-26 20:53:10===> API : null ===> Message : validateRequest() invoked
info: ===> TimeStamp : 2025-08-26 20:53:10===> API : null ===> Message : fetchDBSettings()
info: ===> TimeStamp : 2025-08-26 20:53:10===> API : null ===> Message : validateRequest() Invoked!
info: ===> TimeStamp : 2025-08-26 20:53:10===> API : null ===> Message : validRequest() :: Api validated Successfully
info: ===> TimeStamp : 2025-08-26 20:53:10===> API : /api/billing/updateItemDetailsBill ===> Message : updateItemDetailsBill() invoked!!
info: ===> TimeStamp : 2025-08-26 20:53:10===> API : /api/billing/updateItemDetailsBill ===> Message : updateItemDetailsBill() :: DB :: Invoked !
info: ===> TimeStamp : 2025-08-26 20:53:10===> API : /api/billing/updateItemDetailsBill ===> Message : updateItemDetailsBillResponse() invoked!
info: ===> TimeStamp : 2025-08-26 20:53:10===> API : /api/billing/updateItemDetailsBill ===> Message : updateItemDetailsBillResponse() completed
info: ===> TimeStamp : 2025-08-26 20:53:12===> API : null ===> Message : validateRequest() invoked
info: ===> TimeStamp : 2025-08-26 20:53:12===> API : null ===> Message : fetchDBSettings()
info: ===> TimeStamp : 2025-08-26 20:53:12===> API : null ===> Message : validateRequest() Invoked!
info: ===> TimeStamp : 2025-08-26 20:53:12===> API : null ===> Message : validRequest() :: Api validated Successfully
info: ===> TimeStamp : 2025-08-26 20:53:12===> API : /api/billing/uploadBillFile ===> Message : uploadBillFile() invoked!!
info: ===> TimeStamp : 2025-08-26 20:53:12===> API : /api/billing/uploadBillFile ===> Message : uploadBillFile() :: DB :: Invoked !
info: ===> TimeStamp : 2025-08-26 20:53:12===> API : /api/billing/uploadBillFile ===> Message : uploadBillFileResponse() invoked!
info: ===> TimeStamp : 2025-08-26 20:53:12===> API : /api/billing/uploadBillFile ===> Message : uploadBillFileResponse() completed
info: ===> TimeStamp : 2025-08-26 20:53:17===> API : null ===> Message : validateRequest() invoked
info: ===> TimeStamp : 2025-08-26 20:53:17===> API : null ===> Message : fetchDBSettings()
info: ===> TimeStamp : 2025-08-26 20:53:17===> API : null ===> Message : validateRequest() Invoked!
info: ===> TimeStamp : 2025-08-26 20:53:17===> API : null ===> Message : validRequest() :: Api validated Successfully
info: ===> TimeStamp : 2025-08-26 20:53:17===> API : /api/billing/uploadBillFile ===> Message : uploadBillFile() invoked!!
info: ===> TimeStamp : 2025-08-26 20:53:17===> API : /api/billing/uploadBillFile ===> Message : uploadBillFile() :: DB :: Invoked !
info: ===> TimeStamp : 2025-08-26 20:53:17===> API : /api/billing/uploadBillFile ===> Message : uploadBillFileResponse() invoked!
info: ===> TimeStamp : 2025-08-26 20:53:17===> API : /api/billing/uploadBillFile ===> Message : uploadBillFileResponse() completed
info: ===> TimeStamp : 2025-08-26 20:53:17===> API : null ===> Message : validateRequest() invoked
info: ===> TimeStamp : 2025-08-26 20:53:17===> API : null ===> Message : fetchDBSettings()
info: ===> TimeStamp : 2025-08-26 20:53:17===> API : null ===> Message : validateRequest() Invoked!
info: ===> TimeStamp : 2025-08-26 20:53:17===> API : null ===> Message : validRequest() :: Api validated Successfully
info: ===> TimeStamp : 2025-08-26 20:53:17===> API : /api/billing/sendBillMail ===> Message : sendBillMail() invoked!!
info: ===> TimeStamp : 2025-08-26 20:53:20===> API : /api/billing/sendBillMail ===> Message : notifySellers() :: Email sent :: Success :: 250 2.0.0 OK  1756221800 d2e1a72fcca58-771ee83092dsm4206955b3a.100 - gsmtp !
info: ===> TimeStamp : 2025-08-26 20:53:20===> API : /api/billing/sendBillMail ===> Message : sendBillMailResponse() invoked!
info: ===> TimeStamp : 2025-08-26 20:53:20===> API : /api/billing/sendBillMail ===> Message : sendBillMailResponse() completed
info: ===> TimeStamp : 2025-08-26 21:19:54===> API : null ===> Message : validateRequest() invoked
info: ===> TimeStamp : 2025-08-26 21:19:54===> API : null ===> Message : fetchDBSettings()
info: ===> TimeStamp : 2025-08-26 21:19:54===> API : null ===> Message : validateRequest() Invoked!
info: ===> TimeStamp : 2025-08-26 21:19:55===> API : null ===> Message : validRequest() :: Api validated Successfully
info: ===> TimeStamp : 2025-08-26 21:19:55===> API : /api/billing/addBillingDetails ===> Message : addBillingDetails() invoked!!
info: ===> TimeStamp : 2025-08-26 21:19:55===> API : /api/billing/addBillingDetails ===> Message : getPackageItemDetails() :: DB :: Invoked !
info: ===> TimeStamp : 2025-08-26 21:19:55===> API : /api/billing/addBillingDetails ===> Message : newBooking() :: DB :: Invoked !
info: ===> TimeStamp : 2025-08-26 21:19:55===> API : /api/billing/addBillingDetails ===> Message : newBooking() :: DB :: Invoked !
info: ===> TimeStamp : 2025-08-26 21:19:56===> API : /api/billing/addBillingDetails ===> Message : newBooking() :: DB :: Invoked !
info: ===> TimeStamp : 2025-08-26 21:19:56===> API : /api/billing/addBillingDetails ===> Message : newBooking() :: DB :: Invoked !
info: ===> TimeStamp : 2025-08-26 21:19:58===> API : /api/billing/addBillingDetails ===> Message : addBillingDetailsResponse() invoked!
info: ===> TimeStamp : 2025-08-26 21:19:58===> API : /api/billing/addBillingDetails ===> Message : addBillingDetailsResponse() completed
info: ===> TimeStamp : 2025-08-26 21:19:58===> API : null ===> Message : validateRequest() invoked
info: ===> TimeStamp : 2025-08-26 21:19:58===> API : null ===> Message : fetchDBSettings()
info: ===> TimeStamp : 2025-08-26 21:19:58===> API : null ===> Message : validateRequest() Invoked!
info: ===> TimeStamp : 2025-08-26 21:19:58===> API : null ===> Message : validRequest() :: Api validated Successfully
info: ===> TimeStamp : 2025-08-26 21:19:58===> API : /api/billing/updateItemDetailsBill ===> Message : updateItemDetailsBill() invoked!!
info: ===> TimeStamp : 2025-08-26 21:19:58===> API : /api/billing/updateItemDetailsBill ===> Message : updateItemDetailsBill() :: DB :: Invoked !
info: ===> TimeStamp : 2025-08-26 21:19:58===> API : /api/billing/updateItemDetailsBill ===> Message : updateItemDetailsBillResponse() invoked!
info: ===> TimeStamp : 2025-08-26 21:19:58===> API : /api/billing/updateItemDetailsBill ===> Message : updateItemDetailsBillResponse() completed
info: ===> TimeStamp : 2025-08-26 21:20:01===> API : null ===> Message : validateRequest() invoked
info: ===> TimeStamp : 2025-08-26 21:20:01===> API : null ===> Message : fetchDBSettings()
info: ===> TimeStamp : 2025-08-26 21:20:01===> API : null ===> Message : validateRequest() Invoked!
info: ===> TimeStamp : 2025-08-26 21:20:01===> API : null ===> Message : validRequest() :: Api validated Successfully
info: ===> TimeStamp : 2025-08-26 21:20:01===> API : /api/billing/uploadBillFile ===> Message : uploadBillFile() invoked!!
info: ===> TimeStamp : 2025-08-26 21:20:01===> API : /api/billing/uploadBillFile ===> Message : uploadBillFile() :: DB :: Invoked !
info: ===> TimeStamp : 2025-08-26 21:20:01===> API : /api/billing/uploadBillFile ===> Message : uploadBillFileResponse() invoked!
info: ===> TimeStamp : 2025-08-26 21:20:01===> API : /api/billing/uploadBillFile ===> Message : uploadBillFileResponse() completed
info: ===> TimeStamp : 2025-08-26 21:20:06===> API : null ===> Message : validateRequest() invoked
info: ===> TimeStamp : 2025-08-26 21:20:06===> API : null ===> Message : fetchDBSettings()
info: ===> TimeStamp : 2025-08-26 21:20:06===> API : null ===> Message : validateRequest() Invoked!
info: ===> TimeStamp : 2025-08-26 21:20:06===> API : null ===> Message : validRequest() :: Api validated Successfully
info: ===> TimeStamp : 2025-08-26 21:20:06===> API : /api/billing/uploadBillFile ===> Message : uploadBillFile() invoked!!
info: ===> TimeStamp : 2025-08-26 21:20:06===> API : /api/billing/uploadBillFile ===> Message : uploadBillFile() :: DB :: Invoked !
info: ===> TimeStamp : 2025-08-26 21:20:06===> API : /api/billing/uploadBillFile ===> Message : uploadBillFileResponse() invoked!
info: ===> TimeStamp : 2025-08-26 21:20:06===> API : /api/billing/uploadBillFile ===> Message : uploadBillFileResponse() completed
info: ===> TimeStamp : 2025-08-26 21:20:06===> API : null ===> Message : validateRequest() invoked
info: ===> TimeStamp : 2025-08-26 21:20:06===> API : null ===> Message : fetchDBSettings()
info: ===> TimeStamp : 2025-08-26 21:20:06===> API : null ===> Message : validateRequest() Invoked!
info: ===> TimeStamp : 2025-08-26 21:20:06===> API : null ===> Message : validRequest() :: Api validated Successfully
info: ===> TimeStamp : 2025-08-26 21:20:06===> API : /api/billing/sendBillMail ===> Message : sendBillMail() invoked!!
info: ===> TimeStamp : 2025-08-26 21:20:09===> API : /api/billing/sendBillMail ===> Message : notifySellers() :: Email sent :: Success :: 250 2.0.0 OK  1756223409 d9443c01a7336-2466886122dsm99824115ad.101 - gsmtp !
info: ===> TimeStamp : 2025-08-26 21:20:09===> API : /api/billing/sendBillMail ===> Message : sendBillMailResponse() invoked!
info: ===> TimeStamp : 2025-08-26 21:20:09===> API : /api/billing/sendBillMail ===> Message : sendBillMailResponse() completed
info: ===> TimeStamp : 2025-08-26 21:25:02===> API : null ===> Message : validateRequest() invoked
info: ===> TimeStamp : 2025-08-26 21:25:02===> API : null ===> Message : fetchDBSettings()
info: ===> TimeStamp : 2025-08-26 21:25:02===> API : null ===> Message : validateRequest() Invoked!
info: ===> TimeStamp : 2025-08-26 21:25:02===> API : null ===> Message : validRequest() :: Api validated Successfully
info: ===> TimeStamp : 2025-08-26 21:25:02===> API : /api/billing/addBillingDetails ===> Message : addBillingDetails() invoked!!
info: ===> TimeStamp : 2025-08-26 21:25:02===> API : /api/billing/addBillingDetails ===> Message : getPackageItemDetails() :: DB :: Invoked !
info: ===> TimeStamp : 2025-08-26 21:25:02===> API : /api/billing/addBillingDetails ===> Message : newBooking() :: DB :: Invoked !
info: ===> TimeStamp : 2025-08-26 21:25:02===> API : /api/billing/addBillingDetails ===> Message : newBooking() :: DB :: Invoked !
info: ===> TimeStamp : 2025-08-26 21:25:04===> API : /api/billing/addBillingDetails ===> Message : newBooking() :: DB :: Invoked !
info: ===> TimeStamp : 2025-08-26 21:25:04===> API : /api/billing/addBillingDetails ===> Message : newBooking() :: DB :: Invoked !
info: ===> TimeStamp : 2025-08-26 21:25:06===> API : /api/billing/addBillingDetails ===> Message : addBillingDetailsResponse() invoked!
info: ===> TimeStamp : 2025-08-26 21:25:06===> API : /api/billing/addBillingDetails ===> Message : addBillingDetailsResponse() completed
info: ===> TimeStamp : 2025-08-26 21:25:06===> API : null ===> Message : validateRequest() invoked
info: ===> TimeStamp : 2025-08-26 21:25:06===> API : null ===> Message : fetchDBSettings()
info: ===> TimeStamp : 2025-08-26 21:25:06===> API : null ===> Message : validateRequest() Invoked!
info: ===> TimeStamp : 2025-08-26 21:25:06===> API : null ===> Message : validRequest() :: Api validated Successfully
info: ===> TimeStamp : 2025-08-26 21:25:06===> API : /api/billing/updateItemDetailsBill ===> Message : updateItemDetailsBill() invoked!!
info: ===> TimeStamp : 2025-08-26 21:25:06===> API : /api/billing/updateItemDetailsBill ===> Message : updateItemDetailsBill() :: DB :: Invoked !
info: ===> TimeStamp : 2025-08-26 21:25:06===> API : /api/billing/updateItemDetailsBill ===> Message : updateItemDetailsBillResponse() invoked!
info: ===> TimeStamp : 2025-08-26 21:25:06===> API : /api/billing/updateItemDetailsBill ===> Message : updateItemDetailsBillResponse() completed
info: ===> TimeStamp : 2025-08-26 21:25:12===> API : null ===> Message : validateRequest() invoked
info: ===> TimeStamp : 2025-08-26 21:25:12===> API : null ===> Message : fetchDBSettings()
info: ===> TimeStamp : 2025-08-26 21:25:12===> API : null ===> Message : validateRequest() Invoked!
info: ===> TimeStamp : 2025-08-26 21:25:12===> API : null ===> Message : validRequest() :: Api validated Successfully
info: ===> TimeStamp : 2025-08-26 21:25:12===> API : /api/billing/uploadBillFile ===> Message : uploadBillFile() invoked!!
info: ===> TimeStamp : 2025-08-26 21:25:12===> API : /api/billing/uploadBillFile ===> Message : uploadBillFile() :: DB :: Invoked !
info: ===> TimeStamp : 2025-08-26 21:25:12===> API : /api/billing/uploadBillFile ===> Message : uploadBillFileResponse() invoked!
info: ===> TimeStamp : 2025-08-26 21:25:12===> API : /api/billing/uploadBillFile ===> Message : uploadBillFileResponse() completed
info: ===> TimeStamp : 2025-08-26 21:25:33===> API : null ===> Message : validateRequest() invoked
info: ===> TimeStamp : 2025-08-26 21:25:33===> API : null ===> Message : fetchDBSettings()
info: ===> TimeStamp : 2025-08-26 21:25:33===> API : null ===> Message : validateRequest() Invoked!
info: ===> TimeStamp : 2025-08-26 21:25:33===> API : null ===> Message : validRequest() :: Api validated Successfully
info: ===> TimeStamp : 2025-08-26 21:25:33===> API : /api/billing/updateBillingDetails ===> Message : updateBillingDetails() invoked!!
info: ===> TimeStamp : 2025-08-26 21:25:33===> API : /api/billing/updateBillingDetails ===> Message : updateBillingDetails() :: DB :: Invoked !
info: ===> TimeStamp : 2025-08-26 21:25:33===> API : /api/billing/updateBillingDetails ===> Message : updateBillingDetailsResponse() invoked!
info: ===> TimeStamp : 2025-08-26 21:25:33===> API : /api/billing/updateBillingDetails ===> Message : updateBillingDetailsResponse() completed
info: ===> TimeStamp : 2025-08-26 21:25:33===> API : null ===> Message : validateRequest() invoked
info: ===> TimeStamp : 2025-08-26 21:25:33===> API : null ===> Message : fetchDBSettings()
info: ===> TimeStamp : 2025-08-26 21:25:33===> API : null ===> Message : validateRequest() Invoked!
info: ===> TimeStamp : 2025-08-26 21:25:33===> API : null ===> Message : validRequest() :: Api validated Successfully
info: ===> TimeStamp : 2025-08-26 21:25:33===> API : /api/billing/updateItemDetailsBill ===> Message : updateItemDetailsBill() invoked!!
info: ===> TimeStamp : 2025-08-26 21:25:33===> API : /api/billing/updateItemDetailsBill ===> Message : updateItemDetailsBill() :: DB :: Invoked !
info: ===> TimeStamp : 2025-08-26 21:25:33===> API : /api/billing/updateItemDetailsBill ===> Message : updateItemDetailsBillResponse() invoked!
info: ===> TimeStamp : 2025-08-26 21:25:33===> API : /api/billing/updateItemDetailsBill ===> Message : updateItemDetailsBillResponse() completed
info: ===> TimeStamp : 2025-08-26 21:25:40===> API : null ===> Message : validateRequest() invoked
info: ===> TimeStamp : 2025-08-26 21:25:40===> API : null ===> Message : fetchDBSettings()
info: ===> TimeStamp : 2025-08-26 21:25:40===> API : null ===> Message : validateRequest() Invoked!
info: ===> TimeStamp : 2025-08-26 21:25:40===> API : null ===> Message : validRequest() :: Api validated Successfully
info: ===> TimeStamp : 2025-08-26 21:25:40===> API : /api/billing/uploadBillFile ===> Message : uploadBillFile() invoked!!
info: ===> TimeStamp : 2025-08-26 21:25:40===> API : /api/billing/uploadBillFile ===> Message : uploadBillFile() :: DB :: Invoked !
info: ===> TimeStamp : 2025-08-26 21:25:40===> API : /api/billing/uploadBillFile ===> Message : uploadBillFileResponse() invoked!
info: ===> TimeStamp : 2025-08-26 21:25:40===> API : /api/billing/uploadBillFile ===> Message : uploadBillFileResponse() completed
info: ===> TimeStamp : 2025-08-26 21:25:52===> API : null ===> Message : validateRequest() invoked
info: ===> TimeStamp : 2025-08-26 21:25:52===> API : null ===> Message : fetchDBSettings()
info: ===> TimeStamp : 2025-08-26 21:25:52===> API : null ===> Message : validateRequest() Invoked!
info: ===> TimeStamp : 2025-08-26 21:25:52===> API : null ===> Message : validRequest() :: Api validated Successfully
info: ===> TimeStamp : 2025-08-26 21:25:52===> API : /api/billing/uploadBillFile ===> Message : uploadBillFile() invoked!!
info: ===> TimeStamp : 2025-08-26 21:25:52===> API : /api/billing/uploadBillFile ===> Message : uploadBillFile() :: DB :: Invoked !
info: ===> TimeStamp : 2025-08-26 21:25:52===> API : /api/billing/uploadBillFile ===> Message : uploadBillFileResponse() invoked!
info: ===> TimeStamp : 2025-08-26 21:25:52===> API : /api/billing/uploadBillFile ===> Message : uploadBillFileResponse() completed
info: ===> TimeStamp : 2025-08-26 21:26:00===> API : null ===> Message : validateRequest() invoked
info: ===> TimeStamp : 2025-08-26 21:26:00===> API : null ===> Message : fetchDBSettings()
info: ===> TimeStamp : 2025-08-26 21:26:00===> API : null ===> Message : validateRequest() Invoked!
info: ===> TimeStamp : 2025-08-26 21:26:00===> API : null ===> Message : validRequest() :: Api validated Successfully
info: ===> TimeStamp : 2025-08-26 21:26:00===> API : /api/billing/sendBillMail ===> Message : sendBillMail() invoked!!
info: ===> TimeStamp : 2025-08-26 21:26:01===> API : null ===> Message : validateRequest() invoked
info: ===> TimeStamp : 2025-08-26 21:26:01===> API : null ===> Message : fetchDBSettings()
info: ===> TimeStamp : 2025-08-26 21:26:01===> API : null ===> Message : validateRequest() Invoked!
info: ===> TimeStamp : 2025-08-26 21:26:01===> API : null ===> Message : validRequest() :: Api validated Successfully
info: ===> TimeStamp : 2025-08-26 21:26:01===> API : /api/billing/uploadBillFile ===> Message : uploadBillFile() invoked!!
info: ===> TimeStamp : 2025-08-26 21:26:01===> API : /api/billing/uploadBillFile ===> Message : uploadBillFile() :: DB :: Invoked !
info: ===> TimeStamp : 2025-08-26 21:26:01===> API : /api/billing/uploadBillFile ===> Message : uploadBillFileResponse() invoked!
info: ===> TimeStamp : 2025-08-26 21:26:01===> API : /api/billing/uploadBillFile ===> Message : uploadBillFileResponse() completed
info: ===> TimeStamp : 2025-08-26 21:26:01===> API : null ===> Message : validateRequest() invoked
info: ===> TimeStamp : 2025-08-26 21:26:01===> API : null ===> Message : fetchDBSettings()
info: ===> TimeStamp : 2025-08-26 21:26:01===> API : null ===> Message : validateRequest() Invoked!
info: ===> TimeStamp : 2025-08-26 21:26:01===> API : null ===> Message : validRequest() :: Api validated Successfully
info: ===> TimeStamp : 2025-08-26 21:26:01===> API : /api/billing/sendBillMail ===> Message : sendBillMail() invoked!!
info: ===> TimeStamp : 2025-08-26 21:26:02===> API : /api/billing/sendBillMail ===> Message : sendBillMailResponse() invoked!
info: ===> TimeStamp : 2025-08-26 21:26:02===> API : /api/billing/sendBillMail ===> Message : notifySellers() :: Email sent :: Success :: 250 2.0.0 OK  1756223762 d9443c01a7336-2466889e06bsm99014565ad.154 - gsmtp !
info: ===> TimeStamp : 2025-08-26 21:26:02===> API : /api/billing/sendBillMail ===> Message : sendBillMailResponse() completed
info: ===> TimeStamp : 2025-08-26 21:26:03===> API : /api/billing/sendBillMail ===> Message : notifySellers() :: Email sent :: Success :: 250 2.0.0 OK  1756223763 d2e1a72fcca58-772017f538esm828915b3a.21 - gsmtp !
info: ===> TimeStamp : 2025-08-26 21:26:03===> API : /api/billing/sendBillMail ===> Message : sendBillMailResponse() invoked!
info: ===> TimeStamp : 2025-08-26 21:26:03===> API : /api/billing/sendBillMail ===> Message : sendBillMailResponse() completed
info: ===> TimeStamp : 2025-08-26 21:28:33===> API : null ===> Message : validateRequest() invoked
info: ===> TimeStamp : 2025-08-26 21:28:33===> API : null ===> Message : fetchDBSettings()
info: ===> TimeStamp : 2025-08-26 21:28:33===> API : null ===> Message : validateRequest() Invoked!
info: ===> TimeStamp : 2025-08-26 21:28:33===> API : null ===> Message : validRequest() :: Api validated Successfully
info: ===> TimeStamp : 2025-08-26 21:28:33===> API : /api/billing/addBillingDetails ===> Message : addBillingDetails() invoked!!
info: ===> TimeStamp : 2025-08-26 21:28:33===> API : /api/billing/addBillingDetails ===> Message : getPackageItemDetails() :: DB :: Invoked !
info: ===> TimeStamp : 2025-08-26 21:28:33===> API : /api/billing/addBillingDetails ===> Message : newBooking() :: DB :: Invoked !
info: ===> TimeStamp : 2025-08-26 21:28:33===> API : /api/billing/addBillingDetails ===> Message : newBooking() :: DB :: Invoked !
info: ===> TimeStamp : 2025-08-26 21:28:35===> API : /api/billing/addBillingDetails ===> Message : newBooking() :: DB :: Invoked !
info: ===> TimeStamp : 2025-08-26 21:28:35===> API : /api/billing/addBillingDetails ===> Message : newBooking() :: DB :: Invoked !
info: ===> TimeStamp : 2025-08-26 21:28:37===> API : /api/billing/addBillingDetails ===> Message : addBillingDetailsResponse() invoked!
info: ===> TimeStamp : 2025-08-26 21:28:37===> API : /api/billing/addBillingDetails ===> Message : addBillingDetailsResponse() completed
info: ===> TimeStamp : 2025-08-26 21:28:37===> API : null ===> Message : validateRequest() invoked
info: ===> TimeStamp : 2025-08-26 21:28:37===> API : null ===> Message : fetchDBSettings()
info: ===> TimeStamp : 2025-08-26 21:28:37===> API : null ===> Message : validateRequest() Invoked!
info: ===> TimeStamp : 2025-08-26 21:28:37===> API : null ===> Message : validRequest() :: Api validated Successfully
info: ===> TimeStamp : 2025-08-26 21:28:37===> API : /api/billing/updateItemDetailsBill ===> Message : updateItemDetailsBill() invoked!!
info: ===> TimeStamp : 2025-08-26 21:28:37===> API : /api/billing/updateItemDetailsBill ===> Message : updateItemDetailsBill() :: DB :: Invoked !
info: ===> TimeStamp : 2025-08-26 21:28:37===> API : /api/billing/updateItemDetailsBill ===> Message : updateItemDetailsBillResponse() invoked!
info: ===> TimeStamp : 2025-08-26 21:28:37===> API : /api/billing/updateItemDetailsBill ===> Message : updateItemDetailsBillResponse() completed
info: ===> TimeStamp : 2025-08-26 21:28:40===> API : null ===> Message : validateRequest() invoked
info: ===> TimeStamp : 2025-08-26 21:28:40===> API : null ===> Message : fetchDBSettings()
info: ===> TimeStamp : 2025-08-26 21:28:40===> API : null ===> Message : validateRequest() Invoked!
info: ===> TimeStamp : 2025-08-26 21:28:40===> API : null ===> Message : validRequest() :: Api validated Successfully
info: ===> TimeStamp : 2025-08-26 21:28:40===> API : /api/billing/uploadBillFile ===> Message : uploadBillFile() invoked!!
info: ===> TimeStamp : 2025-08-26 21:28:40===> API : /api/billing/uploadBillFile ===> Message : uploadBillFile() :: DB :: Invoked !
info: ===> TimeStamp : 2025-08-26 21:28:40===> API : /api/billing/uploadBillFile ===> Message : uploadBillFileResponse() invoked!
info: ===> TimeStamp : 2025-08-26 21:28:40===> API : /api/billing/uploadBillFile ===> Message : uploadBillFileResponse() completed
info: ===> TimeStamp : 2025-08-26 21:28:43===> API : null ===> Message : validateRequest() invoked
info: ===> TimeStamp : 2025-08-26 21:28:43===> API : null ===> Message : fetchDBSettings()
info: ===> TimeStamp : 2025-08-26 21:28:43===> API : null ===> Message : validateRequest() Invoked!
info: ===> TimeStamp : 2025-08-26 21:28:44===> API : null ===> Message : validRequest() :: Api validated Successfully
info: ===> TimeStamp : 2025-08-26 21:28:44===> API : /api/billing/uploadBillFile ===> Message : uploadBillFile() invoked!!
info: ===> TimeStamp : 2025-08-26 21:28:44===> API : /api/billing/uploadBillFile ===> Message : uploadBillFile() :: DB :: Invoked !
info: ===> TimeStamp : 2025-08-26 21:28:44===> API : /api/billing/uploadBillFile ===> Message : uploadBillFileResponse() invoked!
info: ===> TimeStamp : 2025-08-26 21:28:44===> API : /api/billing/uploadBillFile ===> Message : uploadBillFileResponse() completed
info: ===> TimeStamp : 2025-08-26 21:28:47===> API : null ===> Message : validateRequest() invoked
info: ===> TimeStamp : 2025-08-26 21:28:47===> API : null ===> Message : fetchDBSettings()
info: ===> TimeStamp : 2025-08-26 21:28:47===> API : null ===> Message : validateRequest() Invoked!
info: ===> TimeStamp : 2025-08-26 21:28:47===> API : null ===> Message : validRequest() :: Api validated Successfully
info: ===> TimeStamp : 2025-08-26 21:28:47===> API : /api/billing/sendBillMail ===> Message : sendBillMail() invoked!!
info: ===> TimeStamp : 2025-08-26 21:28:48===> API : null ===> Message : validateRequest() invoked
info: ===> TimeStamp : 2025-08-26 21:28:48===> API : null ===> Message : fetchDBSettings()
info: ===> TimeStamp : 2025-08-26 21:28:48===> API : null ===> Message : validateRequest() Invoked!
info: ===> TimeStamp : 2025-08-26 21:28:48===> API : null ===> Message : validRequest() :: Api validated Successfully
info: ===> TimeStamp : 2025-08-26 21:28:48===> API : /api/billing/uploadBillFile ===> Message : uploadBillFile() invoked!!
info: ===> TimeStamp : 2025-08-26 21:28:48===> API : /api/billing/uploadBillFile ===> Message : uploadBillFile() :: DB :: Invoked !
info: ===> TimeStamp : 2025-08-26 21:28:48===> API : /api/billing/uploadBillFile ===> Message : uploadBillFileResponse() invoked!
info: ===> TimeStamp : 2025-08-26 21:28:48===> API : /api/billing/uploadBillFile ===> Message : uploadBillFileResponse() completed
info: ===> TimeStamp : 2025-08-26 21:28:50===> API : /api/billing/sendBillMail ===> Message : notifySellers() :: Email sent :: Success :: 250 2.0.0 OK  1756223930 d9443c01a7336-2466889f188sm99729925ad.146 - gsmtp !
info: ===> TimeStamp : 2025-08-26 21:28:50===> API : /api/billing/sendBillMail ===> Message : sendBillMailResponse() invoked!
info: ===> TimeStamp : 2025-08-26 21:28:50===> API : /api/billing/sendBillMail ===> Message : sendBillMailResponse() completed
info: ===> TimeStamp : 2025-08-26 21:28:52===> API : null ===> Message : validateRequest() invoked
info: ===> TimeStamp : 2025-08-26 21:28:52===> API : null ===> Message : fetchDBSettings()
info: ===> TimeStamp : 2025-08-26 21:28:52===> API : null ===> Message : validateRequest() Invoked!
info: ===> TimeStamp : 2025-08-26 21:28:52===> API : null ===> Message : validRequest() :: Api validated Successfully
info: ===> TimeStamp : 2025-08-26 21:28:52===> API : /api/billing/sendBillMail ===> Message : sendBillMail() invoked!!
info: ===> TimeStamp : 2025-08-26 21:28:53===> API : null ===> Message : validateRequest() invoked
info: ===> TimeStamp : 2025-08-26 21:28:53===> API : null ===> Message : fetchDBSettings()
info: ===> TimeStamp : 2025-08-26 21:28:53===> API : null ===> Message : validateRequest() Invoked!
info: ===> TimeStamp : 2025-08-26 21:28:53===> API : null ===> Message : validRequest() :: Api validated Successfully
info: ===> TimeStamp : 2025-08-26 21:28:53===> API : /api/billing/uploadBillFile ===> Message : uploadBillFile() invoked!!
info: ===> TimeStamp : 2025-08-26 21:28:53===> API : /api/billing/uploadBillFile ===> Message : uploadBillFile() :: DB :: Invoked !
info: ===> TimeStamp : 2025-08-26 21:28:53===> API : /api/billing/uploadBillFile ===> Message : uploadBillFileResponse() invoked!
info: ===> TimeStamp : 2025-08-26 21:28:53===> API : /api/billing/uploadBillFile ===> Message : uploadBillFileResponse() completed
info: ===> TimeStamp : 2025-08-26 21:28:53===> API : null ===> Message : validateRequest() invoked
info: ===> TimeStamp : 2025-08-26 21:28:53===> API : null ===> Message : fetchDBSettings()
info: ===> TimeStamp : 2025-08-26 21:28:53===> API : null ===> Message : validateRequest() Invoked!
info: ===> TimeStamp : 2025-08-26 21:28:53===> API : null ===> Message : validRequest() :: Api validated Successfully
info: ===> TimeStamp : 2025-08-26 21:28:53===> API : /api/billing/sendBillMail ===> Message : sendBillMail() invoked!!
info: ===> TimeStamp : 2025-08-26 21:28:55===> API : /api/billing/sendBillMail ===> Message : notifySellers() :: Email sent :: Success :: 250 2.0.0 OK  1756223935 d9443c01a7336-246b21f7be7sm70931995ad.142 - gsmtp !
info: ===> TimeStamp : 2025-08-26 21:28:55===> API : /api/billing/sendBillMail ===> Message : sendBillMailResponse() invoked!
info: ===> TimeStamp : 2025-08-26 21:28:55===> API : /api/billing/sendBillMail ===> Message : sendBillMailResponse() completed
info: ===> TimeStamp : 2025-08-26 21:28:56===> API : /api/billing/sendBillMail ===> Message : notifySellers() :: Email sent :: Success :: 250 2.0.0 OK  1756223936 41be03b00d2f7-b49cb891a00sm9609036a12.2 - gsmtp !
info: ===> TimeStamp : 2025-08-26 21:28:56===> API : /api/billing/sendBillMail ===> Message : sendBillMailResponse() invoked!
info: ===> TimeStamp : 2025-08-26 21:28:56===> API : /api/billing/sendBillMail ===> Message : sendBillMailResponse() completed
info: ===> TimeStamp : 2025-08-26 21:29:00===> API : null ===> Message : validateRequest() invoked
info: ===> TimeStamp : 2025-08-26 21:29:00===> API : null ===> Message : fetchDBSettings()
info: ===> TimeStamp : 2025-08-26 21:29:00===> API : null ===> Message : validateRequest() Invoked!
info: ===> TimeStamp : 2025-08-26 21:29:01===> API : null ===> Message : validRequest() :: Api validated Successfully
info: ===> TimeStamp : 2025-08-26 21:29:01===> API : /api/billing/addBillingDetails ===> Message : addBillingDetails() invoked!!
info: ===> TimeStamp : 2025-08-26 21:29:01===> API : /api/billing/addBillingDetails ===> Message : getPackageItemDetails() :: DB :: Invoked !
info: ===> TimeStamp : 2025-08-26 21:29:01===> API : /api/billing/addBillingDetails ===> Message : newBooking() :: DB :: Invoked !
info: ===> TimeStamp : 2025-08-26 21:29:01===> API : /api/billing/addBillingDetails ===> Message : newBooking() :: DB :: Invoked !
info: ===> TimeStamp : 2025-08-26 21:29:02===> API : /api/billing/addBillingDetails ===> Message : newBooking() :: DB :: Invoked !
info: ===> TimeStamp : 2025-08-26 21:29:02===> API : /api/billing/addBillingDetails ===> Message : newBooking() :: DB :: Invoked !
info: ===> TimeStamp : 2025-08-26 21:29:04===> API : /api/billing/addBillingDetails ===> Message : addBillingDetailsResponse() invoked!
info: ===> TimeStamp : 2025-08-26 21:29:04===> API : /api/billing/addBillingDetails ===> Message : addBillingDetailsResponse() completed
info: ===> TimeStamp : 2025-08-26 21:29:04===> API : null ===> Message : validateRequest() invoked
info: ===> TimeStamp : 2025-08-26 21:29:04===> API : null ===> Message : fetchDBSettings()
info: ===> TimeStamp : 2025-08-26 21:29:04===> API : null ===> Message : validateRequest() Invoked!
info: ===> TimeStamp : 2025-08-26 21:29:04===> API : null ===> Message : validRequest() :: Api validated Successfully
info: ===> TimeStamp : 2025-08-26 21:29:04===> API : /api/billing/updateItemDetailsBill ===> Message : updateItemDetailsBill() invoked!!
info: ===> TimeStamp : 2025-08-26 21:29:04===> API : /api/billing/updateItemDetailsBill ===> Message : updateItemDetailsBill() :: DB :: Invoked !
info: ===> TimeStamp : 2025-08-26 21:29:04===> API : /api/billing/updateItemDetailsBill ===> Message : updateItemDetailsBillResponse() invoked!
info: ===> TimeStamp : 2025-08-26 21:29:04===> API : /api/billing/updateItemDetailsBill ===> Message : updateItemDetailsBillResponse() completed
info: ===> TimeStamp : 2025-08-26 21:29:11===> API : null ===> Message : validateRequest() invoked
info: ===> TimeStamp : 2025-08-26 21:29:11===> API : null ===> Message : fetchDBSettings()
info: ===> TimeStamp : 2025-08-26 21:29:11===> API : null ===> Message : validateRequest() Invoked!
info: ===> TimeStamp : 2025-08-26 21:29:11===> API : null ===> Message : validRequest() :: Api validated Successfully
info: ===> TimeStamp : 2025-08-26 21:29:11===> API : /api/billing/uploadBillFile ===> Message : uploadBillFile() invoked!!
info: ===> TimeStamp : 2025-08-26 21:29:11===> API : /api/billing/uploadBillFile ===> Message : uploadBillFile() :: DB :: Invoked !
info: ===> TimeStamp : 2025-08-26 21:29:11===> API : /api/billing/uploadBillFile ===> Message : uploadBillFileResponse() invoked!
info: ===> TimeStamp : 2025-08-26 21:29:11===> API : /api/billing/uploadBillFile ===> Message : uploadBillFileResponse() completed
info: ===> TimeStamp : 2025-08-26 21:29:21===> API : null ===> Message : validateRequest() invoked
info: ===> TimeStamp : 2025-08-26 21:29:21===> API : null ===> Message : fetchDBSettings()
info: ===> TimeStamp : 2025-08-26 21:29:21===> API : null ===> Message : validateRequest() Invoked!
info: ===> TimeStamp : 2025-08-26 21:29:21===> API : null ===> Message : validRequest() :: Api validated Successfully
info: ===> TimeStamp : 2025-08-26 21:29:21===> API : /api/billing/uploadBillFile ===> Message : uploadBillFile() invoked!!
info: ===> TimeStamp : 2025-08-26 21:29:21===> API : /api/billing/uploadBillFile ===> Message : uploadBillFile() :: DB :: Invoked !
info: ===> TimeStamp : 2025-08-26 21:29:21===> API : /api/billing/uploadBillFile ===> Message : uploadBillFileResponse() invoked!
info: ===> TimeStamp : 2025-08-26 21:29:21===> API : /api/billing/uploadBillFile ===> Message : uploadBillFileResponse() completed
info: ===> TimeStamp : 2025-08-26 21:29:21===> API : null ===> Message : validateRequest() invoked
info: ===> TimeStamp : 2025-08-26 21:29:21===> API : null ===> Message : fetchDBSettings()
info: ===> TimeStamp : 2025-08-26 21:29:21===> API : null ===> Message : validateRequest() Invoked!
info: ===> TimeStamp : 2025-08-26 21:29:21===> API : null ===> Message : validRequest() :: Api validated Successfully
info: ===> TimeStamp : 2025-08-26 21:29:21===> API : /api/billing/sendBillMail ===> Message : sendBillMail() invoked!!
info: ===> TimeStamp : 2025-08-26 21:29:22===> API : null ===> Message : validateRequest() invoked
info: ===> TimeStamp : 2025-08-26 21:29:22===> API : null ===> Message : fetchDBSettings()
info: ===> TimeStamp : 2025-08-26 21:29:22===> API : null ===> Message : validateRequest() Invoked!
info: ===> TimeStamp : 2025-08-26 21:29:22===> API : null ===> Message : validRequest() :: Api validated Successfully
info: ===> TimeStamp : 2025-08-26 21:29:22===> API : /api/billing/updateItemDetailsBill ===> Message : updateItemDetailsBill() invoked!!
info: ===> TimeStamp : 2025-08-26 21:29:22===> API : /api/billing/updateItemDetailsBill ===> Message : updateItemDetailsBill() :: DB :: Invoked !
info: ===> TimeStamp : 2025-08-26 21:29:23===> API : /api/billing/updateItemDetailsBill ===> Message : updateItemDetailsBillResponse() invoked!
info: ===> TimeStamp : 2025-08-26 21:29:23===> API : /api/billing/updateItemDetailsBill ===> Message : updateItemDetailsBillResponse() completed
info: ===> TimeStamp : 2025-08-26 21:29:23===> API : null ===> Message : validateRequest() invoked
info: ===> TimeStamp : 2025-08-26 21:29:23===> API : null ===> Message : fetchDBSettings()
info: ===> TimeStamp : 2025-08-26 21:29:23===> API : null ===> Message : validateRequest() Invoked!
info: ===> TimeStamp : 2025-08-26 21:29:23===> API : null ===> Message : validRequest() :: Api validated Successfully
info: ===> TimeStamp : 2025-08-26 21:29:23===> API : /api/billing/uploadBillFile ===> Message : uploadBillFile() invoked!!
info: ===> TimeStamp : 2025-08-26 21:29:23===> API : /api/billing/uploadBillFile ===> Message : uploadBillFile() :: DB :: Invoked !
info: ===> TimeStamp : 2025-08-26 21:29:23===> API : /api/billing/uploadBillFile ===> Message : uploadBillFileResponse() invoked!
info: ===> TimeStamp : 2025-08-26 21:29:23===> API : /api/billing/uploadBillFile ===> Message : uploadBillFileResponse() completed
info: ===> TimeStamp : 2025-08-26 21:29:25===> API : /api/billing/sendBillMail ===> Message : notifySellers() :: Email sent :: Success :: 250 2.0.0 OK  1756223965 98e67ed59e1d1-32762f12fddsm514512a91.22 - gsmtp !
info: ===> TimeStamp : 2025-08-26 21:29:25===> API : /api/billing/sendBillMail ===> Message : sendBillMailResponse() invoked!
info: ===> TimeStamp : 2025-08-26 21:29:25===> API : /api/billing/sendBillMail ===> Message : sendBillMailResponse() completed
info: ===> TimeStamp : 2025-08-26 21:36:24===> API : null ===> Message : validateRequest() invoked
info: ===> TimeStamp : 2025-08-26 21:36:24===> API : null ===> Message : fetchDBSettings()
info: ===> TimeStamp : 2025-08-26 21:36:24===> API : null ===> Message : validateRequest() Invoked!
info: ===> TimeStamp : 2025-08-26 21:36:24===> API : null ===> Message : validRequest() :: Api validated Successfully
info: ===> TimeStamp : 2025-08-26 21:36:24===> API : /api/billing/addBillingDetails ===> Message : addBillingDetails() invoked!!
info: ===> TimeStamp : 2025-08-26 21:36:24===> API : /api/billing/addBillingDetails ===> Message : getPackageItemDetails() :: DB :: Invoked !
info: ===> TimeStamp : 2025-08-26 21:36:24===> API : /api/billing/addBillingDetails ===> Message : newBooking() :: DB :: Invoked !
info: ===> TimeStamp : 2025-08-26 21:36:24===> API : /api/billing/addBillingDetails ===> Message : newBooking() :: DB :: Invoked !
info: ===> TimeStamp : 2025-08-26 21:36:26===> API : /api/billing/addBillingDetails ===> Message : newBooking() :: DB :: Invoked !
info: ===> TimeStamp : 2025-08-26 21:36:26===> API : /api/billing/addBillingDetails ===> Message : newBooking() :: DB :: Invoked !
info: ===> TimeStamp : 2025-08-26 21:36:27===> API : /api/billing/addBillingDetails ===> Message : addBillingDetailsResponse() invoked!
info: ===> TimeStamp : 2025-08-26 21:36:27===> API : /api/billing/addBillingDetails ===> Message : addBillingDetailsResponse() completed
info: ===> TimeStamp : 2025-08-26 21:36:27===> API : null ===> Message : validateRequest() invoked
info: ===> TimeStamp : 2025-08-26 21:36:27===> API : null ===> Message : fetchDBSettings()
info: ===> TimeStamp : 2025-08-26 21:36:27===> API : null ===> Message : validateRequest() Invoked!
info: ===> TimeStamp : 2025-08-26 21:36:28===> API : null ===> Message : validRequest() :: Api validated Successfully
info: ===> TimeStamp : 2025-08-26 21:36:28===> API : /api/billing/updateItemDetailsBill ===> Message : updateItemDetailsBill() invoked!!
info: ===> TimeStamp : 2025-08-26 21:36:28===> API : /api/billing/updateItemDetailsBill ===> Message : updateItemDetailsBill() :: DB :: Invoked !
info: ===> TimeStamp : 2025-08-26 21:36:28===> API : /api/billing/updateItemDetailsBill ===> Message : updateItemDetailsBillResponse() invoked!
info: ===> TimeStamp : 2025-08-26 21:36:28===> API : /api/billing/updateItemDetailsBill ===> Message : updateItemDetailsBillResponse() completed
info: ===> TimeStamp : 2025-08-26 21:36:31===> API : null ===> Message : validateRequest() invoked
info: ===> TimeStamp : 2025-08-26 21:36:31===> API : null ===> Message : fetchDBSettings()
info: ===> TimeStamp : 2025-08-26 21:36:31===> API : null ===> Message : validateRequest() Invoked!
info: ===> TimeStamp : 2025-08-26 21:36:31===> API : null ===> Message : validRequest() :: Api validated Successfully
info: ===> TimeStamp : 2025-08-26 21:36:31===> API : /api/billing/uploadBillFile ===> Message : uploadBillFile() invoked!!
info: ===> TimeStamp : 2025-08-26 21:36:31===> API : /api/billing/uploadBillFile ===> Message : uploadBillFile() :: DB :: Invoked !
info: ===> TimeStamp : 2025-08-26 21:36:31===> API : /api/billing/uploadBillFile ===> Message : uploadBillFileResponse() invoked!
info: ===> TimeStamp : 2025-08-26 21:36:31===> API : /api/billing/uploadBillFile ===> Message : uploadBillFileResponse() completed
info: ===> TimeStamp : 2025-08-26 21:37:46===> API : null ===> Message : validateRequest() invoked
info: ===> TimeStamp : 2025-08-26 21:37:46===> API : null ===> Message : fetchDBSettings()
info: ===> TimeStamp : 2025-08-26 21:37:46===> API : null ===> Message : validateRequest() Invoked!
info: ===> TimeStamp : 2025-08-26 21:37:46===> API : null ===> Message : validRequest() :: Api validated Successfully
info: ===> TimeStamp : 2025-08-26 21:37:46===> API : /api/billing/uploadBillFile ===> Message : uploadBillFile() invoked!!
info: ===> TimeStamp : 2025-08-26 21:37:46===> API : /api/billing/uploadBillFile ===> Message : uploadBillFile() :: DB :: Invoked !
info: ===> TimeStamp : 2025-08-26 21:37:46===> API : /api/billing/uploadBillFile ===> Message : uploadBillFileResponse() invoked!
info: ===> TimeStamp : 2025-08-26 21:37:46===> API : /api/billing/uploadBillFile ===> Message : uploadBillFileResponse() completed
info: ===> TimeStamp : 2025-08-26 21:37:51===> API : null ===> Message : validateRequest() invoked
info: ===> TimeStamp : 2025-08-26 21:37:51===> API : null ===> Message : fetchDBSettings()
info: ===> TimeStamp : 2025-08-26 21:37:51===> API : null ===> Message : validateRequest() Invoked!
info: ===> TimeStamp : 2025-08-26 21:37:51===> API : null ===> Message : validRequest() :: Api validated Successfully
info: ===> TimeStamp : 2025-08-26 21:37:51===> API : /api/billing/sendBillMail ===> Message : sendBillMail() invoked!!
info: ===> TimeStamp : 2025-08-26 21:37:52===> API : null ===> Message : validateRequest() invoked
info: ===> TimeStamp : 2025-08-26 21:37:52===> API : null ===> Message : fetchDBSettings()
info: ===> TimeStamp : 2025-08-26 21:37:52===> API : null ===> Message : validateRequest() Invoked!
info: ===> TimeStamp : 2025-08-26 21:37:52===> API : null ===> Message : validRequest() :: Api validated Successfully
info: ===> TimeStamp : 2025-08-26 21:37:52===> API : /api/billing/uploadBillFile ===> Message : uploadBillFile() invoked!!
info: ===> TimeStamp : 2025-08-26 21:37:52===> API : /api/billing/uploadBillFile ===> Message : uploadBillFile() :: DB :: Invoked !
info: ===> TimeStamp : 2025-08-26 21:37:52===> API : /api/billing/uploadBillFile ===> Message : uploadBillFileResponse() invoked!
info: ===> TimeStamp : 2025-08-26 21:37:52===> API : /api/billing/uploadBillFile ===> Message : uploadBillFileResponse() completed
info: ===> TimeStamp : 2025-08-26 21:37:52===> API : null ===> Message : validateRequest() invoked
info: ===> TimeStamp : 2025-08-26 21:37:52===> API : null ===> Message : fetchDBSettings()
info: ===> TimeStamp : 2025-08-26 21:37:52===> API : null ===> Message : validateRequest() Invoked!
info: ===> TimeStamp : 2025-08-26 21:37:52===> API : null ===> Message : validRequest() :: Api validated Successfully
info: ===> TimeStamp : 2025-08-26 21:37:52===> API : /api/billing/sendBillMail ===> Message : sendBillMail() invoked!!
info: ===> TimeStamp : 2025-08-26 21:37:54===> API : /api/billing/sendBillMail ===> Message : notifySellers() :: Email sent :: Success :: 250 2.0.0 OK  1756224474 d2e1a72fcca58-772049aea66sm170236b3a.108 - gsmtp !
info: ===> TimeStamp : 2025-08-26 21:37:54===> API : /api/billing/sendBillMail ===> Message : sendBillMailResponse() invoked!
info: ===> TimeStamp : 2025-08-26 21:37:54===> API : /api/billing/sendBillMail ===> Message : sendBillMailResponse() completed
info: ===> TimeStamp : 2025-08-26 21:37:55===> API : /api/billing/sendBillMail ===> Message : sendBillMailResponse() invoked!
info: ===> TimeStamp : 2025-08-26 21:37:55===> API : /api/billing/sendBillMail ===> Message : notifySellers() :: Email sent :: Success :: 250 2.0.0 OK  1756224475 d2e1a72fcca58-771ebabeed1sm4892599b3a.67 - gsmtp !
info: ===> TimeStamp : 2025-08-26 21:37:55===> API : /api/billing/sendBillMail ===> Message : sendBillMailResponse() completed
info: ===> TimeStamp : 2025-08-26 21:51:45===> API : null ===> Message : validateRequest() invoked
info: ===> TimeStamp : 2025-08-26 21:51:45===> API : null ===> Message : fetchDBSettings()
info: ===> TimeStamp : 2025-08-26 21:51:45===> API : null ===> Message : validateRequest() Invoked!
info: ===> TimeStamp : 2025-08-26 21:51:45===> API : null ===> Message : validRequest() :: Api validated Successfully
info: ===> TimeStamp : 2025-08-26 21:51:45===> API : /api/billing/addBillingDetails ===> Message : addBillingDetails() invoked!!
info: ===> TimeStamp : 2025-08-26 21:51:45===> API : /api/billing/addBillingDetails ===> Message : getPackageItemDetails() :: DB :: Invoked !
info: ===> TimeStamp : 2025-08-26 21:51:45===> API : /api/billing/addBillingDetails ===> Message : newBooking() :: DB :: Invoked !
info: ===> TimeStamp : 2025-08-26 21:51:46===> API : /api/billing/addBillingDetails ===> Message : newBooking() :: DB :: Invoked !
info: ===> TimeStamp : 2025-08-26 21:51:47===> API : /api/billing/addBillingDetails ===> Message : newBooking() :: DB :: Invoked !
info: ===> TimeStamp : 2025-08-26 21:51:47===> API : /api/billing/addBillingDetails ===> Message : newBooking() :: DB :: Invoked !
info: ===> TimeStamp : 2025-08-26 21:51:48===> API : /api/billing/addBillingDetails ===> Message : addBillingDetailsResponse() invoked!
info: ===> TimeStamp : 2025-08-26 21:51:48===> API : /api/billing/addBillingDetails ===> Message : addBillingDetailsResponse() completed
info: ===> TimeStamp : 2025-08-26 21:51:48===> API : null ===> Message : validateRequest() invoked
info: ===> TimeStamp : 2025-08-26 21:51:48===> API : null ===> Message : fetchDBSettings()
info: ===> TimeStamp : 2025-08-26 21:51:48===> API : null ===> Message : validateRequest() Invoked!
info: ===> TimeStamp : 2025-08-26 21:51:48===> API : null ===> Message : validRequest() :: Api validated Successfully
info: ===> TimeStamp : 2025-08-26 21:51:48===> API : /api/billing/updateItemDetailsBill ===> Message : updateItemDetailsBill() :: DB :: Invoked !
info: ===> TimeStamp : 2025-08-26 21:51:48===> API : /api/billing/updateItemDetailsBill ===> Message : updateItemDetailsBill() invoked!!
info: ===> TimeStamp : 2025-08-26 21:51:48===> API : /api/billing/updateItemDetailsBill ===> Message : updateItemDetailsBillResponse() invoked!
info: ===> TimeStamp : 2025-08-26 21:51:48===> API : /api/billing/updateItemDetailsBill ===> Message : updateItemDetailsBillResponse() completed
info: ===> TimeStamp : 2025-08-26 21:51:49===> API : null ===> Message : validateRequest() invoked
info: ===> TimeStamp : 2025-08-26 21:51:49===> API : null ===> Message : fetchDBSettings()
info: ===> TimeStamp : 2025-08-26 21:51:49===> API : null ===> Message : validateRequest() Invoked!
info: ===> TimeStamp : 2025-08-26 21:51:49===> API : null ===> Message : validRequest() :: Api validated Successfully
info: ===> TimeStamp : 2025-08-26 21:51:49===> API : /api/billing/uploadBillFile ===> Message : uploadBillFile() invoked!!
info: ===> TimeStamp : 2025-08-26 21:51:49===> API : /api/billing/uploadBillFile ===> Message : uploadBillFile() :: DB :: Invoked !
info: ===> TimeStamp : 2025-08-26 21:51:49===> API : /api/billing/uploadBillFile ===> Message : uploadBillFileResponse() invoked!
info: ===> TimeStamp : 2025-08-26 21:51:49===> API : /api/billing/uploadBillFile ===> Message : uploadBillFileResponse() completed
info: ===> TimeStamp : 2025-08-26 21:51:51===> API : null ===> Message : validateRequest() invoked
info: ===> TimeStamp : 2025-08-26 21:51:51===> API : null ===> Message : fetchDBSettings()
info: ===> TimeStamp : 2025-08-26 21:51:52===> API : null ===> Message : validateRequest() Invoked!
info: ===> TimeStamp : 2025-08-26 21:51:52===> API : null ===> Message : validRequest() :: Api validated Successfully
info: ===> TimeStamp : 2025-08-26 21:51:52===> API : /api/billing/uploadBillFile ===> Message : uploadBillFile() invoked!!
info: ===> TimeStamp : 2025-08-26 21:51:52===> API : /api/billing/uploadBillFile ===> Message : uploadBillFile() :: DB :: Invoked !
info: ===> TimeStamp : 2025-08-26 21:51:52===> API : /api/billing/uploadBillFile ===> Message : uploadBillFileResponse() invoked!
info: ===> TimeStamp : 2025-08-26 21:51:52===> API : /api/billing/uploadBillFile ===> Message : uploadBillFileResponse() completed
info: ===> TimeStamp : 2025-08-26 21:51:52===> API : null ===> Message : validateRequest() invoked
info: ===> TimeStamp : 2025-08-26 21:51:52===> API : null ===> Message : fetchDBSettings()
info: ===> TimeStamp : 2025-08-26 21:51:52===> API : null ===> Message : validateRequest() Invoked!
info: ===> TimeStamp : 2025-08-26 21:51:52===> API : null ===> Message : validRequest() :: Api validated Successfully
info: ===> TimeStamp : 2025-08-26 21:51:52===> API : /api/billing/sendBillMail ===> Message : sendBillMail() invoked!!
info: ===> TimeStamp : 2025-08-26 21:51:52===> API : null ===> Message : validateRequest() invoked
info: ===> TimeStamp : 2025-08-26 21:51:52===> API : null ===> Message : fetchDBSettings()
info: ===> TimeStamp : 2025-08-26 21:51:52===> API : null ===> Message : validateRequest() Invoked!
info: ===> TimeStamp : 2025-08-26 21:51:52===> API : null ===> Message : validRequest() :: Api validated Successfully
info: ===> TimeStamp : 2025-08-26 21:51:52===> API : /api/billing/addBillingDetails ===> Message : addBillingDetails() invoked!!
info: ===> TimeStamp : 2025-08-26 21:51:52===> API : /api/billing/addBillingDetails ===> Message : getPackageItemDetails() :: DB :: Invoked !
info: ===> TimeStamp : 2025-08-26 21:51:52===> API : /api/billing/addBillingDetails ===> Message : newBooking() :: DB :: Invoked !
info: ===> TimeStamp : 2025-08-26 21:51:52===> API : /api/billing/addBillingDetails ===> Message : newBooking() :: DB :: Invoked !
info: ===> TimeStamp : 2025-08-26 21:51:53===> API : /api/billing/addBillingDetails ===> Message : newBooking() :: DB :: Invoked !
info: ===> TimeStamp : 2025-08-26 21:51:53===> API : /api/billing/addBillingDetails ===> Message : newBooking() :: DB :: Invoked !
info: ===> TimeStamp : 2025-08-26 21:51:54===> API : /api/billing/addBillingDetails ===> Message : addBillingDetailsResponse() invoked!
info: ===> TimeStamp : 2025-08-26 21:51:54===> API : /api/billing/addBillingDetails ===> Message : addBillingDetailsResponse() completed
info: ===> TimeStamp : 2025-08-26 21:51:54===> API : null ===> Message : validateRequest() invoked
info: ===> TimeStamp : 2025-08-26 21:51:54===> API : null ===> Message : fetchDBSettings()
info: ===> TimeStamp : 2025-08-26 21:51:54===> API : null ===> Message : validateRequest() Invoked!
info: ===> TimeStamp : 2025-08-26 21:51:54===> API : null ===> Message : validRequest() :: Api validated Successfully
info: ===> TimeStamp : 2025-08-26 21:51:54===> API : /api/billing/updateItemDetailsBill ===> Message : updateItemDetailsBill() invoked!!
info: ===> TimeStamp : 2025-08-26 21:51:54===> API : /api/billing/updateItemDetailsBill ===> Message : updateItemDetailsBill() :: DB :: Invoked !
info: ===> TimeStamp : 2025-08-26 21:51:54===> API : /api/billing/updateItemDetailsBill ===> Message : updateItemDetailsBillResponse() invoked!
info: ===> TimeStamp : 2025-08-26 21:51:54===> API : /api/billing/updateItemDetailsBill ===> Message : updateItemDetailsBillResponse() completed
info: ===> TimeStamp : 2025-08-26 21:51:56===> API : /api/billing/sendBillMail ===> Message : notifySellers() :: Email sent :: Success :: 250 2.0.0 OK  1756225315 d9443c01a7336-246688643a2sm100144665ad.83 - gsmtp !
info: ===> TimeStamp : 2025-08-26 21:51:56===> API : /api/billing/sendBillMail ===> Message : sendBillMailResponse() invoked!
info: ===> TimeStamp : 2025-08-26 21:51:56===> API : /api/billing/sendBillMail ===> Message : sendBillMailResponse() completed
info: ===> TimeStamp : 2025-08-26 21:51:58===> API : null ===> Message : validateRequest() invoked
info: ===> TimeStamp : 2025-08-26 21:51:58===> API : null ===> Message : fetchDBSettings()
info: ===> TimeStamp : 2025-08-26 21:51:58===> API : null ===> Message : validateRequest() Invoked!
info: ===> TimeStamp : 2025-08-26 21:51:59===> API : null ===> Message : validRequest() :: Api validated Successfully
info: ===> TimeStamp : 2025-08-26 21:51:59===> API : /api/billing/uploadBillFile ===> Message : uploadBillFile() invoked!!
info: ===> TimeStamp : 2025-08-26 21:51:59===> API : /api/billing/uploadBillFile ===> Message : uploadBillFile() :: DB :: Invoked !
info: ===> TimeStamp : 2025-08-26 21:51:59===> API : /api/billing/uploadBillFile ===> Message : uploadBillFileResponse() invoked!
info: ===> TimeStamp : 2025-08-26 21:51:59===> API : /api/billing/uploadBillFile ===> Message : uploadBillFileResponse() completed
info: ===> TimeStamp : 2025-08-26 21:52:04===> API : null ===> Message : validateRequest() invoked
info: ===> TimeStamp : 2025-08-26 21:52:04===> API : null ===> Message : fetchDBSettings()
info: ===> TimeStamp : 2025-08-26 21:52:04===> API : null ===> Message : validateRequest() Invoked!
info: ===> TimeStamp : 2025-08-26 21:52:04===> API : null ===> Message : validRequest() :: Api validated Successfully
info: ===> TimeStamp : 2025-08-26 21:52:04===> API : /api/billing/uploadBillFile ===> Message : uploadBillFile() invoked!!
info: ===> TimeStamp : 2025-08-26 21:52:04===> API : /api/billing/uploadBillFile ===> Message : uploadBillFile() :: DB :: Invoked !
info: ===> TimeStamp : 2025-08-26 21:52:04===> API : /api/billing/uploadBillFile ===> Message : uploadBillFileResponse() invoked!
info: ===> TimeStamp : 2025-08-26 21:52:04===> API : /api/billing/uploadBillFile ===> Message : uploadBillFileResponse() completed
info: ===> TimeStamp : 2025-08-26 21:52:04===> API : null ===> Message : validateRequest() invoked
info: ===> TimeStamp : 2025-08-26 21:52:04===> API : null ===> Message : fetchDBSettings()
info: ===> TimeStamp : 2025-08-26 21:52:04===> API : null ===> Message : validateRequest() Invoked!
info: ===> TimeStamp : 2025-08-26 21:52:04===> API : null ===> Message : validRequest() :: Api validated Successfully
info: ===> TimeStamp : 2025-08-26 21:52:04===> API : /api/billing/sendBillMail ===> Message : sendBillMail() invoked!!
info: ===> TimeStamp : 2025-08-26 21:52:07===> API : /api/billing/sendBillMail ===> Message : notifySellers() :: Email sent :: Success :: 250 2.0.0 OK  1756225327 d2e1a72fcca58-771e6535272sm5550708b3a.24 - gsmtp !
info: ===> TimeStamp : 2025-08-26 21:52:07===> API : /api/billing/sendBillMail ===> Message : sendBillMailResponse() invoked!
info: ===> TimeStamp : 2025-08-26 21:52:07===> API : /api/billing/sendBillMail ===> Message : sendBillMailResponse() completed
info: ===> TimeStamp : 2025-08-26 21:52:10===> API : null ===> Message : validateRequest() invoked
info: ===> TimeStamp : 2025-08-26 21:52:10===> API : null ===> Message : fetchDBSettings()
info: ===> TimeStamp : 2025-08-26 21:52:10===> API : null ===> Message : validateRequest() Invoked!
info: ===> TimeStamp : 2025-08-26 21:52:11===> API : null ===> Message : validRequest() :: Api validated Successfully
info: ===> TimeStamp : 2025-08-26 21:52:11===> API : /api/billing/uploadBillFile ===> Message : uploadBillFile() invoked!!
info: ===> TimeStamp : 2025-08-26 21:52:11===> API : /api/billing/uploadBillFile ===> Message : uploadBillFile() :: DB :: Invoked !
info: ===> TimeStamp : 2025-08-26 21:52:11===> API : /api/billing/uploadBillFile ===> Message : uploadBillFileResponse() completed
info: ===> TimeStamp : 2025-08-26 21:52:11===> API : /api/billing/uploadBillFile ===> Message : uploadBillFileResponse() invoked!
info: ===> TimeStamp : 2025-08-26 21:52:11===> API : null ===> Message : validateRequest() invoked
info: ===> TimeStamp : 2025-08-26 21:52:11===> API : null ===> Message : fetchDBSettings()
info: ===> TimeStamp : 2025-08-26 21:52:11===> API : null ===> Message : validateRequest() Invoked!
info: ===> TimeStamp : 2025-08-26 21:52:11===> API : null ===> Message : validRequest() :: Api validated Successfully
info: ===> TimeStamp : 2025-08-26 21:52:11===> API : /api/billing/sendBillMail ===> Message : sendBillMail() invoked!!
info: ===> TimeStamp : 2025-08-26 21:52:13===> API : /api/billing/sendBillMail ===> Message : notifySellers() :: Email sent :: Success :: 250 2.0.0 OK  1756225333 d2e1a72fcca58-771f045bca4sm3992863b3a.107 - gsmtp !
info: ===> TimeStamp : 2025-08-26 21:52:13===> API : /api/billing/sendBillMail ===> Message : sendBillMailResponse() invoked!
info: ===> TimeStamp : 2025-08-26 21:52:13===> API : /api/billing/sendBillMail ===> Message : sendBillMailResponse() completed
info: ===> TimeStamp : 2025-08-26 21:56:31===> API : null ===> Message : validateRequest() invoked
info: ===> TimeStamp : 2025-08-26 21:56:31===> API : null ===> Message : fetchDBSettings()
info: ===> TimeStamp : 2025-08-26 21:56:31===> API : null ===> Message : validateRequest() invoked
info: ===> TimeStamp : 2025-08-26 21:56:31===> API : null ===> Message : fetchDBSettings()
info: ===> TimeStamp : 2025-08-26 21:56:31===> API : null ===> Message : validateRequest() invoked
info: ===> TimeStamp : 2025-08-26 21:56:31===> API : null ===> Message : fetchDBSettings()
info: ===> TimeStamp : 2025-08-26 21:56:31===> API : null ===> Message : validateRequest() invoked
info: ===> TimeStamp : 2025-08-26 21:56:31===> API : null ===> Message : fetchDBSettings()
info: ===> TimeStamp : 2025-08-26 21:56:31===> API : null ===> Message : validateRequest() Invoked!
info: ===> TimeStamp : 2025-08-26 21:56:31===> API : null ===> Message : validateRequest() Invoked!
info: ===> TimeStamp : 2025-08-26 21:56:31===> API : null ===> Message : validateRequest() Invoked!
info: ===> TimeStamp : 2025-08-26 21:56:31===> API : null ===> Message : validateRequest() Invoked!
info: ===> TimeStamp : 2025-08-26 21:56:31===> API : null ===> Message : validRequest() :: Api validated Successfully
info: ===> TimeStamp : 2025-08-26 21:56:31===> API : /api/billing/getBillingDetails?billId=0&userId=0&billingDate=2025-08-26&shiftId=0&isBookingWebsite=0&futureDate=&fromDate=&toDate= ===> Message : getBillingDetails() invoked!!
info: ===> TimeStamp : 2025-08-26 21:56:31===> API : /api/billing/getBillingDetails?billId=0&userId=0&billingDate=2025-08-26&shiftId=0&isBookingWebsite=0&futureDate=&fromDate=&toDate= ===> Message : getBilliDetailsByBillDate() :: DB :: Invoked !
info: ===> TimeStamp : 2025-08-26 21:56:31===> API : null ===> Message : validRequest() :: Api validated Successfully
info: ===> TimeStamp : 2025-08-26 21:56:31===> API : /api/billing/fetchVoidBill ===> Message : fetchVoidBill() invoked!!
info: ===> TimeStamp : 2025-08-26 21:56:31===> API : /api/billing/fetchVoidBill ===> Message : fetchVoidBill() :: DB :: Invoked !
info: ===> TimeStamp : 2025-08-26 21:56:31===> API : null ===> Message : validRequest() :: Api validated Successfully
info: ===> TimeStamp : 2025-08-26 21:56:31===> API : /api/billing/noShowGuestList ===> Message : noShowGuestList() invoked!!
info: ===> TimeStamp : 2025-08-26 21:56:31===> API : /api/billing/noShowGuestList ===> Message : noShowGuestList() :: DB :: Invoked !
info: ===> TimeStamp : 2025-08-26 21:56:32===> API : /api/billing/getBillingDetails?billId=0&userId=0&billingDate=2025-08-26&shiftId=0&isBookingWebsite=0&futureDate=&fromDate=&toDate= ===> Message : getBillingDetailsResponse() invoked!
info: ===> TimeStamp : 2025-08-26 21:56:32===> API : /api/billing/getBillingDetails?billId=0&userId=0&billingDate=2025-08-26&shiftId=0&isBookingWebsite=0&futureDate=&fromDate=&toDate= ===> Message : getBillingDetailsResponse() completed
info: ===> TimeStamp : 2025-08-26 21:56:32===> API : null ===> Message : validRequest() :: Api validated Successfully
info: ===> TimeStamp : 2025-08-26 21:56:32===> API : /api/billing/getBillingDetails?billId=0&userId=0&billingDate=2025-08-26&shiftId=0&isBookingWebsite=0&futureDate=2025-08-26&fromDate=&toDate= ===> Message : getBillingDetails() invoked!!
info: ===> TimeStamp : 2025-08-26 21:56:32===> API : null ===> Message : validateRequest() invoked
info: ===> TimeStamp : 2025-08-26 21:56:32===> API : null ===> Message : fetchDBSettings()
info: ===> TimeStamp : 2025-08-26 21:56:32===> API : null ===> Message : validateRequest() Invoked!
info: ===> TimeStamp : 2025-08-26 21:56:32===> API : null ===> Message : validRequest() :: Api validated Successfully
info: ===> TimeStamp : 2025-08-26 21:56:32===> API : /api/billing/getBillingDetails?billId=0&userId=0&billingDate=2025-08-26&shiftId=0&isBookingWebsite=0&futureDate=&fromDate=&toDate= ===> Message : getBilliDetailsByBillDate() :: DB :: Invoked !
info: ===> TimeStamp : 2025-08-26 21:56:32===> API : /api/billing/getBillingDetails?billId=0&userId=0&billingDate=2025-08-26&shiftId=0&isBookingWebsite=0&futureDate=&fromDate=&toDate= ===> Message : getBillingDetails() invoked!!
info: ===> TimeStamp : 2025-08-26 21:56:32===> API : /api/billing/getBillingDetails?billId=0&userId=0&billingDate=2025-08-26&shiftId=0&isBookingWebsite=0&futureDate=&fromDate=&toDate= ===> Message : getBillingDetailsResponse() invoked!
info: ===> TimeStamp : 2025-08-26 21:56:32===> API : /api/billing/getBillingDetails?billId=0&userId=0&billingDate=2025-08-26&shiftId=0&isBookingWebsite=0&futureDate=&fromDate=&toDate= ===> Message : getBillingDetailsResponse() completed
info: ===> TimeStamp : 2025-08-26 21:56:32===> API : /api/billing/fetchVoidBill ===> Message : fetchVoidBillResponse() invoked!
info: ===> TimeStamp : 2025-08-26 21:56:32===> API : /api/billing/fetchVoidBill ===> Message : fetchVoidBillResponse() completed
info: ===> TimeStamp : 2025-08-26 21:56:32===> API : /api/billing/noShowGuestList ===> Message : noShowGuestListResponse() invoked!
info: ===> TimeStamp : 2025-08-26 21:56:32===> API : /api/billing/noShowGuestList ===> Message : noShowGuestListResponse() completed
info: ===> TimeStamp : 2025-08-26 21:56:32===> API : null ===> Message : validateRequest() invoked
info: ===> TimeStamp : 2025-08-26 21:56:32===> API : null ===> Message : fetchDBSettings()
info: ===> TimeStamp : 2025-08-26 21:56:32===> API : null ===> Message : validateRequest() Invoked!
info: ===> TimeStamp : 2025-08-26 21:56:33===> API : null ===> Message : validRequest() :: Api validated Successfully
info: ===> TimeStamp : 2025-08-26 21:56:33===> API : /api/billing/noShowGuestList ===> Message : noShowGuestList() invoked!!
info: ===> TimeStamp : 2025-08-26 21:56:33===> API : /api/billing/noShowGuestList ===> Message : noShowGuestList() :: DB :: Invoked !
info: ===> TimeStamp : 2025-08-26 21:56:33===> API : /api/billing/noShowGuestList ===> Message : noShowGuestListResponse() invoked!
info: ===> TimeStamp : 2025-08-26 21:56:33===> API : /api/billing/noShowGuestList ===> Message : noShowGuestListResponse() completed
info: ===> TimeStamp : 2025-08-26 21:56:38===> API : null ===> Message : validateRequest() invoked
info: ===> TimeStamp : 2025-08-26 21:56:38===> API : null ===> Message : fetchDBSettings()
info: ===> TimeStamp : 2025-08-26 21:56:38===> API : null ===> Message : validateRequest() Invoked!
info: ===> TimeStamp : 2025-08-26 21:56:38===> API : null ===> Message : validRequest() :: Api validated Successfully
info: ===> TimeStamp : 2025-08-26 21:56:38===> API : /api/billing/getBillingDetails?billId=0&userId=0&billingDate=2025-08-26&shiftId=0&isBookingWebsite=0&futureDate=&fromDate=&toDate= ===> Message : getBillingDetails() invoked!!
info: ===> TimeStamp : 2025-08-26 21:56:38===> API : /api/billing/getBillingDetails?billId=0&userId=0&billingDate=2025-08-26&shiftId=0&isBookingWebsite=0&futureDate=&fromDate=&toDate= ===> Message : getBilliDetailsByBillDate() :: DB :: Invoked !
info: ===> TimeStamp : 2025-08-26 21:56:39===> API : /api/billing/getBillingDetails?billId=0&userId=0&billingDate=2025-08-26&shiftId=0&isBookingWebsite=0&futureDate=&fromDate=&toDate= ===> Message : getBillingDetailsResponse() invoked!
info: ===> TimeStamp : 2025-08-26 21:56:39===> API : /api/billing/getBillingDetails?billId=0&userId=0&billingDate=2025-08-26&shiftId=0&isBookingWebsite=0&futureDate=&fromDate=&toDate= ===> Message : getBillingDetailsResponse() completed
info: ===> TimeStamp : 2025-08-26 21:56:42===> API : null ===> Message : validateRequest() invoked
info: ===> TimeStamp : 2025-08-26 21:56:42===> API : null ===> Message : fetchDBSettings()
info: ===> TimeStamp : 2025-08-26 21:56:42===> API : null ===> Message : validateRequest() Invoked!
info: ===> TimeStamp : 2025-08-26 21:56:43===> API : null ===> Message : validRequest() :: Api validated Successfully
info: ===> TimeStamp : 2025-08-26 21:56:43===> API : /api/billing/getBillingDetails?billId=0&userId=0&billingDate=2025-08-26&shiftId=2&isBookingWebsite=0&futureDate=&fromDate=&toDate= ===> Message : getBillingDetails() invoked!!
info: ===> TimeStamp : 2025-08-26 21:56:43===> API : /api/billing/getBillingDetails?billId=0&userId=0&billingDate=2025-08-26&shiftId=2&isBookingWebsite=0&futureDate=&fromDate=&toDate= ===> Message : getBilliDetailsByShift() :: DB :: Invoked !
info: ===> TimeStamp : 2025-08-26 21:56:43===> API : /api/billing/getBillingDetails?billId=0&userId=0&billingDate=2025-08-26&shiftId=2&isBookingWebsite=0&futureDate=&fromDate=&toDate= ===> Message : getBillingDetailsResponse() invoked!
info: ===> TimeStamp : 2025-08-26 21:56:43===> API : /api/billing/getBillingDetails?billId=0&userId=0&billingDate=2025-08-26&shiftId=2&isBookingWebsite=0&futureDate=&fromDate=&toDate= ===> Message : getBillingDetailsResponse() completed
info: ===> TimeStamp : 2025-08-26 21:56:44===> API : null ===> Message : validateRequest() invoked
info: ===> TimeStamp : 2025-08-26 21:56:44===> API : null ===> Message : fetchDBSettings()
info: ===> TimeStamp : 2025-08-26 21:56:44===> API : null ===> Message : validateRequest() Invoked!
info: ===> TimeStamp : 2025-08-26 21:56:44===> API : null ===> Message : validRequest() :: Api validated Successfully
info: ===> TimeStamp : 2025-08-26 21:56:44===> API : /api/billing/generateCSVReport ===> Message : generateReports() invoked!!
info: ===> TimeStamp : 2025-08-26 21:56:44===> API : /api/billing/generateCSVReport ===> Message : generateReportsByShift() :: DB :: Invoked !
info: ===> TimeStamp : 2025-08-26 21:56:44===> API : /api/billing/generateCSVReport ===> Message : uploadReportFile() :: DB :: Invoked !
info: ===> TimeStamp : 2025-08-26 21:56:44===> API : /api/billing/generateCSVReport ===> Message : generateReportsResponse() invoked!
info: ===> TimeStamp : 2025-08-26 21:56:44===> API : /api/billing/generateCSVReport ===> Message : generateReportsResponse() completed
info: ===> TimeStamp : 2025-08-26 21:56:58===> API : null ===> Message : validateRequest() invoked
info: ===> TimeStamp : 2025-08-26 21:56:58===> API : null ===> Message : fetchDBSettings()
info: ===> TimeStamp : 2025-08-26 21:56:58===> API : null ===> Message : validateRequest() Invoked!
info: ===> TimeStamp : 2025-08-26 21:56:58===> API : null ===> Message : validRequest() :: Api validated Successfully
info: ===> TimeStamp : 2025-08-26 21:56:58===> API : /api/billing/getBillingDetails?billId=0&userId=0&billingDate=2025-08-26&shiftId=0&isBookingWebsite=0&futureDate=2025-08-26&fromDate=&toDate= ===> Message : getBillingDetails() invoked!!
info: ===> TimeStamp : 2025-08-26 21:58:08===> API : null ===> Message : validateRequest() invoked
info: ===> TimeStamp : 2025-08-26 21:58:08===> API : null ===> Message : fetchDBSettings()
info: ===> TimeStamp : 2025-08-26 21:58:08===> API : null ===> Message : validateRequest() Invoked!
info: ===> TimeStamp : 2025-08-26 21:58:08===> API : null ===> Message : validRequest() :: Api validated Successfully
info: ===> TimeStamp : 2025-08-26 21:58:08===> API : /api/billing/generateCSVReport ===> Message : generateReports() invoked!!
info: ===> TimeStamp : 2025-08-26 21:58:08===> API : /api/billing/generateCSVReport ===> Message : generateReportsForAgentSettlementForSettlementUpdateDate() :: DB :: Invoked !
info: ===> TimeStamp : 2025-08-26 21:58:09===> API : /api/billing/generateCSVReport ===> Message : uploadReportFile() :: DB :: Invoked !
info: ===> TimeStamp : 2025-08-26 21:58:09===> API : /api/billing/generateCSVReport ===> Message : generateReportsResponse() invoked!
info: ===> TimeStamp : 2025-08-26 21:58:09===> API : /api/billing/generateCSVReport ===> Message : generateReportsResponse() completed
info: ===> TimeStamp : 2025-08-26 22:00:17===> API : null ===> Message : validateRequest() invoked
info: ===> TimeStamp : 2025-08-26 22:00:17===> API : null ===> Message : fetchDBSettings()
info: ===> TimeStamp : 2025-08-26 22:00:17===> API : null ===> Message : validateRequest() Invoked!
info: ===> TimeStamp : 2025-08-26 22:00:17===> API : null ===> Message : validRequest() :: Api validated Successfully
info: ===> TimeStamp : 2025-08-26 22:00:17===> API : /api/billing/addBillingDetails ===> Message : addBillingDetails() invoked!!
info: ===> TimeStamp : 2025-08-26 22:00:17===> API : /api/billing/addBillingDetails ===> Message : getPackageItemDetails() :: DB :: Invoked !
info: ===> TimeStamp : 2025-08-26 22:00:17===> API : /api/billing/addBillingDetails ===> Message : newBooking() :: DB :: Invoked !
info: ===> TimeStamp : 2025-08-26 22:00:17===> API : /api/billing/addBillingDetails ===> Message : newBooking() :: DB :: Invoked !
info: ===> TimeStamp : 2025-08-26 22:00:19===> API : /api/billing/addBillingDetails ===> Message : newBooking() :: DB :: Invoked !
info: ===> TimeStamp : 2025-08-26 22:00:19===> API : /api/billing/addBillingDetails ===> Message : newBooking() :: DB :: Invoked !
info: ===> TimeStamp : 2025-08-26 22:00:21===> API : /api/billing/addBillingDetails ===> Message : addBillingDetailsResponse() invoked!
info: ===> TimeStamp : 2025-08-26 22:00:21===> API : /api/billing/addBillingDetails ===> Message : addBillingDetailsResponse() completed
info: ===> TimeStamp : 2025-08-26 22:00:21===> API : null ===> Message : validateRequest() invoked
info: ===> TimeStamp : 2025-08-26 22:00:21===> API : null ===> Message : fetchDBSettings()
info: ===> TimeStamp : 2025-08-26 22:00:21===> API : null ===> Message : validateRequest() Invoked!
info: ===> TimeStamp : 2025-08-26 22:00:21===> API : null ===> Message : validRequest() :: Api validated Successfully
info: ===> TimeStamp : 2025-08-26 22:00:21===> API : /api/billing/updateItemDetailsBill ===> Message : updateItemDetailsBill() invoked!!
info: ===> TimeStamp : 2025-08-26 22:00:21===> API : /api/billing/updateItemDetailsBill ===> Message : updateItemDetailsBill() :: DB :: Invoked !
info: ===> TimeStamp : 2025-08-26 22:00:21===> API : /api/billing/updateItemDetailsBill ===> Message : updateItemDetailsBillResponse() invoked!
info: ===> TimeStamp : 2025-08-26 22:00:21===> API : /api/billing/updateItemDetailsBill ===> Message : updateItemDetailsBillResponse() completed
info: ===> TimeStamp : 2025-08-26 22:00:22===> API : null ===> Message : validateRequest() invoked
info: ===> TimeStamp : 2025-08-26 22:00:22===> API : null ===> Message : fetchDBSettings()
info: ===> TimeStamp : 2025-08-26 22:00:22===> API : null ===> Message : validateRequest() Invoked!
info: ===> TimeStamp : 2025-08-26 22:00:22===> API : null ===> Message : validRequest() :: Api validated Successfully
info: ===> TimeStamp : 2025-08-26 22:00:22===> API : /api/billing/uploadBillFile ===> Message : uploadBillFile() invoked!!
info: ===> TimeStamp : 2025-08-26 22:00:22===> API : /api/billing/uploadBillFile ===> Message : uploadBillFile() :: DB :: Invoked !
info: ===> TimeStamp : 2025-08-26 22:00:22===> API : /api/billing/uploadBillFile ===> Message : uploadBillFileResponse() invoked!
info: ===> TimeStamp : 2025-08-26 22:00:22===> API : /api/billing/uploadBillFile ===> Message : uploadBillFileResponse() completed
info: ===> TimeStamp : 2025-08-26 22:00:24===> API : null ===> Message : validateRequest() invoked
info: ===> TimeStamp : 2025-08-26 22:00:24===> API : null ===> Message : fetchDBSettings()
info: ===> TimeStamp : 2025-08-26 22:00:25===> API : null ===> Message : validateRequest() Invoked!
info: ===> TimeStamp : 2025-08-26 22:00:25===> API : null ===> Message : validRequest() :: Api validated Successfully
info: ===> TimeStamp : 2025-08-26 22:00:25===> API : /api/billing/uploadBillFile ===> Message : uploadBillFile() invoked!!
info: ===> TimeStamp : 2025-08-26 22:00:25===> API : /api/billing/uploadBillFile ===> Message : uploadBillFile() :: DB :: Invoked !
info: ===> TimeStamp : 2025-08-26 22:00:25===> API : /api/billing/uploadBillFile ===> Message : uploadBillFileResponse() invoked!
info: ===> TimeStamp : 2025-08-26 22:00:25===> API : /api/billing/uploadBillFile ===> Message : uploadBillFileResponse() completed
info: ===> TimeStamp : 2025-08-26 22:00:25===> API : null ===> Message : validateRequest() invoked
info: ===> TimeStamp : 2025-08-26 22:00:25===> API : null ===> Message : fetchDBSettings()
info: ===> TimeStamp : 2025-08-26 22:00:25===> API : null ===> Message : validateRequest() Invoked!
info: ===> TimeStamp : 2025-08-26 22:00:25===> API : null ===> Message : validRequest() :: Api validated Successfully
info: ===> TimeStamp : 2025-08-26 22:00:25===> API : /api/billing/sendBillMail ===> Message : sendBillMail() invoked!!
info: ===> TimeStamp : 2025-08-26 22:00:27===> API : null ===> Message : validateRequest() invoked
info: ===> TimeStamp : 2025-08-26 22:00:27===> API : null ===> Message : fetchDBSettings()
info: ===> TimeStamp : 2025-08-26 22:00:27===> API : null ===> Message : validateRequest() Invoked!
info: ===> TimeStamp : 2025-08-26 22:00:27===> API : null ===> Message : validRequest() :: Api validated Successfully
info: ===> TimeStamp : 2025-08-26 22:00:27===> API : /api/billing/uploadBillFile ===> Message : uploadBillFile() invoked!!
info: ===> TimeStamp : 2025-08-26 22:00:28===> API : /api/billing/uploadBillFile ===> Message : uploadBillFile() :: DB :: Invoked !
info: ===> TimeStamp : 2025-08-26 22:00:28===> API : /api/billing/uploadBillFile ===> Message : uploadBillFileResponse() invoked!
info: ===> TimeStamp : 2025-08-26 22:00:28===> API : /api/billing/uploadBillFile ===> Message : uploadBillFileResponse() completed
info: ===> TimeStamp : 2025-08-26 22:00:28===> API : null ===> Message : validateRequest() invoked
info: ===> TimeStamp : 2025-08-26 22:00:28===> API : null ===> Message : fetchDBSettings()
info: ===> TimeStamp : 2025-08-26 22:00:28===> API : null ===> Message : validateRequest() Invoked!
info: ===> TimeStamp : 2025-08-26 22:00:28===> API : null ===> Message : validRequest() :: Api validated Successfully
info: ===> TimeStamp : 2025-08-26 22:00:28===> API : /api/billing/sendBillMail ===> Message : sendBillMail() invoked!!
info: ===> TimeStamp : 2025-08-26 22:00:28===> API : /api/billing/sendBillMail ===> Message : notifySellers() :: Email sent :: Success :: 250 2.0.0 OK  1756225828 d9443c01a7336-2466877a079sm100829425ad.25 - gsmtp !
info: ===> TimeStamp : 2025-08-26 22:00:28===> API : /api/billing/sendBillMail ===> Message : sendBillMailResponse() invoked!
info: ===> TimeStamp : 2025-08-26 22:00:28===> API : /api/billing/sendBillMail ===> Message : sendBillMailResponse() completed
info: ===> TimeStamp : 2025-08-26 22:00:30===> API : /api/billing/sendBillMail ===> Message : notifySellers() :: Email sent :: Success :: 250 2.0.0 OK  1756225830 d9443c01a7336-2466886474csm99569855ad.76 - gsmtp !
info: ===> TimeStamp : 2025-08-26 22:00:30===> API : /api/billing/sendBillMail ===> Message : sendBillMailResponse() invoked!
info: ===> TimeStamp : 2025-08-26 22:00:30===> API : /api/billing/sendBillMail ===> Message : sendBillMailResponse() completed
info: ===> TimeStamp : 2025-08-26 22:00:33===> API : null ===> Message : validateRequest() invoked
info: ===> TimeStamp : 2025-08-26 22:00:33===> API : null ===> Message : fetchDBSettings()
info: ===> TimeStamp : 2025-08-26 22:00:33===> API : null ===> Message : validateRequest() Invoked!
info: ===> TimeStamp : 2025-08-26 22:00:33===> API : null ===> Message : validRequest() :: Api validated Successfully
info: ===> TimeStamp : 2025-08-26 22:00:33===> API : /api/billing/addBillingDetails ===> Message : addBillingDetails() invoked!!
info: ===> TimeStamp : 2025-08-26 22:00:33===> API : /api/billing/addBillingDetails ===> Message : getPackageItemDetails() :: DB :: Invoked !
info: ===> TimeStamp : 2025-08-26 22:00:33===> API : /api/billing/addBillingDetails ===> Message : newBooking() :: DB :: Invoked !
info: ===> TimeStamp : 2025-08-26 22:00:33===> API : /api/billing/addBillingDetails ===> Message : newBooking() :: DB :: Invoked !
info: ===> TimeStamp : 2025-08-26 22:00:34===> API : /api/billing/addBillingDetails ===> Message : newBooking() :: DB :: Invoked !
info: ===> TimeStamp : 2025-08-26 22:00:34===> API : /api/billing/addBillingDetails ===> Message : newBooking() :: DB :: Invoked !
info: ===> TimeStamp : 2025-08-26 22:00:35===> API : /api/billing/addBillingDetails ===> Message : addBillingDetailsResponse() invoked!
info: ===> TimeStamp : 2025-08-26 22:00:35===> API : /api/billing/addBillingDetails ===> Message : addBillingDetailsResponse() completed
info: ===> TimeStamp : 2025-08-26 22:00:35===> API : null ===> Message : validateRequest() invoked
info: ===> TimeStamp : 2025-08-26 22:00:35===> API : null ===> Message : fetchDBSettings()
info: ===> TimeStamp : 2025-08-26 22:00:35===> API : null ===> Message : validateRequest() Invoked!
info: ===> TimeStamp : 2025-08-26 22:00:36===> API : null ===> Message : validRequest() :: Api validated Successfully
info: ===> TimeStamp : 2025-08-26 22:00:36===> API : /api/billing/updateItemDetailsBill ===> Message : updateItemDetailsBill() invoked!!
info: ===> TimeStamp : 2025-08-26 22:00:36===> API : /api/billing/updateItemDetailsBill ===> Message : updateItemDetailsBill() :: DB :: Invoked !
info: ===> TimeStamp : 2025-08-26 22:00:36===> API : /api/billing/updateItemDetailsBill ===> Message : updateItemDetailsBillResponse() invoked!
info: ===> TimeStamp : 2025-08-26 22:00:36===> API : /api/billing/updateItemDetailsBill ===> Message : updateItemDetailsBillResponse() completed
info: ===> TimeStamp : 2025-08-26 22:00:40===> API : null ===> Message : validateRequest() invoked
info: ===> TimeStamp : 2025-08-26 22:00:40===> API : null ===> Message : fetchDBSettings()
info: ===> TimeStamp : 2025-08-26 22:00:40===> API : null ===> Message : validateRequest() Invoked!
info: ===> TimeStamp : 2025-08-26 22:00:40===> API : null ===> Message : validRequest() :: Api validated Successfully
info: ===> TimeStamp : 2025-08-26 22:00:40===> API : /api/billing/uploadBillFile ===> Message : uploadBillFile() invoked!!
info: ===> TimeStamp : 2025-08-26 22:00:41===> API : /api/billing/uploadBillFile ===> Message : uploadBillFile() :: DB :: Invoked !
info: ===> TimeStamp : 2025-08-26 22:00:41===> API : /api/billing/uploadBillFile ===> Message : uploadBillFileResponse() invoked!
info: ===> TimeStamp : 2025-08-26 22:00:41===> API : /api/billing/uploadBillFile ===> Message : uploadBillFileResponse() completed
info: ===> TimeStamp : 2025-08-26 22:00:50===> API : null ===> Message : validateRequest() invoked
info: ===> TimeStamp : 2025-08-26 22:00:50===> API : null ===> Message : fetchDBSettings()
info: ===> TimeStamp : 2025-08-26 22:00:50===> API : null ===> Message : validateRequest() Invoked!
info: ===> TimeStamp : 2025-08-26 22:00:50===> API : null ===> Message : validRequest() :: Api validated Successfully
info: ===> TimeStamp : 2025-08-26 22:00:50===> API : /api/billing/uploadBillFile ===> Message : uploadBillFile() invoked!!
info: ===> TimeStamp : 2025-08-26 22:00:50===> API : /api/billing/uploadBillFile ===> Message : uploadBillFile() :: DB :: Invoked !
info: ===> TimeStamp : 2025-08-26 22:00:50===> API : /api/billing/uploadBillFile ===> Message : uploadBillFileResponse() invoked!
info: ===> TimeStamp : 2025-08-26 22:00:50===> API : /api/billing/uploadBillFile ===> Message : uploadBillFileResponse() completed
info: ===> TimeStamp : 2025-08-26 22:00:51===> API : null ===> Message : validateRequest() invoked
info: ===> TimeStamp : 2025-08-26 22:00:51===> API : null ===> Message : fetchDBSettings()
info: ===> TimeStamp : 2025-08-26 22:00:51===> API : null ===> Message : validateRequest() Invoked!
info: ===> TimeStamp : 2025-08-26 22:00:51===> API : null ===> Message : validRequest() :: Api validated Successfully
info: ===> TimeStamp : 2025-08-26 22:00:51===> API : /api/billing/uploadBillFile ===> Message : uploadBillFile() invoked!!
info: ===> TimeStamp : 2025-08-26 22:00:51===> API : /api/billing/uploadBillFile ===> Message : uploadBillFile() :: DB :: Invoked !
info: ===> TimeStamp : 2025-08-26 22:00:51===> API : /api/billing/uploadBillFile ===> Message : uploadBillFileResponse() invoked!
info: ===> TimeStamp : 2025-08-26 22:00:51===> API : /api/billing/uploadBillFile ===> Message : uploadBillFileResponse() completed
info: ===> TimeStamp : 2025-08-26 22:00:52===> API : null ===> Message : validateRequest() invoked
info: ===> TimeStamp : 2025-08-26 22:00:52===> API : null ===> Message : fetchDBSettings()
info: ===> TimeStamp : 2025-08-26 22:00:52===> API : null ===> Message : validateRequest() Invoked!
info: ===> TimeStamp : 2025-08-26 22:00:52===> API : null ===> Message : validRequest() :: Api validated Successfully
info: ===> TimeStamp : 2025-08-26 22:00:52===> API : /api/billing/sendBillMail ===> Message : sendBillMail() invoked!!
info: ===> TimeStamp : 2025-08-26 22:00:55===> API : /api/billing/sendBillMail ===> Message : notifySellers() :: Email sent :: Success :: 250 2.0.0 OK  1756225855 d2e1a72fcca58-771f4072ac4sm3275528b3a.34 - gsmtp !
info: ===> TimeStamp : 2025-08-26 22:00:55===> API : /api/billing/sendBillMail ===> Message : sendBillMailResponse() invoked!
info: ===> TimeStamp : 2025-08-26 22:00:55===> API : /api/billing/sendBillMail ===> Message : sendBillMailResponse() completed
info: ===> TimeStamp : 2025-08-26 22:01:00===> API : null ===> Message : validateRequest() invoked
info: ===> TimeStamp : 2025-08-26 22:01:00===> API : null ===> Message : fetchDBSettings()
info: ===> TimeStamp : 2025-08-26 22:01:00===> API : null ===> Message : validateRequest() Invoked!
info: ===> TimeStamp : 2025-08-26 22:01:00===> API : null ===> Message : validRequest() :: Api validated Successfully
info: ===> TimeStamp : 2025-08-26 22:01:00===> API : /api/billing/sendBillMail ===> Message : sendBillMail() invoked!!
info: ===> TimeStamp : 2025-08-26 22:01:01===> API : null ===> Message : validateRequest() invoked
info: ===> TimeStamp : 2025-08-26 22:01:01===> API : null ===> Message : fetchDBSettings()
info: ===> TimeStamp : 2025-08-26 22:01:01===> API : null ===> Message : validateRequest() Invoked!
info: ===> TimeStamp : 2025-08-26 22:01:01===> API : null ===> Message : validRequest() :: Api validated Successfully
info: ===> TimeStamp : 2025-08-26 22:01:01===> API : /api/billing/uploadBillFile ===> Message : uploadBillFile() invoked!!
info: ===> TimeStamp : 2025-08-26 22:01:01===> API : /api/billing/uploadBillFile ===> Message : uploadBillFile() :: DB :: Invoked !
info: ===> TimeStamp : 2025-08-26 22:01:01===> API : /api/billing/uploadBillFile ===> Message : uploadBillFileResponse() invoked!
info: ===> TimeStamp : 2025-08-26 22:01:01===> API : /api/billing/uploadBillFile ===> Message : uploadBillFileResponse() completed
info: ===> TimeStamp : 2025-08-26 22:01:01===> API : null ===> Message : validateRequest() invoked
info: ===> TimeStamp : 2025-08-26 22:01:01===> API : null ===> Message : fetchDBSettings()
info: ===> TimeStamp : 2025-08-26 22:01:01===> API : null ===> Message : validateRequest() Invoked!
info: ===> TimeStamp : 2025-08-26 22:01:01===> API : null ===> Message : validRequest() :: Api validated Successfully
info: ===> TimeStamp : 2025-08-26 22:01:01===> API : /api/billing/uploadBillFile ===> Message : uploadBillFile() invoked!!
info: ===> TimeStamp : 2025-08-26 22:01:02===> API : /api/billing/uploadBillFile ===> Message : uploadBillFile() :: DB :: Invoked !
info: ===> TimeStamp : 2025-08-26 22:01:02===> API : /api/billing/uploadBillFile ===> Message : uploadBillFileResponse() invoked!
info: ===> TimeStamp : 2025-08-26 22:01:02===> API : /api/billing/uploadBillFile ===> Message : uploadBillFileResponse() completed
info: ===> TimeStamp : 2025-08-26 22:01:03===> API : /api/billing/sendBillMail ===> Message : notifySellers() :: Email sent :: Success :: 250 2.0.0 OK  1756225863 d9443c01a7336-2466887fc80sm100806965ad.124 - gsmtp !
info: ===> TimeStamp : 2025-08-26 22:01:03===> API : /api/billing/sendBillMail ===> Message : sendBillMailResponse() invoked!
info: ===> TimeStamp : 2025-08-26 22:01:03===> API : /api/billing/sendBillMail ===> Message : sendBillMailResponse() completed
info: ===> TimeStamp : 2025-08-26 22:01:03===> API : null ===> Message : validateRequest() invoked
info: ===> TimeStamp : 2025-08-26 22:01:03===> API : null ===> Message : fetchDBSettings()
info: ===> TimeStamp : 2025-08-26 22:01:03===> API : null ===> Message : validateRequest() Invoked!
info: ===> TimeStamp : 2025-08-26 22:01:03===> API : null ===> Message : validRequest() :: Api validated Successfully
info: ===> TimeStamp : 2025-08-26 22:01:03===> API : /api/billing/sendBillMail ===> Message : sendBillMail() invoked!!
info: ===> TimeStamp : 2025-08-26 22:01:06===> API : /api/billing/sendBillMail ===> Message : notifySellers() :: Email sent :: Success :: 250 2.0.0 OK  1756225866 d9443c01a7336-246687b0b04sm100473505ad.44 - gsmtp !
info: ===> TimeStamp : 2025-08-26 22:01:06===> API : /api/billing/sendBillMail ===> Message : sendBillMailResponse() invoked!
info: ===> TimeStamp : 2025-08-26 22:01:06===> API : /api/billing/sendBillMail ===> Message : sendBillMailResponse() completed
info: ===> TimeStamp : 2025-08-26 22:01:08===> API : null ===> Message : validateRequest() invoked
info: ===> TimeStamp : 2025-08-26 22:01:08===> API : null ===> Message : fetchDBSettings()
info: ===> TimeStamp : 2025-08-26 22:01:08===> API : null ===> Message : validateRequest() Invoked!
info: ===> TimeStamp : 2025-08-26 22:01:08===> API : null ===> Message : validRequest() :: Api validated Successfully
info: ===> TimeStamp : 2025-08-26 22:01:08===> API : /api/billing/sendBillMail ===> Message : sendBillMail() invoked!!
info: ===> TimeStamp : 2025-08-26 22:01:09===> API : null ===> Message : validateRequest() invoked
info: ===> TimeStamp : 2025-08-26 22:01:09===> API : null ===> Message : fetchDBSettings()
info: ===> TimeStamp : 2025-08-26 22:01:09===> API : null ===> Message : validateRequest() Invoked!
info: ===> TimeStamp : 2025-08-26 22:01:09===> API : null ===> Message : validRequest() :: Api validated Successfully
info: ===> TimeStamp : 2025-08-26 22:01:09===> API : /api/billing/uploadBillFile ===> Message : uploadBillFile() invoked!!
info: ===> TimeStamp : 2025-08-26 22:01:09===> API : /api/billing/uploadBillFile ===> Message : uploadBillFile() :: DB :: Invoked !
info: ===> TimeStamp : 2025-08-26 22:01:09===> API : /api/billing/uploadBillFile ===> Message : uploadBillFileResponse() invoked!
info: ===> TimeStamp : 2025-08-26 22:01:09===> API : /api/billing/uploadBillFile ===> Message : uploadBillFileResponse() completed
info: ===> TimeStamp : 2025-08-26 22:01:09===> API : null ===> Message : validateRequest() invoked
info: ===> TimeStamp : 2025-08-26 22:01:09===> API : null ===> Message : fetchDBSettings()
info: ===> TimeStamp : 2025-08-26 22:01:09===> API : null ===> Message : validateRequest() Invoked!
info: ===> TimeStamp : 2025-08-26 22:01:09===> API : null ===> Message : validRequest() :: Api validated Successfully
info: ===> TimeStamp : 2025-08-26 22:01:09===> API : /api/billing/sendBillMail ===> Message : sendBillMail() invoked!!
info: ===> TimeStamp : 2025-08-26 22:01:11===> API : /api/billing/sendBillMail ===> Message : notifySellers() :: Email sent :: Success :: 250 2.0.0 OK  1756225871 d9443c01a7336-24668660c3bsm100111555ad.0 - gsmtp !
info: ===> TimeStamp : 2025-08-26 22:01:11===> API : /api/billing/sendBillMail ===> Message : sendBillMailResponse() invoked!
info: ===> TimeStamp : 2025-08-26 22:01:11===> API : /api/billing/sendBillMail ===> Message : sendBillMailResponse() completed
info: ===> TimeStamp : 2025-08-26 22:01:12===> API : /api/billing/sendBillMail ===> Message : notifySellers() :: Email sent :: Success :: 250 2.0.0 OK  1756225872 d2e1a72fcca58-770401ecc51sm11110109b3a.75 - gsmtp !
info: ===> TimeStamp : 2025-08-26 22:01:12===> API : /api/billing/sendBillMail ===> Message : sendBillMailResponse() invoked!
info: ===> TimeStamp : 2025-08-26 22:01:12===> API : /api/billing/sendBillMail ===> Message : sendBillMailResponse() completed
info: ===> TimeStamp : 2025-08-26 22:01:50===> API : null ===> Message : validateRequest() invoked
info: ===> TimeStamp : 2025-08-26 22:01:50===> API : null ===> Message : fetchDBSettings()
info: ===> TimeStamp : 2025-08-26 22:01:50===> API : null ===> Message : validateRequest() invoked
info: ===> TimeStamp : 2025-08-26 22:01:50===> API : null ===> Message : fetchDBSettings()
info: ===> TimeStamp : 2025-08-26 22:01:50===> API : null ===> Message : validateRequest() invoked
info: ===> TimeStamp : 2025-08-26 22:01:50===> API : null ===> Message : fetchDBSettings()
info: ===> TimeStamp : 2025-08-26 22:01:50===> API : null ===> Message : validateRequest() Invoked!
info: ===> TimeStamp : 2025-08-26 22:01:50===> API : null ===> Message : validateRequest() Invoked!
info: ===> TimeStamp : 2025-08-26 22:01:50===> API : null ===> Message : validateRequest() invoked
info: ===> TimeStamp : 2025-08-26 22:01:50===> API : null ===> Message : fetchDBSettings()
info: ===> TimeStamp : 2025-08-26 22:01:50===> API : null ===> Message : validateRequest() Invoked!
info: ===> TimeStamp : 2025-08-26 22:01:50===> API : null ===> Message : validateRequest() Invoked!
info: ===> TimeStamp : 2025-08-26 22:01:50===> API : null ===> Message : validRequest() :: Api validated Successfully
info: ===> TimeStamp : 2025-08-26 22:01:50===> API : /api/billing/fetchVoidBill ===> Message : fetchVoidBill() invoked!!
info: ===> TimeStamp : 2025-08-26 22:01:50===> API : /api/billing/fetchVoidBill ===> Message : fetchVoidBill() :: DB :: Invoked !
info: ===> TimeStamp : 2025-08-26 22:01:50===> API : null ===> Message : validRequest() :: Api validated Successfully
info: ===> TimeStamp : 2025-08-26 22:01:50===> API : /api/billing/getBillingDetails?billId=0&userId=0&billingDate=2025-08-26&shiftId=0&isBookingWebsite=0&futureDate=&fromDate=&toDate= ===> Message : getBillingDetails() invoked!!
info: ===> TimeStamp : 2025-08-26 22:01:50===> API : /api/billing/getBillingDetails?billId=0&userId=0&billingDate=2025-08-26&shiftId=0&isBookingWebsite=0&futureDate=&fromDate=&toDate= ===> Message : getBilliDetailsByBillDate() :: DB :: Invoked !
info: ===> TimeStamp : 2025-08-26 22:01:51===> API : /api/billing/getBillingDetails?billId=0&userId=0&billingDate=2025-08-26&shiftId=0&isBookingWebsite=0&futureDate=&fromDate=&toDate= ===> Message : getBillingDetailsResponse() invoked!
info: ===> TimeStamp : 2025-08-26 22:01:51===> API : /api/billing/getBillingDetails?billId=0&userId=0&billingDate=2025-08-26&shiftId=0&isBookingWebsite=0&futureDate=&fromDate=&toDate= ===> Message : getBillingDetailsResponse() completed
info: ===> TimeStamp : 2025-08-26 22:01:51===> API : null ===> Message : validRequest() :: Api validated Successfully
info: ===> TimeStamp : 2025-08-26 22:01:51===> API : /api/billing/noShowGuestList ===> Message : noShowGuestList() invoked!!
info: ===> TimeStamp : 2025-08-26 22:01:51===> API : /api/billing/noShowGuestList ===> Message : noShowGuestList() :: DB :: Invoked !
info: ===> TimeStamp : 2025-08-26 22:01:51===> API : null ===> Message : validRequest() :: Api validated Successfully
info: ===> TimeStamp : 2025-08-26 22:01:51===> API : /api/billing/getBillingDetails?billId=0&userId=0&billingDate=2025-08-26&shiftId=0&isBookingWebsite=0&futureDate=2025-08-26&fromDate=&toDate= ===> Message : getBillingDetails() invoked!!
info: ===> TimeStamp : 2025-08-26 22:01:51===> API : null ===> Message : validateRequest() invoked
info: ===> TimeStamp : 2025-08-26 22:01:51===> API : null ===> Message : fetchDBSettings()
info: ===> TimeStamp : 2025-08-26 22:01:51===> API : null ===> Message : validateRequest() Invoked!
info: ===> TimeStamp : 2025-08-26 22:01:51===> API : null ===> Message : validRequest() :: Api validated Successfully
info: ===> TimeStamp : 2025-08-26 22:01:51===> API : /api/billing/getBillingDetails?billId=0&userId=0&billingDate=2025-08-26&shiftId=0&isBookingWebsite=0&futureDate=&fromDate=&toDate= ===> Message : getBillingDetails() invoked!!
info: ===> TimeStamp : 2025-08-26 22:01:51===> API : /api/billing/getBillingDetails?billId=0&userId=0&billingDate=2025-08-26&shiftId=0&isBookingWebsite=0&futureDate=&fromDate=&toDate= ===> Message : getBilliDetailsByBillDate() :: DB :: Invoked !
info: ===> TimeStamp : 2025-08-26 22:01:51===> API : /api/billing/getBillingDetails?billId=0&userId=0&billingDate=2025-08-26&shiftId=0&isBookingWebsite=0&futureDate=&fromDate=&toDate= ===> Message : getBillingDetailsResponse() invoked!
info: ===> TimeStamp : 2025-08-26 22:01:51===> API : /api/billing/getBillingDetails?billId=0&userId=0&billingDate=2025-08-26&shiftId=0&isBookingWebsite=0&futureDate=&fromDate=&toDate= ===> Message : getBillingDetailsResponse() completed
info: ===> TimeStamp : 2025-08-26 22:01:52===> API : /api/billing/fetchVoidBill ===> Message : fetchVoidBillResponse() invoked!
info: ===> TimeStamp : 2025-08-26 22:01:52===> API : /api/billing/fetchVoidBill ===> Message : fetchVoidBillResponse() completed
info: ===> TimeStamp : 2025-08-26 22:01:52===> API : /api/billing/noShowGuestList ===> Message : noShowGuestListResponse() invoked!
info: ===> TimeStamp : 2025-08-26 22:01:52===> API : /api/billing/noShowGuestList ===> Message : noShowGuestListResponse() completed
info: ===> TimeStamp : 2025-08-26 22:01:52===> API : null ===> Message : validateRequest() invoked
info: ===> TimeStamp : 2025-08-26 22:01:52===> API : null ===> Message : fetchDBSettings()
info: ===> TimeStamp : 2025-08-26 22:01:52===> API : null ===> Message : validateRequest() Invoked!
info: ===> TimeStamp : 2025-08-26 22:01:52===> API : null ===> Message : validateRequest() invoked
info: ===> TimeStamp : 2025-08-26 22:01:52===> API : null ===> Message : fetchDBSettings()
info: ===> TimeStamp : 2025-08-26 22:01:52===> API : null ===> Message : validateRequest() Invoked!
info: ===> TimeStamp : 2025-08-26 22:01:52===> API : null ===> Message : validRequest() :: Api validated Successfully
info: ===> TimeStamp : 2025-08-26 22:01:52===> API : /api/billing/getBillingDetails?billId=0&userId=0&billingDate=2025-08-26&shiftId=0&isBookingWebsite=0&futureDate=&fromDate=&toDate= ===> Message : getBillingDetails() invoked!!
info: ===> TimeStamp : 2025-08-26 22:01:52===> API : /api/billing/getBillingDetails?billId=0&userId=0&billingDate=2025-08-26&shiftId=0&isBookingWebsite=0&futureDate=&fromDate=&toDate= ===> Message : getBilliDetailsByBillDate() :: DB :: Invoked !
info: ===> TimeStamp : 2025-08-26 22:01:52===> API : null ===> Message : validRequest() :: Api validated Successfully
info: ===> TimeStamp : 2025-08-26 22:01:52===> API : /api/billing/noShowGuestList ===> Message : noShowGuestList() invoked!!
info: ===> TimeStamp : 2025-08-26 22:01:52===> API : /api/billing/noShowGuestList ===> Message : noShowGuestList() :: DB :: Invoked !
info: ===> TimeStamp : 2025-08-26 22:01:52===> API : /api/billing/getBillingDetails?billId=0&userId=0&billingDate=2025-08-26&shiftId=0&isBookingWebsite=0&futureDate=&fromDate=&toDate= ===> Message : getBillingDetailsResponse() invoked!
info: ===> TimeStamp : 2025-08-26 22:01:52===> API : /api/billing/getBillingDetails?billId=0&userId=0&billingDate=2025-08-26&shiftId=0&isBookingWebsite=0&futureDate=&fromDate=&toDate= ===> Message : getBillingDetailsResponse() completed
info: ===> TimeStamp : 2025-08-26 22:01:52===> API : /api/billing/noShowGuestList ===> Message : noShowGuestListResponse() invoked!
info: ===> TimeStamp : 2025-08-26 22:01:52===> API : /api/billing/noShowGuestList ===> Message : noShowGuestListResponse() completed
info: ===> TimeStamp : 2025-08-26 22:01:53===> API : null ===> Message : validateRequest() invoked
info: ===> TimeStamp : 2025-08-26 22:01:53===> API : null ===> Message : fetchDBSettings()
info: ===> TimeStamp : 2025-08-26 22:01:53===> API : null ===> Message : validateRequest() Invoked!
info: ===> TimeStamp : 2025-08-26 22:01:53===> API : null ===> Message : validRequest() :: Api validated Successfully
info: ===> TimeStamp : 2025-08-26 22:01:53===> API : /api/billing/getBillingDetails?billId=0&userId=0&billingDate=2025-08-26&shiftId=2&isBookingWebsite=0&futureDate=&fromDate=&toDate= ===> Message : getBillingDetails() invoked!!
info: ===> TimeStamp : 2025-08-26 22:01:53===> API : /api/billing/getBillingDetails?billId=0&userId=0&billingDate=2025-08-26&shiftId=2&isBookingWebsite=0&futureDate=&fromDate=&toDate= ===> Message : getBilliDetailsByShift() :: DB :: Invoked !
info: ===> TimeStamp : 2025-08-26 22:01:53===> API : /api/billing/getBillingDetails?billId=0&userId=0&billingDate=2025-08-26&shiftId=2&isBookingWebsite=0&futureDate=&fromDate=&toDate= ===> Message : getBillingDetailsResponse() invoked!
info: ===> TimeStamp : 2025-08-26 22:01:53===> API : /api/billing/getBillingDetails?billId=0&userId=0&billingDate=2025-08-26&shiftId=2&isBookingWebsite=0&futureDate=&fromDate=&toDate= ===> Message : getBillingDetailsResponse() completed
info: ===> TimeStamp : 2025-08-26 22:01:54===> API : null ===> Message : validateRequest() invoked
info: ===> TimeStamp : 2025-08-26 22:01:54===> API : null ===> Message : fetchDBSettings()
info: ===> TimeStamp : 2025-08-26 22:01:54===> API : null ===> Message : validateRequest() Invoked!
info: ===> TimeStamp : 2025-08-26 22:01:54===> API : null ===> Message : validRequest() :: Api validated Successfully
info: ===> TimeStamp : 2025-08-26 22:01:54===> API : /api/billing/generateCSVReport ===> Message : generateReports() invoked!!
info: ===> TimeStamp : 2025-08-26 22:01:54===> API : /api/billing/generateCSVReport ===> Message : generateReportsByShift() :: DB :: Invoked !
info: ===> TimeStamp : 2025-08-26 22:01:54===> API : /api/billing/generateCSVReport ===> Message : uploadReportFile() :: DB :: Invoked !
info: ===> TimeStamp : 2025-08-26 22:01:54===> API : /api/billing/generateCSVReport ===> Message : generateReportsResponse() invoked!
info: ===> TimeStamp : 2025-08-26 22:01:54===> API : /api/billing/generateCSVReport ===> Message : generateReportsResponse() completed
info: ===> TimeStamp : 2025-08-26 22:02:12===> API : null ===> Message : validateRequest() invoked
info: ===> TimeStamp : 2025-08-26 22:02:12===> API : null ===> Message : fetchDBSettings()
info: ===> TimeStamp : 2025-08-26 22:02:12===> API : null ===> Message : validateRequest() Invoked!
info: ===> TimeStamp : 2025-08-26 22:02:12===> API : null ===> Message : validRequest() :: Api validated Successfully
info: ===> TimeStamp : 2025-08-26 22:02:12===> API : /api/billing/getBillingDetails?billId=0&userId=0&billingDate=2025-08-26&shiftId=0&isBookingWebsite=0&futureDate=2025-08-26&fromDate=&toDate= ===> Message : getBillingDetails() invoked!!
info: ===> TimeStamp : 2025-08-26 22:05:36===> API : null ===> Message : validateRequest() invoked
info: ===> TimeStamp : 2025-08-26 22:05:36===> API : null ===> Message : fetchDBSettings()
info: ===> TimeStamp : 2025-08-26 22:05:36===> API : null ===> Message : validateRequest() Invoked!
info: ===> TimeStamp : 2025-08-26 22:05:36===> API : null ===> Message : validRequest() :: Api validated Successfully
info: ===> TimeStamp : 2025-08-26 22:05:36===> API : /api/billing/updateItemDetailsBill ===> Message : updateItemDetailsBill() invoked!!
info: ===> TimeStamp : 2025-08-26 22:05:36===> API : /api/billing/updateItemDetailsBill ===> Message : updateItemDetailsBill() :: DB :: Invoked !
info: ===> TimeStamp : 2025-08-26 22:05:36===> API : /api/billing/updateItemDetailsBill ===> Message : updateItemDetailsBillResponse() invoked!
info: ===> TimeStamp : 2025-08-26 22:05:36===> API : /api/billing/updateItemDetailsBill ===> Message : updateItemDetailsBillResponse() completed
info: ===> TimeStamp : 2025-08-26 22:05:42===> API : null ===> Message : validateRequest() invoked
info: ===> TimeStamp : 2025-08-26 22:05:42===> API : null ===> Message : fetchDBSettings()
info: ===> TimeStamp : 2025-08-26 22:05:42===> API : null ===> Message : validateRequest() Invoked!
info: ===> TimeStamp : 2025-08-26 22:05:42===> API : null ===> Message : validRequest() :: Api validated Successfully
info: ===> TimeStamp : 2025-08-26 22:05:42===> API : /api/billing/uploadBillFile ===> Message : uploadBillFile() invoked!!
info: ===> TimeStamp : 2025-08-26 22:05:42===> API : /api/billing/uploadBillFile ===> Message : uploadBillFile() :: DB :: Invoked !
info: ===> TimeStamp : 2025-08-26 22:05:42===> API : /api/billing/uploadBillFile ===> Message : uploadBillFileResponse() invoked!
info: ===> TimeStamp : 2025-08-26 22:05:42===> API : /api/billing/uploadBillFile ===> Message : uploadBillFileResponse() completed
info: ===> TimeStamp : 2025-08-26 22:07:32===> API : null ===> Message : validateRequest() invoked
info: ===> TimeStamp : 2025-08-26 22:07:32===> API : null ===> Message : fetchDBSettings()
info: ===> TimeStamp : 2025-08-26 22:07:32===> API : null ===> Message : validateRequest() Invoked!
info: ===> TimeStamp : 2025-08-26 22:07:32===> API : null ===> Message : validRequest() :: Api validated Successfully
info: ===> TimeStamp : 2025-08-26 22:07:32===> API : /api/billing/cashierReportShiftWise?date=2025-08-26&shiftId=2&reportTypeId=7 ===> Message : cashierReportShiftWise() invoked!!
info: ===> TimeStamp : 2025-08-26 22:07:32===> API : /api/billing/cashierReportShiftWise?date=2025-08-26&shiftId=2&reportTypeId=7 ===> Message : cashierReportShiftWise() :: DB :: Invoked !
info: ===> TimeStamp : 2025-08-26 22:07:32===> API : /api/billing/cashierReportShiftWise?date=2025-08-26&shiftId=2&reportTypeId=7 ===> Message : uploadReportFile() :: DB :: Invoked !
info: ===> TimeStamp : 2025-08-26 22:07:32===> API : /api/billing/cashierReportShiftWise?date=2025-08-26&shiftId=2&reportTypeId=7 ===> Message : cashierReportShiftWiseResponse() invoked!
info: ===> TimeStamp : 2025-08-26 22:07:32===> API : /api/billing/cashierReportShiftWise?date=2025-08-26&shiftId=2&reportTypeId=7 ===> Message : cashierReportShiftWiseResponse() completed
info: ===> TimeStamp : 2025-08-26 22:10:24===> API : null ===> Message : validateRequest() invoked
info: ===> TimeStamp : 2025-08-26 22:10:24===> API : null ===> Message : fetchDBSettings()
info: ===> TimeStamp : 2025-08-26 22:10:24===> API : null ===> Message : validateRequest() Invoked!
info: ===> TimeStamp : 2025-08-26 22:10:24===> API : null ===> Message : validRequest() :: Api validated Successfully
info: ===> TimeStamp : 2025-08-26 22:10:24===> API : /api/billing/addBillingDetails ===> Message : addBillingDetails() invoked!!
info: ===> TimeStamp : 2025-08-26 22:10:24===> API : /api/billing/addBillingDetails ===> Message : getPackageItemDetails() :: DB :: Invoked !
info: ===> TimeStamp : 2025-08-26 22:10:24===> API : /api/billing/addBillingDetails ===> Message : newBooking() :: DB :: Invoked !
info: ===> TimeStamp : 2025-08-26 22:10:24===> API : /api/billing/addBillingDetails ===> Message : newBooking() :: DB :: Invoked !
info: ===> TimeStamp : 2025-08-26 22:10:26===> API : /api/billing/addBillingDetails ===> Message : newBooking() :: DB :: Invoked !
info: ===> TimeStamp : 2025-08-26 22:10:26===> API : /api/billing/addBillingDetails ===> Message : newBooking() :: DB :: Invoked !
info: ===> TimeStamp : 2025-08-26 22:10:27===> API : /api/billing/addBillingDetails ===> Message : addBillingDetailsResponse() invoked!
info: ===> TimeStamp : 2025-08-26 22:10:27===> API : /api/billing/addBillingDetails ===> Message : addBillingDetailsResponse() completed
info: ===> TimeStamp : 2025-08-26 22:10:27===> API : null ===> Message : validateRequest() invoked
info: ===> TimeStamp : 2025-08-26 22:10:27===> API : null ===> Message : fetchDBSettings()
info: ===> TimeStamp : 2025-08-26 22:10:27===> API : null ===> Message : validateRequest() Invoked!
info: ===> TimeStamp : 2025-08-26 22:10:27===> API : null ===> Message : validRequest() :: Api validated Successfully
info: ===> TimeStamp : 2025-08-26 22:10:27===> API : /api/billing/updateItemDetailsBill ===> Message : updateItemDetailsBill() invoked!!
info: ===> TimeStamp : 2025-08-26 22:10:27===> API : /api/billing/updateItemDetailsBill ===> Message : updateItemDetailsBill() :: DB :: Invoked !
info: ===> TimeStamp : 2025-08-26 22:10:27===> API : /api/billing/updateItemDetailsBill ===> Message : updateItemDetailsBillResponse() invoked!
info: ===> TimeStamp : 2025-08-26 22:10:27===> API : /api/billing/updateItemDetailsBill ===> Message : updateItemDetailsBillResponse() completed
info: ===> TimeStamp : 2025-08-26 22:10:29===> API : null ===> Message : validateRequest() invoked
info: ===> TimeStamp : 2025-08-26 22:10:29===> API : null ===> Message : fetchDBSettings()
info: ===> TimeStamp : 2025-08-26 22:10:29===> API : null ===> Message : validateRequest() Invoked!
info: ===> TimeStamp : 2025-08-26 22:10:29===> API : null ===> Message : validRequest() :: Api validated Successfully
info: ===> TimeStamp : 2025-08-26 22:10:29===> API : /api/billing/uploadBillFile ===> Message : uploadBillFile() invoked!!
info: ===> TimeStamp : 2025-08-26 22:10:29===> API : /api/billing/uploadBillFile ===> Message : uploadBillFile() :: DB :: Invoked !
info: ===> TimeStamp : 2025-08-26 22:10:29===> API : /api/billing/uploadBillFile ===> Message : uploadBillFileResponse() invoked!
info: ===> TimeStamp : 2025-08-26 22:10:29===> API : /api/billing/uploadBillFile ===> Message : uploadBillFileResponse() completed
info: ===> TimeStamp : 2025-08-26 22:10:33===> API : null ===> Message : validateRequest() invoked
info: ===> TimeStamp : 2025-08-26 22:10:33===> API : null ===> Message : fetchDBSettings()
info: ===> TimeStamp : 2025-08-26 22:10:33===> API : null ===> Message : validateRequest() Invoked!
info: ===> TimeStamp : 2025-08-26 22:10:33===> API : null ===> Message : validRequest() :: Api validated Successfully
info: ===> TimeStamp : 2025-08-26 22:10:33===> API : /api/billing/uploadBillFile ===> Message : uploadBillFile() invoked!!
info: ===> TimeStamp : 2025-08-26 22:10:33===> API : /api/billing/uploadBillFile ===> Message : uploadBillFile() :: DB :: Invoked !
info: ===> TimeStamp : 2025-08-26 22:10:33===> API : /api/billing/uploadBillFile ===> Message : uploadBillFileResponse() invoked!
info: ===> TimeStamp : 2025-08-26 22:10:33===> API : /api/billing/uploadBillFile ===> Message : uploadBillFileResponse() completed
info: ===> TimeStamp : 2025-08-26 22:10:33===> API : null ===> Message : validateRequest() invoked
info: ===> TimeStamp : 2025-08-26 22:10:33===> API : null ===> Message : fetchDBSettings()
info: ===> TimeStamp : 2025-08-26 22:10:33===> API : null ===> Message : validateRequest() Invoked!
info: ===> TimeStamp : 2025-08-26 22:10:33===> API : null ===> Message : validRequest() :: Api validated Successfully
info: ===> TimeStamp : 2025-08-26 22:10:33===> API : /api/billing/sendBillMail ===> Message : sendBillMail() invoked!!
info: ===> TimeStamp : 2025-08-26 22:10:37===> API : /api/billing/sendBillMail ===> Message : notifySellers() :: Email sent :: Success :: 250 2.0.0 OK  1756226437 98e67ed59e1d1-3276aed6b14sm7398a91.18 - gsmtp !
info: ===> TimeStamp : 2025-08-26 22:10:37===> API : /api/billing/sendBillMail ===> Message : sendBillMailResponse() invoked!
info: ===> TimeStamp : 2025-08-26 22:10:37===> API : /api/billing/sendBillMail ===> Message : sendBillMailResponse() completed
info: ===> TimeStamp : 2025-08-26 22:10:38===> API : null ===> Message : validateRequest() invoked
info: ===> TimeStamp : 2025-08-26 22:10:38===> API : null ===> Message : fetchDBSettings()
info: ===> TimeStamp : 2025-08-26 22:10:38===> API : null ===> Message : validateRequest() Invoked!
info: ===> TimeStamp : 2025-08-26 22:10:38===> API : null ===> Message : validRequest() :: Api validated Successfully
info: ===> TimeStamp : 2025-08-26 22:10:38===> API : /api/billing/uploadBillFile ===> Message : uploadBillFile() invoked!!
info: ===> TimeStamp : 2025-08-26 22:10:38===> API : /api/billing/uploadBillFile ===> Message : uploadBillFile() :: DB :: Invoked !
info: ===> TimeStamp : 2025-08-26 22:10:38===> API : /api/billing/uploadBillFile ===> Message : uploadBillFileResponse() invoked!
info: ===> TimeStamp : 2025-08-26 22:10:38===> API : /api/billing/uploadBillFile ===> Message : uploadBillFileResponse() completed
info: ===> TimeStamp : 2025-08-26 22:10:38===> API : null ===> Message : validateRequest() invoked
info: ===> TimeStamp : 2025-08-26 22:10:38===> API : null ===> Message : fetchDBSettings()
info: ===> TimeStamp : 2025-08-26 22:10:38===> API : null ===> Message : validateRequest() Invoked!
info: ===> TimeStamp : 2025-08-26 22:10:38===> API : null ===> Message : validRequest() :: Api validated Successfully
info: ===> TimeStamp : 2025-08-26 22:10:38===> API : /api/billing/sendBillMail ===> Message : sendBillMail() invoked!!
info: ===> TimeStamp : 2025-08-26 22:10:41===> API : /api/billing/sendBillMail ===> Message : notifySellers() :: Email sent :: Success :: 250 2.0.0 OK  1756226440 d2e1a72fcca58-771ecfd76f3sm4645827b3a.63 - gsmtp !
info: ===> TimeStamp : 2025-08-26 22:10:41===> API : /api/billing/sendBillMail ===> Message : sendBillMailResponse() invoked!
info: ===> TimeStamp : 2025-08-26 22:10:41===> API : /api/billing/sendBillMail ===> Message : sendBillMailResponse() completed
info: ===> TimeStamp : 2025-08-26 22:19:38===> API : null ===> Message : validateRequest() invoked
info: ===> TimeStamp : 2025-08-26 22:19:38===> API : null ===> Message : fetchDBSettings()
info: ===> TimeStamp : 2025-08-26 22:19:38===> API : null ===> Message : validateRequest() invoked
info: ===> TimeStamp : 2025-08-26 22:19:38===> API : null ===> Message : fetchDBSettings()
info: ===> TimeStamp : 2025-08-26 22:19:38===> API : null ===> Message : validateRequest() invoked
info: ===> TimeStamp : 2025-08-26 22:19:38===> API : null ===> Message : fetchDBSettings()
info: ===> TimeStamp : 2025-08-26 22:19:38===> API : null ===> Message : validateRequest() invoked
info: ===> TimeStamp : 2025-08-26 22:19:38===> API : null ===> Message : fetchDBSettings()
info: ===> TimeStamp : 2025-08-26 22:19:38===> API : null ===> Message : validateRequest() Invoked!
info: ===> TimeStamp : 2025-08-26 22:19:38===> API : null ===> Message : validateRequest() Invoked!
info: ===> TimeStamp : 2025-08-26 22:19:38===> API : null ===> Message : validateRequest() Invoked!
info: ===> TimeStamp : 2025-08-26 22:19:38===> API : null ===> Message : validateRequest() Invoked!
info: ===> TimeStamp : 2025-08-26 22:19:39===> API : null ===> Message : validRequest() :: Api validated Successfully
info: ===> TimeStamp : 2025-08-26 22:19:39===> API : /api/billing/getBillingDetails?billId=0&userId=0&billingDate=2025-08-26&shiftId=0&isBookingWebsite=0&futureDate=&fromDate=&toDate= ===> Message : getBillingDetails() invoked!!
info: ===> TimeStamp : 2025-08-26 22:19:39===> API : /api/billing/getBillingDetails?billId=0&userId=0&billingDate=2025-08-26&shiftId=0&isBookingWebsite=0&futureDate=&fromDate=&toDate= ===> Message : getBilliDetailsByBillDate() :: DB :: Invoked !
info: ===> TimeStamp : 2025-08-26 22:19:39===> API : null ===> Message : validRequest() :: Api validated Successfully
info: ===> TimeStamp : 2025-08-26 22:19:39===> API : /api/billing/getBillingDetails?billId=0&userId=0&billingDate=2025-08-26&shiftId=0&isBookingWebsite=0&futureDate=2025-08-26&fromDate=&toDate= ===> Message : getBillingDetails() invoked!!
info: ===> TimeStamp : 2025-08-26 22:19:39===> API : null ===> Message : validRequest() :: Api validated Successfully
info: ===> TimeStamp : 2025-08-26 22:19:39===> API : /api/billing/noShowGuestList ===> Message : noShowGuestList() invoked!!
info: ===> TimeStamp : 2025-08-26 22:19:39===> API : /api/billing/noShowGuestList ===> Message : noShowGuestList() :: DB :: Invoked !
info: ===> TimeStamp : 2025-08-26 22:19:39===> API : null ===> Message : validRequest() :: Api validated Successfully
info: ===> TimeStamp : 2025-08-26 22:19:39===> API : /api/billing/fetchVoidBill ===> Message : fetchVoidBill() invoked!!
info: ===> TimeStamp : 2025-08-26 22:19:39===> API : /api/billing/fetchVoidBill ===> Message : fetchVoidBill() :: DB :: Invoked !
info: ===> TimeStamp : 2025-08-26 22:19:39===> API : /api/billing/getBillingDetails?billId=0&userId=0&billingDate=2025-08-26&shiftId=0&isBookingWebsite=0&futureDate=&fromDate=&toDate= ===> Message : getBillingDetailsResponse() invoked!
info: ===> TimeStamp : 2025-08-26 22:19:39===> API : /api/billing/getBillingDetails?billId=0&userId=0&billingDate=2025-08-26&shiftId=0&isBookingWebsite=0&futureDate=&fromDate=&toDate= ===> Message : getBillingDetailsResponse() completed
info: ===> TimeStamp : 2025-08-26 22:19:39===> API : null ===> Message : validateRequest() invoked
info: ===> TimeStamp : 2025-08-26 22:19:39===> API : null ===> Message : fetchDBSettings()
info: ===> TimeStamp : 2025-08-26 22:19:39===> API : null ===> Message : validateRequest() Invoked!
info: ===> TimeStamp : 2025-08-26 22:19:39===> API : null ===> Message : validRequest() :: Api validated Successfully
info: ===> TimeStamp : 2025-08-26 22:19:39===> API : /api/billing/getBillingDetails?billId=0&userId=0&billingDate=2025-08-26&shiftId=0&isBookingWebsite=0&futureDate=&fromDate=&toDate= ===> Message : getBillingDetails() invoked!!
info: ===> TimeStamp : 2025-08-26 22:19:39===> API : /api/billing/getBillingDetails?billId=0&userId=0&billingDate=2025-08-26&shiftId=0&isBookingWebsite=0&futureDate=&fromDate=&toDate= ===> Message : getBilliDetailsByBillDate() :: DB :: Invoked !
info: ===> TimeStamp : 2025-08-26 22:19:39===> API : /api/billing/getBillingDetails?billId=0&userId=0&billingDate=2025-08-26&shiftId=0&isBookingWebsite=0&futureDate=&fromDate=&toDate= ===> Message : getBillingDetailsResponse() invoked!
info: ===> TimeStamp : 2025-08-26 22:19:39===> API : /api/billing/getBillingDetails?billId=0&userId=0&billingDate=2025-08-26&shiftId=0&isBookingWebsite=0&futureDate=&fromDate=&toDate= ===> Message : getBillingDetailsResponse() completed
info: ===> TimeStamp : 2025-08-26 22:19:40===> API : /api/billing/noShowGuestList ===> Message : noShowGuestListResponse() invoked!
info: ===> TimeStamp : 2025-08-26 22:19:40===> API : /api/billing/noShowGuestList ===> Message : noShowGuestListResponse() completed
info: ===> TimeStamp : 2025-08-26 22:19:40===> API : null ===> Message : validateRequest() invoked
info: ===> TimeStamp : 2025-08-26 22:19:40===> API : null ===> Message : fetchDBSettings()
info: ===> TimeStamp : 2025-08-26 22:19:40===> API : null ===> Message : validateRequest() Invoked!
info: ===> TimeStamp : 2025-08-26 22:19:40===> API : null ===> Message : validRequest() :: Api validated Successfully
info: ===> TimeStamp : 2025-08-26 22:19:40===> API : /api/billing/noShowGuestList ===> Message : noShowGuestList() invoked!!
info: ===> TimeStamp : 2025-08-26 22:19:40===> API : /api/billing/noShowGuestList ===> Message : noShowGuestList() :: DB :: Invoked !
info: ===> TimeStamp : 2025-08-26 22:19:40===> API : /api/billing/fetchVoidBill ===> Message : fetchVoidBillResponse() invoked!
info: ===> TimeStamp : 2025-08-26 22:19:40===> API : /api/billing/fetchVoidBill ===> Message : fetchVoidBillResponse() completed
info: ===> TimeStamp : 2025-08-26 22:19:41===> API : /api/billing/noShowGuestList ===> Message : noShowGuestListResponse() invoked!
info: ===> TimeStamp : 2025-08-26 22:19:41===> API : /api/billing/noShowGuestList ===> Message : noShowGuestListResponse() completed
info: ===> TimeStamp : 2025-08-26 22:36:31===> API : null ===> Message : validateRequest() invoked
info: ===> TimeStamp : 2025-08-26 22:36:31===> API : null ===> Message : fetchDBSettings()
info: ===> TimeStamp : 2025-08-26 22:36:31===> API : null ===> Message : validateRequest() Invoked!
info: ===> TimeStamp : 2025-08-26 22:36:31===> API : null ===> Message : validRequest() :: Api validated Successfully
info: ===> TimeStamp : 2025-08-26 22:36:31===> API : /api/billing/addBillingDetails ===> Message : addBillingDetails() invoked!!
info: ===> TimeStamp : 2025-08-26 22:36:31===> API : /api/billing/addBillingDetails ===> Message : getPackageItemDetails() :: DB :: Invoked !
info: ===> TimeStamp : 2025-08-26 22:36:31===> API : /api/billing/addBillingDetails ===> Message : newBooking() :: DB :: Invoked !
info: ===> TimeStamp : 2025-08-26 22:36:31===> API : /api/billing/addBillingDetails ===> Message : newBooking() :: DB :: Invoked !
info: ===> TimeStamp : 2025-08-26 22:36:33===> API : /api/billing/addBillingDetails ===> Message : newBooking() :: DB :: Invoked !
info: ===> TimeStamp : 2025-08-26 22:36:33===> API : /api/billing/addBillingDetails ===> Message : newBooking() :: DB :: Invoked !
info: ===> TimeStamp : 2025-08-26 22:36:34===> API : /api/billing/addBillingDetails ===> Message : addBillingDetailsResponse() invoked!
info: ===> TimeStamp : 2025-08-26 22:36:34===> API : /api/billing/addBillingDetails ===> Message : addBillingDetailsResponse() completed
info: ===> TimeStamp : 2025-08-26 22:36:34===> API : null ===> Message : validateRequest() invoked
info: ===> TimeStamp : 2025-08-26 22:36:34===> API : null ===> Message : fetchDBSettings()
info: ===> TimeStamp : 2025-08-26 22:36:34===> API : null ===> Message : validateRequest() Invoked!
info: ===> TimeStamp : 2025-08-26 22:36:34===> API : null ===> Message : validRequest() :: Api validated Successfully
info: ===> TimeStamp : 2025-08-26 22:36:34===> API : /api/billing/updateItemDetailsBill ===> Message : updateItemDetailsBill() invoked!!
info: ===> TimeStamp : 2025-08-26 22:36:34===> API : /api/billing/updateItemDetailsBill ===> Message : updateItemDetailsBill() :: DB :: Invoked !
info: ===> TimeStamp : 2025-08-26 22:36:34===> API : /api/billing/updateItemDetailsBill ===> Message : updateItemDetailsBillResponse() invoked!
info: ===> TimeStamp : 2025-08-26 22:36:34===> API : /api/billing/updateItemDetailsBill ===> Message : updateItemDetailsBillResponse() completed
info: ===> TimeStamp : 2025-08-26 22:36:35===> API : null ===> Message : validateRequest() invoked
info: ===> TimeStamp : 2025-08-26 22:36:35===> API : null ===> Message : fetchDBSettings()
info: ===> TimeStamp : 2025-08-26 22:36:35===> API : null ===> Message : validateRequest() Invoked!
info: ===> TimeStamp : 2025-08-26 22:36:35===> API : null ===> Message : validRequest() :: Api validated Successfully
info: ===> TimeStamp : 2025-08-26 22:36:35===> API : /api/billing/uploadBillFile ===> Message : uploadBillFile() invoked!!
info: ===> TimeStamp : 2025-08-26 22:36:35===> API : /api/billing/uploadBillFile ===> Message : uploadBillFile() :: DB :: Invoked !
info: ===> TimeStamp : 2025-08-26 22:36:35===> API : /api/billing/uploadBillFile ===> Message : uploadBillFileResponse() invoked!
info: ===> TimeStamp : 2025-08-26 22:36:35===> API : /api/billing/uploadBillFile ===> Message : uploadBillFileResponse() completed
info: ===> TimeStamp : 2025-08-26 22:36:37===> API : null ===> Message : validateRequest() invoked
info: ===> TimeStamp : 2025-08-26 22:36:37===> API : null ===> Message : fetchDBSettings()
info: ===> TimeStamp : 2025-08-26 22:36:37===> API : null ===> Message : validateRequest() Invoked!
info: ===> TimeStamp : 2025-08-26 22:36:37===> API : null ===> Message : validRequest() :: Api validated Successfully
info: ===> TimeStamp : 2025-08-26 22:36:37===> API : /api/billing/uploadBillFile ===> Message : uploadBillFile() invoked!!
info: ===> TimeStamp : 2025-08-26 22:36:37===> API : /api/billing/uploadBillFile ===> Message : uploadBillFile() :: DB :: Invoked !
info: ===> TimeStamp : 2025-08-26 22:36:37===> API : /api/billing/uploadBillFile ===> Message : uploadBillFileResponse() invoked!
info: ===> TimeStamp : 2025-08-26 22:36:37===> API : /api/billing/uploadBillFile ===> Message : uploadBillFileResponse() completed
info: ===> TimeStamp : 2025-08-26 22:36:37===> API : null ===> Message : validateRequest() invoked
info: ===> TimeStamp : 2025-08-26 22:36:37===> API : null ===> Message : fetchDBSettings()
info: ===> TimeStamp : 2025-08-26 22:36:37===> API : null ===> Message : validateRequest() Invoked!
info: ===> TimeStamp : 2025-08-26 22:36:37===> API : null ===> Message : validRequest() :: Api validated Successfully
info: ===> TimeStamp : 2025-08-26 22:36:37===> API : /api/billing/sendBillMail ===> Message : sendBillMail() invoked!!
info: ===> TimeStamp : 2025-08-26 22:36:41===> API : /api/billing/sendBillMail ===> Message : notifySellers() :: Email sent :: Success :: 250 2.0.0 OK  1756228001 d2e1a72fcca58-7703ffb478asm10791658b3a.13 - gsmtp !
info: ===> TimeStamp : 2025-08-26 22:36:41===> API : /api/billing/sendBillMail ===> Message : sendBillMailResponse() invoked!
info: ===> TimeStamp : 2025-08-26 22:36:41===> API : /api/billing/sendBillMail ===> Message : sendBillMailResponse() completed
info: ===> TimeStamp : 2025-08-26 22:37:37===> API : null ===> Message : validateRequest() invoked
info: ===> TimeStamp : 2025-08-26 22:37:37===> API : null ===> Message : fetchDBSettings()
info: ===> TimeStamp : 2025-08-26 22:37:37===> API : null ===> Message : validateRequest() invoked
info: ===> TimeStamp : 2025-08-26 22:37:37===> API : null ===> Message : fetchDBSettings()
info: ===> TimeStamp : 2025-08-26 22:37:37===> API : null ===> Message : validateRequest() Invoked!
info: ===> TimeStamp : 2025-08-26 22:37:37===> API : null ===> Message : validateRequest() invoked
info: ===> TimeStamp : 2025-08-26 22:37:37===> API : null ===> Message : fetchDBSettings()
info: ===> TimeStamp : 2025-08-26 22:37:37===> API : null ===> Message : validateRequest() invoked
info: ===> TimeStamp : 2025-08-26 22:37:37===> API : null ===> Message : fetchDBSettings()
info: ===> TimeStamp : 2025-08-26 22:37:37===> API : null ===> Message : validateRequest() Invoked!
info: ===> TimeStamp : 2025-08-26 22:37:37===> API : null ===> Message : validateRequest() Invoked!
info: ===> TimeStamp : 2025-08-26 22:37:37===> API : null ===> Message : validateRequest() Invoked!
info: ===> TimeStamp : 2025-08-26 22:37:37===> API : null ===> Message : validRequest() :: Api validated Successfully
info: ===> TimeStamp : 2025-08-26 22:37:37===> API : /api/billing/getBillingDetails?billId=0&userId=0&billingDate=2025-08-26&shiftId=0&isBookingWebsite=0&futureDate=&fromDate=&toDate= ===> Message : getBillingDetails() invoked!!
info: ===> TimeStamp : 2025-08-26 22:37:37===> API : /api/billing/getBillingDetails?billId=0&userId=0&billingDate=2025-08-26&shiftId=0&isBookingWebsite=0&futureDate=&fromDate=&toDate= ===> Message : getBilliDetailsByBillDate() :: DB :: Invoked !
info: ===> TimeStamp : 2025-08-26 22:37:37===> API : /api/billing/getBillingDetails?billId=0&userId=0&billingDate=2025-08-26&shiftId=0&isBookingWebsite=0&futureDate=&fromDate=&toDate= ===> Message : getBillingDetailsResponse() invoked!
info: ===> TimeStamp : 2025-08-26 22:37:37===> API : /api/billing/getBillingDetails?billId=0&userId=0&billingDate=2025-08-26&shiftId=0&isBookingWebsite=0&futureDate=&fromDate=&toDate= ===> Message : getBillingDetailsResponse() completed
info: ===> TimeStamp : 2025-08-26 22:37:37===> API : null ===> Message : validRequest() :: Api validated Successfully
info: ===> TimeStamp : 2025-08-26 22:37:37===> API : /api/billing/fetchVoidBill ===> Message : fetchVoidBill() :: DB :: Invoked !
info: ===> TimeStamp : 2025-08-26 22:37:37===> API : /api/billing/fetchVoidBill ===> Message : fetchVoidBill() invoked!!
info: ===> TimeStamp : 2025-08-26 22:37:37===> API : null ===> Message : validRequest() :: Api validated Successfully
info: ===> TimeStamp : 2025-08-26 22:37:37===> API : /api/billing/noShowGuestList ===> Message : noShowGuestList() invoked!!
info: ===> TimeStamp : 2025-08-26 22:37:37===> API : /api/billing/noShowGuestList ===> Message : noShowGuestList() :: DB :: Invoked !
info: ===> TimeStamp : 2025-08-26 22:37:37===> API : null ===> Message : validRequest() :: Api validated Successfully
info: ===> TimeStamp : 2025-08-26 22:37:37===> API : /api/billing/getBillingDetails?billId=0&userId=0&billingDate=2025-08-26&shiftId=0&isBookingWebsite=0&futureDate=2025-08-26&fromDate=&toDate= ===> Message : getBillingDetails() invoked!!
info: ===> TimeStamp : 2025-08-26 22:37:37===> API : null ===> Message : validateRequest() invoked
info: ===> TimeStamp : 2025-08-26 22:37:37===> API : null ===> Message : fetchDBSettings()
info: ===> TimeStamp : 2025-08-26 22:37:37===> API : null ===> Message : validateRequest() Invoked!
info: ===> TimeStamp : 2025-08-26 22:37:38===> API : null ===> Message : validRequest() :: Api validated Successfully
info: ===> TimeStamp : 2025-08-26 22:37:38===> API : /api/billing/getBillingDetails?billId=0&userId=0&billingDate=2025-08-26&shiftId=0&isBookingWebsite=0&futureDate=&fromDate=&toDate= ===> Message : getBillingDetails() invoked!!
info: ===> TimeStamp : 2025-08-26 22:37:38===> API : /api/billing/getBillingDetails?billId=0&userId=0&billingDate=2025-08-26&shiftId=0&isBookingWebsite=0&futureDate=&fromDate=&toDate= ===> Message : getBilliDetailsByBillDate() :: DB :: Invoked !
info: ===> TimeStamp : 2025-08-26 22:37:38===> API : /api/billing/getBillingDetails?billId=0&userId=0&billingDate=2025-08-26&shiftId=0&isBookingWebsite=0&futureDate=&fromDate=&toDate= ===> Message : getBillingDetailsResponse() invoked!
info: ===> TimeStamp : 2025-08-26 22:37:38===> API : /api/billing/getBillingDetails?billId=0&userId=0&billingDate=2025-08-26&shiftId=0&isBookingWebsite=0&futureDate=&fromDate=&toDate= ===> Message : getBillingDetailsResponse() completed
info: ===> TimeStamp : 2025-08-26 22:37:39===> API : /api/billing/fetchVoidBill ===> Message : fetchVoidBillResponse() invoked!
info: ===> TimeStamp : 2025-08-26 22:37:39===> API : /api/billing/fetchVoidBill ===> Message : fetchVoidBillResponse() completed
info: ===> TimeStamp : 2025-08-26 22:37:39===> API : /api/billing/noShowGuestList ===> Message : noShowGuestListResponse() invoked!
info: ===> TimeStamp : 2025-08-26 22:37:39===> API : /api/billing/noShowGuestList ===> Message : noShowGuestListResponse() completed
info: ===> TimeStamp : 2025-08-26 22:37:39===> API : null ===> Message : validateRequest() invoked
info: ===> TimeStamp : 2025-08-26 22:37:39===> API : null ===> Message : fetchDBSettings()
info: ===> TimeStamp : 2025-08-26 22:37:39===> API : null ===> Message : validateRequest() Invoked!
info: ===> TimeStamp : 2025-08-26 22:37:39===> API : null ===> Message : validRequest() :: Api validated Successfully
info: ===> TimeStamp : 2025-08-26 22:37:39===> API : /api/billing/noShowGuestList ===> Message : noShowGuestList() invoked!!
info: ===> TimeStamp : 2025-08-26 22:37:39===> API : /api/billing/noShowGuestList ===> Message : noShowGuestList() :: DB :: Invoked !
info: ===> TimeStamp : 2025-08-26 22:37:40===> API : /api/billing/noShowGuestList ===> Message : noShowGuestListResponse() invoked!
info: ===> TimeStamp : 2025-08-26 22:37:40===> API : /api/billing/noShowGuestList ===> Message : noShowGuestListResponse() completed
info: ===> TimeStamp : 2025-08-26 22:42:59===> API : null ===> Message : validateRequest() invoked
info: ===> TimeStamp : 2025-08-26 22:42:59===> API : null ===> Message : validateRequest() Error:: Invalid Request :: 
      {"apiUri":"/"}
info: ===> TimeStamp : 2025-08-26 22:44:15===> API : null ===> Message : validateRequest() invoked
info: ===> TimeStamp : 2025-08-26 22:44:15===> API : null ===> Message : fetchDBSettings()
info: ===> TimeStamp : 2025-08-26 22:44:15===> API : null ===> Message : validateRequest() Invoked!
info: ===> TimeStamp : 2025-08-26 22:44:15===> API : /api/billing/addBillingDetails ===> Message : addBillingDetails() invoked!!
info: ===> TimeStamp : 2025-08-26 22:44:15===> API : null ===> Message : validRequest() :: Api validated Successfully
info: ===> TimeStamp : 2025-08-26 22:44:15===> API : /api/billing/addBillingDetails ===> Message : getPackageItemDetails() :: DB :: Invoked !
info: ===> TimeStamp : 2025-08-26 22:44:15===> API : /api/billing/addBillingDetails ===> Message : newBooking() :: DB :: Invoked !
info: ===> TimeStamp : 2025-08-26 22:44:15===> API : /api/billing/addBillingDetails ===> Message : newBooking() :: DB :: Invoked !
info: ===> TimeStamp : 2025-08-26 22:44:17===> API : /api/billing/addBillingDetails ===> Message : newBooking() :: DB :: Invoked !
info: ===> TimeStamp : 2025-08-26 22:44:17===> API : /api/billing/addBillingDetails ===> Message : newBooking() :: DB :: Invoked !
info: ===> TimeStamp : 2025-08-26 22:44:18===> API : /api/billing/addBillingDetails ===> Message : addBillingDetailsResponse() invoked!
info: ===> TimeStamp : 2025-08-26 22:44:18===> API : /api/billing/addBillingDetails ===> Message : addBillingDetailsResponse() completed
info: ===> TimeStamp : 2025-08-26 22:44:18===> API : null ===> Message : validateRequest() invoked
info: ===> TimeStamp : 2025-08-26 22:44:18===> API : null ===> Message : fetchDBSettings()
info: ===> TimeStamp : 2025-08-26 22:44:18===> API : null ===> Message : validateRequest() Invoked!
info: ===> TimeStamp : 2025-08-26 22:44:18===> API : null ===> Message : validRequest() :: Api validated Successfully
info: ===> TimeStamp : 2025-08-26 22:44:18===> API : /api/billing/updateItemDetailsBill ===> Message : updateItemDetailsBill() invoked!!
info: ===> TimeStamp : 2025-08-26 22:44:18===> API : /api/billing/updateItemDetailsBill ===> Message : updateItemDetailsBill() :: DB :: Invoked !
info: ===> TimeStamp : 2025-08-26 22:44:18===> API : /api/billing/updateItemDetailsBill ===> Message : updateItemDetailsBillResponse() invoked!
info: ===> TimeStamp : 2025-08-26 22:44:18===> API : /api/billing/updateItemDetailsBill ===> Message : updateItemDetailsBillResponse() completed
info: ===> TimeStamp : 2025-08-26 22:44:19===> API : null ===> Message : validateRequest() invoked
info: ===> TimeStamp : 2025-08-26 22:44:19===> API : null ===> Message : fetchDBSettings()
info: ===> TimeStamp : 2025-08-26 22:44:19===> API : null ===> Message : validateRequest() Invoked!
info: ===> TimeStamp : 2025-08-26 22:44:19===> API : null ===> Message : validRequest() :: Api validated Successfully
info: ===> TimeStamp : 2025-08-26 22:44:19===> API : /api/billing/uploadBillFile ===> Message : uploadBillFile() invoked!!
info: ===> TimeStamp : 2025-08-26 22:44:19===> API : /api/billing/uploadBillFile ===> Message : uploadBillFile() :: DB :: Invoked !
info: ===> TimeStamp : 2025-08-26 22:44:19===> API : /api/billing/uploadBillFile ===> Message : uploadBillFileResponse() invoked!
info: ===> TimeStamp : 2025-08-26 22:44:19===> API : /api/billing/uploadBillFile ===> Message : uploadBillFileResponse() completed
info: ===> TimeStamp : 2025-08-26 22:44:24===> API : null ===> Message : validateRequest() invoked
info: ===> TimeStamp : 2025-08-26 22:44:24===> API : null ===> Message : fetchDBSettings()
info: ===> TimeStamp : 2025-08-26 22:44:24===> API : null ===> Message : validateRequest() Invoked!
info: ===> TimeStamp : 2025-08-26 22:44:24===> API : null ===> Message : validRequest() :: Api validated Successfully
info: ===> TimeStamp : 2025-08-26 22:44:24===> API : /api/billing/uploadBillFile ===> Message : uploadBillFile() invoked!!
info: ===> TimeStamp : 2025-08-26 22:44:24===> API : /api/billing/uploadBillFile ===> Message : uploadBillFile() :: DB :: Invoked !
info: ===> TimeStamp : 2025-08-26 22:44:24===> API : /api/billing/uploadBillFile ===> Message : uploadBillFileResponse() invoked!
info: ===> TimeStamp : 2025-08-26 22:44:24===> API : /api/billing/uploadBillFile ===> Message : uploadBillFileResponse() completed
info: ===> TimeStamp : 2025-08-26 22:44:24===> API : null ===> Message : validateRequest() invoked
info: ===> TimeStamp : 2025-08-26 22:44:24===> API : null ===> Message : fetchDBSettings()
info: ===> TimeStamp : 2025-08-26 22:44:24===> API : null ===> Message : validateRequest() Invoked!
info: ===> TimeStamp : 2025-08-26 22:44:24===> API : null ===> Message : validRequest() :: Api validated Successfully
info: ===> TimeStamp : 2025-08-26 22:44:24===> API : /api/billing/sendBillMail ===> Message : sendBillMail() invoked!!
info: ===> TimeStamp : 2025-08-26 22:44:27===> API : /api/billing/sendBillMail ===> Message : notifySellers() :: Email sent :: Success :: 250 2.0.0 OK  1756228467 98e67ed59e1d1-3276affdfe0sm34276a91.6 - gsmtp !
info: ===> TimeStamp : 2025-08-26 22:44:27===> API : /api/billing/sendBillMail ===> Message : sendBillMailResponse() invoked!
info: ===> TimeStamp : 2025-08-26 22:44:27===> API : /api/billing/sendBillMail ===> Message : sendBillMailResponse() completed
info: ===> TimeStamp : 2025-08-26 22:44:40===> API : null ===> Message : validateRequest() invoked
info: ===> TimeStamp : 2025-08-26 22:44:40===> API : null ===> Message : fetchDBSettings()
info: ===> TimeStamp : 2025-08-26 22:44:40===> API : null ===> Message : validateRequest() Invoked!
info: ===> TimeStamp : 2025-08-26 22:44:40===> API : null ===> Message : validRequest() :: Api validated Successfully
info: ===> TimeStamp : 2025-08-26 22:44:40===> API : /api/billing/uploadBillFile ===> Message : uploadBillFile() invoked!!
info: ===> TimeStamp : 2025-08-26 22:44:40===> API : /api/billing/uploadBillFile ===> Message : uploadBillFile() :: DB :: Invoked !
info: ===> TimeStamp : 2025-08-26 22:44:40===> API : /api/billing/uploadBillFile ===> Message : uploadBillFileResponse() invoked!
info: ===> TimeStamp : 2025-08-26 22:44:40===> API : /api/billing/uploadBillFile ===> Message : uploadBillFileResponse() completed
info: ===> TimeStamp : 2025-08-26 22:44:41===> API : null ===> Message : validateRequest() invoked
info: ===> TimeStamp : 2025-08-26 22:44:41===> API : null ===> Message : fetchDBSettings()
info: ===> TimeStamp : 2025-08-26 22:44:41===> API : null ===> Message : validateRequest() Invoked!
info: ===> TimeStamp : 2025-08-26 22:44:41===> API : null ===> Message : validRequest() :: Api validated Successfully
info: ===> TimeStamp : 2025-08-26 22:44:41===> API : /api/billing/sendBillMail ===> Message : sendBillMail() invoked!!
info: ===> TimeStamp : 2025-08-26 22:44:43===> API : /api/billing/sendBillMail ===> Message : notifySellers() :: Email sent :: Success :: 250 2.0.0 OK  1756228483 d9443c01a7336-246688645c7sm101189385ad.78 - gsmtp !
info: ===> TimeStamp : 2025-08-26 22:44:43===> API : /api/billing/sendBillMail ===> Message : sendBillMailResponse() invoked!
info: ===> TimeStamp : 2025-08-26 22:44:43===> API : /api/billing/sendBillMail ===> Message : sendBillMailResponse() completed
info: ===> TimeStamp : 2025-08-26 22:59:00===> API : null ===> Message : validateRequest() invoked
info: ===> TimeStamp : 2025-08-26 22:59:00===> API : null ===> Message : fetchDBSettings()
info: ===> TimeStamp : 2025-08-26 22:59:00===> API : null ===> Message : validateRequest() invoked
info: ===> TimeStamp : 2025-08-26 22:59:00===> API : null ===> Message : fetchDBSettings()
info: ===> TimeStamp : 2025-08-26 22:59:00===> API : null ===> Message : validateRequest() invoked
info: ===> TimeStamp : 2025-08-26 22:59:00===> API : null ===> Message : fetchDBSettings()
info: ===> TimeStamp : 2025-08-26 22:59:00===> API : null ===> Message : validateRequest() invoked
info: ===> TimeStamp : 2025-08-26 22:59:00===> API : null ===> Message : fetchDBSettings()
info: ===> TimeStamp : 2025-08-26 22:59:00===> API : null ===> Message : validateRequest() Invoked!
info: ===> TimeStamp : 2025-08-26 22:59:00===> API : null ===> Message : validateRequest() Invoked!
info: ===> TimeStamp : 2025-08-26 22:59:00===> API : null ===> Message : validateRequest() Invoked!
info: ===> TimeStamp : 2025-08-26 22:59:00===> API : null ===> Message : validateRequest() Invoked!
info: ===> TimeStamp : 2025-08-26 22:59:00===> API : null ===> Message : validRequest() :: Api validated Successfully
info: ===> TimeStamp : 2025-08-26 22:59:00===> API : /api/billing/fetchVoidBill ===> Message : fetchVoidBill() invoked!!
info: ===> TimeStamp : 2025-08-26 22:59:00===> API : /api/billing/fetchVoidBill ===> Message : fetchVoidBill() :: DB :: Invoked !
info: ===> TimeStamp : 2025-08-26 22:59:00===> API : null ===> Message : validRequest() :: Api validated Successfully
info: ===> TimeStamp : 2025-08-26 22:59:00===> API : /api/billing/getBillingDetails?billId=0&userId=0&billingDate=2025-08-26&shiftId=0&isBookingWebsite=0&futureDate=&fromDate=&toDate= ===> Message : getBillingDetails() invoked!!
info: ===> TimeStamp : 2025-08-26 22:59:00===> API : /api/billing/getBillingDetails?billId=0&userId=0&billingDate=2025-08-26&shiftId=0&isBookingWebsite=0&futureDate=&fromDate=&toDate= ===> Message : getBilliDetailsByBillDate() :: DB :: Invoked !
info: ===> TimeStamp : 2025-08-26 22:59:00===> API : null ===> Message : validRequest() :: Api validated Successfully
info: ===> TimeStamp : 2025-08-26 22:59:00===> API : /api/billing/noShowGuestList ===> Message : noShowGuestList() invoked!!
info: ===> TimeStamp : 2025-08-26 22:59:00===> API : /api/billing/noShowGuestList ===> Message : noShowGuestList() :: DB :: Invoked !
info: ===> TimeStamp : 2025-08-26 22:59:00===> API : null ===> Message : validRequest() :: Api validated Successfully
info: ===> TimeStamp : 2025-08-26 22:59:00===> API : /api/billing/getBillingDetails?billId=0&userId=0&billingDate=2025-08-26&shiftId=0&isBookingWebsite=0&futureDate=2025-08-26&fromDate=&toDate= ===> Message : getBillingDetails() invoked!!
info: ===> TimeStamp : 2025-08-26 22:59:01===> API : /api/billing/getBillingDetails?billId=0&userId=0&billingDate=2025-08-26&shiftId=0&isBookingWebsite=0&futureDate=&fromDate=&toDate= ===> Message : getBillingDetailsResponse() invoked!
info: ===> TimeStamp : 2025-08-26 22:59:01===> API : /api/billing/getBillingDetails?billId=0&userId=0&billingDate=2025-08-26&shiftId=0&isBookingWebsite=0&futureDate=&fromDate=&toDate= ===> Message : getBillingDetailsResponse() completed
info: ===> TimeStamp : 2025-08-26 22:59:01===> API : null ===> Message : validateRequest() invoked
info: ===> TimeStamp : 2025-08-26 22:59:01===> API : null ===> Message : fetchDBSettings()
info: ===> TimeStamp : 2025-08-26 22:59:01===> API : null ===> Message : validateRequest() Invoked!
info: ===> TimeStamp : 2025-08-26 22:59:01===> API : null ===> Message : validRequest() :: Api validated Successfully
info: ===> TimeStamp : 2025-08-26 22:59:01===> API : /api/billing/getBillingDetails?billId=0&userId=0&billingDate=2025-08-26&shiftId=0&isBookingWebsite=0&futureDate=&fromDate=&toDate= ===> Message : getBillingDetails() invoked!!
info: ===> TimeStamp : 2025-08-26 22:59:01===> API : /api/billing/getBillingDetails?billId=0&userId=0&billingDate=2025-08-26&shiftId=0&isBookingWebsite=0&futureDate=&fromDate=&toDate= ===> Message : getBilliDetailsByBillDate() :: DB :: Invoked !
info: ===> TimeStamp : 2025-08-26 22:59:01===> API : /api/billing/getBillingDetails?billId=0&userId=0&billingDate=2025-08-26&shiftId=0&isBookingWebsite=0&futureDate=&fromDate=&toDate= ===> Message : getBillingDetailsResponse() invoked!
info: ===> TimeStamp : 2025-08-26 22:59:01===> API : /api/billing/getBillingDetails?billId=0&userId=0&billingDate=2025-08-26&shiftId=0&isBookingWebsite=0&futureDate=&fromDate=&toDate= ===> Message : getBillingDetailsResponse() completed
info: ===> TimeStamp : 2025-08-26 22:59:01===> API : null ===> Message : validateRequest() invoked
info: ===> TimeStamp : 2025-08-26 22:59:01===> API : null ===> Message : fetchDBSettings()
info: ===> TimeStamp : 2025-08-26 22:59:01===> API : null ===> Message : validateRequest() invoked
info: ===> TimeStamp : 2025-08-26 22:59:01===> API : null ===> Message : fetchDBSettings()
info: ===> TimeStamp : 2025-08-26 22:59:01===> API : null ===> Message : validateRequest() invoked
info: ===> TimeStamp : 2025-08-26 22:59:01===> API : null ===> Message : fetchDBSettings()
info: ===> TimeStamp : 2025-08-26 22:59:01===> API : null ===> Message : validateRequest() invoked
info: ===> TimeStamp : 2025-08-26 22:59:01===> API : null ===> Message : fetchDBSettings()
info: ===> TimeStamp : 2025-08-26 22:59:01===> API : null ===> Message : validateRequest() Invoked!
info: ===> TimeStamp : 2025-08-26 22:59:01===> API : null ===> Message : validateRequest() Invoked!
info: ===> TimeStamp : 2025-08-26 22:59:01===> API : null ===> Message : validateRequest() Invoked!
info: ===> TimeStamp : 2025-08-26 22:59:01===> API : null ===> Message : validateRequest() Invoked!
info: ===> TimeStamp : 2025-08-26 22:59:02===> API : null ===> Message : validRequest() :: Api validated Successfully
info: ===> TimeStamp : 2025-08-26 22:59:02===> API : /api/billing/getBillingDetails?billId=0&userId=0&billingDate=2025-08-26&shiftId=0&isBookingWebsite=0&futureDate=2025-08-26&fromDate=&toDate= ===> Message : getBillingDetails() invoked!!
info: ===> TimeStamp : 2025-08-26 22:59:02===> API : null ===> Message : validRequest() :: Api validated Successfully
info: ===> TimeStamp : 2025-08-26 22:59:02===> API : /api/billing/noShowGuestList ===> Message : noShowGuestList() invoked!!
info: ===> TimeStamp : 2025-08-26 22:59:02===> API : /api/billing/noShowGuestList ===> Message : noShowGuestList() :: DB :: Invoked !
info: ===> TimeStamp : 2025-08-26 22:59:02===> API : null ===> Message : validRequest() :: Api validated Successfully
info: ===> TimeStamp : 2025-08-26 22:59:02===> API : /api/billing/fetchVoidBill ===> Message : fetchVoidBill() invoked!!
info: ===> TimeStamp : 2025-08-26 22:59:02===> API : /api/billing/fetchVoidBill ===> Message : fetchVoidBill() :: DB :: Invoked !
info: ===> TimeStamp : 2025-08-26 22:59:02===> API : null ===> Message : validRequest() :: Api validated Successfully
info: ===> TimeStamp : 2025-08-26 22:59:02===> API : /api/billing/getBillingDetails?billId=0&userId=0&billingDate=2025-08-26&shiftId=0&isBookingWebsite=0&futureDate=&fromDate=&toDate= ===> Message : getBillingDetails() invoked!!
info: ===> TimeStamp : 2025-08-26 22:59:02===> API : /api/billing/getBillingDetails?billId=0&userId=0&billingDate=2025-08-26&shiftId=0&isBookingWebsite=0&futureDate=&fromDate=&toDate= ===> Message : getBilliDetailsByBillDate() :: DB :: Invoked !
info: ===> TimeStamp : 2025-08-26 22:59:02===> API : /api/billing/getBillingDetails?billId=0&userId=0&billingDate=2025-08-26&shiftId=0&isBookingWebsite=0&futureDate=&fromDate=&toDate= ===> Message : getBillingDetailsResponse() invoked!
info: ===> TimeStamp : 2025-08-26 22:59:02===> API : /api/billing/getBillingDetails?billId=0&userId=0&billingDate=2025-08-26&shiftId=0&isBookingWebsite=0&futureDate=&fromDate=&toDate= ===> Message : getBillingDetailsResponse() completed
info: ===> TimeStamp : 2025-08-26 22:59:02===> API : null ===> Message : validateRequest() invoked
info: ===> TimeStamp : 2025-08-26 22:59:02===> API : null ===> Message : fetchDBSettings()
info: ===> TimeStamp : 2025-08-26 22:59:02===> API : null ===> Message : validateRequest() Invoked!
info: ===> TimeStamp : 2025-08-26 22:59:02===> API : null ===> Message : validRequest() :: Api validated Successfully
info: ===> TimeStamp : 2025-08-26 22:59:02===> API : /api/billing/getBillingDetails?billId=0&userId=0&billingDate=2025-08-26&shiftId=0&isBookingWebsite=0&futureDate=&fromDate=&toDate= ===> Message : getBilliDetailsByBillDate() :: DB :: Invoked !
info: ===> TimeStamp : 2025-08-26 22:59:02===> API : /api/billing/getBillingDetails?billId=0&userId=0&billingDate=2025-08-26&shiftId=0&isBookingWebsite=0&futureDate=&fromDate=&toDate= ===> Message : getBillingDetails() invoked!!
info: ===> TimeStamp : 2025-08-26 22:59:02===> API : /api/billing/getBillingDetails?billId=0&userId=0&billingDate=2025-08-26&shiftId=0&isBookingWebsite=0&futureDate=&fromDate=&toDate= ===> Message : getBillingDetailsResponse() invoked!
info: ===> TimeStamp : 2025-08-26 22:59:02===> API : /api/billing/getBillingDetails?billId=0&userId=0&billingDate=2025-08-26&shiftId=0&isBookingWebsite=0&futureDate=&fromDate=&toDate= ===> Message : getBillingDetailsResponse() completed
info: ===> TimeStamp : 2025-08-26 22:59:02===> API : /api/billing/fetchVoidBill ===> Message : fetchVoidBillResponse() invoked!
info: ===> TimeStamp : 2025-08-26 22:59:02===> API : /api/billing/fetchVoidBill ===> Message : fetchVoidBillResponse() completed
info: ===> TimeStamp : 2025-08-26 22:59:03===> API : /api/billing/noShowGuestList ===> Message : noShowGuestListResponse() invoked!
info: ===> TimeStamp : 2025-08-26 22:59:03===> API : /api/billing/noShowGuestList ===> Message : noShowGuestListResponse() completed
info: ===> TimeStamp : 2025-08-26 22:59:03===> API : /api/billing/fetchVoidBill ===> Message : fetchVoidBillResponse() invoked!
info: ===> TimeStamp : 2025-08-26 22:59:03===> API : /api/billing/fetchVoidBill ===> Message : fetchVoidBillResponse() completed
info: ===> TimeStamp : 2025-08-26 22:59:03===> API : /api/billing/noShowGuestList ===> Message : noShowGuestListResponse() invoked!
info: ===> TimeStamp : 2025-08-26 22:59:03===> API : /api/billing/noShowGuestList ===> Message : noShowGuestListResponse() completed
info: ===> TimeStamp : 2025-08-26 22:59:03===> API : null ===> Message : validateRequest() invoked
info: ===> TimeStamp : 2025-08-26 22:59:03===> API : null ===> Message : fetchDBSettings()
info: ===> TimeStamp : 2025-08-26 22:59:03===> API : null ===> Message : validateRequest() Invoked!
info: ===> TimeStamp : 2025-08-26 22:59:03===> API : null ===> Message : fetchDBSettings()
info: ===> TimeStamp : 2025-08-26 22:59:03===> API : null ===> Message : validateRequest() invoked
info: ===> TimeStamp : 2025-08-26 22:59:03===> API : null ===> Message : validateRequest() Invoked!
info: ===> TimeStamp : 2025-08-26 22:59:03===> API : null ===> Message : validRequest() :: Api validated Successfully
info: ===> TimeStamp : 2025-08-26 22:59:03===> API : /api/billing/noShowGuestList ===> Message : noShowGuestList() invoked!!
info: ===> TimeStamp : 2025-08-26 22:59:03===> API : /api/billing/noShowGuestList ===> Message : noShowGuestList() :: DB :: Invoked !
info: ===> TimeStamp : 2025-08-26 22:59:03===> API : null ===> Message : validRequest() :: Api validated Successfully
info: ===> TimeStamp : 2025-08-26 22:59:03===> API : /api/billing/noShowGuestList ===> Message : noShowGuestList() invoked!!
info: ===> TimeStamp : 2025-08-26 22:59:03===> API : /api/billing/noShowGuestList ===> Message : noShowGuestList() :: DB :: Invoked !
info: ===> TimeStamp : 2025-08-26 22:59:04===> API : /api/billing/noShowGuestList ===> Message : noShowGuestListResponse() invoked!
info: ===> TimeStamp : 2025-08-26 22:59:04===> API : /api/billing/noShowGuestList ===> Message : noShowGuestListResponse() completed
info: ===> TimeStamp : 2025-08-26 22:59:04===> API : /api/billing/noShowGuestList ===> Message : noShowGuestListResponse() invoked!
info: ===> TimeStamp : 2025-08-26 22:59:04===> API : /api/billing/noShowGuestList ===> Message : noShowGuestListResponse() completed
info: ===> TimeStamp : 2025-08-26 22:59:13===> API : null ===> Message : validateRequest() invoked
info: ===> TimeStamp : 2025-08-26 22:59:13===> API : null ===> Message : fetchDBSettings()
info: ===> TimeStamp : 2025-08-26 22:59:13===> API : null ===> Message : validateRequest() Invoked!
info: ===> TimeStamp : 2025-08-26 22:59:13===> API : null ===> Message : validRequest() :: Api validated Successfully
info: ===> TimeStamp : 2025-08-26 22:59:13===> API : /api/billing/updateItemDetailsBill ===> Message : updateItemDetailsBill() invoked!!
info: ===> TimeStamp : 2025-08-26 22:59:13===> API : /api/billing/updateItemDetailsBill ===> Message : updateItemDetailsBill() :: DB :: Invoked !
info: ===> TimeStamp : 2025-08-26 22:59:13===> API : /api/billing/updateItemDetailsBill ===> Message : updateItemDetailsBillResponse() invoked!
info: ===> TimeStamp : 2025-08-26 22:59:13===> API : /api/billing/updateItemDetailsBill ===> Message : updateItemDetailsBillResponse() completed
info: ===> TimeStamp : 2025-08-26 22:59:15===> API : null ===> Message : validateRequest() invoked
info: ===> TimeStamp : 2025-08-26 22:59:15===> API : null ===> Message : fetchDBSettings()
info: ===> TimeStamp : 2025-08-26 22:59:15===> API : null ===> Message : validateRequest() Invoked!
info: ===> TimeStamp : 2025-08-26 22:59:15===> API : null ===> Message : validRequest() :: Api validated Successfully
info: ===> TimeStamp : 2025-08-26 22:59:15===> API : /api/billing/uploadBillFile ===> Message : uploadBillFile() invoked!!
info: ===> TimeStamp : 2025-08-26 22:59:15===> API : /api/billing/uploadBillFile ===> Message : uploadBillFile() :: DB :: Invoked !
info: ===> TimeStamp : 2025-08-26 22:59:15===> API : /api/billing/uploadBillFile ===> Message : uploadBillFileResponse() invoked!
info: ===> TimeStamp : 2025-08-26 22:59:15===> API : /api/billing/uploadBillFile ===> Message : uploadBillFileResponse() completed
info: ===> TimeStamp : 2025-08-26 22:59:23===> API : null ===> Message : validateRequest() invoked
info: ===> TimeStamp : 2025-08-26 22:59:23===> API : null ===> Message : fetchDBSettings()
info: ===> TimeStamp : 2025-08-26 22:59:23===> API : null ===> Message : validateRequest() invoked
info: ===> TimeStamp : 2025-08-26 22:59:23===> API : null ===> Message : fetchDBSettings()
info: ===> TimeStamp : 2025-08-26 22:59:23===> API : null ===> Message : validateRequest() invoked
info: ===> TimeStamp : 2025-08-26 22:59:23===> API : null ===> Message : fetchDBSettings()
info: ===> TimeStamp : 2025-08-26 22:59:23===> API : null ===> Message : validateRequest() Invoked!
info: ===> TimeStamp : 2025-08-26 22:59:23===> API : null ===> Message : validateRequest() Invoked!
info: ===> TimeStamp : 2025-08-26 22:59:23===> API : null ===> Message : validateRequest() Invoked!
info: ===> TimeStamp : 2025-08-26 22:59:23===> API : null ===> Message : validRequest() :: Api validated Successfully
info: ===> TimeStamp : 2025-08-26 22:59:23===> API : /api/billing/getBillingDetails?billId=0&userId=0&billingDate=2025-08-26&shiftId=0&isBookingWebsite=0&futureDate=&fromDate=&toDate= ===> Message : getBillingDetails() invoked!!
info: ===> TimeStamp : 2025-08-26 22:59:23===> API : /api/billing/getBillingDetails?billId=0&userId=0&billingDate=2025-08-26&shiftId=0&isBookingWebsite=0&futureDate=&fromDate=&toDate= ===> Message : getBilliDetailsByBillDate() :: DB :: Invoked !
info: ===> TimeStamp : 2025-08-26 22:59:23===> API : null ===> Message : validRequest() :: Api validated Successfully
info: ===> TimeStamp : 2025-08-26 22:59:23===> API : /api/billing/noShowGuestList ===> Message : noShowGuestList() invoked!!
info: ===> TimeStamp : 2025-08-26 22:59:23===> API : /api/billing/noShowGuestList ===> Message : noShowGuestList() :: DB :: Invoked !
info: ===> TimeStamp : 2025-08-26 22:59:23===> API : null ===> Message : validRequest() :: Api validated Successfully
info: ===> TimeStamp : 2025-08-26 22:59:23===> API : /api/billing/fetchVoidBill ===> Message : fetchVoidBill() invoked!!
info: ===> TimeStamp : 2025-08-26 22:59:23===> API : /api/billing/fetchVoidBill ===> Message : fetchVoidBill() :: DB :: Invoked !
info: ===> TimeStamp : 2025-08-26 22:59:24===> API : /api/billing/getBillingDetails?billId=0&userId=0&billingDate=2025-08-26&shiftId=0&isBookingWebsite=0&futureDate=&fromDate=&toDate= ===> Message : getBillingDetailsResponse() invoked!
info: ===> TimeStamp : 2025-08-26 22:59:24===> API : /api/billing/getBillingDetails?billId=0&userId=0&billingDate=2025-08-26&shiftId=0&isBookingWebsite=0&futureDate=&fromDate=&toDate= ===> Message : getBillingDetailsResponse() completed
info: ===> TimeStamp : 2025-08-26 22:59:24===> API : null ===> Message : validateRequest() invoked
info: ===> TimeStamp : 2025-08-26 22:59:24===> API : null ===> Message : fetchDBSettings()
info: ===> TimeStamp : 2025-08-26 22:59:24===> API : null ===> Message : validateRequest() Invoked!
info: ===> TimeStamp : 2025-08-26 22:59:24===> API : null ===> Message : validRequest() :: Api validated Successfully
info: ===> TimeStamp : 2025-08-26 22:59:24===> API : /api/billing/getBillingDetails?billId=0&userId=0&billingDate=2025-08-26&shiftId=0&isBookingWebsite=0&futureDate=&fromDate=&toDate= ===> Message : getBillingDetails() invoked!!
info: ===> TimeStamp : 2025-08-26 22:59:24===> API : /api/billing/getBillingDetails?billId=0&userId=0&billingDate=2025-08-26&shiftId=0&isBookingWebsite=0&futureDate=&fromDate=&toDate= ===> Message : getBilliDetailsByBillDate() :: DB :: Invoked !
info: ===> TimeStamp : 2025-08-26 22:59:24===> API : /api/billing/getBillingDetails?billId=0&userId=0&billingDate=2025-08-26&shiftId=0&isBookingWebsite=0&futureDate=&fromDate=&toDate= ===> Message : getBillingDetailsResponse() invoked!
info: ===> TimeStamp : 2025-08-26 22:59:24===> API : /api/billing/getBillingDetails?billId=0&userId=0&billingDate=2025-08-26&shiftId=0&isBookingWebsite=0&futureDate=&fromDate=&toDate= ===> Message : getBillingDetailsResponse() completed
info: ===> TimeStamp : 2025-08-26 22:59:24===> API : /api/billing/fetchVoidBill ===> Message : fetchVoidBillResponse() invoked!
info: ===> TimeStamp : 2025-08-26 22:59:24===> API : /api/billing/fetchVoidBill ===> Message : fetchVoidBillResponse() completed
info: ===> TimeStamp : 2025-08-26 22:59:24===> API : /api/billing/noShowGuestList ===> Message : noShowGuestListResponse() invoked!
info: ===> TimeStamp : 2025-08-26 22:59:24===> API : /api/billing/noShowGuestList ===> Message : noShowGuestListResponse() completed
info: ===> TimeStamp : 2025-08-26 22:59:24===> API : null ===> Message : validateRequest() invoked
info: ===> TimeStamp : 2025-08-26 22:59:24===> API : null ===> Message : fetchDBSettings()
info: ===> TimeStamp : 2025-08-26 22:59:24===> API : null ===> Message : validateRequest() Invoked!
info: ===> TimeStamp : 2025-08-26 22:59:24===> API : null ===> Message : validRequest() :: Api validated Successfully
info: ===> TimeStamp : 2025-08-26 22:59:24===> API : /api/billing/noShowGuestList ===> Message : noShowGuestList() invoked!!
info: ===> TimeStamp : 2025-08-26 22:59:24===> API : /api/billing/noShowGuestList ===> Message : noShowGuestList() :: DB :: Invoked !
info: ===> TimeStamp : 2025-08-26 22:59:25===> API : /api/billing/noShowGuestList ===> Message : noShowGuestListResponse() invoked!
info: ===> TimeStamp : 2025-08-26 22:59:25===> API : /api/billing/noShowGuestList ===> Message : noShowGuestListResponse() completed
info: ===> TimeStamp : 2025-08-26 22:59:28===> API : null ===> Message : validateRequest() invoked
info: ===> TimeStamp : 2025-08-26 22:59:28===> API : null ===> Message : fetchDBSettings()
info: ===> TimeStamp : 2025-08-26 22:59:28===> API : null ===> Message : validateRequest() Invoked!
info: ===> TimeStamp : 2025-08-26 22:59:28===> API : null ===> Message : validRequest() :: Api validated Successfully
info: ===> TimeStamp : 2025-08-26 22:59:28===> API : /api/billing/updateItemDetailsBill ===> Message : updateItemDetailsBill() invoked!!
info: ===> TimeStamp : 2025-08-26 22:59:28===> API : /api/billing/updateItemDetailsBill ===> Message : updateItemDetailsBill() :: DB :: Invoked !
info: ===> TimeStamp : 2025-08-26 22:59:28===> API : /api/billing/updateItemDetailsBill ===> Message : updateItemDetailsBillResponse() invoked!
info: ===> TimeStamp : 2025-08-26 22:59:28===> API : /api/billing/updateItemDetailsBill ===> Message : updateItemDetailsBillResponse() completed
info: ===> TimeStamp : 2025-08-26 22:59:29===> API : null ===> Message : validateRequest() invoked
info: ===> TimeStamp : 2025-08-26 22:59:29===> API : null ===> Message : fetchDBSettings()
info: ===> TimeStamp : 2025-08-26 22:59:29===> API : null ===> Message : validateRequest() Invoked!
info: ===> TimeStamp : 2025-08-26 22:59:29===> API : null ===> Message : validRequest() :: Api validated Successfully
info: ===> TimeStamp : 2025-08-26 22:59:29===> API : /api/billing/uploadBillFile ===> Message : uploadBillFile() invoked!!
info: ===> TimeStamp : 2025-08-26 22:59:30===> API : /api/billing/uploadBillFile ===> Message : uploadBillFile() :: DB :: Invoked !
info: ===> TimeStamp : 2025-08-26 22:59:30===> API : /api/billing/uploadBillFile ===> Message : uploadBillFileResponse() invoked!
info: ===> TimeStamp : 2025-08-26 22:59:30===> API : /api/billing/uploadBillFile ===> Message : uploadBillFileResponse() completed
info: ===> TimeStamp : 2025-08-26 22:59:33===> API : null ===> Message : validateRequest() invoked
info: ===> TimeStamp : 2025-08-26 22:59:33===> API : null ===> Message : fetchDBSettings()
info: ===> TimeStamp : 2025-08-26 22:59:33===> API : null ===> Message : validateRequest() Invoked!
info: ===> TimeStamp : 2025-08-26 22:59:33===> API : null ===> Message : validRequest() :: Api validated Successfully
info: ===> TimeStamp : 2025-08-26 22:59:33===> API : /api/billing/uploadBillFile ===> Message : uploadBillFile() invoked!!
info: ===> TimeStamp : 2025-08-26 22:59:33===> API : /api/billing/uploadBillFile ===> Message : uploadBillFile() :: DB :: Invoked !
info: ===> TimeStamp : 2025-08-26 22:59:34===> API : /api/billing/uploadBillFile ===> Message : uploadBillFileResponse() invoked!
info: ===> TimeStamp : 2025-08-26 22:59:34===> API : /api/billing/uploadBillFile ===> Message : uploadBillFileResponse() completed
info: ===> TimeStamp : 2025-08-26 22:59:34===> API : null ===> Message : validateRequest() invoked
info: ===> TimeStamp : 2025-08-26 22:59:34===> API : null ===> Message : fetchDBSettings()
info: ===> TimeStamp : 2025-08-26 22:59:34===> API : null ===> Message : validateRequest() Invoked!
info: ===> TimeStamp : 2025-08-26 22:59:34===> API : null ===> Message : validRequest() :: Api validated Successfully
info: ===> TimeStamp : 2025-08-26 22:59:34===> API : /api/billing/sendBillMail ===> Message : sendBillMail() invoked!!
info: ===> TimeStamp : 2025-08-26 22:59:36===> API : /api/billing/sendBillMail ===> Message : notifySellers() :: Email sent :: Success :: 250 2.0.0 OK  1756229376 d9443c01a7336-246688804dcsm100279205ad.127 - gsmtp !
info: ===> TimeStamp : 2025-08-26 22:59:36===> API : /api/billing/sendBillMail ===> Message : sendBillMailResponse() invoked!
info: ===> TimeStamp : 2025-08-26 22:59:36===> API : /api/billing/sendBillMail ===> Message : sendBillMailResponse() completed
info: ===> TimeStamp : 2025-08-26 22:59:43===> API : null ===> Message : validateRequest() invoked
info: ===> TimeStamp : 2025-08-26 22:59:43===> API : null ===> Message : fetchDBSettings()
info: ===> TimeStamp : 2025-08-26 22:59:43===> API : null ===> Message : validateRequest() Invoked!
info: ===> TimeStamp : 2025-08-26 22:59:43===> API : null ===> Message : validRequest() :: Api validated Successfully
info: ===> TimeStamp : 2025-08-26 22:59:43===> API : /api/billing/getBillingDetails?billId=0&userId=0&billingDate=2025-08-26&shiftId=0&isBookingWebsite=0&futureDate=2025-08-26&fromDate=&toDate= ===> Message : getBillingDetails() invoked!!
info: ===> TimeStamp : 2025-08-26 22:59:49===> API : null ===> Message : validateRequest() invoked
info: ===> TimeStamp : 2025-08-26 22:59:49===> API : null ===> Message : fetchDBSettings()
info: ===> TimeStamp : 2025-08-26 22:59:49===> API : null ===> Message : validateRequest() invoked
info: ===> TimeStamp : 2025-08-26 22:59:49===> API : null ===> Message : fetchDBSettings()
info: ===> TimeStamp : 2025-08-26 22:59:49===> API : null ===> Message : validateRequest() invoked
info: ===> TimeStamp : 2025-08-26 22:59:49===> API : null ===> Message : fetchDBSettings()
info: ===> TimeStamp : 2025-08-26 22:59:49===> API : null ===> Message : validateRequest() Invoked!
info: ===> TimeStamp : 2025-08-26 22:59:49===> API : null ===> Message : validateRequest() Invoked!
info: ===> TimeStamp : 2025-08-26 22:59:49===> API : null ===> Message : validateRequest() Invoked!
info: ===> TimeStamp : 2025-08-26 22:59:49===> API : null ===> Message : validRequest() :: Api validated Successfully
info: ===> TimeStamp : 2025-08-26 22:59:49===> API : /api/billing/noShowGuestList ===> Message : noShowGuestList() invoked!!
info: ===> TimeStamp : 2025-08-26 22:59:49===> API : /api/billing/noShowGuestList ===> Message : noShowGuestList() :: DB :: Invoked !
info: ===> TimeStamp : 2025-08-26 22:59:49===> API : null ===> Message : validRequest() :: Api validated Successfully
info: ===> TimeStamp : 2025-08-26 22:59:49===> API : /api/billing/getBillingDetails?billId=0&userId=0&billingDate=2025-08-26&shiftId=0&isBookingWebsite=0&futureDate=&fromDate=&toDate= ===> Message : getBillingDetails() invoked!!
info: ===> TimeStamp : 2025-08-26 22:59:49===> API : /api/billing/getBillingDetails?billId=0&userId=0&billingDate=2025-08-26&shiftId=0&isBookingWebsite=0&futureDate=&fromDate=&toDate= ===> Message : getBilliDetailsByBillDate() :: DB :: Invoked !
info: ===> TimeStamp : 2025-08-26 22:59:49===> API : null ===> Message : validRequest() :: Api validated Successfully
info: ===> TimeStamp : 2025-08-26 22:59:49===> API : /api/billing/fetchVoidBill ===> Message : fetchVoidBill() invoked!!
info: ===> TimeStamp : 2025-08-26 22:59:49===> API : /api/billing/fetchVoidBill ===> Message : fetchVoidBill() :: DB :: Invoked !
info: ===> TimeStamp : 2025-08-26 22:59:49===> API : /api/billing/getBillingDetails?billId=0&userId=0&billingDate=2025-08-26&shiftId=0&isBookingWebsite=0&futureDate=&fromDate=&toDate= ===> Message : getBillingDetailsResponse() invoked!
info: ===> TimeStamp : 2025-08-26 22:59:49===> API : /api/billing/getBillingDetails?billId=0&userId=0&billingDate=2025-08-26&shiftId=0&isBookingWebsite=0&futureDate=&fromDate=&toDate= ===> Message : getBillingDetailsResponse() completed
info: ===> TimeStamp : 2025-08-26 22:59:49===> API : null ===> Message : validateRequest() invoked
info: ===> TimeStamp : 2025-08-26 22:59:49===> API : null ===> Message : fetchDBSettings()
info: ===> TimeStamp : 2025-08-26 22:59:49===> API : null ===> Message : validateRequest() Invoked!
info: ===> TimeStamp : 2025-08-26 22:59:49===> API : null ===> Message : validRequest() :: Api validated Successfully
info: ===> TimeStamp : 2025-08-26 22:59:49===> API : /api/billing/getBillingDetails?billId=0&userId=0&billingDate=2025-08-26&shiftId=0&isBookingWebsite=0&futureDate=&fromDate=&toDate= ===> Message : getBillingDetails() invoked!!
info: ===> TimeStamp : 2025-08-26 22:59:49===> API : /api/billing/getBillingDetails?billId=0&userId=0&billingDate=2025-08-26&shiftId=0&isBookingWebsite=0&futureDate=&fromDate=&toDate= ===> Message : getBilliDetailsByBillDate() :: DB :: Invoked !
info: ===> TimeStamp : 2025-08-26 22:59:49===> API : /api/billing/getBillingDetails?billId=0&userId=0&billingDate=2025-08-26&shiftId=0&isBookingWebsite=0&futureDate=&fromDate=&toDate= ===> Message : getBillingDetailsResponse() invoked!
info: ===> TimeStamp : 2025-08-26 22:59:49===> API : /api/billing/getBillingDetails?billId=0&userId=0&billingDate=2025-08-26&shiftId=0&isBookingWebsite=0&futureDate=&fromDate=&toDate= ===> Message : getBillingDetailsResponse() completed
info: ===> TimeStamp : 2025-08-26 22:59:50===> API : /api/billing/noShowGuestList ===> Message : noShowGuestListResponse() invoked!
info: ===> TimeStamp : 2025-08-26 22:59:50===> API : /api/billing/noShowGuestList ===> Message : noShowGuestListResponse() completed
info: ===> TimeStamp : 2025-08-26 22:59:50===> API : null ===> Message : validateRequest() invoked
info: ===> TimeStamp : 2025-08-26 22:59:50===> API : null ===> Message : fetchDBSettings()
info: ===> TimeStamp : 2025-08-26 22:59:50===> API : null ===> Message : validateRequest() Invoked!
info: ===> TimeStamp : 2025-08-26 22:59:50===> API : null ===> Message : validRequest() :: Api validated Successfully
info: ===> TimeStamp : 2025-08-26 22:59:50===> API : /api/billing/noShowGuestList ===> Message : noShowGuestList() invoked!!
info: ===> TimeStamp : 2025-08-26 22:59:50===> API : /api/billing/noShowGuestList ===> Message : noShowGuestList() :: DB :: Invoked !
info: ===> TimeStamp : 2025-08-26 22:59:51===> API : /api/billing/fetchVoidBill ===> Message : fetchVoidBillResponse() invoked!
info: ===> TimeStamp : 2025-08-26 22:59:51===> API : /api/billing/fetchVoidBill ===> Message : fetchVoidBillResponse() completed
info: ===> TimeStamp : 2025-08-26 22:59:52===> API : /api/billing/noShowGuestList ===> Message : noShowGuestListResponse() invoked!
info: ===> TimeStamp : 2025-08-26 22:59:52===> API : /api/billing/noShowGuestList ===> Message : noShowGuestListResponse() completed
info: ===> TimeStamp : 2025-08-26 23:00:01===> API : null ===> Message : validateRequest() invoked
info: ===> TimeStamp : 2025-08-26 23:00:01===> API : null ===> Message : fetchDBSettings()
info: ===> TimeStamp : 2025-08-26 23:00:01===> API : null ===> Message : validateRequest() Invoked!
info: ===> TimeStamp : 2025-08-26 23:00:01===> API : null ===> Message : validRequest() :: Api validated Successfully
info: ===> TimeStamp : 2025-08-26 23:00:01===> API : /api/billing/getBillingDetails?billId=0&userId=0&billingDate=2025-08-26&shiftId=0&isBookingWebsite=0&futureDate=2025-08-26&fromDate=&toDate= ===> Message : getBillingDetails() invoked!!
info: ===> TimeStamp : 2025-08-26 23:00:51===> API : null ===> Message : validateRequest() invoked
info: ===> TimeStamp : 2025-08-26 23:00:51===> API : null ===> Message : fetchDBSettings()
info: ===> TimeStamp : 2025-08-26 23:00:51===> API : null ===> Message : validateRequest() invoked
info: ===> TimeStamp : 2025-08-26 23:00:51===> API : null ===> Message : fetchDBSettings()
info: ===> TimeStamp : 2025-08-26 23:00:51===> API : null ===> Message : validateRequest() invoked
info: ===> TimeStamp : 2025-08-26 23:00:51===> API : null ===> Message : fetchDBSettings()
info: ===> TimeStamp : 2025-08-26 23:00:51===> API : null ===> Message : validateRequest() Invoked!
info: ===> TimeStamp : 2025-08-26 23:00:51===> API : null ===> Message : validateRequest() invoked
info: ===> TimeStamp : 2025-08-26 23:00:51===> API : null ===> Message : fetchDBSettings()
info: ===> TimeStamp : 2025-08-26 23:00:51===> API : null ===> Message : validateRequest() Invoked!
info: ===> TimeStamp : 2025-08-26 23:00:51===> API : null ===> Message : validateRequest() Invoked!
info: ===> TimeStamp : 2025-08-26 23:00:51===> API : null ===> Message : validateRequest() Invoked!
info: ===> TimeStamp : 2025-08-26 23:00:51===> API : null ===> Message : validRequest() :: Api validated Successfully
info: ===> TimeStamp : 2025-08-26 23:00:51===> API : /api/billing/getBillingDetails?billId=0&userId=0&billingDate=2025-08-26&shiftId=0&isBookingWebsite=0&futureDate=&fromDate=&toDate= ===> Message : getBilliDetailsByBillDate() :: DB :: Invoked !
info: ===> TimeStamp : 2025-08-26 23:00:51===> API : /api/billing/getBillingDetails?billId=0&userId=0&billingDate=2025-08-26&shiftId=0&isBookingWebsite=0&futureDate=&fromDate=&toDate= ===> Message : getBillingDetails() invoked!!
info: ===> TimeStamp : 2025-08-26 23:00:51===> API : null ===> Message : validRequest() :: Api validated Successfully
info: ===> TimeStamp : 2025-08-26 23:00:51===> API : /api/billing/fetchVoidBill ===> Message : fetchVoidBill() invoked!!
info: ===> TimeStamp : 2025-08-26 23:00:51===> API : /api/billing/fetchVoidBill ===> Message : fetchVoidBill() :: DB :: Invoked !
info: ===> TimeStamp : 2025-08-26 23:00:51===> API : null ===> Message : validRequest() :: Api validated Successfully
info: ===> TimeStamp : 2025-08-26 23:00:51===> API : /api/billing/noShowGuestList ===> Message : noShowGuestList() invoked!!
info: ===> TimeStamp : 2025-08-26 23:00:51===> API : /api/billing/noShowGuestList ===> Message : noShowGuestList() :: DB :: Invoked !
info: ===> TimeStamp : 2025-08-26 23:00:51===> API : null ===> Message : validRequest() :: Api validated Successfully
info: ===> TimeStamp : 2025-08-26 23:00:51===> API : /api/billing/getBillingDetails?billId=0&userId=0&billingDate=2025-08-26&shiftId=0&isBookingWebsite=0&futureDate=2025-08-26&fromDate=&toDate= ===> Message : getBillingDetails() invoked!!
info: ===> TimeStamp : 2025-08-26 23:00:51===> API : /api/billing/getBillingDetails?billId=0&userId=0&billingDate=2025-08-26&shiftId=0&isBookingWebsite=0&futureDate=&fromDate=&toDate= ===> Message : getBillingDetailsResponse() invoked!
info: ===> TimeStamp : 2025-08-26 23:00:51===> API : /api/billing/getBillingDetails?billId=0&userId=0&billingDate=2025-08-26&shiftId=0&isBookingWebsite=0&futureDate=&fromDate=&toDate= ===> Message : getBillingDetailsResponse() completed
info: ===> TimeStamp : 2025-08-26 23:00:51===> API : null ===> Message : validateRequest() invoked
info: ===> TimeStamp : 2025-08-26 23:00:51===> API : null ===> Message : fetchDBSettings()
info: ===> TimeStamp : 2025-08-26 23:00:51===> API : null ===> Message : validateRequest() Invoked!
info: ===> TimeStamp : 2025-08-26 23:00:52===> API : null ===> Message : validRequest() :: Api validated Successfully
info: ===> TimeStamp : 2025-08-26 23:00:52===> API : /api/billing/getBillingDetails?billId=0&userId=0&billingDate=2025-08-26&shiftId=0&isBookingWebsite=0&futureDate=&fromDate=&toDate= ===> Message : getBillingDetails() invoked!!
info: ===> TimeStamp : 2025-08-26 23:00:52===> API : /api/billing/getBillingDetails?billId=0&userId=0&billingDate=2025-08-26&shiftId=0&isBookingWebsite=0&futureDate=&fromDate=&toDate= ===> Message : getBilliDetailsByBillDate() :: DB :: Invoked !
info: ===> TimeStamp : 2025-08-26 23:00:52===> API : /api/billing/getBillingDetails?billId=0&userId=0&billingDate=2025-08-26&shiftId=0&isBookingWebsite=0&futureDate=&fromDate=&toDate= ===> Message : getBillingDetailsResponse() invoked!
info: ===> TimeStamp : 2025-08-26 23:00:52===> API : /api/billing/getBillingDetails?billId=0&userId=0&billingDate=2025-08-26&shiftId=0&isBookingWebsite=0&futureDate=&fromDate=&toDate= ===> Message : getBillingDetailsResponse() completed
info: ===> TimeStamp : 2025-08-26 23:00:53===> API : /api/billing/fetchVoidBill ===> Message : fetchVoidBillResponse() invoked!
info: ===> TimeStamp : 2025-08-26 23:00:53===> API : /api/billing/fetchVoidBill ===> Message : fetchVoidBillResponse() completed
info: ===> TimeStamp : 2025-08-26 23:00:53===> API : /api/billing/noShowGuestList ===> Message : noShowGuestListResponse() invoked!
info: ===> TimeStamp : 2025-08-26 23:00:53===> API : /api/billing/noShowGuestList ===> Message : noShowGuestListResponse() completed
info: ===> TimeStamp : 2025-08-26 23:00:53===> API : null ===> Message : validateRequest() invoked
info: ===> TimeStamp : 2025-08-26 23:00:53===> API : null ===> Message : fetchDBSettings()
info: ===> TimeStamp : 2025-08-26 23:00:53===> API : null ===> Message : validateRequest() Invoked!
info: ===> TimeStamp : 2025-08-26 23:00:53===> API : null ===> Message : validRequest() :: Api validated Successfully
info: ===> TimeStamp : 2025-08-26 23:00:53===> API : /api/billing/noShowGuestList ===> Message : noShowGuestList() invoked!!
info: ===> TimeStamp : 2025-08-26 23:00:53===> API : /api/billing/noShowGuestList ===> Message : noShowGuestList() :: DB :: Invoked !
info: ===> TimeStamp : 2025-08-26 23:00:53===> API : /api/billing/noShowGuestList ===> Message : noShowGuestListResponse() invoked!
info: ===> TimeStamp : 2025-08-26 23:00:53===> API : /api/billing/noShowGuestList ===> Message : noShowGuestListResponse() completed
info: ===> TimeStamp : 2025-08-26 23:00:56===> API : null ===> Message : validateRequest() invoked
info: ===> TimeStamp : 2025-08-26 23:00:56===> API : null ===> Message : fetchDBSettings()
info: ===> TimeStamp : 2025-08-26 23:00:56===> API : null ===> Message : validateRequest() Invoked!
info: ===> TimeStamp : 2025-08-26 23:00:56===> API : null ===> Message : validRequest() :: Api validated Successfully
info: ===> TimeStamp : 2025-08-26 23:00:56===> API : /api/billing/getBillingDetails?billId=0&userId=0&billingDate=2025-08-26&shiftId=0&isBookingWebsite=0&futureDate=&fromDate=&toDate= ===> Message : getBillingDetails() invoked!!
info: ===> TimeStamp : 2025-08-26 23:00:56===> API : /api/billing/getBillingDetails?billId=0&userId=0&billingDate=2025-08-26&shiftId=0&isBookingWebsite=0&futureDate=&fromDate=&toDate= ===> Message : getBilliDetailsByBillDate() :: DB :: Invoked !
info: ===> TimeStamp : 2025-08-26 23:00:56===> API : /api/billing/getBillingDetails?billId=0&userId=0&billingDate=2025-08-26&shiftId=0&isBookingWebsite=0&futureDate=&fromDate=&toDate= ===> Message : getBillingDetailsResponse() invoked!
info: ===> TimeStamp : 2025-08-26 23:00:56===> API : /api/billing/getBillingDetails?billId=0&userId=0&billingDate=2025-08-26&shiftId=0&isBookingWebsite=0&futureDate=&fromDate=&toDate= ===> Message : getBillingDetailsResponse() completed
info: ===> TimeStamp : 2025-08-26 23:01:00===> API : null ===> Message : validateRequest() invoked
info: ===> TimeStamp : 2025-08-26 23:01:00===> API : null ===> Message : fetchDBSettings()
info: ===> TimeStamp : 2025-08-26 23:01:00===> API : null ===> Message : validateRequest() Invoked!
info: ===> TimeStamp : 2025-08-26 23:01:00===> API : null ===> Message : validRequest() :: Api validated Successfully
info: ===> TimeStamp : 2025-08-26 23:01:00===> API : /api/billing/getBillingDetails?billId=0&userId=0&billingDate=2025-08-26&shiftId=3&isBookingWebsite=0&futureDate=&fromDate=&toDate= ===> Message : getBillingDetails() invoked!!
info: ===> TimeStamp : 2025-08-26 23:01:00===> API : /api/billing/getBillingDetails?billId=0&userId=0&billingDate=2025-08-26&shiftId=3&isBookingWebsite=0&futureDate=&fromDate=&toDate= ===> Message : getBilliDetailsByShift() :: DB :: Invoked !
info: ===> TimeStamp : 2025-08-26 23:01:00===> API : /api/billing/getBillingDetails?billId=0&userId=0&billingDate=2025-08-26&shiftId=3&isBookingWebsite=0&futureDate=&fromDate=&toDate= ===> Message : getBillingDetailsResponse() invoked!
info: ===> TimeStamp : 2025-08-26 23:01:00===> API : /api/billing/getBillingDetails?billId=0&userId=0&billingDate=2025-08-26&shiftId=3&isBookingWebsite=0&futureDate=&fromDate=&toDate= ===> Message : getBillingDetailsResponse() completed
info: ===> TimeStamp : 2025-08-26 23:01:01===> API : null ===> Message : validateRequest() invoked
info: ===> TimeStamp : 2025-08-26 23:01:01===> API : null ===> Message : fetchDBSettings()
info: ===> TimeStamp : 2025-08-26 23:01:01===> API : null ===> Message : validateRequest() Invoked!
info: ===> TimeStamp : 2025-08-26 23:01:01===> API : null ===> Message : validRequest() :: Api validated Successfully
info: ===> TimeStamp : 2025-08-26 23:01:01===> API : /api/billing/generateCSVReport ===> Message : generateReports() invoked!!
info: ===> TimeStamp : 2025-08-26 23:01:01===> API : /api/billing/generateCSVReport ===> Message : generateReportsByShift() :: DB :: Invoked !
info: ===> TimeStamp : 2025-08-26 23:01:01===> API : /api/billing/generateCSVReport ===> Message : uploadReportFile() :: DB :: Invoked !
info: ===> TimeStamp : 2025-08-26 23:01:01===> API : /api/billing/generateCSVReport ===> Message : generateReportsResponse() invoked!
info: ===> TimeStamp : 2025-08-26 23:01:01===> API : /api/billing/generateCSVReport ===> Message : generateReportsResponse() completed
info: ===> TimeStamp : 2025-08-26 23:01:01===> API : null ===> Message : validateRequest() invoked
info: ===> TimeStamp : 2025-08-26 23:01:01===> API : null ===> Message : fetchDBSettings()
info: ===> TimeStamp : 2025-08-26 23:01:01===> API : null ===> Message : validateRequest() Invoked!
info: ===> TimeStamp : 2025-08-26 23:01:01===> API : null ===> Message : validRequest() :: Api validated Successfully
info: ===> TimeStamp : 2025-08-26 23:01:01===> API : /api/billing/getBillingDetails?billId=0&userId=0&billingDate=2025-08-26&shiftId=0&isBookingWebsite=0&futureDate=2025-08-26&fromDate=&toDate= ===> Message : getBillingDetails() invoked!!
info: ===> TimeStamp : 2025-08-26 23:01:16===> API : null ===> Message : validateRequest() invoked
info: ===> TimeStamp : 2025-08-26 23:01:16===> API : null ===> Message : fetchDBSettings()
info: ===> TimeStamp : 2025-08-26 23:01:16===> API : null ===> Message : validateRequest() Invoked!
info: ===> TimeStamp : 2025-08-26 23:01:16===> API : null ===> Message : validRequest() :: Api validated Successfully
info: ===> TimeStamp : 2025-08-26 23:01:16===> API : /api/billing/getBillingDetails?billId=0&userId=0&billingDate=2025-08-26&shiftId=0&isBookingWebsite=0&futureDate=2025-08-26&fromDate=&toDate= ===> Message : getBillingDetails() invoked!!
info: ===> TimeStamp : 2025-08-26 23:11:07===> API : null ===> Message : validateRequest() invoked
info: ===> TimeStamp : 2025-08-26 23:11:07===> API : null ===> Message : fetchDBSettings()
info: ===> TimeStamp : 2025-08-26 23:11:07===> API : null ===> Message : validateRequest() Invoked!
info: ===> TimeStamp : 2025-08-26 23:11:07===> API : null ===> Message : validRequest() :: Api validated Successfully
info: ===> TimeStamp : 2025-08-26 23:11:07===> API : /api/billing/addBillingDetails ===> Message : addBillingDetails() invoked!!
info: ===> TimeStamp : 2025-08-26 23:11:07===> API : /api/billing/addBillingDetails ===> Message : getPackageItemDetails() :: DB :: Invoked !
info: ===> TimeStamp : 2025-08-26 23:11:07===> API : /api/billing/addBillingDetails ===> Message : newBooking() :: DB :: Invoked !
info: ===> TimeStamp : 2025-08-26 23:11:07===> API : /api/billing/addBillingDetails ===> Message : newBooking() :: DB :: Invoked !
info: ===> TimeStamp : 2025-08-26 23:11:09===> API : /api/billing/addBillingDetails ===> Message : newBooking() :: DB :: Invoked !
info: ===> TimeStamp : 2025-08-26 23:11:09===> API : /api/billing/addBillingDetails ===> Message : newBooking() :: DB :: Invoked !
info: ===> TimeStamp : 2025-08-26 23:11:10===> API : /api/billing/addBillingDetails ===> Message : addBillingDetailsResponse() invoked!
info: ===> TimeStamp : 2025-08-26 23:11:10===> API : /api/billing/addBillingDetails ===> Message : addBillingDetailsResponse() completed
info: ===> TimeStamp : 2025-08-26 23:11:10===> API : null ===> Message : validateRequest() invoked
info: ===> TimeStamp : 2025-08-26 23:11:10===> API : null ===> Message : fetchDBSettings()
info: ===> TimeStamp : 2025-08-26 23:11:10===> API : null ===> Message : validateRequest() Invoked!
info: ===> TimeStamp : 2025-08-26 23:11:10===> API : null ===> Message : validRequest() :: Api validated Successfully
info: ===> TimeStamp : 2025-08-26 23:11:10===> API : /api/billing/updateItemDetailsBill ===> Message : updateItemDetailsBill() invoked!!
info: ===> TimeStamp : 2025-08-26 23:11:10===> API : /api/billing/updateItemDetailsBill ===> Message : updateItemDetailsBill() :: DB :: Invoked !
info: ===> TimeStamp : 2025-08-26 23:11:10===> API : /api/billing/updateItemDetailsBill ===> Message : updateItemDetailsBillResponse() invoked!
info: ===> TimeStamp : 2025-08-26 23:11:10===> API : /api/billing/updateItemDetailsBill ===> Message : updateItemDetailsBillResponse() completed
info: ===> TimeStamp : 2025-08-26 23:11:12===> API : null ===> Message : validateRequest() invoked
info: ===> TimeStamp : 2025-08-26 23:11:12===> API : null ===> Message : fetchDBSettings()
info: ===> TimeStamp : 2025-08-26 23:11:12===> API : null ===> Message : validateRequest() Invoked!
info: ===> TimeStamp : 2025-08-26 23:11:12===> API : null ===> Message : validRequest() :: Api validated Successfully
info: ===> TimeStamp : 2025-08-26 23:11:12===> API : /api/billing/uploadBillFile ===> Message : uploadBillFile() invoked!!
info: ===> TimeStamp : 2025-08-26 23:11:12===> API : /api/billing/uploadBillFile ===> Message : uploadBillFile() :: DB :: Invoked !
info: ===> TimeStamp : 2025-08-26 23:11:12===> API : /api/billing/uploadBillFile ===> Message : uploadBillFileResponse() invoked!
info: ===> TimeStamp : 2025-08-26 23:11:12===> API : /api/billing/uploadBillFile ===> Message : uploadBillFileResponse() completed
info: ===> TimeStamp : 2025-08-26 23:11:19===> API : null ===> Message : validateRequest() invoked
info: ===> TimeStamp : 2025-08-26 23:11:19===> API : null ===> Message : fetchDBSettings()
info: ===> TimeStamp : 2025-08-26 23:11:19===> API : null ===> Message : validateRequest() Invoked!
info: ===> TimeStamp : 2025-08-26 23:11:19===> API : null ===> Message : validRequest() :: Api validated Successfully
info: ===> TimeStamp : 2025-08-26 23:11:19===> API : /api/billing/uploadBillFile ===> Message : uploadBillFile() invoked!!
info: ===> TimeStamp : 2025-08-26 23:11:19===> API : /api/billing/uploadBillFile ===> Message : uploadBillFile() :: DB :: Invoked !
info: ===> TimeStamp : 2025-08-26 23:11:19===> API : /api/billing/uploadBillFile ===> Message : uploadBillFileResponse() invoked!
info: ===> TimeStamp : 2025-08-26 23:11:19===> API : /api/billing/uploadBillFile ===> Message : uploadBillFileResponse() completed
info: ===> TimeStamp : 2025-08-26 23:11:19===> API : null ===> Message : validateRequest() invoked
info: ===> TimeStamp : 2025-08-26 23:11:19===> API : null ===> Message : fetchDBSettings()
info: ===> TimeStamp : 2025-08-26 23:11:19===> API : null ===> Message : validateRequest() Invoked!
info: ===> TimeStamp : 2025-08-26 23:11:19===> API : null ===> Message : validRequest() :: Api validated Successfully
info: ===> TimeStamp : 2025-08-26 23:11:19===> API : /api/billing/sendBillMail ===> Message : sendBillMail() invoked!!
info: ===> TimeStamp : 2025-08-26 23:11:22===> API : /api/billing/sendBillMail ===> Message : notifySellers() :: Email sent :: Success :: 250 2.0.0 OK  1756230082 d2e1a72fcca58-770402159aesm11183093b3a.82 - gsmtp !
info: ===> TimeStamp : 2025-08-26 23:11:22===> API : /api/billing/sendBillMail ===> Message : sendBillMailResponse() invoked!
info: ===> TimeStamp : 2025-08-26 23:11:22===> API : /api/billing/sendBillMail ===> Message : sendBillMailResponse() completed
info: ===> TimeStamp : 2025-08-26 23:11:29===> API : null ===> Message : validateRequest() invoked
info: ===> TimeStamp : 2025-08-26 23:11:29===> API : null ===> Message : fetchDBSettings()
info: ===> TimeStamp : 2025-08-26 23:11:29===> API : null ===> Message : validateRequest() invoked
info: ===> TimeStamp : 2025-08-26 23:11:29===> API : null ===> Message : fetchDBSettings()
info: ===> TimeStamp : 2025-08-26 23:11:29===> API : null ===> Message : validateRequest() invoked
info: ===> TimeStamp : 2025-08-26 23:11:29===> API : null ===> Message : fetchDBSettings()
info: ===> TimeStamp : 2025-08-26 23:11:29===> API : null ===> Message : validateRequest() Invoked!
info: ===> TimeStamp : 2025-08-26 23:11:29===> API : null ===> Message : validateRequest() invoked
info: ===> TimeStamp : 2025-08-26 23:11:29===> API : null ===> Message : fetchDBSettings()
info: ===> TimeStamp : 2025-08-26 23:11:29===> API : null ===> Message : validateRequest() Invoked!
info: ===> TimeStamp : 2025-08-26 23:11:29===> API : null ===> Message : validateRequest() Invoked!
info: ===> TimeStamp : 2025-08-26 23:11:29===> API : null ===> Message : validateRequest() Invoked!
info: ===> TimeStamp : 2025-08-26 23:11:29===> API : null ===> Message : validRequest() :: Api validated Successfully
info: ===> TimeStamp : 2025-08-26 23:11:29===> API : /api/billing/getBillingDetails?billId=0&userId=0&billingDate=2025-08-26&shiftId=0&isBookingWebsite=0&futureDate=&fromDate=&toDate= ===> Message : getBillingDetails() invoked!!
info: ===> TimeStamp : 2025-08-26 23:11:29===> API : /api/billing/getBillingDetails?billId=0&userId=0&billingDate=2025-08-26&shiftId=0&isBookingWebsite=0&futureDate=&fromDate=&toDate= ===> Message : getBilliDetailsByBillDate() :: DB :: Invoked !
info: ===> TimeStamp : 2025-08-26 23:11:29===> API : /api/billing/getBillingDetails?billId=0&userId=0&billingDate=2025-08-26&shiftId=0&isBookingWebsite=0&futureDate=&fromDate=&toDate= ===> Message : getBillingDetailsResponse() invoked!
info: ===> TimeStamp : 2025-08-26 23:11:29===> API : /api/billing/getBillingDetails?billId=0&userId=0&billingDate=2025-08-26&shiftId=0&isBookingWebsite=0&futureDate=&fromDate=&toDate= ===> Message : getBillingDetailsResponse() completed
info: ===> TimeStamp : 2025-08-26 23:11:29===> API : null ===> Message : validRequest() :: Api validated Successfully
info: ===> TimeStamp : 2025-08-26 23:11:29===> API : /api/billing/fetchVoidBill ===> Message : fetchVoidBill() invoked!!
info: ===> TimeStamp : 2025-08-26 23:11:29===> API : /api/billing/fetchVoidBill ===> Message : fetchVoidBill() :: DB :: Invoked !
info: ===> TimeStamp : 2025-08-26 23:11:29===> API : null ===> Message : validRequest() :: Api validated Successfully
info: ===> TimeStamp : 2025-08-26 23:11:29===> API : /api/billing/noShowGuestList ===> Message : noShowGuestList() invoked!!
info: ===> TimeStamp : 2025-08-26 23:11:29===> API : /api/billing/noShowGuestList ===> Message : noShowGuestList() :: DB :: Invoked !
info: ===> TimeStamp : 2025-08-26 23:11:29===> API : null ===> Message : validRequest() :: Api validated Successfully
info: ===> TimeStamp : 2025-08-26 23:11:29===> API : /api/billing/getBillingDetails?billId=0&userId=0&billingDate=2025-08-26&shiftId=0&isBookingWebsite=0&futureDate=2025-08-26&fromDate=&toDate= ===> Message : getBillingDetails() invoked!!
info: ===> TimeStamp : 2025-08-26 23:11:29===> API : null ===> Message : validateRequest() invoked
info: ===> TimeStamp : 2025-08-26 23:11:29===> API : null ===> Message : fetchDBSettings()
info: ===> TimeStamp : 2025-08-26 23:11:29===> API : null ===> Message : validateRequest() Invoked!
info: ===> TimeStamp : 2025-08-26 23:11:29===> API : null ===> Message : validRequest() :: Api validated Successfully
info: ===> TimeStamp : 2025-08-26 23:11:29===> API : /api/billing/getBillingDetails?billId=0&userId=0&billingDate=2025-08-26&shiftId=0&isBookingWebsite=0&futureDate=&fromDate=&toDate= ===> Message : getBillingDetails() invoked!!
info: ===> TimeStamp : 2025-08-26 23:11:29===> API : /api/billing/getBillingDetails?billId=0&userId=0&billingDate=2025-08-26&shiftId=0&isBookingWebsite=0&futureDate=&fromDate=&toDate= ===> Message : getBilliDetailsByBillDate() :: DB :: Invoked !
info: ===> TimeStamp : 2025-08-26 23:11:30===> API : /api/billing/getBillingDetails?billId=0&userId=0&billingDate=2025-08-26&shiftId=0&isBookingWebsite=0&futureDate=&fromDate=&toDate= ===> Message : getBillingDetailsResponse() invoked!
info: ===> TimeStamp : 2025-08-26 23:11:30===> API : /api/billing/getBillingDetails?billId=0&userId=0&billingDate=2025-08-26&shiftId=0&isBookingWebsite=0&futureDate=&fromDate=&toDate= ===> Message : getBillingDetailsResponse() completed
info: ===> TimeStamp : 2025-08-26 23:11:30===> API : /api/billing/fetchVoidBill ===> Message : fetchVoidBillResponse() invoked!
info: ===> TimeStamp : 2025-08-26 23:11:30===> API : /api/billing/fetchVoidBill ===> Message : fetchVoidBillResponse() completed
info: ===> TimeStamp : 2025-08-26 23:11:30===> API : /api/billing/noShowGuestList ===> Message : noShowGuestListResponse() invoked!
info: ===> TimeStamp : 2025-08-26 23:11:30===> API : /api/billing/noShowGuestList ===> Message : noShowGuestListResponse() completed
info: ===> TimeStamp : 2025-08-26 23:11:30===> API : null ===> Message : validateRequest() invoked
info: ===> TimeStamp : 2025-08-26 23:11:30===> API : null ===> Message : fetchDBSettings()
info: ===> TimeStamp : 2025-08-26 23:11:30===> API : null ===> Message : validateRequest() Invoked!
info: ===> TimeStamp : 2025-08-26 23:11:30===> API : null ===> Message : validRequest() :: Api validated Successfully
info: ===> TimeStamp : 2025-08-26 23:11:30===> API : /api/billing/noShowGuestList ===> Message : noShowGuestList() :: DB :: Invoked !
info: ===> TimeStamp : 2025-08-26 23:11:30===> API : /api/billing/noShowGuestList ===> Message : noShowGuestList() invoked!!
info: ===> TimeStamp : 2025-08-26 23:11:31===> API : /api/billing/noShowGuestList ===> Message : noShowGuestListResponse() invoked!
info: ===> TimeStamp : 2025-08-26 23:11:31===> API : /api/billing/noShowGuestList ===> Message : noShowGuestListResponse() completed
info: ===> TimeStamp : 2025-08-26 23:11:32===> API : null ===> Message : validateRequest() invoked
info: ===> TimeStamp : 2025-08-26 23:11:32===> API : null ===> Message : fetchDBSettings()
info: ===> TimeStamp : 2025-08-26 23:11:32===> API : null ===> Message : validateRequest() Invoked!
info: ===> TimeStamp : 2025-08-26 23:11:32===> API : null ===> Message : validRequest() :: Api validated Successfully
info: ===> TimeStamp : 2025-08-26 23:11:32===> API : /api/billing/updateItemDetailsBill ===> Message : updateItemDetailsBill() :: DB :: Invoked !
info: ===> TimeStamp : 2025-08-26 23:11:32===> API : /api/billing/updateItemDetailsBill ===> Message : updateItemDetailsBill() invoked!!
info: ===> TimeStamp : 2025-08-26 23:11:32===> API : /api/billing/updateItemDetailsBill ===> Message : updateItemDetailsBillResponse() invoked!
info: ===> TimeStamp : 2025-08-26 23:11:32===> API : /api/billing/updateItemDetailsBill ===> Message : updateItemDetailsBillResponse() completed
info: ===> TimeStamp : 2025-08-26 23:11:34===> API : null ===> Message : validateRequest() invoked
info: ===> TimeStamp : 2025-08-26 23:11:34===> API : null ===> Message : fetchDBSettings()
info: ===> TimeStamp : 2025-08-26 23:11:34===> API : null ===> Message : validateRequest() Invoked!
info: ===> TimeStamp : 2025-08-26 23:11:34===> API : null ===> Message : validRequest() :: Api validated Successfully
info: ===> TimeStamp : 2025-08-26 23:11:34===> API : /api/billing/uploadBillFile ===> Message : uploadBillFile() invoked!!
info: ===> TimeStamp : 2025-08-26 23:11:34===> API : /api/billing/uploadBillFile ===> Message : uploadBillFile() :: DB :: Invoked !
info: ===> TimeStamp : 2025-08-26 23:11:34===> API : /api/billing/uploadBillFile ===> Message : uploadBillFileResponse() invoked!
info: ===> TimeStamp : 2025-08-26 23:11:34===> API : /api/billing/uploadBillFile ===> Message : uploadBillFileResponse() completed
info: ===> TimeStamp : 2025-08-26 23:48:56===> API : null ===> Message : validateRequest() invoked
info: ===> TimeStamp : 2025-08-26 23:48:56===> API : null ===> Message : fetchDBSettings()
info: ===> TimeStamp : 2025-08-26 23:48:56===> API : null ===> Message : validateRequest() Invoked!
info: ===> TimeStamp : 2025-08-26 23:48:56===> API : null ===> Message : validRequest() :: Api validated Successfully
info: ===> TimeStamp : 2025-08-26 23:48:56===> API : /api/billing/addBillingDetails ===> Message : addBillingDetails() invoked!!
info: ===> TimeStamp : 2025-08-26 23:48:56===> API : /api/billing/addBillingDetails ===> Message : getPackageItemDetails() :: DB :: Invoked !
info: ===> TimeStamp : 2025-08-26 23:48:56===> API : /api/billing/addBillingDetails ===> Message : newBooking() :: DB :: Invoked !
info: ===> TimeStamp : 2025-08-26 23:48:56===> API : /api/billing/addBillingDetails ===> Message : newBooking() :: DB :: Invoked !
info: ===> TimeStamp : 2025-08-26 23:48:58===> API : /api/billing/addBillingDetails ===> Message : newBooking() :: DB :: Invoked !
info: ===> TimeStamp : 2025-08-26 23:48:58===> API : /api/billing/addBillingDetails ===> Message : newBooking() :: DB :: Invoked !
info: ===> TimeStamp : 2025-08-26 23:49:00===> API : /api/billing/addBillingDetails ===> Message : addBillingDetailsResponse() invoked!
info: ===> TimeStamp : 2025-08-26 23:49:00===> API : /api/billing/addBillingDetails ===> Message : addBillingDetailsResponse() completed
info: ===> TimeStamp : 2025-08-26 23:49:00===> API : null ===> Message : validateRequest() invoked
info: ===> TimeStamp : 2025-08-26 23:49:00===> API : null ===> Message : fetchDBSettings()
info: ===> TimeStamp : 2025-08-26 23:49:00===> API : null ===> Message : validateRequest() Invoked!
info: ===> TimeStamp : 2025-08-26 23:49:00===> API : null ===> Message : validRequest() :: Api validated Successfully
info: ===> TimeStamp : 2025-08-26 23:49:00===> API : /api/billing/updateItemDetailsBill ===> Message : updateItemDetailsBill() invoked!!
info: ===> TimeStamp : 2025-08-26 23:49:00===> API : /api/billing/updateItemDetailsBill ===> Message : updateItemDetailsBill() :: DB :: Invoked !
info: ===> TimeStamp : 2025-08-26 23:49:00===> API : /api/billing/updateItemDetailsBill ===> Message : updateItemDetailsBillResponse() invoked!
info: ===> TimeStamp : 2025-08-26 23:49:00===> API : /api/billing/updateItemDetailsBill ===> Message : updateItemDetailsBillResponse() completed
info: ===> TimeStamp : 2025-08-26 23:49:02===> API : null ===> Message : validateRequest() invoked
info: ===> TimeStamp : 2025-08-26 23:49:02===> API : null ===> Message : fetchDBSettings()
info: ===> TimeStamp : 2025-08-26 23:49:02===> API : null ===> Message : validateRequest() Invoked!
info: ===> TimeStamp : 2025-08-26 23:49:02===> API : null ===> Message : validRequest() :: Api validated Successfully
info: ===> TimeStamp : 2025-08-26 23:49:02===> API : /api/billing/uploadBillFile ===> Message : uploadBillFile() invoked!!
info: ===> TimeStamp : 2025-08-26 23:49:03===> API : /api/billing/uploadBillFile ===> Message : uploadBillFile() :: DB :: Invoked !
info: ===> TimeStamp : 2025-08-26 23:49:03===> API : /api/billing/uploadBillFile ===> Message : uploadBillFileResponse() invoked!
info: ===> TimeStamp : 2025-08-26 23:49:03===> API : /api/billing/uploadBillFile ===> Message : uploadBillFileResponse() completed
info: ===> TimeStamp : 2025-08-26 23:49:09===> API : null ===> Message : validateRequest() invoked
info: ===> TimeStamp : 2025-08-26 23:49:09===> API : null ===> Message : fetchDBSettings()
info: ===> TimeStamp : 2025-08-26 23:49:09===> API : null ===> Message : validateRequest() Invoked!
info: ===> TimeStamp : 2025-08-26 23:49:09===> API : null ===> Message : validRequest() :: Api validated Successfully
info: ===> TimeStamp : 2025-08-26 23:49:09===> API : /api/billing/uploadBillFile ===> Message : uploadBillFile() invoked!!
info: ===> TimeStamp : 2025-08-26 23:49:09===> API : /api/billing/uploadBillFile ===> Message : uploadBillFile() :: DB :: Invoked !
info: ===> TimeStamp : 2025-08-26 23:49:09===> API : /api/billing/uploadBillFile ===> Message : uploadBillFileResponse() invoked!
info: ===> TimeStamp : 2025-08-26 23:49:09===> API : /api/billing/uploadBillFile ===> Message : uploadBillFileResponse() completed
info: ===> TimeStamp : 2025-08-26 23:49:09===> API : null ===> Message : validateRequest() invoked
info: ===> TimeStamp : 2025-08-26 23:49:09===> API : null ===> Message : fetchDBSettings()
info: ===> TimeStamp : 2025-08-26 23:49:09===> API : null ===> Message : validateRequest() Invoked!
info: ===> TimeStamp : 2025-08-26 23:49:09===> API : null ===> Message : validRequest() :: Api validated Successfully
info: ===> TimeStamp : 2025-08-26 23:49:09===> API : /api/billing/sendBillMail ===> Message : sendBillMail() invoked!!
info: ===> TimeStamp : 2025-08-26 23:49:12===> API : /api/billing/sendBillMail ===> Message : notifySellers() :: Email sent :: Success :: 250 2.0.0 OK  1756232352 d9443c01a7336-246687b521bsm102142375ad.60 - gsmtp !
info: ===> TimeStamp : 2025-08-26 23:49:12===> API : /api/billing/sendBillMail ===> Message : sendBillMailResponse() invoked!
info: ===> TimeStamp : 2025-08-26 23:49:12===> API : /api/billing/sendBillMail ===> Message : sendBillMailResponse() completed
info: ===> TimeStamp : 2025-08-26 23:49:14===> API : null ===> Message : validateRequest() invoked
info: ===> TimeStamp : 2025-08-26 23:49:14===> API : null ===> Message : fetchDBSettings()
info: ===> TimeStamp : 2025-08-26 23:49:14===> API : null ===> Message : validateRequest() Invoked!
info: ===> TimeStamp : 2025-08-26 23:49:14===> API : null ===> Message : validRequest() :: Api validated Successfully
info: ===> TimeStamp : 2025-08-26 23:49:14===> API : /api/billing/uploadBillFile ===> Message : uploadBillFile() invoked!!
info: ===> TimeStamp : 2025-08-26 23:49:14===> API : /api/billing/uploadBillFile ===> Message : uploadBillFile() :: DB :: Invoked !
info: ===> TimeStamp : 2025-08-26 23:49:14===> API : /api/billing/uploadBillFile ===> Message : uploadBillFileResponse() invoked!
info: ===> TimeStamp : 2025-08-26 23:49:14===> API : /api/billing/uploadBillFile ===> Message : uploadBillFileResponse() completed
info: ===> TimeStamp : 2025-08-26 23:49:15===> API : null ===> Message : validateRequest() invoked
info: ===> TimeStamp : 2025-08-26 23:49:15===> API : null ===> Message : fetchDBSettings()
info: ===> TimeStamp : 2025-08-26 23:49:15===> API : null ===> Message : validateRequest() Invoked!
info: ===> TimeStamp : 2025-08-26 23:49:15===> API : null ===> Message : validRequest() :: Api validated Successfully
info: ===> TimeStamp : 2025-08-26 23:49:15===> API : /api/billing/sendBillMail ===> Message : sendBillMail() invoked!!
info: ===> TimeStamp : 2025-08-26 23:49:18===> API : /api/billing/sendBillMail ===> Message : notifySellers() :: Email sent :: Success :: 250 2.0.0 OK  1756232358 41be03b00d2f7-b49dbd48cb9sm7090404a12.57 - gsmtp !
info: ===> TimeStamp : 2025-08-26 23:49:18===> API : /api/billing/sendBillMail ===> Message : sendBillMailResponse() invoked!
info: ===> TimeStamp : 2025-08-26 23:49:18===> API : /api/billing/sendBillMail ===> Message : sendBillMailResponse() completed
info: ===> TimeStamp : 2025-08-27 00:03:35===> API : null ===> Message : validateRequest() invoked
info: ===> TimeStamp : 2025-08-27 00:03:35===> API : null ===> Message : validateRequest() Error:: Invalid Request :: 
      {"apiUri":"/"}
info: ===> TimeStamp : 2025-08-27 00:21:55===> API : null ===> Message : validateRequest() invoked
info: ===> TimeStamp : 2025-08-27 00:21:55===> API : null ===> Message : validateRequest() Error:: Invalid Request :: 
      {"apiUri":"/"}
info: ===> TimeStamp : 2025-08-27 00:22:16===> API : null ===> Message : validateRequest() invoked
info: ===> TimeStamp : 2025-08-27 00:22:16===> API : null ===> Message : fetchDBSettings()
info: ===> TimeStamp : 2025-08-27 00:22:16===> API : null ===> Message : validateRequest() Invoked!
info: ===> TimeStamp : 2025-08-27 00:22:16===> API : null ===> Message : validRequest() :: Api validated Successfully
info: ===> TimeStamp : 2025-08-27 00:22:16===> API : /api/billing/addBillingDetails ===> Message : addBillingDetails() invoked!!
info: ===> TimeStamp : 2025-08-27 00:22:16===> API : /api/billing/addBillingDetails ===> Message : getPackageItemDetails() :: DB :: Invoked !
info: ===> TimeStamp : 2025-08-27 00:22:16===> API : /api/billing/addBillingDetails ===> Message : newBooking() :: DB :: Invoked !
info: ===> TimeStamp : 2025-08-27 00:22:16===> API : /api/billing/addBillingDetails ===> Message : newBooking() :: DB :: Invoked !
info: ===> TimeStamp : 2025-08-27 00:22:18===> API : /api/billing/addBillingDetails ===> Message : newBooking() :: DB :: Invoked !
info: ===> TimeStamp : 2025-08-27 00:22:18===> API : /api/billing/addBillingDetails ===> Message : newBooking() :: DB :: Invoked !
info: ===> TimeStamp : 2025-08-27 00:22:20===> API : /api/billing/addBillingDetails ===> Message : addBillingDetailsResponse() invoked!
info: ===> TimeStamp : 2025-08-27 00:22:20===> API : /api/billing/addBillingDetails ===> Message : addBillingDetailsResponse() completed
info: ===> TimeStamp : 2025-08-27 00:22:20===> API : null ===> Message : validateRequest() invoked
info: ===> TimeStamp : 2025-08-27 00:22:20===> API : null ===> Message : fetchDBSettings()
info: ===> TimeStamp : 2025-08-27 00:22:20===> API : null ===> Message : validateRequest() Invoked!
info: ===> TimeStamp : 2025-08-27 00:22:20===> API : null ===> Message : validRequest() :: Api validated Successfully
info: ===> TimeStamp : 2025-08-27 00:22:20===> API : /api/billing/updateItemDetailsBill ===> Message : updateItemDetailsBill() invoked!!
info: ===> TimeStamp : 2025-08-27 00:22:20===> API : /api/billing/updateItemDetailsBill ===> Message : updateItemDetailsBill() :: DB :: Invoked !
info: ===> TimeStamp : 2025-08-27 00:22:20===> API : /api/billing/updateItemDetailsBill ===> Message : updateItemDetailsBillResponse() invoked!
info: ===> TimeStamp : 2025-08-27 00:22:20===> API : /api/billing/updateItemDetailsBill ===> Message : updateItemDetailsBillResponse() completed
info: ===> TimeStamp : 2025-08-27 00:22:23===> API : null ===> Message : validateRequest() invoked
info: ===> TimeStamp : 2025-08-27 00:22:23===> API : null ===> Message : fetchDBSettings()
info: ===> TimeStamp : 2025-08-27 00:22:23===> API : null ===> Message : validateRequest() Invoked!
info: ===> TimeStamp : 2025-08-27 00:22:23===> API : null ===> Message : validRequest() :: Api validated Successfully
info: ===> TimeStamp : 2025-08-27 00:22:23===> API : /api/billing/uploadBillFile ===> Message : uploadBillFile() invoked!!
info: ===> TimeStamp : 2025-08-27 00:22:23===> API : /api/billing/uploadBillFile ===> Message : uploadBillFile() :: DB :: Invoked !
info: ===> TimeStamp : 2025-08-27 00:22:23===> API : /api/billing/uploadBillFile ===> Message : uploadBillFileResponse() invoked!
info: ===> TimeStamp : 2025-08-27 00:22:23===> API : /api/billing/uploadBillFile ===> Message : uploadBillFileResponse() completed
info: ===> TimeStamp : 2025-08-27 00:22:28===> API : null ===> Message : validateRequest() invoked
info: ===> TimeStamp : 2025-08-27 00:22:28===> API : null ===> Message : fetchDBSettings()
info: ===> TimeStamp : 2025-08-27 00:22:28===> API : null ===> Message : validateRequest() Invoked!
info: ===> TimeStamp : 2025-08-27 00:22:28===> API : null ===> Message : validRequest() :: Api validated Successfully
info: ===> TimeStamp : 2025-08-27 00:22:28===> API : /api/billing/uploadBillFile ===> Message : uploadBillFile() invoked!!
info: ===> TimeStamp : 2025-08-27 00:22:28===> API : /api/billing/uploadBillFile ===> Message : uploadBillFile() :: DB :: Invoked !
info: ===> TimeStamp : 2025-08-27 00:22:28===> API : /api/billing/uploadBillFile ===> Message : uploadBillFileResponse() invoked!
info: ===> TimeStamp : 2025-08-27 00:22:28===> API : /api/billing/uploadBillFile ===> Message : uploadBillFileResponse() completed
info: ===> TimeStamp : 2025-08-27 00:22:28===> API : null ===> Message : validateRequest() invoked
info: ===> TimeStamp : 2025-08-27 00:22:28===> API : null ===> Message : fetchDBSettings()
info: ===> TimeStamp : 2025-08-27 00:22:28===> API : null ===> Message : validateRequest() Invoked!
info: ===> TimeStamp : 2025-08-27 00:22:28===> API : null ===> Message : validRequest() :: Api validated Successfully
info: ===> TimeStamp : 2025-08-27 00:22:28===> API : /api/billing/sendBillMail ===> Message : sendBillMail() invoked!!
info: ===> TimeStamp : 2025-08-27 00:22:31===> API : /api/billing/sendBillMail ===> Message : notifySellers() :: Email sent :: Success :: 250 2.0.0 OK  1756234351 d2e1a72fcca58-7703ffeebc8sm10980175b3a.28 - gsmtp !
info: ===> TimeStamp : 2025-08-27 00:22:31===> API : /api/billing/sendBillMail ===> Message : sendBillMailResponse() invoked!
info: ===> TimeStamp : 2025-08-27 00:22:31===> API : /api/billing/sendBillMail ===> Message : sendBillMailResponse() completed
info: ===> TimeStamp : 2025-08-27 00:36:24===> API : null ===> Message : validateRequest() invoked
info: ===> TimeStamp : 2025-08-27 00:36:24===> API : null ===> Message : validateRequest() Error:: Invalid Request :: 
      {"apiUri":"/.env"}
info: ===> TimeStamp : 2025-08-27 00:36:25===> API : null ===> Message : validateRequest() invoked
info: ===> TimeStamp : 2025-08-27 00:36:25===> API : null ===> Message : validateRequest() Error:: Invalid Request :: 
      {"apiUri":"/"}
info: ===> TimeStamp : 2025-08-27 00:42:49===> API : null ===> Message : validateRequest() invoked
info: ===> TimeStamp : 2025-08-27 00:42:49===> API : null ===> Message : fetchDBSettings()
info: ===> TimeStamp : 2025-08-27 00:42:49===> API : null ===> Message : validateRequest() invoked
info: ===> TimeStamp : 2025-08-27 00:42:49===> API : null ===> Message : fetchDBSettings()
info: ===> TimeStamp : 2025-08-27 00:42:49===> API : null ===> Message : validateRequest() invoked
info: ===> TimeStamp : 2025-08-27 00:42:49===> API : null ===> Message : fetchDBSettings()
info: ===> TimeStamp : 2025-08-27 00:42:49===> API : null ===> Message : validateRequest() invoked
info: ===> TimeStamp : 2025-08-27 00:42:49===> API : null ===> Message : fetchDBSettings()
info: ===> TimeStamp : 2025-08-27 00:42:49===> API : null ===> Message : validateRequest() Invoked!
info: ===> TimeStamp : 2025-08-27 00:42:49===> API : null ===> Message : validateRequest() Invoked!
info: ===> TimeStamp : 2025-08-27 00:42:49===> API : null ===> Message : validateRequest() Invoked!
info: ===> TimeStamp : 2025-08-27 00:42:49===> API : null ===> Message : validateRequest() Invoked!
info: ===> TimeStamp : 2025-08-27 00:42:50===> API : null ===> Message : validRequest() :: Api validated Successfully
info: ===> TimeStamp : 2025-08-27 00:42:50===> API : /api/billing/noShowGuestList ===> Message : noShowGuestList() :: DB :: Invoked !
info: ===> TimeStamp : 2025-08-27 00:42:50===> API : /api/billing/noShowGuestList ===> Message : noShowGuestList() invoked!!
info: ===> TimeStamp : 2025-08-27 00:42:50===> API : null ===> Message : validRequest() :: Api validated Successfully
info: ===> TimeStamp : 2025-08-27 00:42:50===> API : /api/billing/getBillingDetails?billId=0&userId=0&billingDate=2025-08-26&shiftId=0&isBookingWebsite=0&futureDate=2025-08-27&fromDate=&toDate= ===> Message : getBillingDetails() invoked!!
info: ===> TimeStamp : 2025-08-27 00:42:50===> API : null ===> Message : validRequest() :: Api validated Successfully
info: ===> TimeStamp : 2025-08-27 00:42:50===> API : /api/billing/getBillingDetails?billId=0&userId=0&billingDate=2025-08-26&shiftId=0&isBookingWebsite=0&futureDate=&fromDate=&toDate= ===> Message : getBillingDetails() invoked!!
info: ===> TimeStamp : 2025-08-27 00:42:50===> API : /api/billing/getBillingDetails?billId=0&userId=0&billingDate=2025-08-26&shiftId=0&isBookingWebsite=0&futureDate=&fromDate=&toDate= ===> Message : getBilliDetailsByBillDate() :: DB :: Invoked !
info: ===> TimeStamp : 2025-08-27 00:42:50===> API : null ===> Message : validRequest() :: Api validated Successfully
info: ===> TimeStamp : 2025-08-27 00:42:50===> API : /api/billing/fetchVoidBill ===> Message : fetchVoidBill() invoked!!
info: ===> TimeStamp : 2025-08-27 00:42:50===> API : /api/billing/fetchVoidBill ===> Message : fetchVoidBill() :: DB :: Invoked !
info: ===> TimeStamp : 2025-08-27 00:42:50===> API : /api/billing/getBillingDetails?billId=0&userId=0&billingDate=2025-08-26&shiftId=0&isBookingWebsite=0&futureDate=&fromDate=&toDate= ===> Message : getBillingDetailsResponse() invoked!
info: ===> TimeStamp : 2025-08-27 00:42:50===> API : /api/billing/getBillingDetails?billId=0&userId=0&billingDate=2025-08-26&shiftId=0&isBookingWebsite=0&futureDate=&fromDate=&toDate= ===> Message : getBillingDetailsResponse() completed
info: ===> TimeStamp : 2025-08-27 00:42:50===> API : null ===> Message : validateRequest() invoked
info: ===> TimeStamp : 2025-08-27 00:42:50===> API : null ===> Message : fetchDBSettings()
info: ===> TimeStamp : 2025-08-27 00:42:50===> API : null ===> Message : validateRequest() Invoked!
info: ===> TimeStamp : 2025-08-27 00:42:50===> API : null ===> Message : validRequest() :: Api validated Successfully
info: ===> TimeStamp : 2025-08-27 00:42:50===> API : /api/billing/getBillingDetails?billId=0&userId=0&billingDate=2025-08-26&shiftId=0&isBookingWebsite=0&futureDate=&fromDate=&toDate= ===> Message : getBillingDetails() invoked!!
info: ===> TimeStamp : 2025-08-27 00:42:50===> API : /api/billing/getBillingDetails?billId=0&userId=0&billingDate=2025-08-26&shiftId=0&isBookingWebsite=0&futureDate=&fromDate=&toDate= ===> Message : getBilliDetailsByBillDate() :: DB :: Invoked !
info: ===> TimeStamp : 2025-08-27 00:42:50===> API : /api/billing/getBillingDetails?billId=0&userId=0&billingDate=2025-08-26&shiftId=0&isBookingWebsite=0&futureDate=&fromDate=&toDate= ===> Message : getBillingDetailsResponse() invoked!
info: ===> TimeStamp : 2025-08-27 00:42:50===> API : /api/billing/getBillingDetails?billId=0&userId=0&billingDate=2025-08-26&shiftId=0&isBookingWebsite=0&futureDate=&fromDate=&toDate= ===> Message : getBillingDetailsResponse() completed
info: ===> TimeStamp : 2025-08-27 00:42:51===> API : /api/billing/noShowGuestList ===> Message : noShowGuestListResponse() invoked!
info: ===> TimeStamp : 2025-08-27 00:42:51===> API : /api/billing/noShowGuestList ===> Message : noShowGuestListResponse() completed
info: ===> TimeStamp : 2025-08-27 00:42:51===> API : null ===> Message : validateRequest() invoked
info: ===> TimeStamp : 2025-08-27 00:42:51===> API : null ===> Message : fetchDBSettings()
info: ===> TimeStamp : 2025-08-27 00:42:51===> API : null ===> Message : validateRequest() Invoked!
info: ===> TimeStamp : 2025-08-27 00:42:51===> API : null ===> Message : validRequest() :: Api validated Successfully
info: ===> TimeStamp : 2025-08-27 00:42:51===> API : /api/billing/noShowGuestList ===> Message : noShowGuestList() invoked!!
info: ===> TimeStamp : 2025-08-27 00:42:51===> API : /api/billing/noShowGuestList ===> Message : noShowGuestList() :: DB :: Invoked !
info: ===> TimeStamp : 2025-08-27 00:42:51===> API : /api/billing/fetchVoidBill ===> Message : fetchVoidBillResponse() invoked!
info: ===> TimeStamp : 2025-08-27 00:42:51===> API : /api/billing/fetchVoidBill ===> Message : fetchVoidBillResponse() completed
info: ===> TimeStamp : 2025-08-27 00:42:51===> API : null ===> Message : fetchDBSettings()
info: ===> TimeStamp : 2025-08-27 00:42:51===> API : null ===> Message : validateRequest() invoked
info: ===> TimeStamp : 2025-08-27 00:42:51===> API : null ===> Message : validateRequest() Invoked!
info: ===> TimeStamp : 2025-08-27 00:42:51===> API : null ===> Message : validRequest() :: Api validated Successfully
info: ===> TimeStamp : 2025-08-27 00:42:51===> API : /api/billing/getBillingDetails?billId=0&userId=0&billingDate=2025-08-27&shiftId=0&isBookingWebsite=0&futureDate=&fromDate=&toDate= ===> Message : getBillingDetails() invoked!!
info: ===> TimeStamp : 2025-08-27 00:42:51===> API : /api/billing/getBillingDetails?billId=0&userId=0&billingDate=2025-08-27&shiftId=0&isBookingWebsite=0&futureDate=&fromDate=&toDate= ===> Message : getBilliDetailsByBillDate() :: DB :: Invoked !
info: ===> TimeStamp : 2025-08-27 00:42:51===> API : /api/billing/noShowGuestList ===> Message : noShowGuestListResponse() invoked!
info: ===> TimeStamp : 2025-08-27 00:42:51===> API : /api/billing/noShowGuestList ===> Message : noShowGuestListResponse() completed
info: ===> TimeStamp : 2025-08-27 00:42:51===> API : /api/billing/getBillingDetails?billId=0&userId=0&billingDate=2025-08-27&shiftId=0&isBookingWebsite=0&futureDate=&fromDate=&toDate= ===> Message : getBilliDetailsByBillDate() :: Error :: {"code":"ER_SIGNAL_EXCEPTION","errno":1644,"sqlState":"10011","sqlMessage":"Bill for this date does not exist","sql":"CALL usp_get_billing_details_by_date(\n        '2025-08-27'\n        )"}
info: ===> TimeStamp : 2025-08-27 00:42:51===> API : /api/billing/getBillingDetails?billId=0&userId=0&billingDate=2025-08-27&shiftId=0&isBookingWebsite=0&futureDate=&fromDate=&toDate= ===> Message : addBillingDetailsDBResult :: Error :: {"ErrorCode":10011,"ErrorMessage":"Bill for this date does not exist"}
info: ===> TimeStamp : 2025-08-27 00:42:51===> API : /api/billing/getBillingDetails?billId=0&userId=0&billingDate=2025-08-27&shiftId=0&isBookingWebsite=0&futureDate=&fromDate=&toDate= ===> Message : getBillingDetailsResponse() invoked!
info: ===> TimeStamp : 2025-08-27 00:42:51===> API : /api/billing/getBillingDetails?billId=0&userId=0&billingDate=2025-08-27&shiftId=0&isBookingWebsite=0&futureDate=&fromDate=&toDate= ===> Message : getBillingDetailsResponse() completed
info: ===> TimeStamp : 2025-08-27 00:42:52===> API : null ===> Message : validateRequest() invoked
info: ===> TimeStamp : 2025-08-27 00:42:52===> API : null ===> Message : fetchDBSettings()
info: ===> TimeStamp : 2025-08-27 00:42:52===> API : null ===> Message : validateRequest() Invoked!
info: ===> TimeStamp : 2025-08-27 00:42:52===> API : null ===> Message : validRequest() :: Api validated Successfully
info: ===> TimeStamp : 2025-08-27 00:42:52===> API : /api/billing/getBillingDetails?billId=0&userId=0&billingDate=2025-08-27&shiftId=3&isBookingWebsite=0&futureDate=&fromDate=&toDate= ===> Message : getBillingDetails() invoked!!
info: ===> TimeStamp : 2025-08-27 00:42:52===> API : /api/billing/getBillingDetails?billId=0&userId=0&billingDate=2025-08-27&shiftId=3&isBookingWebsite=0&futureDate=&fromDate=&toDate= ===> Message : getBilliDetailsByShift() :: DB :: Invoked !
info: ===> TimeStamp : 2025-08-27 00:42:52===> API : /api/billing/getBillingDetails?billId=0&userId=0&billingDate=2025-08-27&shiftId=3&isBookingWebsite=0&futureDate=&fromDate=&toDate= ===> Message : getBilliDetailsByShift() :: Error :: {"code":"ER_SIGNAL_EXCEPTION","errno":1644,"sqlState":"10012","sqlMessage":"There is no booking for the given shift and date","sql":"CALL usp_get_billing_details_by_shift(\n        '2025-08-27',\n        '3'\n        )"}
info: ===> TimeStamp : 2025-08-27 00:42:52===> API : /api/billing/getBillingDetails?billId=0&userId=0&billingDate=2025-08-27&shiftId=3&isBookingWebsite=0&futureDate=&fromDate=&toDate= ===> Message : addBillingDetailsDBResult :: Error :: {"ErrorCode":10012,"ErrorMessage":"There is no booking for the given shift and date"}
info: ===> TimeStamp : 2025-08-27 00:42:52===> API : /api/billing/getBillingDetails?billId=0&userId=0&billingDate=2025-08-27&shiftId=3&isBookingWebsite=0&futureDate=&fromDate=&toDate= ===> Message : getBillingDetailsResponse() invoked!
info: ===> TimeStamp : 2025-08-27 00:42:52===> API : /api/billing/getBillingDetails?billId=0&userId=0&billingDate=2025-08-27&shiftId=3&isBookingWebsite=0&futureDate=&fromDate=&toDate= ===> Message : getBillingDetailsResponse() completed
info: ===> TimeStamp : 2025-08-27 00:42:54===> API : null ===> Message : validateRequest() invoked
info: ===> TimeStamp : 2025-08-27 00:42:54===> API : null ===> Message : fetchDBSettings()
info: ===> TimeStamp : 2025-08-27 00:42:54===> API : null ===> Message : validateRequest() Invoked!
info: ===> TimeStamp : 2025-08-27 00:42:54===> API : null ===> Message : validRequest() :: Api validated Successfully
info: ===> TimeStamp : 2025-08-27 00:42:54===> API : /api/billing/getBillingDetails?billId=0&userId=0&billingDate=2025-08-26&shiftId=3&isBookingWebsite=0&futureDate=&fromDate=&toDate= ===> Message : getBilliDetailsByShift() :: DB :: Invoked !
info: ===> TimeStamp : 2025-08-27 00:42:54===> API : /api/billing/getBillingDetails?billId=0&userId=0&billingDate=2025-08-26&shiftId=3&isBookingWebsite=0&futureDate=&fromDate=&toDate= ===> Message : getBillingDetails() invoked!!
info: ===> TimeStamp : 2025-08-27 00:42:54===> API : /api/billing/getBillingDetails?billId=0&userId=0&billingDate=2025-08-26&shiftId=3&isBookingWebsite=0&futureDate=&fromDate=&toDate= ===> Message : getBillingDetailsResponse() invoked!
info: ===> TimeStamp : 2025-08-27 00:42:54===> API : /api/billing/getBillingDetails?billId=0&userId=0&billingDate=2025-08-26&shiftId=3&isBookingWebsite=0&futureDate=&fromDate=&toDate= ===> Message : getBillingDetailsResponse() completed
info: ===> TimeStamp : 2025-08-27 00:42:55===> API : null ===> Message : validateRequest() invoked
info: ===> TimeStamp : 2025-08-27 00:42:55===> API : null ===> Message : fetchDBSettings()
info: ===> TimeStamp : 2025-08-27 00:42:55===> API : null ===> Message : validateRequest() Invoked!
info: ===> TimeStamp : 2025-08-27 00:42:55===> API : null ===> Message : validRequest() :: Api validated Successfully
info: ===> TimeStamp : 2025-08-27 00:42:55===> API : /api/billing/generateCSVReport ===> Message : generateReports() invoked!!
info: ===> TimeStamp : 2025-08-27 00:42:55===> API : /api/billing/generateCSVReport ===> Message : generateReportsByShift() :: DB :: Invoked !
info: ===> TimeStamp : 2025-08-27 00:42:55===> API : /api/billing/generateCSVReport ===> Message : uploadReportFile() :: DB :: Invoked !
info: ===> TimeStamp : 2025-08-27 00:42:55===> API : /api/billing/generateCSVReport ===> Message : generateReportsResponse() invoked!
info: ===> TimeStamp : 2025-08-27 00:42:55===> API : /api/billing/generateCSVReport ===> Message : generateReportsResponse() completed
info: ===> TimeStamp : 2025-08-27 00:43:11===> API : null ===> Message : validateRequest() invoked
info: ===> TimeStamp : 2025-08-27 00:43:11===> API : null ===> Message : fetchDBSettings()
info: ===> TimeStamp : 2025-08-27 00:43:11===> API : null ===> Message : validateRequest() Invoked!
info: ===> TimeStamp : 2025-08-27 00:43:11===> API : null ===> Message : validRequest() :: Api validated Successfully
info: ===> TimeStamp : 2025-08-27 00:43:11===> API : /api/billing/getBillingDetails?billId=0&userId=0&billingDate=2025-08-26&shiftId=0&isBookingWebsite=0&futureDate=2025-08-27&fromDate=&toDate= ===> Message : getBillingDetails() invoked!!
info: ===> TimeStamp : 2025-08-27 01:06:48===> API : null ===> Message : validateRequest() Error:: Invalid Request :: 
      {"apiUri":"/"}
info: ===> TimeStamp : 2025-08-27 01:06:48===> API : null ===> Message : validateRequest() invoked
info: ===> TimeStamp : 2025-08-27 02:02:21===> API : null ===> Message : validateRequest() invoked
info: ===> TimeStamp : 2025-08-27 02:02:21===> API : null ===> Message : fetchDBSettings()
info: ===> TimeStamp : 2025-08-27 02:02:21===> API : null ===> Message : validateRequest() invoked
info: ===> TimeStamp : 2025-08-27 02:02:21===> API : null ===> Message : fetchDBSettings()
info: ===> TimeStamp : 2025-08-27 02:02:21===> API : null ===> Message : validateRequest() invoked
info: ===> TimeStamp : 2025-08-27 02:02:21===> API : null ===> Message : fetchDBSettings()
info: ===> TimeStamp : 2025-08-27 02:02:21===> API : null ===> Message : validateRequest() invoked
info: ===> TimeStamp : 2025-08-27 02:02:21===> API : null ===> Message : fetchDBSettings()
info: ===> TimeStamp : 2025-08-27 02:02:21===> API : null ===> Message : validateRequest() Invoked!
info: ===> TimeStamp : 2025-08-27 02:02:21===> API : null ===> Message : validateRequest() Invoked!
info: ===> TimeStamp : 2025-08-27 02:02:21===> API : null ===> Message : validateRequest() Invoked!
info: ===> TimeStamp : 2025-08-27 02:02:21===> API : null ===> Message : validateRequest() Invoked!
info: ===> TimeStamp : 2025-08-27 02:02:21===> API : null ===> Message : validRequest() :: Api validated Successfully
info: ===> TimeStamp : 2025-08-27 02:02:21===> API : /api/billing/fetchVoidBill ===> Message : fetchVoidBill() invoked!!
info: ===> TimeStamp : 2025-08-27 02:02:21===> API : /api/billing/fetchVoidBill ===> Message : fetchVoidBill() :: DB :: Invoked !
info: ===> TimeStamp : 2025-08-27 02:02:21===> API : null ===> Message : validRequest() :: Api validated Successfully
info: ===> TimeStamp : 2025-08-27 02:02:21===> API : /api/billing/noShowGuestList ===> Message : noShowGuestList() invoked!!
info: ===> TimeStamp : 2025-08-27 02:02:21===> API : /api/billing/noShowGuestList ===> Message : noShowGuestList() :: DB :: Invoked !
info: ===> TimeStamp : 2025-08-27 02:02:21===> API : null ===> Message : validRequest() :: Api validated Successfully
info: ===> TimeStamp : 2025-08-27 02:02:21===> API : /api/billing/getBillingDetails?billId=0&userId=0&billingDate=2025-08-26&shiftId=0&isBookingWebsite=0&futureDate=2025-08-27&fromDate=&toDate= ===> Message : getBillingDetails() invoked!!
info: ===> TimeStamp : 2025-08-27 02:02:21===> API : null ===> Message : validRequest() :: Api validated Successfully
info: ===> TimeStamp : 2025-08-27 02:02:21===> API : /api/billing/getBillingDetails?billId=0&userId=0&billingDate=2025-08-26&shiftId=0&isBookingWebsite=0&futureDate=&fromDate=&toDate= ===> Message : getBillingDetails() invoked!!
info: ===> TimeStamp : 2025-08-27 02:02:21===> API : /api/billing/getBillingDetails?billId=0&userId=0&billingDate=2025-08-26&shiftId=0&isBookingWebsite=0&futureDate=&fromDate=&toDate= ===> Message : getBilliDetailsByBillDate() :: DB :: Invoked !
info: ===> TimeStamp : 2025-08-27 02:02:22===> API : /api/billing/getBillingDetails?billId=0&userId=0&billingDate=2025-08-26&shiftId=0&isBookingWebsite=0&futureDate=&fromDate=&toDate= ===> Message : getBillingDetailsResponse() invoked!
info: ===> TimeStamp : 2025-08-27 02:02:22===> API : /api/billing/getBillingDetails?billId=0&userId=0&billingDate=2025-08-26&shiftId=0&isBookingWebsite=0&futureDate=&fromDate=&toDate= ===> Message : getBillingDetailsResponse() completed
info: ===> TimeStamp : 2025-08-27 02:02:22===> API : null ===> Message : validateRequest() invoked
info: ===> TimeStamp : 2025-08-27 02:02:22===> API : null ===> Message : fetchDBSettings()
info: ===> TimeStamp : 2025-08-27 02:02:22===> API : null ===> Message : validateRequest() Invoked!
info: ===> TimeStamp : 2025-08-27 02:02:22===> API : null ===> Message : validRequest() :: Api validated Successfully
info: ===> TimeStamp : 2025-08-27 02:02:22===> API : /api/billing/getBillingDetails?billId=0&userId=0&billingDate=2025-08-26&shiftId=0&isBookingWebsite=0&futureDate=&fromDate=&toDate= ===> Message : getBillingDetails() invoked!!
info: ===> TimeStamp : 2025-08-27 02:02:22===> API : /api/billing/getBillingDetails?billId=0&userId=0&billingDate=2025-08-26&shiftId=0&isBookingWebsite=0&futureDate=&fromDate=&toDate= ===> Message : getBilliDetailsByBillDate() :: DB :: Invoked !
info: ===> TimeStamp : 2025-08-27 02:02:22===> API : /api/billing/getBillingDetails?billId=0&userId=0&billingDate=2025-08-26&shiftId=0&isBookingWebsite=0&futureDate=&fromDate=&toDate= ===> Message : getBillingDetailsResponse() invoked!
info: ===> TimeStamp : 2025-08-27 02:02:22===> API : /api/billing/getBillingDetails?billId=0&userId=0&billingDate=2025-08-26&shiftId=0&isBookingWebsite=0&futureDate=&fromDate=&toDate= ===> Message : getBillingDetailsResponse() completed
info: ===> TimeStamp : 2025-08-27 02:02:23===> API : /api/billing/noShowGuestList ===> Message : noShowGuestListResponse() invoked!
info: ===> TimeStamp : 2025-08-27 02:02:23===> API : /api/billing/noShowGuestList ===> Message : noShowGuestListResponse() completed
info: ===> TimeStamp : 2025-08-27 02:02:23===> API : null ===> Message : validateRequest() invoked
info: ===> TimeStamp : 2025-08-27 02:02:23===> API : null ===> Message : fetchDBSettings()
info: ===> TimeStamp : 2025-08-27 02:02:23===> API : null ===> Message : validateRequest() Invoked!
info: ===> TimeStamp : 2025-08-27 02:02:23===> API : /api/billing/fetchVoidBill ===> Message : fetchVoidBillResponse() invoked!
info: ===> TimeStamp : 2025-08-27 02:02:23===> API : /api/billing/fetchVoidBill ===> Message : fetchVoidBillResponse() completed
info: ===> TimeStamp : 2025-08-27 02:02:23===> API : null ===> Message : validRequest() :: Api validated Successfully
info: ===> TimeStamp : 2025-08-27 02:02:23===> API : /api/billing/noShowGuestList ===> Message : noShowGuestList() invoked!!
info: ===> TimeStamp : 2025-08-27 02:02:23===> API : /api/billing/noShowGuestList ===> Message : noShowGuestList() :: DB :: Invoked !
info: ===> TimeStamp : 2025-08-27 02:02:24===> API : /api/billing/noShowGuestList ===> Message : noShowGuestListResponse() invoked!
info: ===> TimeStamp : 2025-08-27 02:02:24===> API : /api/billing/noShowGuestList ===> Message : noShowGuestListResponse() completed
info: ===> TimeStamp : 2025-08-27 02:02:26===> API : null ===> Message : validateRequest() invoked
info: ===> TimeStamp : 2025-08-27 02:02:26===> API : null ===> Message : fetchDBSettings()
info: ===> TimeStamp : 2025-08-27 02:02:26===> API : null ===> Message : validateRequest() Invoked!
info: ===> TimeStamp : 2025-08-27 02:02:26===> API : null ===> Message : validRequest() :: Api validated Successfully
info: ===> TimeStamp : 2025-08-27 02:02:26===> API : /api/billing/getBillingDetails?billId=0&userId=0&billingDate=2025-08-27&shiftId=0&isBookingWebsite=0&futureDate=&fromDate=&toDate= ===> Message : getBillingDetails() invoked!!
info: ===> TimeStamp : 2025-08-27 02:02:26===> API : /api/billing/getBillingDetails?billId=0&userId=0&billingDate=2025-08-27&shiftId=0&isBookingWebsite=0&futureDate=&fromDate=&toDate= ===> Message : getBilliDetailsByBillDate() :: DB :: Invoked !
info: ===> TimeStamp : 2025-08-27 02:02:26===> API : /api/billing/getBillingDetails?billId=0&userId=0&billingDate=2025-08-27&shiftId=0&isBookingWebsite=0&futureDate=&fromDate=&toDate= ===> Message : getBilliDetailsByBillDate() :: Error :: {"code":"ER_SIGNAL_EXCEPTION","errno":1644,"sqlState":"10011","sqlMessage":"Bill for this date does not exist","sql":"CALL usp_get_billing_details_by_date(\n        '2025-08-27'\n        )"}
info: ===> TimeStamp : 2025-08-27 02:02:26===> API : /api/billing/getBillingDetails?billId=0&userId=0&billingDate=2025-08-27&shiftId=0&isBookingWebsite=0&futureDate=&fromDate=&toDate= ===> Message : addBillingDetailsDBResult :: Error :: {"ErrorCode":10011,"ErrorMessage":"Bill for this date does not exist"}
info: ===> TimeStamp : 2025-08-27 02:02:26===> API : /api/billing/getBillingDetails?billId=0&userId=0&billingDate=2025-08-27&shiftId=0&isBookingWebsite=0&futureDate=&fromDate=&toDate= ===> Message : getBillingDetailsResponse() invoked!
info: ===> TimeStamp : 2025-08-27 02:02:26===> API : /api/billing/getBillingDetails?billId=0&userId=0&billingDate=2025-08-27&shiftId=0&isBookingWebsite=0&futureDate=&fromDate=&toDate= ===> Message : getBillingDetailsResponse() completed
info: ===> TimeStamp : 2025-08-27 02:02:28===> API : null ===> Message : validateRequest() invoked
info: ===> TimeStamp : 2025-08-27 02:02:28===> API : null ===> Message : fetchDBSettings()
info: ===> TimeStamp : 2025-08-27 02:02:28===> API : null ===> Message : validateRequest() Invoked!
info: ===> TimeStamp : 2025-08-27 02:02:28===> API : null ===> Message : validRequest() :: Api validated Successfully
info: ===> TimeStamp : 2025-08-27 02:02:28===> API : /api/billing/getBillingDetails?billId=0&userId=0&billingDate=2025-08-26&shiftId=0&isBookingWebsite=0&futureDate=&fromDate=&toDate= ===> Message : getBillingDetails() invoked!!
info: ===> TimeStamp : 2025-08-27 02:02:28===> API : /api/billing/getBillingDetails?billId=0&userId=0&billingDate=2025-08-26&shiftId=0&isBookingWebsite=0&futureDate=&fromDate=&toDate= ===> Message : getBilliDetailsByBillDate() :: DB :: Invoked !
info: ===> TimeStamp : 2025-08-27 02:02:28===> API : /api/billing/getBillingDetails?billId=0&userId=0&billingDate=2025-08-26&shiftId=0&isBookingWebsite=0&futureDate=&fromDate=&toDate= ===> Message : getBillingDetailsResponse() invoked!
info: ===> TimeStamp : 2025-08-27 02:02:28===> API : /api/billing/getBillingDetails?billId=0&userId=0&billingDate=2025-08-26&shiftId=0&isBookingWebsite=0&futureDate=&fromDate=&toDate= ===> Message : getBillingDetailsResponse() completed
info: ===> TimeStamp : 2025-08-27 02:02:29===> API : null ===> Message : validateRequest() invoked
info: ===> TimeStamp : 2025-08-27 02:02:29===> API : null ===> Message : fetchDBSettings()
info: ===> TimeStamp : 2025-08-27 02:02:29===> API : null ===> Message : validateRequest() Invoked!
info: ===> TimeStamp : 2025-08-27 02:02:29===> API : null ===> Message : validRequest() :: Api validated Successfully
info: ===> TimeStamp : 2025-08-27 02:02:29===> API : /api/billing/getBillingDetails?billId=0&userId=0&billingDate=2025-08-26&shiftId=3&isBookingWebsite=0&futureDate=&fromDate=&toDate= ===> Message : getBillingDetails() invoked!!
info: ===> TimeStamp : 2025-08-27 02:02:29===> API : /api/billing/getBillingDetails?billId=0&userId=0&billingDate=2025-08-26&shiftId=3&isBookingWebsite=0&futureDate=&fromDate=&toDate= ===> Message : getBilliDetailsByShift() :: DB :: Invoked !
info: ===> TimeStamp : 2025-08-27 02:02:29===> API : /api/billing/getBillingDetails?billId=0&userId=0&billingDate=2025-08-26&shiftId=3&isBookingWebsite=0&futureDate=&fromDate=&toDate= ===> Message : getBillingDetailsResponse() invoked!
info: ===> TimeStamp : 2025-08-27 02:02:29===> API : /api/billing/getBillingDetails?billId=0&userId=0&billingDate=2025-08-26&shiftId=3&isBookingWebsite=0&futureDate=&fromDate=&toDate= ===> Message : getBillingDetailsResponse() completed
info: ===> TimeStamp : 2025-08-27 02:02:29===> API : null ===> Message : validateRequest() invoked
info: ===> TimeStamp : 2025-08-27 02:02:29===> API : null ===> Message : fetchDBSettings()
info: ===> TimeStamp : 2025-08-27 02:02:29===> API : null ===> Message : validateRequest() Invoked!
info: ===> TimeStamp : 2025-08-27 02:02:30===> API : null ===> Message : validRequest() :: Api validated Successfully
info: ===> TimeStamp : 2025-08-27 02:02:30===> API : /api/billing/generateCSVReport ===> Message : generateReports() invoked!!
info: ===> TimeStamp : 2025-08-27 02:02:30===> API : /api/billing/generateCSVReport ===> Message : generateReportsByShift() :: DB :: Invoked !
info: ===> TimeStamp : 2025-08-27 02:02:30===> API : /api/billing/generateCSVReport ===> Message : uploadReportFile() :: DB :: Invoked !
info: ===> TimeStamp : 2025-08-27 02:02:30===> API : /api/billing/generateCSVReport ===> Message : generateReportsResponse() invoked!
info: ===> TimeStamp : 2025-08-27 02:02:30===> API : /api/billing/generateCSVReport ===> Message : generateReportsResponse() completed
info: ===> TimeStamp : 2025-08-27 02:02:46===> API : null ===> Message : validateRequest() invoked
info: ===> TimeStamp : 2025-08-27 02:02:46===> API : null ===> Message : fetchDBSettings()
info: ===> TimeStamp : 2025-08-27 02:02:46===> API : null ===> Message : validateRequest() Invoked!
info: ===> TimeStamp : 2025-08-27 02:02:46===> API : null ===> Message : validRequest() :: Api validated Successfully
info: ===> TimeStamp : 2025-08-27 02:02:46===> API : /api/billing/getBillingDetails?billId=0&userId=0&billingDate=2025-08-26&shiftId=0&isBookingWebsite=0&futureDate=2025-08-27&fromDate=&toDate= ===> Message : getBillingDetails() invoked!!
info: ===> TimeStamp : 2025-08-27 02:21:14===> API : null ===> Message : validateRequest() invoked
info: ===> TimeStamp : 2025-08-27 02:21:14===> API : null ===> Message : fetchDBSettings()
info: ===> TimeStamp : 2025-08-27 02:21:14===> API : null ===> Message : validateRequest() invoked
info: ===> TimeStamp : 2025-08-27 02:21:14===> API : null ===> Message : fetchDBSettings()
info: ===> TimeStamp : 2025-08-27 02:21:14===> API : null ===> Message : fetchDBSettings()
info: ===> TimeStamp : 2025-08-27 02:21:14===> API : null ===> Message : validateRequest() invoked
info: ===> TimeStamp : 2025-08-27 02:21:14===> API : null ===> Message : validateRequest() invoked
info: ===> TimeStamp : 2025-08-27 02:21:14===> API : null ===> Message : fetchDBSettings()
info: ===> TimeStamp : 2025-08-27 02:21:14===> API : null ===> Message : validateRequest() Invoked!
info: ===> TimeStamp : 2025-08-27 02:21:14===> API : null ===> Message : validateRequest() Invoked!
info: ===> TimeStamp : 2025-08-27 02:21:14===> API : null ===> Message : validateRequest() Invoked!
info: ===> TimeStamp : 2025-08-27 02:21:14===> API : null ===> Message : validateRequest() Invoked!
info: ===> TimeStamp : 2025-08-27 02:21:14===> API : null ===> Message : validRequest() :: Api validated Successfully
info: ===> TimeStamp : 2025-08-27 02:21:14===> API : /api/billing/getBillingDetails?billId=0&userId=0&billingDate=2025-08-26&shiftId=0&isBookingWebsite=0&futureDate=2025-08-27&fromDate=&toDate= ===> Message : getBillingDetails() invoked!!
info: ===> TimeStamp : 2025-08-27 02:21:14===> API : null ===> Message : validRequest() :: Api validated Successfully
info: ===> TimeStamp : 2025-08-27 02:21:14===> API : /api/billing/getBillingDetails?billId=0&userId=0&billingDate=2025-08-26&shiftId=0&isBookingWebsite=0&futureDate=&fromDate=&toDate= ===> Message : getBillingDetails() invoked!!
info: ===> TimeStamp : 2025-08-27 02:21:14===> API : /api/billing/getBillingDetails?billId=0&userId=0&billingDate=2025-08-26&shiftId=0&isBookingWebsite=0&futureDate=&fromDate=&toDate= ===> Message : getBilliDetailsByBillDate() :: DB :: Invoked !
info: ===> TimeStamp : 2025-08-27 02:21:14===> API : null ===> Message : validRequest() :: Api validated Successfully
info: ===> TimeStamp : 2025-08-27 02:21:14===> API : /api/billing/noShowGuestList ===> Message : noShowGuestList() invoked!!
info: ===> TimeStamp : 2025-08-27 02:21:14===> API : /api/billing/noShowGuestList ===> Message : noShowGuestList() :: DB :: Invoked !
info: ===> TimeStamp : 2025-08-27 02:21:14===> API : null ===> Message : validRequest() :: Api validated Successfully
info: ===> TimeStamp : 2025-08-27 02:21:14===> API : /api/billing/fetchVoidBill ===> Message : fetchVoidBill() invoked!!
info: ===> TimeStamp : 2025-08-27 02:21:14===> API : /api/billing/fetchVoidBill ===> Message : fetchVoidBill() :: DB :: Invoked !
info: ===> TimeStamp : 2025-08-27 02:21:14===> API : /api/billing/getBillingDetails?billId=0&userId=0&billingDate=2025-08-26&shiftId=0&isBookingWebsite=0&futureDate=&fromDate=&toDate= ===> Message : getBillingDetailsResponse() invoked!
info: ===> TimeStamp : 2025-08-27 02:21:14===> API : /api/billing/getBillingDetails?billId=0&userId=0&billingDate=2025-08-26&shiftId=0&isBookingWebsite=0&futureDate=&fromDate=&toDate= ===> Message : getBillingDetailsResponse() completed
info: ===> TimeStamp : 2025-08-27 02:21:14===> API : null ===> Message : validateRequest() invoked
info: ===> TimeStamp : 2025-08-27 02:21:14===> API : null ===> Message : fetchDBSettings()
info: ===> TimeStamp : 2025-08-27 02:21:14===> API : null ===> Message : validateRequest() Invoked!
info: ===> TimeStamp : 2025-08-27 02:21:15===> API : null ===> Message : validRequest() :: Api validated Successfully
info: ===> TimeStamp : 2025-08-27 02:21:15===> API : /api/billing/getBillingDetails?billId=0&userId=0&billingDate=2025-08-26&shiftId=0&isBookingWebsite=0&futureDate=&fromDate=&toDate= ===> Message : getBillingDetails() invoked!!
info: ===> TimeStamp : 2025-08-27 02:21:15===> API : /api/billing/getBillingDetails?billId=0&userId=0&billingDate=2025-08-26&shiftId=0&isBookingWebsite=0&futureDate=&fromDate=&toDate= ===> Message : getBilliDetailsByBillDate() :: DB :: Invoked !
info: ===> TimeStamp : 2025-08-27 02:21:15===> API : /api/billing/getBillingDetails?billId=0&userId=0&billingDate=2025-08-26&shiftId=0&isBookingWebsite=0&futureDate=&fromDate=&toDate= ===> Message : getBillingDetailsResponse() invoked!
info: ===> TimeStamp : 2025-08-27 02:21:15===> API : /api/billing/getBillingDetails?billId=0&userId=0&billingDate=2025-08-26&shiftId=0&isBookingWebsite=0&futureDate=&fromDate=&toDate= ===> Message : getBillingDetailsResponse() completed
info: ===> TimeStamp : 2025-08-27 02:21:15===> API : /api/billing/noShowGuestList ===> Message : noShowGuestListResponse() invoked!
info: ===> TimeStamp : 2025-08-27 02:21:15===> API : /api/billing/noShowGuestList ===> Message : noShowGuestListResponse() completed
info: ===> TimeStamp : 2025-08-27 02:21:15===> API : null ===> Message : validateRequest() invoked
info: ===> TimeStamp : 2025-08-27 02:21:15===> API : null ===> Message : fetchDBSettings()
info: ===> TimeStamp : 2025-08-27 02:21:15===> API : null ===> Message : validateRequest() Invoked!
info: ===> TimeStamp : 2025-08-27 02:21:16===> API : null ===> Message : validRequest() :: Api validated Successfully
info: ===> TimeStamp : 2025-08-27 02:21:16===> API : /api/billing/noShowGuestList ===> Message : noShowGuestList() invoked!!
info: ===> TimeStamp : 2025-08-27 02:21:16===> API : /api/billing/noShowGuestList ===> Message : noShowGuestList() :: DB :: Invoked !
info: ===> TimeStamp : 2025-08-27 02:21:16===> API : /api/billing/fetchVoidBill ===> Message : fetchVoidBillResponse() invoked!
info: ===> TimeStamp : 2025-08-27 02:21:16===> API : /api/billing/fetchVoidBill ===> Message : fetchVoidBillResponse() completed
info: ===> TimeStamp : 2025-08-27 02:21:16===> API : /api/billing/noShowGuestList ===> Message : noShowGuestListResponse() invoked!
info: ===> TimeStamp : 2025-08-27 02:21:16===> API : /api/billing/noShowGuestList ===> Message : noShowGuestListResponse() completed
info: ===> TimeStamp : 2025-08-27 02:21:17===> API : null ===> Message : validateRequest() invoked
info: ===> TimeStamp : 2025-08-27 02:21:17===> API : null ===> Message : fetchDBSettings()
info: ===> TimeStamp : 2025-08-27 02:21:17===> API : null ===> Message : validateRequest() Invoked!
info: ===> TimeStamp : 2025-08-27 02:21:17===> API : null ===> Message : validRequest() :: Api validated Successfully
info: ===> TimeStamp : 2025-08-27 02:21:17===> API : /api/billing/getBillingDetails?billId=0&userId=0&billingDate=2025-08-27&shiftId=0&isBookingWebsite=0&futureDate=&fromDate=&toDate= ===> Message : getBillingDetails() invoked!!
info: ===> TimeStamp : 2025-08-27 02:21:17===> API : /api/billing/getBillingDetails?billId=0&userId=0&billingDate=2025-08-27&shiftId=0&isBookingWebsite=0&futureDate=&fromDate=&toDate= ===> Message : getBilliDetailsByBillDate() :: DB :: Invoked !
info: ===> TimeStamp : 2025-08-27 02:21:17===> API : /api/billing/getBillingDetails?billId=0&userId=0&billingDate=2025-08-27&shiftId=0&isBookingWebsite=0&futureDate=&fromDate=&toDate= ===> Message : getBilliDetailsByBillDate() :: Error :: {"code":"ER_SIGNAL_EXCEPTION","errno":1644,"sqlState":"10011","sqlMessage":"Bill for this date does not exist","sql":"CALL usp_get_billing_details_by_date(\n        '2025-08-27'\n        )"}
info: ===> TimeStamp : 2025-08-27 02:21:17===> API : /api/billing/getBillingDetails?billId=0&userId=0&billingDate=2025-08-27&shiftId=0&isBookingWebsite=0&futureDate=&fromDate=&toDate= ===> Message : addBillingDetailsDBResult :: Error :: {"ErrorCode":10011,"ErrorMessage":"Bill for this date does not exist"}
info: ===> TimeStamp : 2025-08-27 02:21:17===> API : /api/billing/getBillingDetails?billId=0&userId=0&billingDate=2025-08-27&shiftId=0&isBookingWebsite=0&futureDate=&fromDate=&toDate= ===> Message : getBillingDetailsResponse() invoked!
info: ===> TimeStamp : 2025-08-27 02:21:17===> API : /api/billing/getBillingDetails?billId=0&userId=0&billingDate=2025-08-27&shiftId=0&isBookingWebsite=0&futureDate=&fromDate=&toDate= ===> Message : getBillingDetailsResponse() completed
info: ===> TimeStamp : 2025-08-27 02:21:18===> API : null ===> Message : validateRequest() invoked
info: ===> TimeStamp : 2025-08-27 02:21:18===> API : null ===> Message : fetchDBSettings()
info: ===> TimeStamp : 2025-08-27 02:21:18===> API : null ===> Message : validateRequest() Invoked!
info: ===> TimeStamp : 2025-08-27 02:21:18===> API : null ===> Message : validRequest() :: Api validated Successfully
info: ===> TimeStamp : 2025-08-27 02:21:18===> API : /api/billing/getBillingDetails?billId=0&userId=0&billingDate=2025-08-27&shiftId=3&isBookingWebsite=0&futureDate=&fromDate=&toDate= ===> Message : getBillingDetails() invoked!!
info: ===> TimeStamp : 2025-08-27 02:21:18===> API : /api/billing/getBillingDetails?billId=0&userId=0&billingDate=2025-08-27&shiftId=3&isBookingWebsite=0&futureDate=&fromDate=&toDate= ===> Message : getBilliDetailsByShift() :: DB :: Invoked !
info: ===> TimeStamp : 2025-08-27 02:21:18===> API : /api/billing/getBillingDetails?billId=0&userId=0&billingDate=2025-08-27&shiftId=3&isBookingWebsite=0&futureDate=&fromDate=&toDate= ===> Message : getBilliDetailsByShift() :: Error :: {"code":"ER_SIGNAL_EXCEPTION","errno":1644,"sqlState":"10012","sqlMessage":"There is no booking for the given shift and date","sql":"CALL usp_get_billing_details_by_shift(\n        '2025-08-27',\n        '3'\n        )"}
info: ===> TimeStamp : 2025-08-27 02:21:18===> API : /api/billing/getBillingDetails?billId=0&userId=0&billingDate=2025-08-27&shiftId=3&isBookingWebsite=0&futureDate=&fromDate=&toDate= ===> Message : addBillingDetailsDBResult :: Error :: {"ErrorCode":10012,"ErrorMessage":"There is no booking for the given shift and date"}
info: ===> TimeStamp : 2025-08-27 02:21:18===> API : /api/billing/getBillingDetails?billId=0&userId=0&billingDate=2025-08-27&shiftId=3&isBookingWebsite=0&futureDate=&fromDate=&toDate= ===> Message : getBillingDetailsResponse() invoked!
info: ===> TimeStamp : 2025-08-27 02:21:18===> API : /api/billing/getBillingDetails?billId=0&userId=0&billingDate=2025-08-27&shiftId=3&isBookingWebsite=0&futureDate=&fromDate=&toDate= ===> Message : getBillingDetailsResponse() completed
info: ===> TimeStamp : 2025-08-27 02:21:21===> API : null ===> Message : validateRequest() invoked
info: ===> TimeStamp : 2025-08-27 02:21:21===> API : null ===> Message : fetchDBSettings()
info: ===> TimeStamp : 2025-08-27 02:21:21===> API : null ===> Message : validateRequest() Invoked!
info: ===> TimeStamp : 2025-08-27 02:21:21===> API : null ===> Message : validRequest() :: Api validated Successfully
info: ===> TimeStamp : 2025-08-27 02:21:21===> API : /api/billing/getBillingDetails?billId=0&userId=0&billingDate=2025-08-26&shiftId=3&isBookingWebsite=0&futureDate=&fromDate=&toDate= ===> Message : getBillingDetails() invoked!!
info: ===> TimeStamp : 2025-08-27 02:21:21===> API : /api/billing/getBillingDetails?billId=0&userId=0&billingDate=2025-08-26&shiftId=3&isBookingWebsite=0&futureDate=&fromDate=&toDate= ===> Message : getBilliDetailsByShift() :: DB :: Invoked !
info: ===> TimeStamp : 2025-08-27 02:21:21===> API : /api/billing/getBillingDetails?billId=0&userId=0&billingDate=2025-08-26&shiftId=3&isBookingWebsite=0&futureDate=&fromDate=&toDate= ===> Message : getBillingDetailsResponse() invoked!
info: ===> TimeStamp : 2025-08-27 02:21:21===> API : /api/billing/getBillingDetails?billId=0&userId=0&billingDate=2025-08-26&shiftId=3&isBookingWebsite=0&futureDate=&fromDate=&toDate= ===> Message : getBillingDetailsResponse() completed
info: ===> TimeStamp : 2025-08-27 02:21:21===> API : null ===> Message : validateRequest() invoked
info: ===> TimeStamp : 2025-08-27 02:21:21===> API : null ===> Message : fetchDBSettings()
info: ===> TimeStamp : 2025-08-27 02:21:21===> API : null ===> Message : validateRequest() Invoked!
info: ===> TimeStamp : 2025-08-27 02:21:21===> API : null ===> Message : validRequest() :: Api validated Successfully
info: ===> TimeStamp : 2025-08-27 02:21:21===> API : /api/billing/generateCSVReport ===> Message : generateReports() invoked!!
info: ===> TimeStamp : 2025-08-27 02:21:21===> API : /api/billing/generateCSVReport ===> Message : generateReportsByShift() :: DB :: Invoked !
info: ===> TimeStamp : 2025-08-27 02:21:22===> API : /api/billing/generateCSVReport ===> Message : uploadReportFile() :: DB :: Invoked !
info: ===> TimeStamp : 2025-08-27 02:21:22===> API : /api/billing/generateCSVReport ===> Message : generateReportsResponse() invoked!
info: ===> TimeStamp : 2025-08-27 02:21:22===> API : /api/billing/generateCSVReport ===> Message : generateReportsResponse() completed
info: ===> TimeStamp : 2025-08-27 02:21:37===> API : null ===> Message : validateRequest() invoked
info: ===> TimeStamp : 2025-08-27 02:21:37===> API : null ===> Message : fetchDBSettings()
info: ===> TimeStamp : 2025-08-27 02:21:37===> API : null ===> Message : validateRequest() Invoked!
info: ===> TimeStamp : 2025-08-27 02:21:37===> API : null ===> Message : validRequest() :: Api validated Successfully
info: ===> TimeStamp : 2025-08-27 02:21:37===> API : /api/billing/getBillingDetails?billId=0&userId=0&billingDate=2025-08-26&shiftId=0&isBookingWebsite=0&futureDate=2025-08-27&fromDate=&toDate= ===> Message : getBillingDetails() invoked!!
info: ===> TimeStamp : 2025-08-27 02:27:39===> API : null ===> Message : validateRequest() invoked
info: ===> TimeStamp : 2025-08-27 02:27:39===> API : null ===> Message : fetchDBSettings()
info: ===> TimeStamp : 2025-08-27 02:27:39===> API : null ===> Message : validateRequest() invoked
info: ===> TimeStamp : 2025-08-27 02:27:39===> API : null ===> Message : fetchDBSettings()
info: ===> TimeStamp : 2025-08-27 02:27:39===> API : null ===> Message : validateRequest() Invoked!
info: ===> TimeStamp : 2025-08-27 02:27:39===> API : null ===> Message : validateRequest() Invoked!
info: ===> TimeStamp : 2025-08-27 02:27:39===> API : null ===> Message : validRequest() :: Api validated Successfully
info: ===> TimeStamp : 2025-08-27 02:27:39===> API : /api/billing/getBillingDetails?billId=0&userId=0&billingDate=2025-08-26&shiftId=3&isBookingWebsite=0&futureDate=&fromDate=&toDate= ===> Message : getBillingDetails() invoked!!
info: ===> TimeStamp : 2025-08-27 02:27:39===> API : /api/billing/getBillingDetails?billId=0&userId=0&billingDate=2025-08-26&shiftId=3&isBookingWebsite=0&futureDate=&fromDate=&toDate= ===> Message : getBilliDetailsByShift() :: DB :: Invoked !
info: ===> TimeStamp : 2025-08-27 02:27:39===> API : null ===> Message : validRequest() :: Api validated Successfully
info: ===> TimeStamp : 2025-08-27 02:27:39===> API : /api/billing/getBillingDetails?billId=0&userId=0&billingDate=2025-08-27&shiftId=0&isBookingWebsite=0&futureDate=&fromDate=&toDate= ===> Message : getBillingDetails() invoked!!
info: ===> TimeStamp : 2025-08-27 02:27:39===> API : /api/billing/getBillingDetails?billId=0&userId=0&billingDate=2025-08-27&shiftId=0&isBookingWebsite=0&futureDate=&fromDate=&toDate= ===> Message : getBilliDetailsByBillDate() :: DB :: Invoked !
info: ===> TimeStamp : 2025-08-27 02:27:39===> API : /api/billing/getBillingDetails?billId=0&userId=0&billingDate=2025-08-26&shiftId=3&isBookingWebsite=0&futureDate=&fromDate=&toDate= ===> Message : getBillingDetailsResponse() invoked!
info: ===> TimeStamp : 2025-08-27 02:27:39===> API : /api/billing/getBillingDetails?billId=0&userId=0&billingDate=2025-08-26&shiftId=3&isBookingWebsite=0&futureDate=&fromDate=&toDate= ===> Message : getBillingDetailsResponse() completed
info: ===> TimeStamp : 2025-08-27 02:27:39===> API : /api/billing/getBillingDetails?billId=0&userId=0&billingDate=2025-08-27&shiftId=0&isBookingWebsite=0&futureDate=&fromDate=&toDate= ===> Message : getBilliDetailsByBillDate() :: Error :: {"code":"ER_SIGNAL_EXCEPTION","errno":1644,"sqlState":"10011","sqlMessage":"Bill for this date does not exist","sql":"CALL usp_get_billing_details_by_date(\n        '2025-08-27'\n        )"}
info: ===> TimeStamp : 2025-08-27 02:27:39===> API : /api/billing/getBillingDetails?billId=0&userId=0&billingDate=2025-08-27&shiftId=0&isBookingWebsite=0&futureDate=&fromDate=&toDate= ===> Message : addBillingDetailsDBResult :: Error :: {"ErrorCode":10011,"ErrorMessage":"Bill for this date does not exist"}
info: ===> TimeStamp : 2025-08-27 02:27:39===> API : /api/billing/getBillingDetails?billId=0&userId=0&billingDate=2025-08-27&shiftId=0&isBookingWebsite=0&futureDate=&fromDate=&toDate= ===> Message : getBillingDetailsResponse() invoked!
info: ===> TimeStamp : 2025-08-27 02:27:39===> API : /api/billing/getBillingDetails?billId=0&userId=0&billingDate=2025-08-27&shiftId=0&isBookingWebsite=0&futureDate=&fromDate=&toDate= ===> Message : getBillingDetailsResponse() completed
info: ===> TimeStamp : 2025-08-27 02:27:42===> API : null ===> Message : validateRequest() invoked
info: ===> TimeStamp : 2025-08-27 02:27:42===> API : null ===> Message : fetchDBSettings()
info: ===> TimeStamp : 2025-08-27 02:27:42===> API : null ===> Message : validateRequest() Invoked!
info: ===> TimeStamp : 2025-08-27 02:27:42===> API : null ===> Message : validRequest() :: Api validated Successfully
info: ===> TimeStamp : 2025-08-27 02:27:42===> API : /api/billing/getBillingDetails?billId=0&userId=0&billingDate=2025-08-26&shiftId=0&isBookingWebsite=0&futureDate=&fromDate=&toDate= ===> Message : getBillingDetails() invoked!!
info: ===> TimeStamp : 2025-08-27 02:27:42===> API : /api/billing/getBillingDetails?billId=0&userId=0&billingDate=2025-08-26&shiftId=0&isBookingWebsite=0&futureDate=&fromDate=&toDate= ===> Message : getBilliDetailsByBillDate() :: DB :: Invoked !
info: ===> TimeStamp : 2025-08-27 02:27:42===> API : /api/billing/getBillingDetails?billId=0&userId=0&billingDate=2025-08-26&shiftId=0&isBookingWebsite=0&futureDate=&fromDate=&toDate= ===> Message : getBillingDetailsResponse() invoked!
info: ===> TimeStamp : 2025-08-27 02:27:42===> API : /api/billing/getBillingDetails?billId=0&userId=0&billingDate=2025-08-26&shiftId=0&isBookingWebsite=0&futureDate=&fromDate=&toDate= ===> Message : getBillingDetailsResponse() completed
info: ===> TimeStamp : 2025-08-27 02:27:43===> API : null ===> Message : validateRequest() invoked
info: ===> TimeStamp : 2025-08-27 02:27:43===> API : null ===> Message : fetchDBSettings()
info: ===> TimeStamp : 2025-08-27 02:27:43===> API : null ===> Message : validateRequest() Invoked!
info: ===> TimeStamp : 2025-08-27 02:27:43===> API : null ===> Message : validRequest() :: Api validated Successfully
info: ===> TimeStamp : 2025-08-27 02:27:43===> API : /api/billing/generateCSVReport ===> Message : generateReports() invoked!!
info: ===> TimeStamp : 2025-08-27 02:27:43===> API : /api/billing/generateCSVReport ===> Message : generateReportsByBillDate() :: DB :: Invoked !
info: ===> TimeStamp : 2025-08-27 02:27:43===> API : /api/billing/generateCSVReport ===> Message : uploadReportFile() :: DB :: Invoked !
info: ===> TimeStamp : 2025-08-27 02:27:43===> API : /api/billing/generateCSVReport ===> Message : generateReportsResponse() invoked!
info: ===> TimeStamp : 2025-08-27 02:27:43===> API : /api/billing/generateCSVReport ===> Message : generateReportsResponse() completed
info: ===> TimeStamp : 2025-08-27 02:35:28===> API : null ===> Message : validateRequest() invoked
info: ===> TimeStamp : 2025-08-27 02:35:28===> API : null ===> Message : validateRequest() Error:: Invalid Request :: 
      {"apiUri":"/robots.txt"}
info: ===> TimeStamp : 2025-08-27 02:35:29===> API : null ===> Message : validateRequest() invoked
info: ===> TimeStamp : 2025-08-27 02:35:29===> API : null ===> Message : validateRequest() Error:: Invalid Request :: 
      {"apiUri":"/"}
info: ===> TimeStamp : 2025-08-27 02:43:56===> API : null ===> Message : validateRequest() invoked
info: ===> TimeStamp : 2025-08-27 02:43:56===> API : null ===> Message : fetchDBSettings()
info: ===> TimeStamp : 2025-08-27 02:43:56===> API : null ===> Message : validateRequest() Invoked!
info: ===> TimeStamp : 2025-08-27 02:43:56===> API : null ===> Message : validRequest() :: Api validated Successfully
info: ===> TimeStamp : 2025-08-27 02:43:56===> API : /api/billing/cashierReportShiftWise?date=2025-08-26&shiftId=3&reportTypeId=7 ===> Message : cashierReportShiftWise() invoked!!
info: ===> TimeStamp : 2025-08-27 02:43:56===> API : /api/billing/cashierReportShiftWise?date=2025-08-26&shiftId=3&reportTypeId=7 ===> Message : cashierReportShiftWise() :: DB :: Invoked !
info: ===> TimeStamp : 2025-08-27 02:43:56===> API : /api/billing/cashierReportShiftWise?date=2025-08-26&shiftId=3&reportTypeId=7 ===> Message : uploadReportFile() :: DB :: Invoked !
info: ===> TimeStamp : 2025-08-27 02:43:56===> API : /api/billing/cashierReportShiftWise?date=2025-08-26&shiftId=3&reportTypeId=7 ===> Message : cashierReportShiftWiseResponse() invoked!
info: ===> TimeStamp : 2025-08-27 02:43:56===> API : /api/billing/cashierReportShiftWise?date=2025-08-26&shiftId=3&reportTypeId=7 ===> Message : cashierReportShiftWiseResponse() completed
info: ===> TimeStamp : 2025-08-27 02:46:10===> API : null ===> Message : validateRequest() invoked
info: ===> TimeStamp : 2025-08-27 02:46:10===> API : null ===> Message : fetchDBSettings()
info: ===> TimeStamp : 2025-08-27 02:46:10===> API : null ===> Message : validateRequest() Invoked!
info: ===> TimeStamp : 2025-08-27 02:46:10===> API : null ===> Message : validRequest() :: Api validated Successfully
info: ===> TimeStamp : 2025-08-27 02:46:10===> API : /api/billing/cashierReport?date=2025-08-26&reportTypeId=6 ===> Message : cashierReport() invoked!!
info: ===> TimeStamp : 2025-08-27 02:46:10===> API : /api/billing/cashierReport?date=2025-08-26&reportTypeId=6 ===> Message : cashierReport() :: DB :: Invoked !
info: ===> TimeStamp : 2025-08-27 02:46:10===> API : /api/billing/cashierReport?date=2025-08-26&reportTypeId=6 ===> Message : uploadReportFile() :: DB :: Invoked !
info: ===> TimeStamp : 2025-08-27 02:46:10===> API : /api/billing/cashierReport?date=2025-08-26&reportTypeId=6 ===> Message : cashierReportResponse() invoked!
info: ===> TimeStamp : 2025-08-27 02:46:10===> API : /api/billing/cashierReport?date=2025-08-26&reportTypeId=6 ===> Message : cashierReportResponse() completed
info: ===> TimeStamp : 2025-08-27 03:14:46===> API : null ===> Message : fetchDBSettings()
info: ===> TimeStamp : 2025-08-27 03:14:46===> API : null ===> Message : validateRequest() invoked
info: ===> TimeStamp : 2025-08-27 03:14:46===> API : null ===> Message : validateRequest() invoked
info: ===> TimeStamp : 2025-08-27 03:14:46===> API : null ===> Message : fetchDBSettings()
info: ===> TimeStamp : 2025-08-27 03:14:46===> API : null ===> Message : validateRequest() invoked
info: ===> TimeStamp : 2025-08-27 03:14:46===> API : null ===> Message : fetchDBSettings()
info: ===> TimeStamp : 2025-08-27 03:14:46===> API : null ===> Message : validateRequest() invoked
info: ===> TimeStamp : 2025-08-27 03:14:46===> API : null ===> Message : fetchDBSettings()
info: ===> TimeStamp : 2025-08-27 03:14:46===> API : null ===> Message : validateRequest() Invoked!
info: ===> TimeStamp : 2025-08-27 03:14:46===> API : null ===> Message : validateRequest() Invoked!
info: ===> TimeStamp : 2025-08-27 03:14:46===> API : null ===> Message : validateRequest() Invoked!
info: ===> TimeStamp : 2025-08-27 03:14:46===> API : null ===> Message : validateRequest() Invoked!
info: ===> TimeStamp : 2025-08-27 03:14:47===> API : null ===> Message : validRequest() :: Api validated Successfully
info: ===> TimeStamp : 2025-08-27 03:14:47===> API : /api/billing/fetchVoidBill ===> Message : fetchVoidBill() invoked!!
info: ===> TimeStamp : 2025-08-27 03:14:47===> API : /api/billing/fetchVoidBill ===> Message : fetchVoidBill() :: DB :: Invoked !
info: ===> TimeStamp : 2025-08-27 03:14:47===> API : null ===> Message : validRequest() :: Api validated Successfully
info: ===> TimeStamp : 2025-08-27 03:14:47===> API : /api/billing/noShowGuestList ===> Message : noShowGuestList() invoked!!
info: ===> TimeStamp : 2025-08-27 03:14:47===> API : /api/billing/noShowGuestList ===> Message : noShowGuestList() :: DB :: Invoked !
info: ===> TimeStamp : 2025-08-27 03:14:47===> API : null ===> Message : validRequest() :: Api validated Successfully
info: ===> TimeStamp : 2025-08-27 03:14:47===> API : /api/billing/getBillingDetails?billId=0&userId=0&billingDate=2025-08-27&shiftId=0&isBookingWebsite=0&futureDate=2025-08-27&fromDate=&toDate= ===> Message : getBillingDetails() invoked!!
info: ===> TimeStamp : 2025-08-27 03:14:47===> API : null ===> Message : validRequest() :: Api validated Successfully
info: ===> TimeStamp : 2025-08-27 03:14:47===> API : /api/billing/getBillingDetails?billId=0&userId=0&billingDate=2025-08-27&shiftId=0&isBookingWebsite=0&futureDate=&fromDate=&toDate= ===> Message : getBillingDetails() invoked!!
info: ===> TimeStamp : 2025-08-27 03:14:47===> API : /api/billing/getBillingDetails?billId=0&userId=0&billingDate=2025-08-27&shiftId=0&isBookingWebsite=0&futureDate=&fromDate=&toDate= ===> Message : getBilliDetailsByBillDate() :: DB :: Invoked !
info: ===> TimeStamp : 2025-08-27 03:14:47===> API : /api/billing/getBillingDetails?billId=0&userId=0&billingDate=2025-08-27&shiftId=0&isBookingWebsite=0&futureDate=&fromDate=&toDate= ===> Message : getBilliDetailsByBillDate() :: Error :: {"code":"ER_SIGNAL_EXCEPTION","errno":1644,"sqlState":"10011","sqlMessage":"Bill for this date does not exist","sql":"CALL usp_get_billing_details_by_date(\n        '2025-08-27'\n        )"}
info: ===> TimeStamp : 2025-08-27 03:14:47===> API : /api/billing/getBillingDetails?billId=0&userId=0&billingDate=2025-08-27&shiftId=0&isBookingWebsite=0&futureDate=&fromDate=&toDate= ===> Message : getBillingDetailsResponse() invoked!
info: ===> TimeStamp : 2025-08-27 03:14:47===> API : /api/billing/getBillingDetails?billId=0&userId=0&billingDate=2025-08-27&shiftId=0&isBookingWebsite=0&futureDate=&fromDate=&toDate= ===> Message : addBillingDetailsDBResult :: Error :: {"ErrorCode":10011,"ErrorMessage":"Bill for this date does not exist"}
info: ===> TimeStamp : 2025-08-27 03:14:47===> API : /api/billing/getBillingDetails?billId=0&userId=0&billingDate=2025-08-27&shiftId=0&isBookingWebsite=0&futureDate=&fromDate=&toDate= ===> Message : getBillingDetailsResponse() completed
info: ===> TimeStamp : 2025-08-27 03:14:47===> API : null ===> Message : validateRequest() invoked
info: ===> TimeStamp : 2025-08-27 03:14:47===> API : null ===> Message : fetchDBSettings()
info: ===> TimeStamp : 2025-08-27 03:14:47===> API : null ===> Message : validateRequest() Invoked!
info: ===> TimeStamp : 2025-08-27 03:14:47===> API : null ===> Message : validRequest() :: Api validated Successfully
info: ===> TimeStamp : 2025-08-27 03:14:47===> API : /api/billing/getBillingDetails?billId=0&userId=0&billingDate=2025-08-27&shiftId=0&isBookingWebsite=0&futureDate=&fromDate=&toDate= ===> Message : getBillingDetails() invoked!!
info: ===> TimeStamp : 2025-08-27 03:14:47===> API : /api/billing/getBillingDetails?billId=0&userId=0&billingDate=2025-08-27&shiftId=0&isBookingWebsite=0&futureDate=&fromDate=&toDate= ===> Message : getBilliDetailsByBillDate() :: DB :: Invoked !
info: ===> TimeStamp : 2025-08-27 03:14:47===> API : /api/billing/getBillingDetails?billId=0&userId=0&billingDate=2025-08-27&shiftId=0&isBookingWebsite=0&futureDate=&fromDate=&toDate= ===> Message : getBilliDetailsByBillDate() :: Error :: {"code":"ER_SIGNAL_EXCEPTION","errno":1644,"sqlState":"10011","sqlMessage":"Bill for this date does not exist","sql":"CALL usp_get_billing_details_by_date(\n        '2025-08-27'\n        )"}
info: ===> TimeStamp : 2025-08-27 03:14:47===> API : /api/billing/getBillingDetails?billId=0&userId=0&billingDate=2025-08-27&shiftId=0&isBookingWebsite=0&futureDate=&fromDate=&toDate= ===> Message : addBillingDetailsDBResult :: Error :: {"ErrorCode":10011,"ErrorMessage":"Bill for this date does not exist"}
info: ===> TimeStamp : 2025-08-27 03:14:47===> API : /api/billing/getBillingDetails?billId=0&userId=0&billingDate=2025-08-27&shiftId=0&isBookingWebsite=0&futureDate=&fromDate=&toDate= ===> Message : getBillingDetailsResponse() invoked!
info: ===> TimeStamp : 2025-08-27 03:14:47===> API : /api/billing/getBillingDetails?billId=0&userId=0&billingDate=2025-08-27&shiftId=0&isBookingWebsite=0&futureDate=&fromDate=&toDate= ===> Message : getBillingDetailsResponse() completed
info: ===> TimeStamp : 2025-08-27 03:14:48===> API : /api/billing/noShowGuestList ===> Message : noShowGuestListResponse() invoked!
info: ===> TimeStamp : 2025-08-27 03:14:48===> API : /api/billing/noShowGuestList ===> Message : noShowGuestListResponse() completed
info: ===> TimeStamp : 2025-08-27 03:14:48===> API : null ===> Message : validateRequest() invoked
info: ===> TimeStamp : 2025-08-27 03:14:48===> API : null ===> Message : fetchDBSettings()
info: ===> TimeStamp : 2025-08-27 03:14:48===> API : null ===> Message : validateRequest() Invoked!
info: ===> TimeStamp : 2025-08-27 03:14:48===> API : /api/billing/fetchVoidBill ===> Message : fetchVoidBillResponse() invoked!
info: ===> TimeStamp : 2025-08-27 03:14:48===> API : /api/billing/fetchVoidBill ===> Message : fetchVoidBillResponse() completed
info: ===> TimeStamp : 2025-08-27 03:14:48===> API : null ===> Message : validRequest() :: Api validated Successfully
info: ===> TimeStamp : 2025-08-27 03:14:48===> API : /api/billing/noShowGuestList ===> Message : noShowGuestList() invoked!!
info: ===> TimeStamp : 2025-08-27 03:14:48===> API : /api/billing/noShowGuestList ===> Message : noShowGuestList() :: DB :: Invoked !
info: ===> TimeStamp : 2025-08-27 03:14:49===> API : /api/billing/noShowGuestList ===> Message : noShowGuestListResponse() invoked!
info: ===> TimeStamp : 2025-08-27 03:14:49===> API : /api/billing/noShowGuestList ===> Message : noShowGuestListResponse() completed
info: ===> TimeStamp : 2025-08-27 03:18:40===> API : null ===> Message : validateRequest() invoked
info: ===> TimeStamp : 2025-08-27 03:18:40===> API : null ===> Message : validateRequest() Error:: Invalid Request :: 
      {"apiUri":"/robots.txt"}
info: ===> TimeStamp : 2025-08-27 03:33:15===> API : null ===> Message : validateRequest() invoked
info: ===> TimeStamp : 2025-08-27 03:33:15===> API : null ===> Message : fetchDBSettings()
info: ===> TimeStamp : 2025-08-27 03:33:15===> API : null ===> Message : validateRequest() invoked
info: ===> TimeStamp : 2025-08-27 03:33:15===> API : null ===> Message : fetchDBSettings()
info: ===> TimeStamp : 2025-08-27 03:33:15===> API : null ===> Message : validateRequest() invoked
info: ===> TimeStamp : 2025-08-27 03:33:15===> API : null ===> Message : fetchDBSettings()
info: ===> TimeStamp : 2025-08-27 03:33:15===> API : null ===> Message : validateRequest() invoked
info: ===> TimeStamp : 2025-08-27 03:33:15===> API : null ===> Message : fetchDBSettings()
info: ===> TimeStamp : 2025-08-27 03:33:15===> API : null ===> Message : validateRequest() Invoked!
info: ===> TimeStamp : 2025-08-27 03:33:15===> API : null ===> Message : validateRequest() Invoked!
info: ===> TimeStamp : 2025-08-27 03:33:15===> API : null ===> Message : validateRequest() Invoked!
info: ===> TimeStamp : 2025-08-27 03:33:15===> API : null ===> Message : validateRequest() Invoked!
info: ===> TimeStamp : 2025-08-27 03:33:15===> API : null ===> Message : validRequest() :: Api validated Successfully
info: ===> TimeStamp : 2025-08-27 03:33:15===> API : /api/billing/noShowGuestList ===> Message : noShowGuestList() invoked!!
info: ===> TimeStamp : 2025-08-27 03:33:15===> API : /api/billing/noShowGuestList ===> Message : noShowGuestList() :: DB :: Invoked !
info: ===> TimeStamp : 2025-08-27 03:33:15===> API : null ===> Message : validRequest() :: Api validated Successfully
info: ===> TimeStamp : 2025-08-27 03:33:15===> API : /api/billing/fetchVoidBill ===> Message : fetchVoidBill() invoked!!
info: ===> TimeStamp : 2025-08-27 03:33:15===> API : /api/billing/fetchVoidBill ===> Message : fetchVoidBill() :: DB :: Invoked !
info: ===> TimeStamp : 2025-08-27 03:33:15===> API : null ===> Message : validRequest() :: Api validated Successfully
info: ===> TimeStamp : 2025-08-27 03:33:15===> API : /api/billing/getBillingDetails?billId=0&userId=0&billingDate=2025-08-27&shiftId=0&isBookingWebsite=0&futureDate=&fromDate=&toDate= ===> Message : getBillingDetails() invoked!!
info: ===> TimeStamp : 2025-08-27 03:33:15===> API : /api/billing/getBillingDetails?billId=0&userId=0&billingDate=2025-08-27&shiftId=0&isBookingWebsite=0&futureDate=&fromDate=&toDate= ===> Message : getBilliDetailsByBillDate() :: DB :: Invoked !
info: ===> TimeStamp : 2025-08-27 03:33:15===> API : null ===> Message : validRequest() :: Api validated Successfully
info: ===> TimeStamp : 2025-08-27 03:33:15===> API : /api/billing/getBillingDetails?billId=0&userId=0&billingDate=2025-08-27&shiftId=0&isBookingWebsite=0&futureDate=2025-08-27&fromDate=&toDate= ===> Message : getBillingDetails() invoked!!
info: ===> TimeStamp : 2025-08-27 03:33:15===> API : /api/billing/getBillingDetails?billId=0&userId=0&billingDate=2025-08-27&shiftId=0&isBookingWebsite=0&futureDate=&fromDate=&toDate= ===> Message : getBilliDetailsByBillDate() :: Error :: {"code":"ER_SIGNAL_EXCEPTION","errno":1644,"sqlState":"10011","sqlMessage":"Bill for this date does not exist","sql":"CALL usp_get_billing_details_by_date(\n        '2025-08-27'\n        )"}
info: ===> TimeStamp : 2025-08-27 03:33:15===> API : /api/billing/getBillingDetails?billId=0&userId=0&billingDate=2025-08-27&shiftId=0&isBookingWebsite=0&futureDate=&fromDate=&toDate= ===> Message : addBillingDetailsDBResult :: Error :: {"ErrorCode":10011,"ErrorMessage":"Bill for this date does not exist"}
info: ===> TimeStamp : 2025-08-27 03:33:15===> API : /api/billing/getBillingDetails?billId=0&userId=0&billingDate=2025-08-27&shiftId=0&isBookingWebsite=0&futureDate=&fromDate=&toDate= ===> Message : getBillingDetailsResponse() invoked!
info: ===> TimeStamp : 2025-08-27 03:33:15===> API : /api/billing/getBillingDetails?billId=0&userId=0&billingDate=2025-08-27&shiftId=0&isBookingWebsite=0&futureDate=&fromDate=&toDate= ===> Message : getBillingDetailsResponse() completed
info: ===> TimeStamp : 2025-08-27 03:33:15===> API : null ===> Message : validateRequest() invoked
info: ===> TimeStamp : 2025-08-27 03:33:15===> API : null ===> Message : fetchDBSettings()
info: ===> TimeStamp : 2025-08-27 03:33:15===> API : null ===> Message : validateRequest() Invoked!
info: ===> TimeStamp : 2025-08-27 03:33:15===> API : null ===> Message : validRequest() :: Api validated Successfully
info: ===> TimeStamp : 2025-08-27 03:33:15===> API : /api/billing/getBillingDetails?billId=0&userId=0&billingDate=2025-08-27&shiftId=0&isBookingWebsite=0&futureDate=&fromDate=&toDate= ===> Message : getBillingDetails() invoked!!
info: ===> TimeStamp : 2025-08-27 03:33:15===> API : /api/billing/getBillingDetails?billId=0&userId=0&billingDate=2025-08-27&shiftId=0&isBookingWebsite=0&futureDate=&fromDate=&toDate= ===> Message : getBilliDetailsByBillDate() :: DB :: Invoked !
info: ===> TimeStamp : 2025-08-27 03:33:15===> API : /api/billing/getBillingDetails?billId=0&userId=0&billingDate=2025-08-27&shiftId=0&isBookingWebsite=0&futureDate=&fromDate=&toDate= ===> Message : getBilliDetailsByBillDate() :: Error :: {"code":"ER_SIGNAL_EXCEPTION","errno":1644,"sqlState":"10011","sqlMessage":"Bill for this date does not exist","sql":"CALL usp_get_billing_details_by_date(\n        '2025-08-27'\n        )"}
info: ===> TimeStamp : 2025-08-27 03:33:15===> API : /api/billing/getBillingDetails?billId=0&userId=0&billingDate=2025-08-27&shiftId=0&isBookingWebsite=0&futureDate=&fromDate=&toDate= ===> Message : addBillingDetailsDBResult :: Error :: {"ErrorCode":10011,"ErrorMessage":"Bill for this date does not exist"}
info: ===> TimeStamp : 2025-08-27 03:33:15===> API : /api/billing/getBillingDetails?billId=0&userId=0&billingDate=2025-08-27&shiftId=0&isBookingWebsite=0&futureDate=&fromDate=&toDate= ===> Message : getBillingDetailsResponse() invoked!
info: ===> TimeStamp : 2025-08-27 03:33:15===> API : /api/billing/getBillingDetails?billId=0&userId=0&billingDate=2025-08-27&shiftId=0&isBookingWebsite=0&futureDate=&fromDate=&toDate= ===> Message : getBillingDetailsResponse() completed
info: ===> TimeStamp : 2025-08-27 03:33:16===> API : /api/billing/noShowGuestList ===> Message : noShowGuestListResponse() invoked!
info: ===> TimeStamp : 2025-08-27 03:33:16===> API : /api/billing/noShowGuestList ===> Message : noShowGuestListResponse() completed
info: ===> TimeStamp : 2025-08-27 03:33:16===> API : null ===> Message : validateRequest() invoked
info: ===> TimeStamp : 2025-08-27 03:33:16===> API : null ===> Message : fetchDBSettings()
info: ===> TimeStamp : 2025-08-27 03:33:16===> API : null ===> Message : validateRequest() Invoked!
info: ===> TimeStamp : 2025-08-27 03:33:17===> API : /api/billing/fetchVoidBill ===> Message : fetchVoidBillResponse() invoked!
info: ===> TimeStamp : 2025-08-27 03:33:17===> API : /api/billing/fetchVoidBill ===> Message : fetchVoidBillResponse() completed
info: ===> TimeStamp : 2025-08-27 03:33:17===> API : null ===> Message : validRequest() :: Api validated Successfully
info: ===> TimeStamp : 2025-08-27 03:33:17===> API : /api/billing/noShowGuestList ===> Message : noShowGuestList() invoked!!
info: ===> TimeStamp : 2025-08-27 03:33:17===> API : /api/billing/noShowGuestList ===> Message : noShowGuestList() :: DB :: Invoked !
info: ===> TimeStamp : 2025-08-27 03:33:17===> API : /api/billing/noShowGuestList ===> Message : noShowGuestListResponse() invoked!
info: ===> TimeStamp : 2025-08-27 03:33:17===> API : /api/billing/noShowGuestList ===> Message : noShowGuestListResponse() completed
info: ===> TimeStamp : 2025-08-27 03:36:31===> API : null ===> Message : validateRequest() invoked
info: ===> TimeStamp : 2025-08-27 03:36:31===> API : null ===> Message : fetchDBSettings()
info: ===> TimeStamp : 2025-08-27 03:36:31===> API : null ===> Message : validateRequest() Invoked!
info: ===> TimeStamp : 2025-08-27 03:36:31===> API : null ===> Message : validRequest() :: Api validated Successfully
info: ===> TimeStamp : 2025-08-27 03:36:31===> API : /api/billing/addBillingDetails ===> Message : addBillingDetails() invoked!!
info: ===> TimeStamp : 2025-08-27 03:36:31===> API : /api/billing/addBillingDetails ===> Message : getPackageItemDetails() :: DB :: Invoked !
info: ===> TimeStamp : 2025-08-27 03:36:31===> API : /api/billing/addBillingDetails ===> Message : newBooking() :: DB :: Invoked !
info: ===> TimeStamp : 2025-08-27 03:36:31===> API : /api/billing/addBillingDetails ===> Message : newBooking() :: DB :: Invoked !
info: ===> TimeStamp : 2025-08-27 03:36:33===> API : /api/billing/addBillingDetails ===> Message : newBooking() :: DB :: Invoked !
info: ===> TimeStamp : 2025-08-27 03:36:33===> API : /api/billing/addBillingDetails ===> Message : newBooking() :: DB :: Invoked !
info: ===> TimeStamp : 2025-08-27 03:36:34===> API : /api/billing/addBillingDetails ===> Message : addBillingDetailsResponse() invoked!
info: ===> TimeStamp : 2025-08-27 03:36:34===> API : /api/billing/addBillingDetails ===> Message : addBillingDetailsResponse() completed
info: ===> TimeStamp : 2025-08-27 03:36:34===> API : null ===> Message : validateRequest() invoked
info: ===> TimeStamp : 2025-08-27 03:36:34===> API : null ===> Message : fetchDBSettings()
info: ===> TimeStamp : 2025-08-27 03:36:34===> API : null ===> Message : validateRequest() Invoked!
info: ===> TimeStamp : 2025-08-27 03:36:34===> API : null ===> Message : validRequest() :: Api validated Successfully
info: ===> TimeStamp : 2025-08-27 03:36:34===> API : /api/billing/updateItemDetailsBill ===> Message : updateItemDetailsBill() invoked!!
info: ===> TimeStamp : 2025-08-27 03:36:34===> API : /api/billing/updateItemDetailsBill ===> Message : updateItemDetailsBill() :: DB :: Invoked !
info: ===> TimeStamp : 2025-08-27 03:36:34===> API : /api/billing/updateItemDetailsBill ===> Message : updateItemDetailsBillResponse() invoked!
info: ===> TimeStamp : 2025-08-27 03:36:34===> API : /api/billing/updateItemDetailsBill ===> Message : updateItemDetailsBillResponse() completed
info: ===> TimeStamp : 2025-08-27 03:36:35===> API : null ===> Message : validateRequest() invoked
info: ===> TimeStamp : 2025-08-27 03:36:35===> API : null ===> Message : fetchDBSettings()
info: ===> TimeStamp : 2025-08-27 03:36:35===> API : null ===> Message : validateRequest() Invoked!
info: ===> TimeStamp : 2025-08-27 03:36:35===> API : null ===> Message : validRequest() :: Api validated Successfully
info: ===> TimeStamp : 2025-08-27 03:36:35===> API : /api/billing/uploadBillFile ===> Message : uploadBillFile() invoked!!
info: ===> TimeStamp : 2025-08-27 03:36:36===> API : /api/billing/uploadBillFile ===> Message : uploadBillFile() :: DB :: Invoked !
info: ===> TimeStamp : 2025-08-27 03:36:36===> API : /api/billing/uploadBillFile ===> Message : uploadBillFileResponse() invoked!
info: ===> TimeStamp : 2025-08-27 03:36:36===> API : /api/billing/uploadBillFile ===> Message : uploadBillFileResponse() completed
info: ===> TimeStamp : 2025-08-27 03:36:38===> API : null ===> Message : validateRequest() invoked
info: ===> TimeStamp : 2025-08-27 03:36:38===> API : null ===> Message : fetchDBSettings()
info: ===> TimeStamp : 2025-08-27 03:36:38===> API : null ===> Message : validateRequest() Invoked!
info: ===> TimeStamp : 2025-08-27 03:36:38===> API : null ===> Message : validRequest() :: Api validated Successfully
info: ===> TimeStamp : 2025-08-27 03:36:38===> API : /api/billing/uploadBillFile ===> Message : uploadBillFile() invoked!!
info: ===> TimeStamp : 2025-08-27 03:36:38===> API : /api/billing/uploadBillFile ===> Message : uploadBillFile() :: DB :: Invoked !
info: ===> TimeStamp : 2025-08-27 03:36:38===> API : /api/billing/uploadBillFile ===> Message : uploadBillFileResponse() invoked!
info: ===> TimeStamp : 2025-08-27 03:36:38===> API : /api/billing/uploadBillFile ===> Message : uploadBillFileResponse() completed
info: ===> TimeStamp : 2025-08-27 03:36:39===> API : null ===> Message : validateRequest() invoked
info: ===> TimeStamp : 2025-08-27 03:36:39===> API : null ===> Message : fetchDBSettings()
info: ===> TimeStamp : 2025-08-27 03:36:39===> API : null ===> Message : validateRequest() Invoked!
info: ===> TimeStamp : 2025-08-27 03:36:39===> API : null ===> Message : validRequest() :: Api validated Successfully
info: ===> TimeStamp : 2025-08-27 03:36:39===> API : /api/billing/sendBillMail ===> Message : sendBillMail() invoked!!
info: ===> TimeStamp : 2025-08-27 03:36:43===> API : /api/billing/sendBillMail ===> Message : notifySellers() :: Email sent :: Success :: 250 2.0.0 OK  1756246002 d9443c01a7336-246b21f7be7sm76195095ad.142 - gsmtp !
info: ===> TimeStamp : 2025-08-27 03:36:43===> API : /api/billing/sendBillMail ===> Message : sendBillMailResponse() invoked!
info: ===> TimeStamp : 2025-08-27 03:36:43===> API : /api/billing/sendBillMail ===> Message : sendBillMailResponse() completed
info: ===> TimeStamp : 2025-08-27 03:41:32===> API : null ===> Message : validateRequest() invoked
info: ===> TimeStamp : 2025-08-27 03:41:32===> API : null ===> Message : fetchDBSettings()
info: ===> TimeStamp : 2025-08-27 03:41:32===> API : null ===> Message : validateRequest() invoked
info: ===> TimeStamp : 2025-08-27 03:41:32===> API : null ===> Message : fetchDBSettings()
info: ===> TimeStamp : 2025-08-27 03:41:32===> API : null ===> Message : validateRequest() invoked
info: ===> TimeStamp : 2025-08-27 03:41:32===> API : null ===> Message : fetchDBSettings()
info: ===> TimeStamp : 2025-08-27 03:41:32===> API : null ===> Message : validateRequest() invoked
info: ===> TimeStamp : 2025-08-27 03:41:32===> API : null ===> Message : fetchDBSettings()
info: ===> TimeStamp : 2025-08-27 03:41:32===> API : null ===> Message : validateRequest() Invoked!
info: ===> TimeStamp : 2025-08-27 03:41:32===> API : null ===> Message : validateRequest() Invoked!
info: ===> TimeStamp : 2025-08-27 03:41:32===> API : null ===> Message : validateRequest() Invoked!
info: ===> TimeStamp : 2025-08-27 03:41:32===> API : null ===> Message : validateRequest() Invoked!
info: ===> TimeStamp : 2025-08-27 03:41:33===> API : null ===> Message : validRequest() :: Api validated Successfully
info: ===> TimeStamp : 2025-08-27 03:41:33===> API : /api/billing/getBillingDetails?billId=0&userId=0&billingDate=2025-08-27&shiftId=0&isBookingWebsite=0&futureDate=&fromDate=&toDate= ===> Message : getBillingDetails() invoked!!
info: ===> TimeStamp : 2025-08-27 03:41:33===> API : /api/billing/getBillingDetails?billId=0&userId=0&billingDate=2025-08-27&shiftId=0&isBookingWebsite=0&futureDate=&fromDate=&toDate= ===> Message : getBilliDetailsByBillDate() :: DB :: Invoked !
info: ===> TimeStamp : 2025-08-27 03:41:33===> API : null ===> Message : validRequest() :: Api validated Successfully
info: ===> TimeStamp : 2025-08-27 03:41:33===> API : /api/billing/fetchVoidBill ===> Message : fetchVoidBill() invoked!!
info: ===> TimeStamp : 2025-08-27 03:41:33===> API : /api/billing/fetchVoidBill ===> Message : fetchVoidBill() :: DB :: Invoked !
info: ===> TimeStamp : 2025-08-27 03:41:33===> API : null ===> Message : validRequest() :: Api validated Successfully
info: ===> TimeStamp : 2025-08-27 03:41:33===> API : /api/billing/getBillingDetails?billId=0&userId=0&billingDate=2025-08-27&shiftId=0&isBookingWebsite=0&futureDate=2025-08-27&fromDate=&toDate= ===> Message : getBillingDetails() invoked!!
info: ===> TimeStamp : 2025-08-27 03:41:33===> API : null ===> Message : validRequest() :: Api validated Successfully
info: ===> TimeStamp : 2025-08-27 03:41:33===> API : /api/billing/noShowGuestList ===> Message : noShowGuestList() invoked!!
info: ===> TimeStamp : 2025-08-27 03:41:33===> API : /api/billing/noShowGuestList ===> Message : noShowGuestList() :: DB :: Invoked !
info: ===> TimeStamp : 2025-08-27 03:41:33===> API : /api/billing/getBillingDetails?billId=0&userId=0&billingDate=2025-08-27&shiftId=0&isBookingWebsite=0&futureDate=&fromDate=&toDate= ===> Message : getBillingDetailsResponse() invoked!
info: ===> TimeStamp : 2025-08-27 03:41:33===> API : /api/billing/getBillingDetails?billId=0&userId=0&billingDate=2025-08-27&shiftId=0&isBookingWebsite=0&futureDate=&fromDate=&toDate= ===> Message : getBillingDetailsResponse() completed
info: ===> TimeStamp : 2025-08-27 03:41:33===> API : null ===> Message : validateRequest() invoked
info: ===> TimeStamp : 2025-08-27 03:41:33===> API : null ===> Message : fetchDBSettings()
info: ===> TimeStamp : 2025-08-27 03:41:33===> API : null ===> Message : validateRequest() Invoked!
info: ===> TimeStamp : 2025-08-27 03:41:33===> API : null ===> Message : validRequest() :: Api validated Successfully
info: ===> TimeStamp : 2025-08-27 03:41:33===> API : /api/billing/getBillingDetails?billId=0&userId=0&billingDate=2025-08-27&shiftId=0&isBookingWebsite=0&futureDate=&fromDate=&toDate= ===> Message : getBillingDetails() invoked!!
info: ===> TimeStamp : 2025-08-27 03:41:33===> API : /api/billing/getBillingDetails?billId=0&userId=0&billingDate=2025-08-27&shiftId=0&isBookingWebsite=0&futureDate=&fromDate=&toDate= ===> Message : getBilliDetailsByBillDate() :: DB :: Invoked !
info: ===> TimeStamp : 2025-08-27 03:41:33===> API : /api/billing/getBillingDetails?billId=0&userId=0&billingDate=2025-08-27&shiftId=0&isBookingWebsite=0&futureDate=&fromDate=&toDate= ===> Message : getBillingDetailsResponse() invoked!
info: ===> TimeStamp : 2025-08-27 03:41:33===> API : /api/billing/getBillingDetails?billId=0&userId=0&billingDate=2025-08-27&shiftId=0&isBookingWebsite=0&futureDate=&fromDate=&toDate= ===> Message : getBillingDetailsResponse() completed
info: ===> TimeStamp : 2025-08-27 03:41:34===> API : /api/billing/noShowGuestList ===> Message : noShowGuestListResponse() invoked!
info: ===> TimeStamp : 2025-08-27 03:41:34===> API : /api/billing/noShowGuestList ===> Message : noShowGuestListResponse() completed
info: ===> TimeStamp : 2025-08-27 03:41:34===> API : null ===> Message : validateRequest() invoked
info: ===> TimeStamp : 2025-08-27 03:41:34===> API : null ===> Message : fetchDBSettings()
info: ===> TimeStamp : 2025-08-27 03:41:34===> API : null ===> Message : validateRequest() Invoked!
info: ===> TimeStamp : 2025-08-27 03:41:34===> API : /api/billing/fetchVoidBill ===> Message : fetchVoidBillResponse() invoked!
info: ===> TimeStamp : 2025-08-27 03:41:34===> API : /api/billing/fetchVoidBill ===> Message : fetchVoidBillResponse() completed
info: ===> TimeStamp : 2025-08-27 03:41:34===> API : null ===> Message : validRequest() :: Api validated Successfully
info: ===> TimeStamp : 2025-08-27 03:41:34===> API : /api/billing/noShowGuestList ===> Message : noShowGuestList() invoked!!
info: ===> TimeStamp : 2025-08-27 03:41:34===> API : /api/billing/noShowGuestList ===> Message : noShowGuestList() :: DB :: Invoked !
info: ===> TimeStamp : 2025-08-27 03:41:35===> API : /api/billing/noShowGuestList ===> Message : noShowGuestListResponse() invoked!
info: ===> TimeStamp : 2025-08-27 03:41:35===> API : /api/billing/noShowGuestList ===> Message : noShowGuestListResponse() completed
info: ===> TimeStamp : 2025-08-27 03:41:36===> API : null ===> Message : validateRequest() invoked
info: ===> TimeStamp : 2025-08-27 03:41:36===> API : null ===> Message : fetchDBSettings()
info: ===> TimeStamp : 2025-08-27 03:41:36===> API : null ===> Message : validateRequest() Invoked!
info: ===> TimeStamp : 2025-08-27 03:41:36===> API : null ===> Message : validRequest() :: Api validated Successfully
info: ===> TimeStamp : 2025-08-27 03:41:36===> API : /api/billing/updateItemDetailsBill ===> Message : updateItemDetailsBill() invoked!!
info: ===> TimeStamp : 2025-08-27 03:41:36===> API : /api/billing/updateItemDetailsBill ===> Message : updateItemDetailsBill() :: DB :: Invoked !
info: ===> TimeStamp : 2025-08-27 03:41:36===> API : /api/billing/updateItemDetailsBill ===> Message : updateItemDetailsBillResponse() invoked!
info: ===> TimeStamp : 2025-08-27 03:41:36===> API : /api/billing/updateItemDetailsBill ===> Message : updateItemDetailsBillResponse() completed
info: ===> TimeStamp : 2025-08-27 03:41:37===> API : null ===> Message : validateRequest() invoked
info: ===> TimeStamp : 2025-08-27 03:41:37===> API : null ===> Message : fetchDBSettings()
info: ===> TimeStamp : 2025-08-27 03:41:37===> API : null ===> Message : validateRequest() Invoked!
info: ===> TimeStamp : 2025-08-27 03:41:37===> API : null ===> Message : validRequest() :: Api validated Successfully
info: ===> TimeStamp : 2025-08-27 03:41:37===> API : /api/billing/uploadBillFile ===> Message : uploadBillFile() invoked!!
info: ===> TimeStamp : 2025-08-27 03:41:37===> API : /api/billing/uploadBillFile ===> Message : uploadBillFile() :: DB :: Invoked !
info: ===> TimeStamp : 2025-08-27 03:41:37===> API : /api/billing/uploadBillFile ===> Message : uploadBillFileResponse() invoked!
info: ===> TimeStamp : 2025-08-27 03:41:37===> API : /api/billing/uploadBillFile ===> Message : uploadBillFileResponse() completed
info: ===> TimeStamp : 2025-08-27 03:42:03===> API : null ===> Message : validateRequest() invoked
info: ===> TimeStamp : 2025-08-27 03:42:03===> API : null ===> Message : fetchDBSettings()
info: ===> TimeStamp : 2025-08-27 03:42:03===> API : null ===> Message : validateRequest() invoked
info: ===> TimeStamp : 2025-08-27 03:42:03===> API : null ===> Message : fetchDBSettings()
info: ===> TimeStamp : 2025-08-27 03:42:03===> API : null ===> Message : fetchDBSettings()
info: ===> TimeStamp : 2025-08-27 03:42:03===> API : null ===> Message : validateRequest() invoked
info: ===> TimeStamp : 2025-08-27 03:42:03===> API : null ===> Message : validateRequest() Invoked!
info: ===> TimeStamp : 2025-08-27 03:42:03===> API : null ===> Message : validateRequest() Invoked!
info: ===> TimeStamp : 2025-08-27 03:42:03===> API : null ===> Message : validateRequest() Invoked!
info: ===> TimeStamp : 2025-08-27 03:42:03===> API : null ===> Message : validRequest() :: Api validated Successfully
info: ===> TimeStamp : 2025-08-27 03:42:03===> API : /api/billing/getBillingDetails?billId=0&userId=0&billingDate=2025-08-27&shiftId=0&isBookingWebsite=0&futureDate=&fromDate=&toDate= ===> Message : getBillingDetails() invoked!!
info: ===> TimeStamp : 2025-08-27 03:42:03===> API : /api/billing/getBillingDetails?billId=0&userId=0&billingDate=2025-08-27&shiftId=0&isBookingWebsite=0&futureDate=&fromDate=&toDate= ===> Message : getBilliDetailsByBillDate() :: DB :: Invoked !
info: ===> TimeStamp : 2025-08-27 03:42:03===> API : null ===> Message : validRequest() :: Api validated Successfully
info: ===> TimeStamp : 2025-08-27 03:42:03===> API : /api/billing/fetchVoidBill ===> Message : fetchVoidBill() invoked!!
info: ===> TimeStamp : 2025-08-27 03:42:03===> API : /api/billing/fetchVoidBill ===> Message : fetchVoidBill() :: DB :: Invoked !
info: ===> TimeStamp : 2025-08-27 03:42:03===> API : /api/billing/getBillingDetails?billId=0&userId=0&billingDate=2025-08-27&shiftId=0&isBookingWebsite=0&futureDate=&fromDate=&toDate= ===> Message : getBillingDetailsResponse() invoked!
info: ===> TimeStamp : 2025-08-27 03:42:03===> API : /api/billing/getBillingDetails?billId=0&userId=0&billingDate=2025-08-27&shiftId=0&isBookingWebsite=0&futureDate=&fromDate=&toDate= ===> Message : getBillingDetailsResponse() completed
info: ===> TimeStamp : 2025-08-27 03:42:03===> API : null ===> Message : validateRequest() invoked
info: ===> TimeStamp : 2025-08-27 03:42:03===> API : null ===> Message : fetchDBSettings()
info: ===> TimeStamp : 2025-08-27 03:42:03===> API : null ===> Message : validRequest() :: Api validated Successfully
info: ===> TimeStamp : 2025-08-27 03:42:03===> API : /api/billing/noShowGuestList ===> Message : noShowGuestList() invoked!!
info: ===> TimeStamp : 2025-08-27 03:42:03===> API : /api/billing/noShowGuestList ===> Message : noShowGuestList() :: DB :: Invoked !
info: ===> TimeStamp : 2025-08-27 03:42:03===> API : null ===> Message : validateRequest() Invoked!
info: ===> TimeStamp : 2025-08-27 03:42:04===> API : null ===> Message : validRequest() :: Api validated Successfully
info: ===> TimeStamp : 2025-08-27 03:42:04===> API : /api/billing/getBillingDetails?billId=0&userId=0&billingDate=2025-08-27&shiftId=0&isBookingWebsite=0&futureDate=&fromDate=&toDate= ===> Message : getBillingDetails() invoked!!
info: ===> TimeStamp : 2025-08-27 03:42:04===> API : /api/billing/getBillingDetails?billId=0&userId=0&billingDate=2025-08-27&shiftId=0&isBookingWebsite=0&futureDate=&fromDate=&toDate= ===> Message : getBilliDetailsByBillDate() :: DB :: Invoked !
info: ===> TimeStamp : 2025-08-27 03:42:04===> API : /api/billing/getBillingDetails?billId=0&userId=0&billingDate=2025-08-27&shiftId=0&isBookingWebsite=0&futureDate=&fromDate=&toDate= ===> Message : getBillingDetailsResponse() invoked!
info: ===> TimeStamp : 2025-08-27 03:42:04===> API : /api/billing/getBillingDetails?billId=0&userId=0&billingDate=2025-08-27&shiftId=0&isBookingWebsite=0&futureDate=&fromDate=&toDate= ===> Message : getBillingDetailsResponse() completed
info: ===> TimeStamp : 2025-08-27 03:42:05===> API : /api/billing/fetchVoidBill ===> Message : fetchVoidBillResponse() invoked!
info: ===> TimeStamp : 2025-08-27 03:42:05===> API : /api/billing/fetchVoidBill ===> Message : fetchVoidBillResponse() completed
info: ===> TimeStamp : 2025-08-27 03:42:05===> API : /api/billing/noShowGuestList ===> Message : noShowGuestListResponse() invoked!
info: ===> TimeStamp : 2025-08-27 03:42:06===> API : /api/billing/noShowGuestList ===> Message : noShowGuestListResponse() completed
info: ===> TimeStamp : 2025-08-27 03:42:06===> API : null ===> Message : validateRequest() invoked
info: ===> TimeStamp : 2025-08-27 03:42:06===> API : null ===> Message : fetchDBSettings()
info: ===> TimeStamp : 2025-08-27 03:42:06===> API : null ===> Message : validateRequest() Invoked!
info: ===> TimeStamp : 2025-08-27 03:42:06===> API : null ===> Message : validRequest() :: Api validated Successfully
info: ===> TimeStamp : 2025-08-27 03:42:06===> API : /api/billing/noShowGuestList ===> Message : noShowGuestList() :: DB :: Invoked !
info: ===> TimeStamp : 2025-08-27 03:42:06===> API : /api/billing/noShowGuestList ===> Message : noShowGuestList() invoked!!
info: ===> TimeStamp : 2025-08-27 03:42:07===> API : /api/billing/noShowGuestList ===> Message : noShowGuestListResponse() invoked!
info: ===> TimeStamp : 2025-08-27 03:42:07===> API : /api/billing/noShowGuestList ===> Message : noShowGuestListResponse() completed
info: ===> TimeStamp : 2025-08-27 03:42:23===> API : null ===> Message : validateRequest() invoked
info: ===> TimeStamp : 2025-08-27 03:42:23===> API : null ===> Message : fetchDBSettings()
info: ===> TimeStamp : 2025-08-27 03:42:23===> API : null ===> Message : validateRequest() Invoked!
info: ===> TimeStamp : 2025-08-27 03:42:23===> API : null ===> Message : validRequest() :: Api validated Successfully
info: ===> TimeStamp : 2025-08-27 03:42:23===> API : /api/billing/getBillingDetails?billId=0&userId=0&billingDate=2025-08-27&shiftId=0&isBookingWebsite=0&futureDate=2025-08-27&fromDate=&toDate= ===> Message : getBillingDetails() invoked!!
info: ===> TimeStamp : 2025-08-27 04:58:56===> API : null ===> Message : validateRequest() invoked
info: ===> TimeStamp : 2025-08-27 04:58:56===> API : null ===> Message : fetchDBSettings()
info: ===> TimeStamp : 2025-08-27 04:58:56===> API : null ===> Message : validateRequest() Invoked!
info: ===> TimeStamp : 2025-08-27 04:58:56===> API : null ===> Message : validRequest() :: Api validated Successfully
info: ===> TimeStamp : 2025-08-27 04:58:56===> API : /api/billing/addBillingDetails ===> Message : addBillingDetails() invoked!!
info: ===> TimeStamp : 2025-08-27 04:58:56===> API : /api/billing/addBillingDetails ===> Message : getPackageItemDetails() :: DB :: Invoked !
info: ===> TimeStamp : 2025-08-27 04:58:56===> API : /api/billing/addBillingDetails ===> Message : newBooking() :: DB :: Invoked !
info: ===> TimeStamp : 2025-08-27 04:58:57===> API : /api/billing/addBillingDetails ===> Message : newBooking() :: DB :: Invoked !
info: ===> TimeStamp : 2025-08-27 04:58:59===> API : /api/billing/addBillingDetails ===> Message : newBooking() :: DB :: Invoked !
info: ===> TimeStamp : 2025-08-27 04:58:59===> API : /api/billing/addBillingDetails ===> Message : newBooking() :: DB :: Invoked !
info: ===> TimeStamp : 2025-08-27 04:59:00===> API : /api/billing/addBillingDetails ===> Message : addBillingDetailsResponse() invoked!
info: ===> TimeStamp : 2025-08-27 04:59:00===> API : /api/billing/addBillingDetails ===> Message : addBillingDetailsResponse() completed
info: ===> TimeStamp : 2025-08-27 04:59:00===> API : null ===> Message : validateRequest() invoked
info: ===> TimeStamp : 2025-08-27 04:59:00===> API : null ===> Message : fetchDBSettings()
info: ===> TimeStamp : 2025-08-27 04:59:00===> API : null ===> Message : validateRequest() Invoked!
info: ===> TimeStamp : 2025-08-27 04:59:00===> API : null ===> Message : validRequest() :: Api validated Successfully
info: ===> TimeStamp : 2025-08-27 04:59:00===> API : /api/billing/updateItemDetailsBill ===> Message : updateItemDetailsBill() invoked!!
info: ===> TimeStamp : 2025-08-27 04:59:00===> API : /api/billing/updateItemDetailsBill ===> Message : updateItemDetailsBill() :: DB :: Invoked !
info: ===> TimeStamp : 2025-08-27 04:59:00===> API : /api/billing/updateItemDetailsBill ===> Message : updateItemDetailsBillResponse() invoked!
info: ===> TimeStamp : 2025-08-27 04:59:00===> API : /api/billing/updateItemDetailsBill ===> Message : updateItemDetailsBillResponse() completed
info: ===> TimeStamp : 2025-08-27 04:59:01===> API : null ===> Message : validateRequest() invoked
info: ===> TimeStamp : 2025-08-27 04:59:01===> API : null ===> Message : fetchDBSettings()
info: ===> TimeStamp : 2025-08-27 04:59:01===> API : null ===> Message : validateRequest() Invoked!
info: ===> TimeStamp : 2025-08-27 04:59:01===> API : null ===> Message : validRequest() :: Api validated Successfully
info: ===> TimeStamp : 2025-08-27 04:59:01===> API : /api/billing/uploadBillFile ===> Message : uploadBillFile() invoked!!
info: ===> TimeStamp : 2025-08-27 04:59:01===> API : /api/billing/uploadBillFile ===> Message : uploadBillFile() :: DB :: Invoked !
info: ===> TimeStamp : 2025-08-27 04:59:01===> API : /api/billing/uploadBillFile ===> Message : uploadBillFileResponse() invoked!
info: ===> TimeStamp : 2025-08-27 04:59:01===> API : /api/billing/uploadBillFile ===> Message : uploadBillFileResponse() completed
info: ===> TimeStamp : 2025-08-27 04:59:03===> API : null ===> Message : validateRequest() invoked
info: ===> TimeStamp : 2025-08-27 04:59:03===> API : null ===> Message : fetchDBSettings()
info: ===> TimeStamp : 2025-08-27 04:59:03===> API : null ===> Message : validateRequest() Invoked!
info: ===> TimeStamp : 2025-08-27 04:59:03===> API : null ===> Message : validRequest() :: Api validated Successfully
info: ===> TimeStamp : 2025-08-27 04:59:03===> API : /api/billing/uploadBillFile ===> Message : uploadBillFile() invoked!!
info: ===> TimeStamp : 2025-08-27 04:59:03===> API : /api/billing/uploadBillFile ===> Message : uploadBillFile() :: DB :: Invoked !
info: ===> TimeStamp : 2025-08-27 04:59:03===> API : /api/billing/uploadBillFile ===> Message : uploadBillFileResponse() invoked!
info: ===> TimeStamp : 2025-08-27 04:59:03===> API : /api/billing/uploadBillFile ===> Message : uploadBillFileResponse() completed
info: ===> TimeStamp : 2025-08-27 04:59:03===> API : null ===> Message : validateRequest() invoked
info: ===> TimeStamp : 2025-08-27 04:59:03===> API : null ===> Message : fetchDBSettings()
info: ===> TimeStamp : 2025-08-27 04:59:03===> API : null ===> Message : validateRequest() Invoked!
info: ===> TimeStamp : 2025-08-27 04:59:03===> API : null ===> Message : validRequest() :: Api validated Successfully
info: ===> TimeStamp : 2025-08-27 04:59:03===> API : /api/billing/sendBillMail ===> Message : sendBillMail() invoked!!
info: ===> TimeStamp : 2025-08-27 04:59:06===> API : /api/billing/sendBillMail ===> Message : notifySellers() :: Email sent :: Success :: 250 2.0.0 OK  1756250946 d9443c01a7336-2489d2484cesm488525ad.29 - gsmtp !
info: ===> TimeStamp : 2025-08-27 04:59:06===> API : /api/billing/sendBillMail ===> Message : sendBillMailResponse() invoked!
info: ===> TimeStamp : 2025-08-27 04:59:06===> API : /api/billing/sendBillMail ===> Message : sendBillMailResponse() completed
info: ===> TimeStamp : 2025-08-27 05:04:30===> API : null ===> Message : validateRequest() invoked
info: ===> TimeStamp : 2025-08-27 05:04:30===> API : null ===> Message : fetchDBSettings()
info: ===> TimeStamp : 2025-08-27 05:04:30===> API : null ===> Message : validateRequest() Invoked!
info: ===> TimeStamp : 2025-08-27 05:04:30===> API : null ===> Message : validRequest() :: Api validated Successfully
info: ===> TimeStamp : 2025-08-27 05:04:30===> API : /api/billing/addBillingDetails ===> Message : addBillingDetails() invoked!!
info: ===> TimeStamp : 2025-08-27 05:04:30===> API : /api/billing/addBillingDetails ===> Message : getPackageItemDetails() :: DB :: Invoked !
info: ===> TimeStamp : 2025-08-27 05:04:30===> API : /api/billing/addBillingDetails ===> Message : newBooking() :: DB :: Invoked !
info: ===> TimeStamp : 2025-08-27 05:04:30===> API : /api/billing/addBillingDetails ===> Message : newBooking() :: DB :: Invoked !
info: ===> TimeStamp : 2025-08-27 05:04:32===> API : /api/billing/addBillingDetails ===> Message : newBooking() :: DB :: Invoked !
info: ===> TimeStamp : 2025-08-27 05:04:32===> API : /api/billing/addBillingDetails ===> Message : newBooking() :: DB :: Invoked !
info: ===> TimeStamp : 2025-08-27 05:04:33===> API : /api/billing/addBillingDetails ===> Message : addBillingDetailsResponse() invoked!
info: ===> TimeStamp : 2025-08-27 05:04:33===> API : /api/billing/addBillingDetails ===> Message : addBillingDetailsResponse() completed
info: ===> TimeStamp : 2025-08-27 05:04:33===> API : null ===> Message : validateRequest() invoked
info: ===> TimeStamp : 2025-08-27 05:04:33===> API : null ===> Message : fetchDBSettings()
info: ===> TimeStamp : 2025-08-27 05:04:33===> API : null ===> Message : validateRequest() Invoked!
info: ===> TimeStamp : 2025-08-27 05:04:33===> API : null ===> Message : validRequest() :: Api validated Successfully
info: ===> TimeStamp : 2025-08-27 05:04:33===> API : /api/billing/updateItemDetailsBill ===> Message : updateItemDetailsBill() invoked!!
info: ===> TimeStamp : 2025-08-27 05:04:33===> API : /api/billing/updateItemDetailsBill ===> Message : updateItemDetailsBill() :: DB :: Invoked !
info: ===> TimeStamp : 2025-08-27 05:04:33===> API : /api/billing/updateItemDetailsBill ===> Message : updateItemDetailsBillResponse() invoked!
info: ===> TimeStamp : 2025-08-27 05:04:33===> API : /api/billing/updateItemDetailsBill ===> Message : updateItemDetailsBillResponse() completed
info: ===> TimeStamp : 2025-08-27 05:04:34===> API : null ===> Message : validateRequest() invoked
info: ===> TimeStamp : 2025-08-27 05:04:34===> API : null ===> Message : fetchDBSettings()
info: ===> TimeStamp : 2025-08-27 05:04:34===> API : null ===> Message : validateRequest() Invoked!
info: ===> TimeStamp : 2025-08-27 05:04:34===> API : null ===> Message : validRequest() :: Api validated Successfully
info: ===> TimeStamp : 2025-08-27 05:04:34===> API : /api/billing/uploadBillFile ===> Message : uploadBillFile() invoked!!
info: ===> TimeStamp : 2025-08-27 05:04:34===> API : /api/billing/uploadBillFile ===> Message : uploadBillFile() :: DB :: Invoked !
info: ===> TimeStamp : 2025-08-27 05:04:34===> API : /api/billing/uploadBillFile ===> Message : uploadBillFileResponse() invoked!
info: ===> TimeStamp : 2025-08-27 05:04:34===> API : /api/billing/uploadBillFile ===> Message : uploadBillFileResponse() completed
info: ===> TimeStamp : 2025-08-27 05:06:37===> API : null ===> Message : fetchDBSettings()
info: ===> TimeStamp : 2025-08-27 05:06:37===> API : null ===> Message : validateRequest() invoked
info: ===> TimeStamp : 2025-08-27 05:06:37===> API : null ===> Message : validateRequest() invoked
info: ===> TimeStamp : 2025-08-27 05:06:37===> API : null ===> Message : fetchDBSettings()
info: ===> TimeStamp : 2025-08-27 05:06:37===> API : null ===> Message : validateRequest() invoked
info: ===> TimeStamp : 2025-08-27 05:06:37===> API : null ===> Message : fetchDBSettings()
info: ===> TimeStamp : 2025-08-27 05:06:37===> API : null ===> Message : validateRequest() invoked
info: ===> TimeStamp : 2025-08-27 05:06:37===> API : null ===> Message : fetchDBSettings()
info: ===> TimeStamp : 2025-08-27 05:06:37===> API : null ===> Message : validateRequest() Invoked!
info: ===> TimeStamp : 2025-08-27 05:06:37===> API : null ===> Message : validateRequest() Invoked!
info: ===> TimeStamp : 2025-08-27 05:06:37===> API : null ===> Message : validateRequest() Invoked!
info: ===> TimeStamp : 2025-08-27 05:06:37===> API : null ===> Message : validateRequest() Invoked!
info: ===> TimeStamp : 2025-08-27 05:06:37===> API : null ===> Message : validRequest() :: Api validated Successfully
info: ===> TimeStamp : 2025-08-27 05:06:37===> API : /api/billing/noShowGuestList ===> Message : noShowGuestList() :: DB :: Invoked !
info: ===> TimeStamp : 2025-08-27 05:06:37===> API : /api/billing/noShowGuestList ===> Message : noShowGuestList() invoked!!
info: ===> TimeStamp : 2025-08-27 05:06:37===> API : null ===> Message : validRequest() :: Api validated Successfully
info: ===> TimeStamp : 2025-08-27 05:06:37===> API : /api/billing/getBillingDetails?billId=0&userId=0&billingDate=2025-08-27&shiftId=0&isBookingWebsite=0&futureDate=&fromDate=&toDate= ===> Message : getBillingDetails() invoked!!
info: ===> TimeStamp : 2025-08-27 05:06:37===> API : /api/billing/getBillingDetails?billId=0&userId=0&billingDate=2025-08-27&shiftId=0&isBookingWebsite=0&futureDate=&fromDate=&toDate= ===> Message : getBilliDetailsByBillDate() :: DB :: Invoked !
info: ===> TimeStamp : 2025-08-27 05:06:37===> API : /api/billing/getBillingDetails?billId=0&userId=0&billingDate=2025-08-27&shiftId=0&isBookingWebsite=0&futureDate=&fromDate=&toDate= ===> Message : getBillingDetailsResponse() invoked!
info: ===> TimeStamp : 2025-08-27 05:06:37===> API : /api/billing/getBillingDetails?billId=0&userId=0&billingDate=2025-08-27&shiftId=0&isBookingWebsite=0&futureDate=&fromDate=&toDate= ===> Message : getBillingDetailsResponse() completed
info: ===> TimeStamp : 2025-08-27 05:06:37===> API : null ===> Message : validRequest() :: Api validated Successfully
info: ===> TimeStamp : 2025-08-27 05:06:37===> API : /api/billing/fetchVoidBill ===> Message : fetchVoidBill() invoked!!
info: ===> TimeStamp : 2025-08-27 05:06:37===> API : /api/billing/fetchVoidBill ===> Message : fetchVoidBill() :: DB :: Invoked !
info: ===> TimeStamp : 2025-08-27 05:06:37===> API : null ===> Message : validateRequest() invoked
info: ===> TimeStamp : 2025-08-27 05:06:37===> API : null ===> Message : fetchDBSettings()
info: ===> TimeStamp : 2025-08-27 05:06:37===> API : null ===> Message : validRequest() :: Api validated Successfully
info: ===> TimeStamp : 2025-08-27 05:06:37===> API : /api/billing/getBillingDetails?billId=0&userId=0&billingDate=2025-08-27&shiftId=0&isBookingWebsite=0&futureDate=2025-08-27&fromDate=&toDate= ===> Message : getBillingDetails() invoked!!
info: ===> TimeStamp : 2025-08-27 05:06:37===> API : null ===> Message : validateRequest() Invoked!
info: ===> TimeStamp : 2025-08-27 05:06:37===> API : null ===> Message : validRequest() :: Api validated Successfully
info: ===> TimeStamp : 2025-08-27 05:06:37===> API : /api/billing/getBillingDetails?billId=0&userId=0&billingDate=2025-08-27&shiftId=0&isBookingWebsite=0&futureDate=&fromDate=&toDate= ===> Message : getBillingDetails() invoked!!
info: ===> TimeStamp : 2025-08-27 05:06:37===> API : /api/billing/getBillingDetails?billId=0&userId=0&billingDate=2025-08-27&shiftId=0&isBookingWebsite=0&futureDate=&fromDate=&toDate= ===> Message : getBilliDetailsByBillDate() :: DB :: Invoked !
info: ===> TimeStamp : 2025-08-27 05:06:38===> API : /api/billing/getBillingDetails?billId=0&userId=0&billingDate=2025-08-27&shiftId=0&isBookingWebsite=0&futureDate=&fromDate=&toDate= ===> Message : getBillingDetailsResponse() invoked!
info: ===> TimeStamp : 2025-08-27 05:06:38===> API : /api/billing/getBillingDetails?billId=0&userId=0&billingDate=2025-08-27&shiftId=0&isBookingWebsite=0&futureDate=&fromDate=&toDate= ===> Message : getBillingDetailsResponse() completed
info: ===> TimeStamp : 2025-08-27 05:06:38===> API : /api/billing/noShowGuestList ===> Message : noShowGuestListResponse() invoked!
info: ===> TimeStamp : 2025-08-27 05:06:38===> API : /api/billing/noShowGuestList ===> Message : noShowGuestListResponse() completed
info: ===> TimeStamp : 2025-08-27 05:06:38===> API : /api/billing/fetchVoidBill ===> Message : fetchVoidBillResponse() invoked!
info: ===> TimeStamp : 2025-08-27 05:06:38===> API : /api/billing/fetchVoidBill ===> Message : fetchVoidBillResponse() completed
info: ===> TimeStamp : 2025-08-27 05:06:38===> API : null ===> Message : validateRequest() invoked
info: ===> TimeStamp : 2025-08-27 05:06:38===> API : null ===> Message : fetchDBSettings()
info: ===> TimeStamp : 2025-08-27 05:06:38===> API : null ===> Message : validateRequest() Invoked!
info: ===> TimeStamp : 2025-08-27 05:06:38===> API : null ===> Message : validRequest() :: Api validated Successfully
info: ===> TimeStamp : 2025-08-27 05:06:38===> API : /api/billing/noShowGuestList ===> Message : noShowGuestList() invoked!!
info: ===> TimeStamp : 2025-08-27 05:06:38===> API : /api/billing/noShowGuestList ===> Message : noShowGuestList() :: DB :: Invoked !
info: ===> TimeStamp : 2025-08-27 05:06:39===> API : /api/billing/noShowGuestList ===> Message : noShowGuestListResponse() invoked!
info: ===> TimeStamp : 2025-08-27 05:06:39===> API : /api/billing/noShowGuestList ===> Message : noShowGuestListResponse() completed
info: ===> TimeStamp : 2025-08-27 05:06:42===> API : null ===> Message : validateRequest() invoked
info: ===> TimeStamp : 2025-08-27 05:06:42===> API : null ===> Message : fetchDBSettings()
info: ===> TimeStamp : 2025-08-27 05:06:42===> API : null ===> Message : validateRequest() Invoked!
info: ===> TimeStamp : 2025-08-27 05:06:42===> API : null ===> Message : validRequest() :: Api validated Successfully
info: ===> TimeStamp : 2025-08-27 05:06:42===> API : /api/billing/getBillingDetails?billId=0&userId=0&billingDate=2025-08-26&shiftId=0&isBookingWebsite=0&futureDate=2025-08-27&fromDate=&toDate= ===> Message : getBillingDetails() invoked!!
info: ===> TimeStamp : 2025-08-27 05:06:46===> API : null ===> Message : validateRequest() invoked
info: ===> TimeStamp : 2025-08-27 05:06:46===> API : null ===> Message : fetchDBSettings()
info: ===> TimeStamp : 2025-08-27 05:06:46===> API : null ===> Message : validateRequest() Invoked!
info: ===> TimeStamp : 2025-08-27 05:06:46===> API : null ===> Message : validRequest() :: Api validated Successfully
info: ===> TimeStamp : 2025-08-27 05:06:46===> API : /api/billing/getBillingDetails?billId=0&userId=0&billingDate=2025-08-27&shiftId=0&isBookingWebsite=0&futureDate=&fromDate=&toDate= ===> Message : getBilliDetailsByBillDate() :: DB :: Invoked !
info: ===> TimeStamp : 2025-08-27 05:06:46===> API : /api/billing/getBillingDetails?billId=0&userId=0&billingDate=2025-08-27&shiftId=0&isBookingWebsite=0&futureDate=&fromDate=&toDate= ===> Message : getBillingDetails() invoked!!
info: ===> TimeStamp : 2025-08-27 05:06:46===> API : /api/billing/getBillingDetails?billId=0&userId=0&billingDate=2025-08-27&shiftId=0&isBookingWebsite=0&futureDate=&fromDate=&toDate= ===> Message : getBillingDetailsResponse() invoked!
info: ===> TimeStamp : 2025-08-27 05:06:46===> API : /api/billing/getBillingDetails?billId=0&userId=0&billingDate=2025-08-27&shiftId=0&isBookingWebsite=0&futureDate=&fromDate=&toDate= ===> Message : getBillingDetailsResponse() completed
info: ===> TimeStamp : 2025-08-27 05:06:50===> API : null ===> Message : validateRequest() invoked
info: ===> TimeStamp : 2025-08-27 05:06:50===> API : null ===> Message : fetchDBSettings()
info: ===> TimeStamp : 2025-08-27 05:06:50===> API : null ===> Message : validateRequest() Invoked!
info: ===> TimeStamp : 2025-08-27 05:06:50===> API : null ===> Message : validRequest() :: Api validated Successfully
info: ===> TimeStamp : 2025-08-27 05:06:50===> API : /api/billing/getBillingDetails?billId=0&userId=0&billingDate=2025-08-26&shiftId=0&isBookingWebsite=0&futureDate=&fromDate=&toDate= ===> Message : getBilliDetailsByBillDate() :: DB :: Invoked !
info: ===> TimeStamp : 2025-08-27 05:06:50===> API : /api/billing/getBillingDetails?billId=0&userId=0&billingDate=2025-08-26&shiftId=0&isBookingWebsite=0&futureDate=&fromDate=&toDate= ===> Message : getBillingDetails() invoked!!
info: ===> TimeStamp : 2025-08-27 05:06:51===> API : /api/billing/getBillingDetails?billId=0&userId=0&billingDate=2025-08-26&shiftId=0&isBookingWebsite=0&futureDate=&fromDate=&toDate= ===> Message : getBillingDetailsResponse() invoked!
info: ===> TimeStamp : 2025-08-27 05:06:51===> API : /api/billing/getBillingDetails?billId=0&userId=0&billingDate=2025-08-26&shiftId=0&isBookingWebsite=0&futureDate=&fromDate=&toDate= ===> Message : getBillingDetailsResponse() completed
info: ===> TimeStamp : 2025-08-27 05:06:58===> API : null ===> Message : validateRequest() invoked
info: ===> TimeStamp : 2025-08-27 05:06:58===> API : null ===> Message : fetchDBSettings()
info: ===> TimeStamp : 2025-08-27 05:06:58===> API : null ===> Message : validateRequest() Invoked!
info: ===> TimeStamp : 2025-08-27 05:06:58===> API : null ===> Message : validRequest() :: Api validated Successfully
info: ===> TimeStamp : 2025-08-27 05:06:58===> API : /api/billing/getBillingDetails?billId=0&userId=0&billingDate=2025-08-26&shiftId=3&isBookingWebsite=0&futureDate=&fromDate=&toDate= ===> Message : getBillingDetails() invoked!!
info: ===> TimeStamp : 2025-08-27 05:06:58===> API : /api/billing/getBillingDetails?billId=0&userId=0&billingDate=2025-08-26&shiftId=3&isBookingWebsite=0&futureDate=&fromDate=&toDate= ===> Message : getBilliDetailsByShift() :: DB :: Invoked !
info: ===> TimeStamp : 2025-08-27 05:06:58===> API : /api/billing/getBillingDetails?billId=0&userId=0&billingDate=2025-08-26&shiftId=3&isBookingWebsite=0&futureDate=&fromDate=&toDate= ===> Message : getBillingDetailsResponse() invoked!
info: ===> TimeStamp : 2025-08-27 05:06:58===> API : /api/billing/getBillingDetails?billId=0&userId=0&billingDate=2025-08-26&shiftId=3&isBookingWebsite=0&futureDate=&fromDate=&toDate= ===> Message : getBillingDetailsResponse() completed
info: ===> TimeStamp : 2025-08-27 05:06:59===> API : null ===> Message : validateRequest() invoked
info: ===> TimeStamp : 2025-08-27 05:06:59===> API : null ===> Message : fetchDBSettings()
info: ===> TimeStamp : 2025-08-27 05:06:59===> API : null ===> Message : validateRequest() Invoked!
info: ===> TimeStamp : 2025-08-27 05:06:59===> API : null ===> Message : validRequest() :: Api validated Successfully
info: ===> TimeStamp : 2025-08-27 05:06:59===> API : /api/billing/generateCSVReport ===> Message : generateReports() invoked!!
info: ===> TimeStamp : 2025-08-27 05:06:59===> API : /api/billing/generateCSVReport ===> Message : generateReportsByShift() :: DB :: Invoked !
info: ===> TimeStamp : 2025-08-27 05:07:00===> API : /api/billing/generateCSVReport ===> Message : uploadReportFile() :: DB :: Invoked !
info: ===> TimeStamp : 2025-08-27 05:07:00===> API : /api/billing/generateCSVReport ===> Message : generateReportsResponse() invoked!
info: ===> TimeStamp : 2025-08-27 05:07:00===> API : /api/billing/generateCSVReport ===> Message : generateReportsResponse() completed
info: ===> TimeStamp : 2025-08-27 05:07:06===> API : null ===> Message : validateRequest() invoked
info: ===> TimeStamp : 2025-08-27 05:07:06===> API : null ===> Message : fetchDBSettings()
info: ===> TimeStamp : 2025-08-27 05:07:06===> API : null ===> Message : validateRequest() Invoked!
info: ===> TimeStamp : 2025-08-27 05:07:06===> API : null ===> Message : validRequest() :: Api validated Successfully
info: ===> TimeStamp : 2025-08-27 05:07:06===> API : /api/billing/getBillingDetails?billId=0&userId=0&billingDate=2025-08-26&shiftId=0&isBookingWebsite=0&futureDate=2025-08-27&fromDate=&toDate= ===> Message : getBillingDetails() invoked!!
