info: ===> TimeStamp : 2024-12-26 06:45:19===> API : null ===> Message : validateRequest() invoked
info: ===> TimeStamp : 2024-12-26 06:45:19===> API : null ===> Message : fetchDBSettings()
info: ===> TimeStamp : 2024-12-26 06:45:19===> API : null ===> Message : validateRequest() Invoked!
info: ===> TimeStamp : 2024-12-26 06:45:19===> API : null ===> Message : validRequest() :: Api validated Successfully
info: ===> TimeStamp : 2024-12-26 06:45:19===> API : /api/auth/logout ===> Message : logoutUser() invoked!!
info: ===> TimeStamp : 2024-12-26 06:45:19===> API : /api/auth/logout ===> Message : logoutUser() :: Request Object :: [object Object]
info: ===> TimeStamp : 2024-12-26 06:45:19===> API : /api/auth/logout ===> Message : logoutUserDB() Invoked !
info: ===> TimeStamp : 2024-12-26 06:45:19===> API : /api/auth/logout ===> Message : logoutUserResponse() invoked!
info: ===> TimeStamp : 2024-12-26 06:45:19===> API : /api/auth/logout ===> Message : logoutUserResponse() completed
info: ===> TimeStamp : 2024-12-26 06:45:30===> API : null ===> Message : validateRequest() invoked
info: ===> TimeStamp : 2024-12-26 06:45:30===> API : null ===> Message : fetchDBSettings()
info: ===> TimeStamp : 2024-12-26 06:45:30===> API : null ===> Message : validateRequest() Invoked!
info: ===> TimeStamp : 2024-12-26 06:45:30===> API : null ===> Message : validRequest() :: Api validated Successfully
info: ===> TimeStamp : 2024-12-26 06:45:30===> API : /api/auth/validateuser ===> Message : validateUser() invoked!!
info: ===> TimeStamp : 2024-12-26 06:45:30===> API : /api/auth/validateuser ===> Message : validateUser() :: Request Object :: [object Object]
info: ===> TimeStamp : 2024-12-26 06:45:30===> API : /api/auth/validateuser ===> Message : validateUserDB() Invoked !
info: ===> TimeStamp : 2024-12-26 06:45:30===> API : /api/auth/validateuser ===> Message : validateUserResponse() invoked!
info: ===> TimeStamp : 2024-12-26 06:45:30===> API : /api/auth/validateuser ===> Message : validateUserResponse() completed
info: ===> TimeStamp : 2024-12-26 06:45:30===> API : null ===> Message : validateRequest() invoked
info: ===> TimeStamp : 2024-12-26 06:45:30===> API : null ===> Message : fetchDBSettings()
info: ===> TimeStamp : 2024-12-26 06:45:30===> API : null ===> Message : validateRequest() Invoked!
info: ===> TimeStamp : 2024-12-26 06:45:30===> API : null ===> Message : validRequest() :: Api validated Successfully
info: ===> TimeStamp : 2024-12-26 06:45:30===> API : /api/auth/checkIP ===> Message : checkIP() invoked!!
info: ===> TimeStamp : 2024-12-26 06:45:30===> API : /api/auth/checkIP ===> Message : IPs match: 103.255.182.117
info: ===> TimeStamp : 2024-12-26 06:45:30===> API : /api/auth/checkIP ===> Message : checkIPResponse() invoked!
info: ===> TimeStamp : 2024-12-26 06:45:30===> API : /api/auth/checkIP ===> Message : checkIPResponse() completed
info: ===> TimeStamp : 2024-12-26 06:45:30===> API : null ===> Message : validateRequest() invoked
info: ===> TimeStamp : 2024-12-26 06:45:30===> API : null ===> Message : fetchDBSettings()
info: ===> TimeStamp : 2024-12-26 06:45:30===> API : null ===> Message : validateRequest() Invoked!
info: ===> TimeStamp : 2024-12-26 06:45:30===> API : null ===> Message : validRequest() :: Api validated Successfully
info: ===> TimeStamp : 2024-12-26 06:45:30===> API : /api/auth/login ===> Message : loginUser() invoked!!
info: ===> TimeStamp : 2024-12-26 06:45:30===> API : /api/auth/login ===> Message : loginUser() :: Request Object :: [object Object]
info: ===> TimeStamp : 2024-12-26 06:45:30===> API : /api/auth/login ===> Message : loginUserDB() Invoked !
info: ===> TimeStamp : 2024-12-26 06:45:31===> API : /api/auth/login ===> Message : loginUserResponse() invoked!
info: ===> TimeStamp : 2024-12-26 06:45:31===> API : /api/auth/login ===> Message : loginUserResponse() completed
info: ===> TimeStamp : 2024-12-26 06:45:50===> API : null ===> Message : validateRequest() invoked
info: ===> TimeStamp : 2024-12-26 06:45:50===> API : null ===> Message : fetchDBSettings()
info: ===> TimeStamp : 2024-12-26 06:45:50===> API : null ===> Message : validateRequest() Invoked!
info: ===> TimeStamp : 2024-12-26 06:45:50===> API : null ===> Message : validRequest() :: Api validated Successfully
info: ===> TimeStamp : 2024-12-26 06:45:50===> API : /api/auth/logout ===> Message : logoutUser() :: Request Object :: [object Object]
info: ===> TimeStamp : 2024-12-26 06:45:50===> API : /api/auth/logout ===> Message : logoutUser() invoked!!
info: ===> TimeStamp : 2024-12-26 06:45:50===> API : /api/auth/logout ===> Message : logoutUserDB() Invoked !
info: ===> TimeStamp : 2024-12-26 06:45:50===> API : /api/auth/logout ===> Message : logoutUserResponse() invoked!
info: ===> TimeStamp : 2024-12-26 06:45:50===> API : /api/auth/logout ===> Message : logoutUserResponse() completed
info: ===> TimeStamp : 2024-12-26 06:46:01===> API : null ===> Message : validateRequest() invoked
info: ===> TimeStamp : 2024-12-26 06:46:01===> API : null ===> Message : fetchDBSettings()
info: ===> TimeStamp : 2024-12-26 06:46:01===> API : null ===> Message : validateRequest() Invoked!
info: ===> TimeStamp : 2024-12-26 06:46:01===> API : null ===> Message : validRequest() :: Api validated Successfully
info: ===> TimeStamp : 2024-12-26 06:46:01===> API : /api/auth/validateuser ===> Message : validateUser() :: Request Object :: [object Object]
info: ===> TimeStamp : 2024-12-26 06:46:01===> API : /api/auth/validateuser ===> Message : validateUser() invoked!!
info: ===> TimeStamp : 2024-12-26 06:46:01===> API : /api/auth/validateuser ===> Message : validateUserDB() Invoked !
info: ===> TimeStamp : 2024-12-26 06:46:01===> API : /api/auth/validateuser ===> Message : validateUserResponse() invoked!
info: ===> TimeStamp : 2024-12-26 06:46:01===> API : /api/auth/validateuser ===> Message : validateUserResponse() completed
info: ===> TimeStamp : 2024-12-26 06:46:01===> API : null ===> Message : validateRequest() invoked
info: ===> TimeStamp : 2024-12-26 06:46:01===> API : null ===> Message : fetchDBSettings()
info: ===> TimeStamp : 2024-12-26 06:46:01===> API : null ===> Message : validateRequest() Invoked!
info: ===> TimeStamp : 2024-12-26 06:46:02===> API : /api/auth/checkIP ===> Message : checkIP() invoked!!
info: ===> TimeStamp : 2024-12-26 06:46:02===> API : null ===> Message : validRequest() :: Api validated Successfully
info: ===> TimeStamp : 2024-12-26 06:46:02===> API : /api/auth/checkIP ===> Message : IPs match: 103.255.182.117
info: ===> TimeStamp : 2024-12-26 06:46:02===> API : /api/auth/checkIP ===> Message : checkIPResponse() invoked!
info: ===> TimeStamp : 2024-12-26 06:46:02===> API : /api/auth/checkIP ===> Message : checkIPResponse() completed
info: ===> TimeStamp : 2024-12-26 06:46:02===> API : null ===> Message : validateRequest() invoked
info: ===> TimeStamp : 2024-12-26 06:46:02===> API : null ===> Message : fetchDBSettings()
info: ===> TimeStamp : 2024-12-26 06:46:02===> API : null ===> Message : validateRequest() Invoked!
info: ===> TimeStamp : 2024-12-26 06:46:02===> API : null ===> Message : validRequest() :: Api validated Successfully
info: ===> TimeStamp : 2024-12-26 06:46:02===> API : /api/auth/login ===> Message : loginUser() invoked!!
info: ===> TimeStamp : 2024-12-26 06:46:02===> API : /api/auth/login ===> Message : loginUser() :: Request Object :: [object Object]
info: ===> TimeStamp : 2024-12-26 06:46:02===> API : /api/auth/login ===> Message : loginUserDB() Invoked !
info: ===> TimeStamp : 2024-12-26 06:46:02===> API : /api/auth/login ===> Message : loginUserResponse() invoked!
info: ===> TimeStamp : 2024-12-26 06:46:02===> API : /api/auth/login ===> Message : loginUserResponse() completed
info: ===> TimeStamp : 2024-12-26 08:48:15===> API : null ===> Message : validateRequest() invoked
info: ===> TimeStamp : 2024-12-26 08:48:15===> API : null ===> Message : fetchDBSettings()
info: ===> TimeStamp : 2024-12-26 08:48:15===> API : null ===> Message : validateRequest() Invoked!
info: ===> TimeStamp : 2024-12-26 08:48:15===> API : null ===> Message : validRequest() :: Api validated Successfully
info: ===> TimeStamp : 2024-12-26 08:48:15===> API : /api/auth/validateuser ===> Message : validateUser() invoked!!
info: ===> TimeStamp : 2024-12-26 08:48:15===> API : /api/auth/validateuser ===> Message : validateUser() :: Request Object :: [object Object]
info: ===> TimeStamp : 2024-12-26 08:48:15===> API : /api/auth/validateuser ===> Message : validateUserDB() Invoked !
info: ===> TimeStamp : 2024-12-26 08:48:15===> API : /api/auth/validateuser ===> Message : validateUserDB() :: Error :: {"code":"ER_SIGNAL_EXCEPTION","errno":1644,"sqlState":"10005","sqlMessage":"User Does Not Exist","sql":"CALL usp_validate_user('Bhavishya ', 'bargujar1993')"}
info: ===> TimeStamp : 2024-12-26 08:48:15===> API : /api/auth/validateuser ===> Message : validateUserDBResult :: Error :: {"ErrorCode":10005,"ErrorMessage":"User Does Not Exist"}
info: ===> TimeStamp : 2024-12-26 08:48:15===> API : /api/auth/validateuser ===> Message : validateUserResponse() invoked!
info: ===> TimeStamp : 2024-12-26 08:48:15===> API : /api/auth/validateuser ===> Message : validateUserResponse() completed
info: ===> TimeStamp : 2024-12-26 08:48:23===> API : null ===> Message : validateRequest() invoked
info: ===> TimeStamp : 2024-12-26 08:48:23===> API : null ===> Message : fetchDBSettings()
info: ===> TimeStamp : 2024-12-26 08:48:23===> API : null ===> Message : validateRequest() Invoked!
info: ===> TimeStamp : 2024-12-26 08:48:23===> API : null ===> Message : validRequest() :: Api validated Successfully
info: ===> TimeStamp : 2024-12-26 08:48:23===> API : /api/auth/validateuser ===> Message : validateUser() invoked!!
info: ===> TimeStamp : 2024-12-26 08:48:23===> API : /api/auth/validateuser ===> Message : validateUser() :: Request Object :: [object Object]
info: ===> TimeStamp : 2024-12-26 08:48:23===> API : /api/auth/validateuser ===> Message : validateUserDB() Invoked !
info: ===> TimeStamp : 2024-12-26 08:48:23===> API : /api/auth/validateuser ===> Message : validateUserResponse() invoked!
info: ===> TimeStamp : 2024-12-26 08:48:23===> API : /api/auth/validateuser ===> Message : validateUserResponse() completed
info: ===> TimeStamp : 2024-12-26 08:48:23===> API : null ===> Message : validateRequest() invoked
info: ===> TimeStamp : 2024-12-26 08:48:23===> API : null ===> Message : fetchDBSettings()
info: ===> TimeStamp : 2024-12-26 08:48:23===> API : null ===> Message : validateRequest() Invoked!
info: ===> TimeStamp : 2024-12-26 08:48:23===> API : null ===> Message : validRequest() :: Api validated Successfully
info: ===> TimeStamp : 2024-12-26 08:48:23===> API : /api/auth/login ===> Message : loginUser() :: Request Object :: [object Object]
info: ===> TimeStamp : 2024-12-26 08:48:23===> API : /api/auth/login ===> Message : loginUser() invoked!!
info: ===> TimeStamp : 2024-12-26 08:48:23===> API : /api/auth/login ===> Message : loginUserDB() Invoked !
info: ===> TimeStamp : 2024-12-26 08:48:23===> API : /api/auth/login ===> Message : loginUserResponse() invoked!
info: ===> TimeStamp : 2024-12-26 08:48:23===> API : /api/auth/login ===> Message : loginUserResponse() completed
info: ===> TimeStamp : 2024-12-26 08:54:40===> API : null ===> Message : validateRequest() invoked
info: ===> TimeStamp : 2024-12-26 08:54:40===> API : null ===> Message : fetchDBSettings()
info: ===> TimeStamp : 2024-12-26 08:54:40===> API : null ===> Message : validateRequest() Invoked!
info: ===> TimeStamp : 2024-12-26 08:54:40===> API : null ===> Message : validRequest() :: Api validated Successfully
info: ===> TimeStamp : 2024-12-26 08:54:40===> API : /api/auth/validateuser ===> Message : validateUser() invoked!!
info: ===> TimeStamp : 2024-12-26 08:54:40===> API : /api/auth/validateuser ===> Message : validateUser() :: Request Object :: [object Object]
info: ===> TimeStamp : 2024-12-26 08:54:40===> API : /api/auth/validateuser ===> Message : validateUserDB() Invoked !
info: ===> TimeStamp : 2024-12-26 08:54:40===> API : /api/auth/validateuser ===> Message : validateUserResponse() invoked!
info: ===> TimeStamp : 2024-12-26 08:54:40===> API : /api/auth/validateuser ===> Message : validateUserResponse() completed
info: ===> TimeStamp : 2024-12-26 08:54:40===> API : null ===> Message : validateRequest() invoked
info: ===> TimeStamp : 2024-12-26 08:54:40===> API : null ===> Message : fetchDBSettings()
info: ===> TimeStamp : 2024-12-26 08:54:40===> API : null ===> Message : validateRequest() Invoked!
info: ===> TimeStamp : 2024-12-26 08:54:40===> API : null ===> Message : validRequest() :: Api validated Successfully
info: ===> TimeStamp : 2024-12-26 08:54:40===> API : /api/auth/login ===> Message : loginUser() :: Request Object :: [object Object]
info: ===> TimeStamp : 2024-12-26 08:54:40===> API : /api/auth/login ===> Message : loginUser() invoked!!
info: ===> TimeStamp : 2024-12-26 08:54:40===> API : /api/auth/login ===> Message : loginUserDB() Invoked !
info: ===> TimeStamp : 2024-12-26 08:54:40===> API : /api/auth/login ===> Message : loginUserResponse() invoked!
info: ===> TimeStamp : 2024-12-26 08:54:40===> API : /api/auth/login ===> Message : loginUserResponse() completed
info: ===> TimeStamp : 2024-12-26 10:46:36===> API : null ===> Message : validateRequest() invoked
info: ===> TimeStamp : 2024-12-26 10:46:36===> API : null ===> Message : fetchDBSettings()
info: ===> TimeStamp : 2024-12-26 10:46:36===> API : null ===> Message : validateRequest() Invoked!
info: ===> TimeStamp : 2024-12-26 10:46:36===> API : null ===> Message : validRequest() :: Api validated Successfully
info: ===> TimeStamp : 2024-12-26 10:46:36===> API : /api/auth/validateuser ===> Message : validateUser() invoked!!
info: ===> TimeStamp : 2024-12-26 10:46:36===> API : /api/auth/validateuser ===> Message : validateUser() :: Request Object :: [object Object]
info: ===> TimeStamp : 2024-12-26 10:46:36===> API : /api/auth/validateuser ===> Message : validateUserDB() Invoked !
info: ===> TimeStamp : 2024-12-26 10:46:36===> API : /api/auth/validateuser ===> Message : validateUserResponse() invoked!
info: ===> TimeStamp : 2024-12-26 10:46:36===> API : /api/auth/validateuser ===> Message : validateUserResponse() completed
info: ===> TimeStamp : 2024-12-26 10:46:36===> API : null ===> Message : validateRequest() invoked
info: ===> TimeStamp : 2024-12-26 10:46:36===> API : null ===> Message : fetchDBSettings()
info: ===> TimeStamp : 2024-12-26 10:46:36===> API : null ===> Message : validateRequest() Invoked!
info: ===> TimeStamp : 2024-12-26 10:46:36===> API : null ===> Message : validRequest() :: Api validated Successfully
info: ===> TimeStamp : 2024-12-26 10:46:36===> API : /api/auth/login ===> Message : loginUser() invoked!!
info: ===> TimeStamp : 2024-12-26 10:46:36===> API : /api/auth/login ===> Message : loginUser() :: Request Object :: [object Object]
info: ===> TimeStamp : 2024-12-26 10:46:36===> API : /api/auth/login ===> Message : loginUserDB() Invoked !
info: ===> TimeStamp : 2024-12-26 10:46:37===> API : /api/auth/login ===> Message : loginUserResponse() invoked!
info: ===> TimeStamp : 2024-12-26 10:46:37===> API : /api/auth/login ===> Message : loginUserResponse() completed
info: ===> TimeStamp : 2024-12-26 10:48:08===> API : null ===> Message : fetchDBSettings()
info: ===> TimeStamp : 2024-12-26 10:48:08===> API : null ===> Message : validateRequest() invoked
info: ===> TimeStamp : 2024-12-26 10:48:08===> API : null ===> Message : validateRequest() Invoked!
info: ===> TimeStamp : 2024-12-26 10:48:08===> API : null ===> Message : validRequest() :: Api validated Successfully
info: ===> TimeStamp : 2024-12-26 10:48:08===> API : /api/auth/validateuser ===> Message : validateUser() invoked!!
info: ===> TimeStamp : 2024-12-26 10:48:08===> API : /api/auth/validateuser ===> Message : validateUser() :: Request Object :: [object Object]
info: ===> TimeStamp : 2024-12-26 10:48:08===> API : /api/auth/validateuser ===> Message : validateUserDB() Invoked !
info: ===> TimeStamp : 2024-12-26 10:48:08===> API : /api/auth/validateuser ===> Message : validateUserResponse() invoked!
info: ===> TimeStamp : 2024-12-26 10:48:08===> API : /api/auth/validateuser ===> Message : validateUserResponse() completed
info: ===> TimeStamp : 2024-12-26 10:48:08===> API : null ===> Message : validateRequest() invoked
info: ===> TimeStamp : 2024-12-26 10:48:08===> API : null ===> Message : fetchDBSettings()
info: ===> TimeStamp : 2024-12-26 10:48:08===> API : null ===> Message : validateRequest() Invoked!
info: ===> TimeStamp : 2024-12-26 10:48:08===> API : null ===> Message : validRequest() :: Api validated Successfully
info: ===> TimeStamp : 2024-12-26 10:48:08===> API : /api/auth/login ===> Message : loginUser() invoked!!
info: ===> TimeStamp : 2024-12-26 10:48:08===> API : /api/auth/login ===> Message : loginUser() :: Request Object :: [object Object]
info: ===> TimeStamp : 2024-12-26 10:48:08===> API : /api/auth/login ===> Message : loginUserDB() Invoked !
info: ===> TimeStamp : 2024-12-26 10:48:08===> API : /api/auth/login ===> Message : loginUserResponse() invoked!
info: ===> TimeStamp : 2024-12-26 10:48:08===> API : /api/auth/login ===> Message : loginUserResponse() completed
info: ===> TimeStamp : 2024-12-26 11:22:58===> API : null ===> Message : validateRequest() invoked
info: ===> TimeStamp : 2024-12-26 11:22:58===> API : null ===> Message : fetchDBSettings()
info: ===> TimeStamp : 2024-12-26 11:22:58===> API : null ===> Message : validateRequest() Invoked!
info: ===> TimeStamp : 2024-12-26 11:22:58===> API : null ===> Message : validRequest() :: Api validated Successfully
info: ===> TimeStamp : 2024-12-26 11:22:58===> API : /api/auth/validateuser ===> Message : validateUser() invoked!!
info: ===> TimeStamp : 2024-12-26 11:22:58===> API : /api/auth/validateuser ===> Message : validateUser() :: Request Object :: [object Object]
info: ===> TimeStamp : 2024-12-26 11:22:58===> API : /api/auth/validateuser ===> Message : validateUserDB() Invoked !
info: ===> TimeStamp : 2024-12-26 11:22:58===> API : /api/auth/validateuser ===> Message : validateUserResponse() invoked!
info: ===> TimeStamp : 2024-12-26 11:22:58===> API : /api/auth/validateuser ===> Message : validateUserResponse() completed
info: ===> TimeStamp : 2024-12-26 11:22:58===> API : null ===> Message : validateRequest() invoked
info: ===> TimeStamp : 2024-12-26 11:22:58===> API : null ===> Message : fetchDBSettings()
info: ===> TimeStamp : 2024-12-26 11:22:58===> API : null ===> Message : validateRequest() Invoked!
info: ===> TimeStamp : 2024-12-26 11:22:58===> API : null ===> Message : validRequest() :: Api validated Successfully
info: ===> TimeStamp : 2024-12-26 11:22:58===> API : /api/auth/login ===> Message : loginUser() :: Request Object :: [object Object]
info: ===> TimeStamp : 2024-12-26 11:22:58===> API : /api/auth/login ===> Message : loginUser() invoked!!
info: ===> TimeStamp : 2024-12-26 11:22:58===> API : /api/auth/login ===> Message : loginUserDB() Invoked !
info: ===> TimeStamp : 2024-12-26 11:22:58===> API : /api/auth/login ===> Message : loginUserResponse() invoked!
info: ===> TimeStamp : 2024-12-26 11:22:58===> API : /api/auth/login ===> Message : loginUserResponse() completed
info: ===> TimeStamp : 2024-12-26 11:43:15===> API : null ===> Message : validateRequest() invoked
info: ===> TimeStamp : 2024-12-26 11:43:15===> API : null ===> Message : validateRequest() Error:: Invalid Request :: 
      {"apiUri":"/index.html"}
info: ===> TimeStamp : 2024-12-26 11:43:47===> API : null ===> Message : validateRequest() invoked
info: ===> TimeStamp : 2024-12-26 11:43:47===> API : null ===> Message : validateRequest() Error:: Invalid Request :: 
      {"apiUri":"/+CSCOE+/logon.html"}
info: ===> TimeStamp : 2024-12-26 11:45:01===> API : null ===> Message : validateRequest() invoked
info: ===> TimeStamp : 2024-12-26 11:45:01===> API : null ===> Message : validateRequest() Error:: Invalid Request :: 
      {"apiUri":"/logon.htm"}
info: ===> TimeStamp : 2024-12-26 11:45:46===> API : null ===> Message : validateRequest() invoked
info: ===> TimeStamp : 2024-12-26 11:45:46===> API : null ===> Message : validateRequest() Error:: Invalid Request :: 
      {"apiUri":"/login.jsp"}
info: ===> TimeStamp : 2024-12-26 11:46:57===> API : null ===> Message : validateRequest() invoked
info: ===> TimeStamp : 2024-12-26 11:46:57===> API : null ===> Message : validateRequest() Error:: Invalid Request :: 
      {"apiUri":"/remote/login"}
info: ===> TimeStamp : 2024-12-26 11:47:37===> API : null ===> Message : validateRequest() invoked
info: ===> TimeStamp : 2024-12-26 11:47:37===> API : null ===> Message : validateRequest() Error:: Invalid Request :: 
      {"apiUri":"/"}
info: ===> TimeStamp : 2024-12-26 11:55:34===> API : null ===> Message : validateRequest() invoked
info: ===> TimeStamp : 2024-12-26 11:55:34===> API : null ===> Message : fetchDBSettings()
info: ===> TimeStamp : 2024-12-26 11:55:34===> API : null ===> Message : validateRequest() Invoked!
info: ===> TimeStamp : 2024-12-26 11:55:34===> API : null ===> Message : validRequest() :: Api validated Successfully
info: ===> TimeStamp : 2024-12-26 11:55:34===> API : /api/auth/validateuser ===> Message : validateUser() invoked!!
info: ===> TimeStamp : 2024-12-26 11:55:34===> API : /api/auth/validateuser ===> Message : validateUser() :: Request Object :: [object Object]
info: ===> TimeStamp : 2024-12-26 11:55:34===> API : /api/auth/validateuser ===> Message : validateUserDB() Invoked !
info: ===> TimeStamp : 2024-12-26 11:55:34===> API : /api/auth/validateuser ===> Message : validateUserResponse() invoked!
info: ===> TimeStamp : 2024-12-26 11:55:34===> API : /api/auth/validateuser ===> Message : validateUserResponse() completed
info: ===> TimeStamp : 2024-12-26 11:55:34===> API : null ===> Message : validateRequest() invoked
info: ===> TimeStamp : 2024-12-26 11:55:34===> API : null ===> Message : fetchDBSettings()
info: ===> TimeStamp : 2024-12-26 11:55:34===> API : null ===> Message : validateRequest() Invoked!
info: ===> TimeStamp : 2024-12-26 11:55:34===> API : null ===> Message : validateRequest() invoked
info: ===> TimeStamp : 2024-12-26 11:55:34===> API : null ===> Message : fetchDBSettings()
info: ===> TimeStamp : 2024-12-26 11:55:34===> API : null ===> Message : validRequest() :: Api validated Successfully
info: ===> TimeStamp : 2024-12-26 11:55:34===> API : /api/auth/validateuser ===> Message : validateUser() :: Request Object :: [object Object]
info: ===> TimeStamp : 2024-12-26 11:55:34===> API : /api/auth/validateuser ===> Message : validateUserDB() Invoked !
info: ===> TimeStamp : 2024-12-26 11:55:34===> API : /api/auth/validateuser ===> Message : validateUser() invoked!!
info: ===> TimeStamp : 2024-12-26 11:55:35===> API : null ===> Message : validateRequest() Invoked!
info: ===> TimeStamp : 2024-12-26 11:55:35===> API : /api/auth/validateuser ===> Message : validateUserResponse() invoked!
info: ===> TimeStamp : 2024-12-26 11:55:35===> API : /api/auth/validateuser ===> Message : validateUserResponse() completed
info: ===> TimeStamp : 2024-12-26 11:55:35===> API : null ===> Message : validRequest() :: Api validated Successfully
info: ===> TimeStamp : 2024-12-26 11:55:35===> API : /api/auth/login ===> Message : loginUser() invoked!!
info: ===> TimeStamp : 2024-12-26 11:55:35===> API : /api/auth/login ===> Message : loginUser() :: Request Object :: [object Object]
info: ===> TimeStamp : 2024-12-26 11:55:35===> API : /api/auth/login ===> Message : loginUserDB() Invoked !
info: ===> TimeStamp : 2024-12-26 11:55:35===> API : null ===> Message : validateRequest() invoked
info: ===> TimeStamp : 2024-12-26 11:55:35===> API : null ===> Message : fetchDBSettings()
info: ===> TimeStamp : 2024-12-26 11:55:35===> API : null ===> Message : validateRequest() Invoked!
info: ===> TimeStamp : 2024-12-26 11:55:35===> API : /api/auth/login ===> Message : loginUserResponse() invoked!
info: ===> TimeStamp : 2024-12-26 11:55:35===> API : /api/auth/login ===> Message : loginUserResponse() completed
info: ===> TimeStamp : 2024-12-26 11:55:35===> API : null ===> Message : validRequest() :: Api validated Successfully
info: ===> TimeStamp : 2024-12-26 11:55:35===> API : /api/auth/login ===> Message : loginUser() invoked!!
info: ===> TimeStamp : 2024-12-26 11:55:35===> API : /api/auth/login ===> Message : loginUser() :: Request Object :: [object Object]
info: ===> TimeStamp : 2024-12-26 11:55:35===> API : /api/auth/login ===> Message : loginUserDB() Invoked !
info: ===> TimeStamp : 2024-12-26 11:55:35===> API : /api/auth/login ===> Message : loginUserResponse() invoked!
info: ===> TimeStamp : 2024-12-26 11:55:35===> API : /api/auth/login ===> Message : loginUserResponse() completed
info: ===> TimeStamp : 2024-12-26 12:26:54===> API : null ===> Message : validateRequest() invoked
info: ===> TimeStamp : 2024-12-26 12:26:54===> API : null ===> Message : fetchDBSettings()
info: ===> TimeStamp : 2024-12-26 12:26:54===> API : null ===> Message : validateRequest() Invoked!
info: ===> TimeStamp : 2024-12-26 12:26:54===> API : null ===> Message : validRequest() :: Api validated Successfully
info: ===> TimeStamp : 2024-12-26 12:26:54===> API : /api/auth/validateuser ===> Message : validateUser() invoked!!
info: ===> TimeStamp : 2024-12-26 12:26:54===> API : /api/auth/validateuser ===> Message : validateUser() :: Request Object :: [object Object]
info: ===> TimeStamp : 2024-12-26 12:26:54===> API : /api/auth/validateuser ===> Message : validateUserDB() Invoked !
info: ===> TimeStamp : 2024-12-26 12:26:54===> API : /api/auth/validateuser ===> Message : validateUserResponse() invoked!
info: ===> TimeStamp : 2024-12-26 12:26:54===> API : /api/auth/validateuser ===> Message : validateUserResponse() completed
info: ===> TimeStamp : 2024-12-26 12:26:54===> API : null ===> Message : validateRequest() invoked
info: ===> TimeStamp : 2024-12-26 12:26:54===> API : null ===> Message : fetchDBSettings()
info: ===> TimeStamp : 2024-12-26 12:26:54===> API : null ===> Message : validateRequest() Invoked!
info: ===> TimeStamp : 2024-12-26 12:26:54===> API : null ===> Message : validRequest() :: Api validated Successfully
info: ===> TimeStamp : 2024-12-26 12:26:54===> API : /api/auth/login ===> Message : loginUser() invoked!!
info: ===> TimeStamp : 2024-12-26 12:26:54===> API : /api/auth/login ===> Message : loginUser() :: Request Object :: [object Object]
info: ===> TimeStamp : 2024-12-26 12:26:54===> API : /api/auth/login ===> Message : loginUserDB() Invoked !
info: ===> TimeStamp : 2024-12-26 12:26:54===> API : /api/auth/login ===> Message : loginUserResponse() invoked!
info: ===> TimeStamp : 2024-12-26 12:26:54===> API : /api/auth/login ===> Message : loginUserResponse() completed
info: ===> TimeStamp : 2024-12-26 12:59:56===> API : null ===> Message : validateRequest() invoked
info: ===> TimeStamp : 2024-12-26 12:59:56===> API : null ===> Message : fetchDBSettings()
info: ===> TimeStamp : 2024-12-26 12:59:56===> API : null ===> Message : validateRequest() Invoked!
info: ===> TimeStamp : 2024-12-26 12:59:56===> API : null ===> Message : validRequest() :: Api validated Successfully
info: ===> TimeStamp : 2024-12-26 12:59:56===> API : /api/auth/validateuser ===> Message : validateUser() :: Request Object :: [object Object]
info: ===> TimeStamp : 2024-12-26 12:59:56===> API : /api/auth/validateuser ===> Message : validateUser() invoked!!
info: ===> TimeStamp : 2024-12-26 12:59:56===> API : /api/auth/validateuser ===> Message : validateUserDB() Invoked !
info: ===> TimeStamp : 2024-12-26 12:59:56===> API : /api/auth/validateuser ===> Message : validateUserResponse() invoked!
info: ===> TimeStamp : 2024-12-26 12:59:56===> API : /api/auth/validateuser ===> Message : validateUserResponse() completed
info: ===> TimeStamp : 2024-12-26 12:59:56===> API : null ===> Message : validateRequest() invoked
info: ===> TimeStamp : 2024-12-26 12:59:56===> API : null ===> Message : fetchDBSettings()
info: ===> TimeStamp : 2024-12-26 12:59:56===> API : null ===> Message : validateRequest() Invoked!
info: ===> TimeStamp : 2024-12-26 12:59:56===> API : null ===> Message : validRequest() :: Api validated Successfully
info: ===> TimeStamp : 2024-12-26 12:59:56===> API : /api/auth/login ===> Message : loginUser() invoked!!
info: ===> TimeStamp : 2024-12-26 12:59:56===> API : /api/auth/login ===> Message : loginUser() :: Request Object :: [object Object]
info: ===> TimeStamp : 2024-12-26 12:59:56===> API : /api/auth/login ===> Message : loginUserDB() Invoked !
info: ===> TimeStamp : 2024-12-26 12:59:56===> API : /api/auth/login ===> Message : loginUserResponse() invoked!
info: ===> TimeStamp : 2024-12-26 12:59:56===> API : /api/auth/login ===> Message : loginUserResponse() completed
info: ===> TimeStamp : 2024-12-26 13:03:44===> API : null ===> Message : validateRequest() invoked
info: ===> TimeStamp : 2024-12-26 13:03:44===> API : null ===> Message : fetchDBSettings()
info: ===> TimeStamp : 2024-12-26 13:03:44===> API : null ===> Message : validateRequest() Invoked!
info: ===> TimeStamp : 2024-12-26 13:03:44===> API : null ===> Message : validRequest() :: Api validated Successfully
info: ===> TimeStamp : 2024-12-26 13:03:44===> API : /api/auth/validateuser ===> Message : validateUser() invoked!!
info: ===> TimeStamp : 2024-12-26 13:03:44===> API : /api/auth/validateuser ===> Message : validateUser() :: Request Object :: [object Object]
info: ===> TimeStamp : 2024-12-26 13:03:44===> API : /api/auth/validateuser ===> Message : validateUserDB() Invoked !
info: ===> TimeStamp : 2024-12-26 13:03:44===> API : /api/auth/validateuser ===> Message : validateUserResponse() invoked!
info: ===> TimeStamp : 2024-12-26 13:03:44===> API : /api/auth/validateuser ===> Message : validateUserResponse() completed
info: ===> TimeStamp : 2024-12-26 13:03:44===> API : null ===> Message : validateRequest() invoked
info: ===> TimeStamp : 2024-12-26 13:03:44===> API : null ===> Message : fetchDBSettings()
info: ===> TimeStamp : 2024-12-26 13:03:44===> API : null ===> Message : validateRequest() Invoked!
info: ===> TimeStamp : 2024-12-26 13:03:44===> API : null ===> Message : validRequest() :: Api validated Successfully
info: ===> TimeStamp : 2024-12-26 13:03:44===> API : /api/auth/login ===> Message : loginUser() invoked!!
info: ===> TimeStamp : 2024-12-26 13:03:44===> API : /api/auth/login ===> Message : loginUser() :: Request Object :: [object Object]
info: ===> TimeStamp : 2024-12-26 13:03:44===> API : /api/auth/login ===> Message : loginUserDB() Invoked !
info: ===> TimeStamp : 2024-12-26 13:03:44===> API : /api/auth/login ===> Message : loginUserResponse() invoked!
info: ===> TimeStamp : 2024-12-26 13:03:44===> API : /api/auth/login ===> Message : loginUserResponse() completed
info: ===> TimeStamp : 2024-12-26 13:09:24===> API : null ===> Message : validateRequest() invoked
info: ===> TimeStamp : 2024-12-26 13:09:24===> API : null ===> Message : fetchDBSettings()
info: ===> TimeStamp : 2024-12-26 13:09:24===> API : null ===> Message : validateRequest() Invoked!
info: ===> TimeStamp : 2024-12-26 13:09:24===> API : null ===> Message : validRequest() :: Api validated Successfully
info: ===> TimeStamp : 2024-12-26 13:09:24===> API : /api/auth/validateuser ===> Message : validateUser() invoked!!
info: ===> TimeStamp : 2024-12-26 13:09:24===> API : /api/auth/validateuser ===> Message : validateUser() :: Request Object :: [object Object]
info: ===> TimeStamp : 2024-12-26 13:09:24===> API : /api/auth/validateuser ===> Message : validateUserDB() Invoked !
info: ===> TimeStamp : 2024-12-26 13:09:24===> API : /api/auth/validateuser ===> Message : validateUserResponse() invoked!
info: ===> TimeStamp : 2024-12-26 13:09:24===> API : /api/auth/validateuser ===> Message : validateUserResponse() completed
info: ===> TimeStamp : 2024-12-26 13:09:24===> API : null ===> Message : validateRequest() invoked
info: ===> TimeStamp : 2024-12-26 13:09:24===> API : null ===> Message : fetchDBSettings()
info: ===> TimeStamp : 2024-12-26 13:09:24===> API : null ===> Message : validateRequest() Invoked!
info: ===> TimeStamp : 2024-12-26 13:09:24===> API : null ===> Message : validRequest() :: Api validated Successfully
info: ===> TimeStamp : 2024-12-26 13:09:24===> API : /api/auth/login ===> Message : loginUser() :: Request Object :: [object Object]
info: ===> TimeStamp : 2024-12-26 13:09:24===> API : /api/auth/login ===> Message : loginUser() invoked!!
info: ===> TimeStamp : 2024-12-26 13:09:24===> API : /api/auth/login ===> Message : loginUserDB() Invoked !
info: ===> TimeStamp : 2024-12-26 13:09:24===> API : /api/auth/login ===> Message : loginUserResponse() invoked!
info: ===> TimeStamp : 2024-12-26 13:09:24===> API : /api/auth/login ===> Message : loginUserResponse() completed
info: ===> TimeStamp : 2024-12-26 13:29:03===> API : null ===> Message : validateRequest() invoked
info: ===> TimeStamp : 2024-12-26 13:29:03===> API : null ===> Message : fetchDBSettings()
info: ===> TimeStamp : 2024-12-26 13:29:03===> API : null ===> Message : validateRequest() Invoked!
info: ===> TimeStamp : 2024-12-26 13:29:03===> API : null ===> Message : validRequest() :: Api validated Successfully
info: ===> TimeStamp : 2024-12-26 13:29:03===> API : /api/auth/validateuser ===> Message : validateUser() :: Request Object :: [object Object]
info: ===> TimeStamp : 2024-12-26 13:29:03===> API : /api/auth/validateuser ===> Message : validateUser() invoked!!
info: ===> TimeStamp : 2024-12-26 13:29:03===> API : /api/auth/validateuser ===> Message : validateUserDB() Invoked !
info: ===> TimeStamp : 2024-12-26 13:29:03===> API : /api/auth/validateuser ===> Message : validateUserResponse() invoked!
info: ===> TimeStamp : 2024-12-26 13:29:03===> API : /api/auth/validateuser ===> Message : validateUserResponse() completed
info: ===> TimeStamp : 2024-12-26 13:29:03===> API : null ===> Message : validateRequest() invoked
info: ===> TimeStamp : 2024-12-26 13:29:03===> API : null ===> Message : fetchDBSettings()
info: ===> TimeStamp : 2024-12-26 13:29:03===> API : null ===> Message : validateRequest() Invoked!
info: ===> TimeStamp : 2024-12-26 13:29:03===> API : null ===> Message : validRequest() :: Api validated Successfully
info: ===> TimeStamp : 2024-12-26 13:29:03===> API : /api/auth/login ===> Message : loginUser() :: Request Object :: [object Object]
info: ===> TimeStamp : 2024-12-26 13:29:03===> API : /api/auth/login ===> Message : loginUser() invoked!!
info: ===> TimeStamp : 2024-12-26 13:29:03===> API : /api/auth/login ===> Message : loginUserDB() Invoked !
info: ===> TimeStamp : 2024-12-26 13:29:03===> API : /api/auth/login ===> Message : loginUserResponse() invoked!
info: ===> TimeStamp : 2024-12-26 13:29:03===> API : /api/auth/login ===> Message : loginUserResponse() completed
info: ===> TimeStamp : 2024-12-26 13:36:11===> API : null ===> Message : validateRequest() invoked
info: ===> TimeStamp : 2024-12-26 13:36:11===> API : null ===> Message : fetchDBSettings()
info: ===> TimeStamp : 2024-12-26 13:36:11===> API : null ===> Message : validateRequest() Invoked!
info: ===> TimeStamp : 2024-12-26 13:36:11===> API : null ===> Message : validRequest() :: Api validated Successfully
info: ===> TimeStamp : 2024-12-26 13:36:11===> API : /api/auth/logout ===> Message : logoutUser() invoked!!
info: ===> TimeStamp : 2024-12-26 13:36:11===> API : /api/auth/logout ===> Message : logoutUser() :: Request Object :: [object Object]
info: ===> TimeStamp : 2024-12-26 13:36:11===> API : /api/auth/logout ===> Message : logoutUserDB() Invoked !
info: ===> TimeStamp : 2024-12-26 13:36:12===> API : /api/auth/logout ===> Message : logoutUserResponse() invoked!
info: ===> TimeStamp : 2024-12-26 13:36:12===> API : /api/auth/logout ===> Message : logoutUserResponse() completed
info: ===> TimeStamp : 2024-12-26 13:37:05===> API : null ===> Message : validateRequest() invoked
info: ===> TimeStamp : 2024-12-26 13:37:05===> API : null ===> Message : fetchDBSettings()
info: ===> TimeStamp : 2024-12-26 13:37:05===> API : null ===> Message : validateRequest() Invoked!
info: ===> TimeStamp : 2024-12-26 13:37:05===> API : null ===> Message : validRequest() :: Api validated Successfully
info: ===> TimeStamp : 2024-12-26 13:37:05===> API : /api/auth/validateuser ===> Message : validateUser() invoked!!
info: ===> TimeStamp : 2024-12-26 13:37:05===> API : /api/auth/validateuser ===> Message : validateUser() :: Request Object :: [object Object]
info: ===> TimeStamp : 2024-12-26 13:37:05===> API : /api/auth/validateuser ===> Message : validateUserDB() Invoked !
info: ===> TimeStamp : 2024-12-26 13:37:05===> API : /api/auth/validateuser ===> Message : validateUserResponse() invoked!
info: ===> TimeStamp : 2024-12-26 13:37:05===> API : /api/auth/validateuser ===> Message : validateUserResponse() completed
info: ===> TimeStamp : 2024-12-26 13:37:05===> API : null ===> Message : validateRequest() invoked
info: ===> TimeStamp : 2024-12-26 13:37:05===> API : null ===> Message : fetchDBSettings()
info: ===> TimeStamp : 2024-12-26 13:37:05===> API : null ===> Message : validateRequest() Invoked!
info: ===> TimeStamp : 2024-12-26 13:37:05===> API : null ===> Message : validRequest() :: Api validated Successfully
info: ===> TimeStamp : 2024-12-26 13:37:05===> API : /api/auth/login ===> Message : loginUser() invoked!!
info: ===> TimeStamp : 2024-12-26 13:37:05===> API : /api/auth/login ===> Message : loginUser() :: Request Object :: [object Object]
info: ===> TimeStamp : 2024-12-26 13:37:05===> API : /api/auth/login ===> Message : loginUserDB() Invoked !
info: ===> TimeStamp : 2024-12-26 13:37:05===> API : /api/auth/login ===> Message : loginUserResponse() invoked!
info: ===> TimeStamp : 2024-12-26 13:37:05===> API : /api/auth/login ===> Message : loginUserResponse() completed
info: ===> TimeStamp : 2024-12-26 13:37:15===> API : null ===> Message : validateRequest() invoked
info: ===> TimeStamp : 2024-12-26 13:37:15===> API : null ===> Message : fetchDBSettings()
info: ===> TimeStamp : 2024-12-26 13:37:15===> API : null ===> Message : validateRequest() Invoked!
info: ===> TimeStamp : 2024-12-26 13:37:15===> API : null ===> Message : validRequest() :: Api validated Successfully
info: ===> TimeStamp : 2024-12-26 13:37:15===> API : /api/auth/logout ===> Message : logoutUser() invoked!!
info: ===> TimeStamp : 2024-12-26 13:37:15===> API : /api/auth/logout ===> Message : logoutUser() :: Request Object :: [object Object]
info: ===> TimeStamp : 2024-12-26 13:37:15===> API : /api/auth/logout ===> Message : logoutUserDB() Invoked !
info: ===> TimeStamp : 2024-12-26 13:37:15===> API : /api/auth/logout ===> Message : logoutUserResponse() invoked!
info: ===> TimeStamp : 2024-12-26 13:37:15===> API : /api/auth/logout ===> Message : logoutUserResponse() completed
info: ===> TimeStamp : 2024-12-26 13:38:36===> API : null ===> Message : validateRequest() invoked
info: ===> TimeStamp : 2024-12-26 13:38:36===> API : null ===> Message : fetchDBSettings()
info: ===> TimeStamp : 2024-12-26 13:38:36===> API : null ===> Message : validateRequest() Invoked!
info: ===> TimeStamp : 2024-12-26 13:38:36===> API : null ===> Message : validRequest() :: Api validated Successfully
info: ===> TimeStamp : 2024-12-26 13:38:36===> API : /api/auth/validateuser ===> Message : validateUser() invoked!!
info: ===> TimeStamp : 2024-12-26 13:38:36===> API : /api/auth/validateuser ===> Message : validateUser() :: Request Object :: [object Object]
info: ===> TimeStamp : 2024-12-26 13:38:36===> API : /api/auth/validateuser ===> Message : validateUserDB() Invoked !
info: ===> TimeStamp : 2024-12-26 13:38:36===> API : /api/auth/validateuser ===> Message : validateUserResponse() invoked!
info: ===> TimeStamp : 2024-12-26 13:38:36===> API : /api/auth/validateuser ===> Message : validateUserResponse() completed
info: ===> TimeStamp : 2024-12-26 13:38:36===> API : null ===> Message : validateRequest() invoked
info: ===> TimeStamp : 2024-12-26 13:38:36===> API : null ===> Message : fetchDBSettings()
info: ===> TimeStamp : 2024-12-26 13:38:36===> API : null ===> Message : validateRequest() Invoked!
info: ===> TimeStamp : 2024-12-26 13:38:36===> API : null ===> Message : validRequest() :: Api validated Successfully
info: ===> TimeStamp : 2024-12-26 13:38:36===> API : /api/auth/login ===> Message : loginUser() invoked!!
info: ===> TimeStamp : 2024-12-26 13:38:36===> API : /api/auth/login ===> Message : loginUser() :: Request Object :: [object Object]
info: ===> TimeStamp : 2024-12-26 13:38:36===> API : /api/auth/login ===> Message : loginUserDB() Invoked !
info: ===> TimeStamp : 2024-12-26 13:38:36===> API : /api/auth/login ===> Message : loginUserResponse() invoked!
info: ===> TimeStamp : 2024-12-26 13:38:36===> API : /api/auth/login ===> Message : loginUserResponse() completed
info: ===> TimeStamp : 2024-12-26 13:39:09===> API : null ===> Message : validateRequest() invoked
info: ===> TimeStamp : 2024-12-26 13:39:09===> API : null ===> Message : fetchDBSettings()
info: ===> TimeStamp : 2024-12-26 13:39:09===> API : null ===> Message : validateRequest() Invoked!
info: ===> TimeStamp : 2024-12-26 13:39:09===> API : null ===> Message : validRequest() :: Api validated Successfully
info: ===> TimeStamp : 2024-12-26 13:39:09===> API : /api/auth/logout ===> Message : logoutUser() invoked!!
info: ===> TimeStamp : 2024-12-26 13:39:09===> API : /api/auth/logout ===> Message : logoutUser() :: Request Object :: [object Object]
info: ===> TimeStamp : 2024-12-26 13:39:09===> API : /api/auth/logout ===> Message : logoutUserDB() Invoked !
info: ===> TimeStamp : 2024-12-26 13:39:09===> API : /api/auth/logout ===> Message : logoutUserResponse() invoked!
info: ===> TimeStamp : 2024-12-26 13:39:09===> API : /api/auth/logout ===> Message : logoutUserResponse() completed
info: ===> TimeStamp : 2024-12-26 13:39:22===> API : null ===> Message : validateRequest() invoked
info: ===> TimeStamp : 2024-12-26 13:39:22===> API : null ===> Message : fetchDBSettings()
info: ===> TimeStamp : 2024-12-26 13:39:22===> API : null ===> Message : validateRequest() Invoked!
info: ===> TimeStamp : 2024-12-26 13:39:22===> API : null ===> Message : validateRequest() :: Error :: Helper {"code":"ER_SIGNAL_EXCEPTION","errno":1644,"sqlState":"10003","sqlMessage":"Invalid User Credentials","sql":"CALL usp_validate_request(\n              '/api/auth/logout',\n              'eyJhbGciOiJIUzI1NiIsInR5cCI6IkpXVCJ9.eyJ0aW1lIjoiVGh1IERlYyAyNiAyMDI0IDA4OjA4OjM2IEdNVCswMDAwIChDb29yZGluYXRlZCBVbml2ZXJzYWwgVGltZSkiLCJ1c2VySWQiOjYwLCJpYXQiOjE3MzUyMDA1MTZ9.7_KzFHrh1TCKxT_uIEGSJhVVxdJZQvlU3D4IAmqfGgI')"}
info: ===> TimeStamp : 2024-12-26 13:39:22===> API : null ===> Message : validateRequest() :: Error :: PP {"ErrorCode":10003,"ErrorMessage":"Invalid User Credentials"}
info: ===> TimeStamp : 2024-12-26 14:35:04===> API : null ===> Message : validateRequest() invoked
info: ===> TimeStamp : 2024-12-26 14:35:04===> API : null ===> Message : fetchDBSettings()
info: ===> TimeStamp : 2024-12-26 14:35:04===> API : null ===> Message : validateRequest() Invoked!
info: ===> TimeStamp : 2024-12-26 14:35:04===> API : null ===> Message : validRequest() :: Api validated Successfully
info: ===> TimeStamp : 2024-12-26 14:35:04===> API : /api/auth/validateuser ===> Message : validateUser() invoked!!
info: ===> TimeStamp : 2024-12-26 14:35:04===> API : /api/auth/validateuser ===> Message : validateUser() :: Request Object :: [object Object]
info: ===> TimeStamp : 2024-12-26 14:35:04===> API : /api/auth/validateuser ===> Message : validateUserDB() Invoked !
info: ===> TimeStamp : 2024-12-26 14:35:04===> API : /api/auth/validateuser ===> Message : validateUserResponse() invoked!
info: ===> TimeStamp : 2024-12-26 14:35:04===> API : /api/auth/validateuser ===> Message : validateUserResponse() completed
info: ===> TimeStamp : 2024-12-26 14:35:04===> API : null ===> Message : validateRequest() invoked
info: ===> TimeStamp : 2024-12-26 14:35:04===> API : null ===> Message : fetchDBSettings()
info: ===> TimeStamp : 2024-12-26 14:35:04===> API : null ===> Message : validateRequest() Invoked!
info: ===> TimeStamp : 2024-12-26 14:35:04===> API : null ===> Message : validRequest() :: Api validated Successfully
info: ===> TimeStamp : 2024-12-26 14:35:04===> API : /api/auth/login ===> Message : loginUser() invoked!!
info: ===> TimeStamp : 2024-12-26 14:35:04===> API : /api/auth/login ===> Message : loginUser() :: Request Object :: [object Object]
info: ===> TimeStamp : 2024-12-26 14:35:04===> API : /api/auth/login ===> Message : loginUserDB() Invoked !
info: ===> TimeStamp : 2024-12-26 14:35:04===> API : /api/auth/login ===> Message : loginUserResponse() invoked!
info: ===> TimeStamp : 2024-12-26 14:35:04===> API : /api/auth/login ===> Message : loginUserResponse() completed
info: ===> TimeStamp : 2024-12-26 14:36:51===> API : null ===> Message : validateRequest() invoked
info: ===> TimeStamp : 2024-12-26 14:36:51===> API : null ===> Message : fetchDBSettings()
info: ===> TimeStamp : 2024-12-26 14:36:51===> API : null ===> Message : validateRequest() Invoked!
info: ===> TimeStamp : 2024-12-26 14:36:51===> API : null ===> Message : validRequest() :: Api validated Successfully
info: ===> TimeStamp : 2024-12-26 14:36:51===> API : /api/auth/validateuser ===> Message : validateUser() invoked!!
info: ===> TimeStamp : 2024-12-26 14:36:51===> API : /api/auth/validateuser ===> Message : validateUser() :: Request Object :: [object Object]
info: ===> TimeStamp : 2024-12-26 14:36:51===> API : /api/auth/validateuser ===> Message : validateUserDB() Invoked !
info: ===> TimeStamp : 2024-12-26 14:36:51===> API : /api/auth/validateuser ===> Message : validateUserResponse() invoked!
info: ===> TimeStamp : 2024-12-26 14:36:51===> API : /api/auth/validateuser ===> Message : validateUserResponse() completed
info: ===> TimeStamp : 2024-12-26 14:36:51===> API : null ===> Message : validateRequest() invoked
info: ===> TimeStamp : 2024-12-26 14:36:51===> API : null ===> Message : fetchDBSettings()
info: ===> TimeStamp : 2024-12-26 14:36:51===> API : null ===> Message : validateRequest() Invoked!
info: ===> TimeStamp : 2024-12-26 14:36:51===> API : null ===> Message : validRequest() :: Api validated Successfully
info: ===> TimeStamp : 2024-12-26 14:36:51===> API : /api/auth/login ===> Message : loginUser() invoked!!
info: ===> TimeStamp : 2024-12-26 14:36:51===> API : /api/auth/login ===> Message : loginUser() :: Request Object :: [object Object]
info: ===> TimeStamp : 2024-12-26 14:36:51===> API : /api/auth/login ===> Message : loginUserDB() Invoked !
info: ===> TimeStamp : 2024-12-26 14:36:51===> API : /api/auth/login ===> Message : loginUserResponse() invoked!
info: ===> TimeStamp : 2024-12-26 14:36:51===> API : /api/auth/login ===> Message : loginUserResponse() completed
info: ===> TimeStamp : 2024-12-26 14:45:01===> API : null ===> Message : validateRequest() invoked
info: ===> TimeStamp : 2024-12-26 14:45:01===> API : null ===> Message : fetchDBSettings()
info: ===> TimeStamp : 2024-12-26 14:45:01===> API : null ===> Message : validateRequest() Invoked!
info: ===> TimeStamp : 2024-12-26 14:45:01===> API : null ===> Message : validRequest() :: Api validated Successfully
info: ===> TimeStamp : 2024-12-26 14:45:01===> API : /api/auth/validateuser ===> Message : validateUser() :: Request Object :: [object Object]
info: ===> TimeStamp : 2024-12-26 14:45:01===> API : /api/auth/validateuser ===> Message : validateUser() invoked!!
info: ===> TimeStamp : 2024-12-26 14:45:01===> API : /api/auth/validateuser ===> Message : validateUserDB() Invoked !
info: ===> TimeStamp : 2024-12-26 14:45:01===> API : /api/auth/validateuser ===> Message : validateUserResponse() invoked!
info: ===> TimeStamp : 2024-12-26 14:45:01===> API : /api/auth/validateuser ===> Message : validateUserResponse() completed
info: ===> TimeStamp : 2024-12-26 14:45:01===> API : null ===> Message : validateRequest() invoked
info: ===> TimeStamp : 2024-12-26 14:45:01===> API : null ===> Message : fetchDBSettings()
info: ===> TimeStamp : 2024-12-26 14:45:01===> API : null ===> Message : validateRequest() Invoked!
info: ===> TimeStamp : 2024-12-26 14:45:01===> API : null ===> Message : validRequest() :: Api validated Successfully
info: ===> TimeStamp : 2024-12-26 14:45:01===> API : /api/auth/login ===> Message : loginUser() invoked!!
info: ===> TimeStamp : 2024-12-26 14:45:01===> API : /api/auth/login ===> Message : loginUser() :: Request Object :: [object Object]
info: ===> TimeStamp : 2024-12-26 14:45:01===> API : /api/auth/login ===> Message : loginUserDB() Invoked !
info: ===> TimeStamp : 2024-12-26 14:45:01===> API : /api/auth/login ===> Message : loginUserResponse() invoked!
info: ===> TimeStamp : 2024-12-26 14:45:01===> API : /api/auth/login ===> Message : loginUserResponse() completed
info: ===> TimeStamp : 2024-12-26 14:45:59===> API : null ===> Message : validateRequest() invoked
info: ===> TimeStamp : 2024-12-26 14:45:59===> API : null ===> Message : fetchDBSettings()
info: ===> TimeStamp : 2024-12-26 14:45:59===> API : null ===> Message : validateRequest() Invoked!
info: ===> TimeStamp : 2024-12-26 14:45:59===> API : null ===> Message : validRequest() :: Api validated Successfully
info: ===> TimeStamp : 2024-12-26 14:45:59===> API : /api/auth/logout ===> Message : logoutUser() invoked!!
info: ===> TimeStamp : 2024-12-26 14:45:59===> API : /api/auth/logout ===> Message : logoutUser() :: Request Object :: [object Object]
info: ===> TimeStamp : 2024-12-26 14:45:59===> API : /api/auth/logout ===> Message : logoutUserDB() Invoked !
info: ===> TimeStamp : 2024-12-26 14:45:59===> API : /api/auth/logout ===> Message : logoutUserResponse() invoked!
info: ===> TimeStamp : 2024-12-26 14:45:59===> API : /api/auth/logout ===> Message : logoutUserResponse() completed
info: ===> TimeStamp : 2024-12-26 14:46:31===> API : null ===> Message : validateRequest() invoked
info: ===> TimeStamp : 2024-12-26 14:46:31===> API : null ===> Message : fetchDBSettings()
info: ===> TimeStamp : 2024-12-26 14:46:31===> API : null ===> Message : validateRequest() Invoked!
info: ===> TimeStamp : 2024-12-26 14:46:31===> API : null ===> Message : validRequest() :: Api validated Successfully
info: ===> TimeStamp : 2024-12-26 14:46:31===> API : /api/auth/validateuser ===> Message : validateUser() invoked!!
info: ===> TimeStamp : 2024-12-26 14:46:31===> API : /api/auth/validateuser ===> Message : validateUser() :: Request Object :: [object Object]
info: ===> TimeStamp : 2024-12-26 14:46:31===> API : /api/auth/validateuser ===> Message : validateUserDB() Invoked !
info: ===> TimeStamp : 2024-12-26 14:46:31===> API : /api/auth/validateuser ===> Message : validateUserResponse() invoked!
info: ===> TimeStamp : 2024-12-26 14:46:31===> API : /api/auth/validateuser ===> Message : validateUserResponse() completed
info: ===> TimeStamp : 2024-12-26 14:46:31===> API : null ===> Message : validateRequest() invoked
info: ===> TimeStamp : 2024-12-26 14:46:31===> API : null ===> Message : fetchDBSettings()
info: ===> TimeStamp : 2024-12-26 14:46:31===> API : null ===> Message : validateRequest() Invoked!
info: ===> TimeStamp : 2024-12-26 14:46:31===> API : null ===> Message : validRequest() :: Api validated Successfully
info: ===> TimeStamp : 2024-12-26 14:46:31===> API : /api/auth/login ===> Message : loginUser() invoked!!
info: ===> TimeStamp : 2024-12-26 14:46:31===> API : /api/auth/login ===> Message : loginUser() :: Request Object :: [object Object]
info: ===> TimeStamp : 2024-12-26 14:46:31===> API : /api/auth/login ===> Message : loginUserDB() Invoked !
info: ===> TimeStamp : 2024-12-26 14:46:31===> API : /api/auth/login ===> Message : loginUserResponse() invoked!
info: ===> TimeStamp : 2024-12-26 14:46:31===> API : /api/auth/login ===> Message : loginUserResponse() completed
info: ===> TimeStamp : 2024-12-26 14:55:43===> API : null ===> Message : validateRequest() invoked
info: ===> TimeStamp : 2024-12-26 14:55:43===> API : null ===> Message : fetchDBSettings()
info: ===> TimeStamp : 2024-12-26 14:55:43===> API : null ===> Message : validateRequest() Invoked!
info: ===> TimeStamp : 2024-12-26 14:55:43===> API : null ===> Message : validRequest() :: Api validated Successfully
info: ===> TimeStamp : 2024-12-26 14:55:43===> API : /api/auth/logout ===> Message : logoutUser() invoked!!
info: ===> TimeStamp : 2024-12-26 14:55:43===> API : /api/auth/logout ===> Message : logoutUser() :: Request Object :: [object Object]
info: ===> TimeStamp : 2024-12-26 14:55:43===> API : /api/auth/logout ===> Message : logoutUserDB() Invoked !
info: ===> TimeStamp : 2024-12-26 14:55:43===> API : /api/auth/logout ===> Message : logoutUserResponse() invoked!
info: ===> TimeStamp : 2024-12-26 14:55:43===> API : /api/auth/logout ===> Message : logoutUserResponse() completed
info: ===> TimeStamp : 2024-12-26 14:59:35===> API : null ===> Message : validateRequest() invoked
info: ===> TimeStamp : 2024-12-26 14:59:35===> API : null ===> Message : fetchDBSettings()
info: ===> TimeStamp : 2024-12-26 14:59:35===> API : null ===> Message : validateRequest() Invoked!
info: ===> TimeStamp : 2024-12-26 14:59:35===> API : null ===> Message : validRequest() :: Api validated Successfully
info: ===> TimeStamp : 2024-12-26 14:59:35===> API : /api/auth/validateuser ===> Message : validateUser() invoked!!
info: ===> TimeStamp : 2024-12-26 14:59:35===> API : /api/auth/validateuser ===> Message : validateUser() :: Request Object :: [object Object]
info: ===> TimeStamp : 2024-12-26 14:59:35===> API : /api/auth/validateuser ===> Message : validateUserDB() Invoked !
info: ===> TimeStamp : 2024-12-26 14:59:35===> API : /api/auth/validateuser ===> Message : validateUserResponse() invoked!
info: ===> TimeStamp : 2024-12-26 14:59:35===> API : /api/auth/validateuser ===> Message : validateUserResponse() completed
info: ===> TimeStamp : 2024-12-26 14:59:35===> API : null ===> Message : validateRequest() invoked
info: ===> TimeStamp : 2024-12-26 14:59:35===> API : null ===> Message : fetchDBSettings()
info: ===> TimeStamp : 2024-12-26 14:59:35===> API : null ===> Message : validateRequest() Invoked!
info: ===> TimeStamp : 2024-12-26 14:59:35===> API : null ===> Message : validRequest() :: Api validated Successfully
info: ===> TimeStamp : 2024-12-26 14:59:35===> API : /api/auth/login ===> Message : loginUser() invoked!!
info: ===> TimeStamp : 2024-12-26 14:59:35===> API : /api/auth/login ===> Message : loginUser() :: Request Object :: [object Object]
info: ===> TimeStamp : 2024-12-26 14:59:35===> API : /api/auth/login ===> Message : loginUserDB() Invoked !
info: ===> TimeStamp : 2024-12-26 14:59:35===> API : /api/auth/login ===> Message : loginUserResponse() invoked!
info: ===> TimeStamp : 2024-12-26 14:59:35===> API : /api/auth/login ===> Message : loginUserResponse() completed
info: ===> TimeStamp : 2024-12-26 15:01:31===> API : null ===> Message : validateRequest() invoked
info: ===> TimeStamp : 2024-12-26 15:01:31===> API : null ===> Message : fetchDBSettings()
info: ===> TimeStamp : 2024-12-26 15:01:31===> API : null ===> Message : validateRequest() Invoked!
info: ===> TimeStamp : 2024-12-26 15:01:31===> API : null ===> Message : validRequest() :: Api validated Successfully
info: ===> TimeStamp : 2024-12-26 15:01:31===> API : /api/auth/logout ===> Message : logoutUser() :: Request Object :: [object Object]
info: ===> TimeStamp : 2024-12-26 15:01:31===> API : /api/auth/logout ===> Message : logoutUser() invoked!!
info: ===> TimeStamp : 2024-12-26 15:01:31===> API : /api/auth/logout ===> Message : logoutUserDB() Invoked !
info: ===> TimeStamp : 2024-12-26 15:01:31===> API : /api/auth/logout ===> Message : logoutUserResponse() invoked!
info: ===> TimeStamp : 2024-12-26 15:01:31===> API : /api/auth/logout ===> Message : logoutUserResponse() completed
info: ===> TimeStamp : 2024-12-26 15:01:42===> API : null ===> Message : validateRequest() invoked
info: ===> TimeStamp : 2024-12-26 15:01:42===> API : null ===> Message : fetchDBSettings()
info: ===> TimeStamp : 2024-12-26 15:01:42===> API : null ===> Message : validateRequest() Invoked!
info: ===> TimeStamp : 2024-12-26 15:01:42===> API : null ===> Message : validRequest() :: Api validated Successfully
info: ===> TimeStamp : 2024-12-26 15:01:42===> API : /api/auth/validateuser ===> Message : validateUser() invoked!!
info: ===> TimeStamp : 2024-12-26 15:01:42===> API : /api/auth/validateuser ===> Message : validateUser() :: Request Object :: [object Object]
info: ===> TimeStamp : 2024-12-26 15:01:42===> API : /api/auth/validateuser ===> Message : validateUserDB() Invoked !
info: ===> TimeStamp : 2024-12-26 15:01:42===> API : /api/auth/validateuser ===> Message : validateUserResponse() invoked!
info: ===> TimeStamp : 2024-12-26 15:01:42===> API : /api/auth/validateuser ===> Message : validateUserResponse() completed
info: ===> TimeStamp : 2024-12-26 15:01:42===> API : null ===> Message : validateRequest() invoked
info: ===> TimeStamp : 2024-12-26 15:01:42===> API : null ===> Message : fetchDBSettings()
info: ===> TimeStamp : 2024-12-26 15:01:42===> API : null ===> Message : validateRequest() Invoked!
info: ===> TimeStamp : 2024-12-26 15:01:42===> API : null ===> Message : validRequest() :: Api validated Successfully
info: ===> TimeStamp : 2024-12-26 15:01:42===> API : /api/auth/checkIP ===> Message : checkIP() invoked!!
info: ===> TimeStamp : 2024-12-26 15:01:42===> API : /api/auth/checkIP ===> Message : IPs match: 103.255.182.117
info: ===> TimeStamp : 2024-12-26 15:01:42===> API : /api/auth/checkIP ===> Message : checkIPResponse() invoked!
info: ===> TimeStamp : 2024-12-26 15:01:42===> API : /api/auth/checkIP ===> Message : checkIPResponse() completed
info: ===> TimeStamp : 2024-12-26 15:01:42===> API : null ===> Message : validateRequest() invoked
info: ===> TimeStamp : 2024-12-26 15:01:42===> API : null ===> Message : fetchDBSettings()
info: ===> TimeStamp : 2024-12-26 15:01:42===> API : null ===> Message : validateRequest() Invoked!
info: ===> TimeStamp : 2024-12-26 15:01:42===> API : null ===> Message : validRequest() :: Api validated Successfully
info: ===> TimeStamp : 2024-12-26 15:01:42===> API : /api/auth/login ===> Message : loginUser() invoked!!
info: ===> TimeStamp : 2024-12-26 15:01:42===> API : /api/auth/login ===> Message : loginUser() :: Request Object :: [object Object]
info: ===> TimeStamp : 2024-12-26 15:01:42===> API : /api/auth/login ===> Message : loginUserDB() Invoked !
info: ===> TimeStamp : 2024-12-26 15:01:42===> API : /api/auth/login ===> Message : loginUserResponse() invoked!
info: ===> TimeStamp : 2024-12-26 15:01:42===> API : /api/auth/login ===> Message : loginUserResponse() completed
info: ===> TimeStamp : 2024-12-26 15:04:04===> API : null ===> Message : validateRequest() invoked
info: ===> TimeStamp : 2024-12-26 15:04:04===> API : null ===> Message : fetchDBSettings()
info: ===> TimeStamp : 2024-12-26 15:04:04===> API : null ===> Message : validateRequest() Invoked!
info: ===> TimeStamp : 2024-12-26 15:04:04===> API : null ===> Message : validRequest() :: Api validated Successfully
info: ===> TimeStamp : 2024-12-26 15:04:04===> API : /api/auth/validateuser ===> Message : validateUser() invoked!!
info: ===> TimeStamp : 2024-12-26 15:04:04===> API : /api/auth/validateuser ===> Message : validateUser() :: Request Object :: [object Object]
info: ===> TimeStamp : 2024-12-26 15:04:04===> API : /api/auth/validateuser ===> Message : validateUserDB() Invoked !
info: ===> TimeStamp : 2024-12-26 15:04:04===> API : /api/auth/validateuser ===> Message : validateUserResponse() invoked!
info: ===> TimeStamp : 2024-12-26 15:04:04===> API : /api/auth/validateuser ===> Message : validateUserResponse() completed
info: ===> TimeStamp : 2024-12-26 15:04:04===> API : null ===> Message : validateRequest() invoked
info: ===> TimeStamp : 2024-12-26 15:04:04===> API : null ===> Message : fetchDBSettings()
info: ===> TimeStamp : 2024-12-26 15:04:04===> API : null ===> Message : validateRequest() Invoked!
info: ===> TimeStamp : 2024-12-26 15:04:04===> API : null ===> Message : validRequest() :: Api validated Successfully
info: ===> TimeStamp : 2024-12-26 15:04:04===> API : /api/auth/checkIP ===> Message : checkIP() invoked!!
info: ===> TimeStamp : 2024-12-26 15:04:04===> API : /api/auth/checkIP ===> Message : IPs match: 103.255.182.117
info: ===> TimeStamp : 2024-12-26 15:04:04===> API : /api/auth/checkIP ===> Message : checkIPResponse() invoked!
info: ===> TimeStamp : 2024-12-26 15:04:04===> API : /api/auth/checkIP ===> Message : checkIPResponse() completed
info: ===> TimeStamp : 2024-12-26 15:04:04===> API : null ===> Message : validateRequest() invoked
info: ===> TimeStamp : 2024-12-26 15:04:04===> API : null ===> Message : fetchDBSettings()
info: ===> TimeStamp : 2024-12-26 15:04:04===> API : null ===> Message : validateRequest() Invoked!
info: ===> TimeStamp : 2024-12-26 15:04:04===> API : null ===> Message : validRequest() :: Api validated Successfully
info: ===> TimeStamp : 2024-12-26 15:04:04===> API : /api/auth/login ===> Message : loginUser() invoked!!
info: ===> TimeStamp : 2024-12-26 15:04:04===> API : /api/auth/login ===> Message : loginUser() :: Request Object :: [object Object]
info: ===> TimeStamp : 2024-12-26 15:04:04===> API : /api/auth/login ===> Message : loginUserDB() Invoked !
info: ===> TimeStamp : 2024-12-26 15:04:04===> API : /api/auth/login ===> Message : loginUserResponse() invoked!
info: ===> TimeStamp : 2024-12-26 15:04:04===> API : /api/auth/login ===> Message : loginUserResponse() completed
info: ===> TimeStamp : 2024-12-26 15:07:42===> API : null ===> Message : validateRequest() invoked
info: ===> TimeStamp : 2024-12-26 15:07:42===> API : null ===> Message : fetchDBSettings()
info: ===> TimeStamp : 2024-12-26 15:07:42===> API : null ===> Message : validateRequest() Invoked!
info: ===> TimeStamp : 2024-12-26 15:07:42===> API : null ===> Message : validRequest() :: Api validated Successfully
info: ===> TimeStamp : 2024-12-26 15:07:42===> API : /api/auth/validateuser ===> Message : validateUser() invoked!!
info: ===> TimeStamp : 2024-12-26 15:07:42===> API : /api/auth/validateuser ===> Message : validateUser() :: Request Object :: [object Object]
info: ===> TimeStamp : 2024-12-26 15:07:42===> API : /api/auth/validateuser ===> Message : validateUserDB() Invoked !
info: ===> TimeStamp : 2024-12-26 15:07:42===> API : /api/auth/validateuser ===> Message : validateUserResponse() invoked!
info: ===> TimeStamp : 2024-12-26 15:07:42===> API : /api/auth/validateuser ===> Message : validateUserResponse() completed
info: ===> TimeStamp : 2024-12-26 15:07:42===> API : null ===> Message : validateRequest() invoked
info: ===> TimeStamp : 2024-12-26 15:07:42===> API : null ===> Message : fetchDBSettings()
info: ===> TimeStamp : 2024-12-26 15:07:42===> API : null ===> Message : validateRequest() Invoked!
info: ===> TimeStamp : 2024-12-26 15:07:42===> API : null ===> Message : validRequest() :: Api validated Successfully
info: ===> TimeStamp : 2024-12-26 15:07:42===> API : /api/auth/login ===> Message : loginUser() invoked!!
info: ===> TimeStamp : 2024-12-26 15:07:42===> API : /api/auth/login ===> Message : loginUser() :: Request Object :: [object Object]
info: ===> TimeStamp : 2024-12-26 15:07:42===> API : /api/auth/login ===> Message : loginUserDB() Invoked !
info: ===> TimeStamp : 2024-12-26 15:07:42===> API : /api/auth/login ===> Message : loginUserResponse() invoked!
info: ===> TimeStamp : 2024-12-26 15:07:42===> API : /api/auth/login ===> Message : loginUserResponse() completed
info: ===> TimeStamp : 2024-12-26 15:23:51===> API : null ===> Message : validateRequest() invoked
info: ===> TimeStamp : 2024-12-26 15:23:51===> API : null ===> Message : fetchDBSettings()
info: ===> TimeStamp : 2024-12-26 15:23:51===> API : null ===> Message : validateRequest() Invoked!
info: ===> TimeStamp : 2024-12-26 15:23:51===> API : null ===> Message : validRequest() :: Api validated Successfully
info: ===> TimeStamp : 2024-12-26 15:23:51===> API : /api/auth/validateuser ===> Message : validateUser() invoked!!
info: ===> TimeStamp : 2024-12-26 15:23:51===> API : /api/auth/validateuser ===> Message : validateUser() :: Request Object :: [object Object]
info: ===> TimeStamp : 2024-12-26 15:23:51===> API : /api/auth/validateuser ===> Message : validateUserDB() Invoked !
info: ===> TimeStamp : 2024-12-26 15:23:51===> API : /api/auth/validateuser ===> Message : validateUserResponse() invoked!
info: ===> TimeStamp : 2024-12-26 15:23:51===> API : /api/auth/validateuser ===> Message : validateUserResponse() completed
info: ===> TimeStamp : 2024-12-26 15:23:51===> API : null ===> Message : validateRequest() invoked
info: ===> TimeStamp : 2024-12-26 15:23:51===> API : null ===> Message : fetchDBSettings()
info: ===> TimeStamp : 2024-12-26 15:23:51===> API : null ===> Message : validateRequest() Invoked!
info: ===> TimeStamp : 2024-12-26 15:23:51===> API : null ===> Message : validRequest() :: Api validated Successfully
info: ===> TimeStamp : 2024-12-26 15:23:51===> API : /api/auth/login ===> Message : loginUser() invoked!!
info: ===> TimeStamp : 2024-12-26 15:23:51===> API : /api/auth/login ===> Message : loginUser() :: Request Object :: [object Object]
info: ===> TimeStamp : 2024-12-26 15:23:51===> API : /api/auth/login ===> Message : loginUserDB() Invoked !
info: ===> TimeStamp : 2024-12-26 15:23:52===> API : /api/auth/login ===> Message : loginUserResponse() invoked!
info: ===> TimeStamp : 2024-12-26 15:23:52===> API : /api/auth/login ===> Message : loginUserResponse() completed
info: ===> TimeStamp : 2024-12-26 16:04:26===> API : null ===> Message : validateRequest() invoked
info: ===> TimeStamp : 2024-12-26 16:04:26===> API : null ===> Message : fetchDBSettings()
info: ===> TimeStamp : 2024-12-26 16:04:26===> API : null ===> Message : validateRequest() Invoked!
info: ===> TimeStamp : 2024-12-26 16:04:26===> API : null ===> Message : validRequest() :: Api validated Successfully
info: ===> TimeStamp : 2024-12-26 16:04:26===> API : /api/auth/validateuser ===> Message : validateUser() invoked!!
info: ===> TimeStamp : 2024-12-26 16:04:26===> API : /api/auth/validateuser ===> Message : validateUser() :: Request Object :: [object Object]
info: ===> TimeStamp : 2024-12-26 16:04:26===> API : /api/auth/validateuser ===> Message : validateUserDB() Invoked !
info: ===> TimeStamp : 2024-12-26 16:04:26===> API : /api/auth/validateuser ===> Message : validateUserResponse() invoked!
info: ===> TimeStamp : 2024-12-26 16:04:26===> API : /api/auth/validateuser ===> Message : validateUserResponse() completed
info: ===> TimeStamp : 2024-12-26 16:04:26===> API : null ===> Message : validateRequest() invoked
info: ===> TimeStamp : 2024-12-26 16:04:26===> API : null ===> Message : fetchDBSettings()
info: ===> TimeStamp : 2024-12-26 16:04:26===> API : null ===> Message : validateRequest() Invoked!
info: ===> TimeStamp : 2024-12-26 16:04:26===> API : null ===> Message : validRequest() :: Api validated Successfully
info: ===> TimeStamp : 2024-12-26 16:04:26===> API : /api/auth/login ===> Message : loginUser() :: Request Object :: [object Object]
info: ===> TimeStamp : 2024-12-26 16:04:26===> API : /api/auth/login ===> Message : loginUserDB() Invoked !
info: ===> TimeStamp : 2024-12-26 16:04:26===> API : /api/auth/login ===> Message : loginUser() invoked!!
info: ===> TimeStamp : 2024-12-26 16:04:26===> API : /api/auth/login ===> Message : loginUserResponse() invoked!
info: ===> TimeStamp : 2024-12-26 16:04:26===> API : /api/auth/login ===> Message : loginUserResponse() completed
info: ===> TimeStamp : 2024-12-26 16:22:48===> API : null ===> Message : validateRequest() invoked
info: ===> TimeStamp : 2024-12-26 16:22:48===> API : null ===> Message : fetchDBSettings()
info: ===> TimeStamp : 2024-12-26 16:22:48===> API : null ===> Message : validateRequest() Invoked!
info: ===> TimeStamp : 2024-12-26 16:22:48===> API : null ===> Message : validRequest() :: Api validated Successfully
info: ===> TimeStamp : 2024-12-26 16:22:48===> API : /api/auth/validateuser ===> Message : validateUser() invoked!!
info: ===> TimeStamp : 2024-12-26 16:22:48===> API : /api/auth/validateuser ===> Message : validateUser() :: Request Object :: [object Object]
info: ===> TimeStamp : 2024-12-26 16:22:48===> API : /api/auth/validateuser ===> Message : validateUserDB() Invoked !
info: ===> TimeStamp : 2024-12-26 16:22:48===> API : /api/auth/validateuser ===> Message : validateUserResponse() invoked!
info: ===> TimeStamp : 2024-12-26 16:22:48===> API : /api/auth/validateuser ===> Message : validateUserResponse() completed
info: ===> TimeStamp : 2024-12-26 16:22:48===> API : null ===> Message : validateRequest() invoked
info: ===> TimeStamp : 2024-12-26 16:22:48===> API : null ===> Message : fetchDBSettings()
info: ===> TimeStamp : 2024-12-26 16:22:48===> API : null ===> Message : validateRequest() Invoked!
info: ===> TimeStamp : 2024-12-26 16:22:48===> API : null ===> Message : validRequest() :: Api validated Successfully
info: ===> TimeStamp : 2024-12-26 16:22:48===> API : /api/auth/login ===> Message : loginUser() invoked!!
info: ===> TimeStamp : 2024-12-26 16:22:48===> API : /api/auth/login ===> Message : loginUser() :: Request Object :: [object Object]
info: ===> TimeStamp : 2024-12-26 16:22:48===> API : /api/auth/login ===> Message : loginUserDB() Invoked !
info: ===> TimeStamp : 2024-12-26 16:22:48===> API : /api/auth/login ===> Message : loginUserResponse() invoked!
info: ===> TimeStamp : 2024-12-26 16:22:48===> API : /api/auth/login ===> Message : loginUserResponse() completed
info: ===> TimeStamp : 2024-12-26 17:18:16===> API : null ===> Message : validateRequest() invoked
info: ===> TimeStamp : 2024-12-26 17:18:16===> API : null ===> Message : fetchDBSettings()
info: ===> TimeStamp : 2024-12-26 17:18:16===> API : null ===> Message : validateRequest() Invoked!
info: ===> TimeStamp : 2024-12-26 17:18:16===> API : null ===> Message : validRequest() :: Api validated Successfully
info: ===> TimeStamp : 2024-12-26 17:18:16===> API : /api/auth/validateuser ===> Message : validateUser() invoked!!
info: ===> TimeStamp : 2024-12-26 17:18:16===> API : /api/auth/validateuser ===> Message : validateUser() :: Request Object :: [object Object]
info: ===> TimeStamp : 2024-12-26 17:18:16===> API : /api/auth/validateuser ===> Message : validateUserDB() Invoked !
info: ===> TimeStamp : 2024-12-26 17:18:16===> API : /api/auth/validateuser ===> Message : validateUserResponse() invoked!
info: ===> TimeStamp : 2024-12-26 17:18:16===> API : /api/auth/validateuser ===> Message : validateUserResponse() completed
info: ===> TimeStamp : 2024-12-26 17:18:16===> API : null ===> Message : validateRequest() invoked
info: ===> TimeStamp : 2024-12-26 17:18:16===> API : null ===> Message : fetchDBSettings()
info: ===> TimeStamp : 2024-12-26 17:18:16===> API : null ===> Message : validateRequest() Invoked!
info: ===> TimeStamp : 2024-12-26 17:18:16===> API : null ===> Message : validRequest() :: Api validated Successfully
info: ===> TimeStamp : 2024-12-26 17:18:16===> API : /api/auth/login ===> Message : loginUser() invoked!!
info: ===> TimeStamp : 2024-12-26 17:18:16===> API : /api/auth/login ===> Message : loginUser() :: Request Object :: [object Object]
info: ===> TimeStamp : 2024-12-26 17:18:16===> API : /api/auth/login ===> Message : loginUserDB() Invoked !
info: ===> TimeStamp : 2024-12-26 17:18:16===> API : /api/auth/login ===> Message : loginUserResponse() invoked!
info: ===> TimeStamp : 2024-12-26 17:18:16===> API : /api/auth/login ===> Message : loginUserResponse() completed
info: ===> TimeStamp : 2024-12-26 17:23:48===> API : null ===> Message : validateRequest() invoked
info: ===> TimeStamp : 2024-12-26 17:23:48===> API : null ===> Message : fetchDBSettings()
info: ===> TimeStamp : 2024-12-26 17:23:48===> API : null ===> Message : validateRequest() Invoked!
info: ===> TimeStamp : 2024-12-26 17:23:48===> API : null ===> Message : validRequest() :: Api validated Successfully
info: ===> TimeStamp : 2024-12-26 17:23:48===> API : /api/auth/validateuser ===> Message : validateUser() invoked!!
info: ===> TimeStamp : 2024-12-26 17:23:48===> API : /api/auth/validateuser ===> Message : validateUser() :: Request Object :: [object Object]
info: ===> TimeStamp : 2024-12-26 17:23:48===> API : /api/auth/validateuser ===> Message : validateUserDB() Invoked !
info: ===> TimeStamp : 2024-12-26 17:23:48===> API : /api/auth/validateuser ===> Message : validateUserResponse() invoked!
info: ===> TimeStamp : 2024-12-26 17:23:48===> API : /api/auth/validateuser ===> Message : validateUserResponse() completed
info: ===> TimeStamp : 2024-12-26 17:23:49===> API : null ===> Message : validateRequest() invoked
info: ===> TimeStamp : 2024-12-26 17:23:49===> API : null ===> Message : fetchDBSettings()
info: ===> TimeStamp : 2024-12-26 17:23:49===> API : null ===> Message : validateRequest() Invoked!
info: ===> TimeStamp : 2024-12-26 17:23:49===> API : null ===> Message : validRequest() :: Api validated Successfully
info: ===> TimeStamp : 2024-12-26 17:23:49===> API : /api/auth/login ===> Message : loginUser() :: Request Object :: [object Object]
info: ===> TimeStamp : 2024-12-26 17:23:49===> API : /api/auth/login ===> Message : loginUser() invoked!!
info: ===> TimeStamp : 2024-12-26 17:23:49===> API : /api/auth/login ===> Message : loginUserDB() Invoked !
info: ===> TimeStamp : 2024-12-26 17:23:49===> API : /api/auth/login ===> Message : loginUserResponse() invoked!
info: ===> TimeStamp : 2024-12-26 17:23:49===> API : /api/auth/login ===> Message : loginUserResponse() completed
info: ===> TimeStamp : 2024-12-26 17:44:41===> API : null ===> Message : validateRequest() invoked
info: ===> TimeStamp : 2024-12-26 17:44:41===> API : null ===> Message : fetchDBSettings()
info: ===> TimeStamp : 2024-12-26 17:44:41===> API : null ===> Message : validateRequest() Invoked!
info: ===> TimeStamp : 2024-12-26 17:44:41===> API : null ===> Message : validRequest() :: Api validated Successfully
info: ===> TimeStamp : 2024-12-26 17:44:41===> API : /api/auth/validateuser ===> Message : validateUser() invoked!!
info: ===> TimeStamp : 2024-12-26 17:44:41===> API : /api/auth/validateuser ===> Message : validateUser() :: Request Object :: [object Object]
info: ===> TimeStamp : 2024-12-26 17:44:41===> API : /api/auth/validateuser ===> Message : validateUserDB() Invoked !
info: ===> TimeStamp : 2024-12-26 17:44:41===> API : /api/auth/validateuser ===> Message : validateUserResponse() invoked!
info: ===> TimeStamp : 2024-12-26 17:44:41===> API : /api/auth/validateuser ===> Message : validateUserResponse() completed
info: ===> TimeStamp : 2024-12-26 17:44:41===> API : null ===> Message : validateRequest() invoked
info: ===> TimeStamp : 2024-12-26 17:44:41===> API : null ===> Message : fetchDBSettings()
info: ===> TimeStamp : 2024-12-26 17:44:41===> API : null ===> Message : validateRequest() Invoked!
info: ===> TimeStamp : 2024-12-26 17:44:41===> API : null ===> Message : validRequest() :: Api validated Successfully
info: ===> TimeStamp : 2024-12-26 17:44:41===> API : /api/auth/login ===> Message : loginUser() invoked!!
info: ===> TimeStamp : 2024-12-26 17:44:41===> API : /api/auth/login ===> Message : loginUser() :: Request Object :: [object Object]
info: ===> TimeStamp : 2024-12-26 17:44:41===> API : /api/auth/login ===> Message : loginUserDB() Invoked !
info: ===> TimeStamp : 2024-12-26 17:44:41===> API : /api/auth/login ===> Message : loginUserResponse() invoked!
info: ===> TimeStamp : 2024-12-26 17:44:41===> API : /api/auth/login ===> Message : loginUserResponse() completed
info: ===> TimeStamp : 2024-12-26 18:00:01===> API : null ===> Message : validateRequest() invoked
info: ===> TimeStamp : 2024-12-26 18:00:01===> API : null ===> Message : fetchDBSettings()
info: ===> TimeStamp : 2024-12-26 18:00:01===> API : null ===> Message : validateRequest() Invoked!
info: ===> TimeStamp : 2024-12-26 18:00:01===> API : null ===> Message : validRequest() :: Api validated Successfully
info: ===> TimeStamp : 2024-12-26 18:00:01===> API : /api/auth/validateuser ===> Message : validateUser() invoked!!
info: ===> TimeStamp : 2024-12-26 18:00:01===> API : /api/auth/validateuser ===> Message : validateUser() :: Request Object :: [object Object]
info: ===> TimeStamp : 2024-12-26 18:00:01===> API : /api/auth/validateuser ===> Message : validateUserDB() Invoked !
info: ===> TimeStamp : 2024-12-26 18:00:01===> API : /api/auth/validateuser ===> Message : validateUserResponse() invoked!
info: ===> TimeStamp : 2024-12-26 18:00:01===> API : /api/auth/validateuser ===> Message : validateUserResponse() completed
info: ===> TimeStamp : 2024-12-26 18:00:01===> API : null ===> Message : validateRequest() invoked
info: ===> TimeStamp : 2024-12-26 18:00:01===> API : null ===> Message : fetchDBSettings()
info: ===> TimeStamp : 2024-12-26 18:00:01===> API : null ===> Message : validateRequest() Invoked!
info: ===> TimeStamp : 2024-12-26 18:00:01===> API : null ===> Message : validRequest() :: Api validated Successfully
info: ===> TimeStamp : 2024-12-26 18:00:01===> API : /api/auth/login ===> Message : loginUser() invoked!!
info: ===> TimeStamp : 2024-12-26 18:00:01===> API : /api/auth/login ===> Message : loginUser() :: Request Object :: [object Object]
info: ===> TimeStamp : 2024-12-26 18:00:01===> API : /api/auth/login ===> Message : loginUserDB() Invoked !
info: ===> TimeStamp : 2024-12-26 18:00:01===> API : /api/auth/login ===> Message : loginUserResponse() invoked!
info: ===> TimeStamp : 2024-12-26 18:00:01===> API : /api/auth/login ===> Message : loginUserResponse() completed
info: ===> TimeStamp : 2024-12-26 18:09:46===> API : null ===> Message : validateRequest() invoked
info: ===> TimeStamp : 2024-12-26 18:09:46===> API : null ===> Message : fetchDBSettings()
info: ===> TimeStamp : 2024-12-26 18:09:46===> API : null ===> Message : validateRequest() Invoked!
info: ===> TimeStamp : 2024-12-26 18:09:46===> API : null ===> Message : validRequest() :: Api validated Successfully
info: ===> TimeStamp : 2024-12-26 18:09:46===> API : /api/auth/validateuser ===> Message : validateUser() invoked!!
info: ===> TimeStamp : 2024-12-26 18:09:46===> API : /api/auth/validateuser ===> Message : validateUser() :: Request Object :: [object Object]
info: ===> TimeStamp : 2024-12-26 18:09:46===> API : /api/auth/validateuser ===> Message : validateUserDB() Invoked !
info: ===> TimeStamp : 2024-12-26 18:09:46===> API : /api/auth/validateuser ===> Message : validateUserResponse() invoked!
info: ===> TimeStamp : 2024-12-26 18:09:46===> API : /api/auth/validateuser ===> Message : validateUserResponse() completed
info: ===> TimeStamp : 2024-12-26 18:09:46===> API : null ===> Message : validateRequest() invoked
info: ===> TimeStamp : 2024-12-26 18:09:46===> API : null ===> Message : fetchDBSettings()
info: ===> TimeStamp : 2024-12-26 18:09:46===> API : null ===> Message : validateRequest() invoked
info: ===> TimeStamp : 2024-12-26 18:09:46===> API : null ===> Message : fetchDBSettings()
info: ===> TimeStamp : 2024-12-26 18:09:46===> API : null ===> Message : validateRequest() Invoked!
info: ===> TimeStamp : 2024-12-26 18:09:46===> API : null ===> Message : validateRequest() Invoked!
info: ===> TimeStamp : 2024-12-26 18:09:46===> API : null ===> Message : validRequest() :: Api validated Successfully
info: ===> TimeStamp : 2024-12-26 18:09:46===> API : /api/auth/validateuser ===> Message : validateUser() :: Request Object :: [object Object]
info: ===> TimeStamp : 2024-12-26 18:09:46===> API : /api/auth/validateuser ===> Message : validateUser() invoked!!
info: ===> TimeStamp : 2024-12-26 18:09:46===> API : /api/auth/validateuser ===> Message : validateUserDB() Invoked !
info: ===> TimeStamp : 2024-12-26 18:09:46===> API : null ===> Message : validRequest() :: Api validated Successfully
info: ===> TimeStamp : 2024-12-26 18:09:46===> API : /api/auth/login ===> Message : loginUser() invoked!!
info: ===> TimeStamp : 2024-12-26 18:09:46===> API : /api/auth/login ===> Message : loginUser() :: Request Object :: [object Object]
info: ===> TimeStamp : 2024-12-26 18:09:46===> API : /api/auth/login ===> Message : loginUserDB() Invoked !
info: ===> TimeStamp : 2024-12-26 18:09:46===> API : /api/auth/validateuser ===> Message : validateUserResponse() invoked!
info: ===> TimeStamp : 2024-12-26 18:09:46===> API : /api/auth/validateuser ===> Message : validateUserResponse() completed
info: ===> TimeStamp : 2024-12-26 18:09:46===> API : null ===> Message : validateRequest() invoked
info: ===> TimeStamp : 2024-12-26 18:09:46===> API : null ===> Message : fetchDBSettings()
info: ===> TimeStamp : 2024-12-26 18:09:46===> API : /api/auth/login ===> Message : loginUserResponse() invoked!
info: ===> TimeStamp : 2024-12-26 18:09:46===> API : /api/auth/login ===> Message : loginUserResponse() completed
info: ===> TimeStamp : 2024-12-26 18:09:46===> API : null ===> Message : validateRequest() Invoked!
info: ===> TimeStamp : 2024-12-26 18:09:46===> API : null ===> Message : validRequest() :: Api validated Successfully
info: ===> TimeStamp : 2024-12-26 18:09:46===> API : /api/auth/login ===> Message : loginUser() invoked!!
info: ===> TimeStamp : 2024-12-26 18:09:46===> API : /api/auth/login ===> Message : loginUser() :: Request Object :: [object Object]
info: ===> TimeStamp : 2024-12-26 18:09:46===> API : /api/auth/login ===> Message : loginUserDB() Invoked !
info: ===> TimeStamp : 2024-12-26 18:09:46===> API : /api/auth/login ===> Message : loginUserResponse() invoked!
info: ===> TimeStamp : 2024-12-26 18:09:46===> API : /api/auth/login ===> Message : loginUserResponse() completed
info: ===> TimeStamp : 2024-12-26 18:18:48===> API : null ===> Message : validateRequest() invoked
info: ===> TimeStamp : 2024-12-26 18:18:48===> API : null ===> Message : fetchDBSettings()
info: ===> TimeStamp : 2024-12-26 18:18:48===> API : null ===> Message : validateRequest() Invoked!
info: ===> TimeStamp : 2024-12-26 18:18:48===> API : null ===> Message : validRequest() :: Api validated Successfully
info: ===> TimeStamp : 2024-12-26 18:18:48===> API : /api/auth/validateuser ===> Message : validateUser() invoked!!
info: ===> TimeStamp : 2024-12-26 18:18:48===> API : /api/auth/validateuser ===> Message : validateUser() :: Request Object :: [object Object]
info: ===> TimeStamp : 2024-12-26 18:18:48===> API : /api/auth/validateuser ===> Message : validateUserDB() Invoked !
info: ===> TimeStamp : 2024-12-26 18:18:48===> API : /api/auth/validateuser ===> Message : validateUserResponse() invoked!
info: ===> TimeStamp : 2024-12-26 18:18:48===> API : /api/auth/validateuser ===> Message : validateUserResponse() completed
info: ===> TimeStamp : 2024-12-26 18:18:48===> API : null ===> Message : validateRequest() invoked
info: ===> TimeStamp : 2024-12-26 18:18:48===> API : null ===> Message : fetchDBSettings()
info: ===> TimeStamp : 2024-12-26 18:18:48===> API : null ===> Message : validateRequest() Invoked!
info: ===> TimeStamp : 2024-12-26 18:18:48===> API : null ===> Message : validRequest() :: Api validated Successfully
info: ===> TimeStamp : 2024-12-26 18:18:48===> API : /api/auth/login ===> Message : loginUser() invoked!!
info: ===> TimeStamp : 2024-12-26 18:18:48===> API : /api/auth/login ===> Message : loginUser() :: Request Object :: [object Object]
info: ===> TimeStamp : 2024-12-26 18:18:48===> API : /api/auth/login ===> Message : loginUserDB() Invoked !
info: ===> TimeStamp : 2024-12-26 18:18:48===> API : /api/auth/login ===> Message : loginUserResponse() invoked!
info: ===> TimeStamp : 2024-12-26 18:18:48===> API : /api/auth/login ===> Message : loginUserResponse() completed
info: ===> TimeStamp : 2024-12-26 18:26:33===> API : null ===> Message : validateRequest() invoked
info: ===> TimeStamp : 2024-12-26 18:26:33===> API : null ===> Message : fetchDBSettings()
info: ===> TimeStamp : 2024-12-26 18:26:33===> API : null ===> Message : validateRequest() Invoked!
info: ===> TimeStamp : 2024-12-26 18:26:33===> API : null ===> Message : validRequest() :: Api validated Successfully
info: ===> TimeStamp : 2024-12-26 18:26:33===> API : /api/auth/validateuser ===> Message : validateUser() invoked!!
info: ===> TimeStamp : 2024-12-26 18:26:33===> API : /api/auth/validateuser ===> Message : validateUser() :: Request Object :: [object Object]
info: ===> TimeStamp : 2024-12-26 18:26:33===> API : /api/auth/validateuser ===> Message : validateUserDB() Invoked !
info: ===> TimeStamp : 2024-12-26 18:26:33===> API : /api/auth/validateuser ===> Message : validateUserResponse() invoked!
info: ===> TimeStamp : 2024-12-26 18:26:33===> API : /api/auth/validateuser ===> Message : validateUserResponse() completed
info: ===> TimeStamp : 2024-12-26 18:26:33===> API : null ===> Message : validateRequest() invoked
info: ===> TimeStamp : 2024-12-26 18:26:33===> API : null ===> Message : fetchDBSettings()
info: ===> TimeStamp : 2024-12-26 18:26:33===> API : null ===> Message : validateRequest() Invoked!
info: ===> TimeStamp : 2024-12-26 18:26:33===> API : null ===> Message : validRequest() :: Api validated Successfully
info: ===> TimeStamp : 2024-12-26 18:26:33===> API : /api/auth/login ===> Message : loginUser() invoked!!
info: ===> TimeStamp : 2024-12-26 18:26:33===> API : /api/auth/login ===> Message : loginUser() :: Request Object :: [object Object]
info: ===> TimeStamp : 2024-12-26 18:26:33===> API : /api/auth/login ===> Message : loginUserDB() Invoked !
info: ===> TimeStamp : 2024-12-26 18:26:33===> API : /api/auth/login ===> Message : loginUserResponse() invoked!
info: ===> TimeStamp : 2024-12-26 18:26:33===> API : /api/auth/login ===> Message : loginUserResponse() completed
info: ===> TimeStamp : 2024-12-26 18:45:45===> API : null ===> Message : validateRequest() invoked
info: ===> TimeStamp : 2024-12-26 18:45:45===> API : null ===> Message : fetchDBSettings()
info: ===> TimeStamp : 2024-12-26 18:45:45===> API : null ===> Message : validateRequest() Invoked!
info: ===> TimeStamp : 2024-12-26 18:45:45===> API : null ===> Message : validRequest() :: Api validated Successfully
info: ===> TimeStamp : 2024-12-26 18:45:45===> API : /api/auth/validateuser ===> Message : validateUserDB() Invoked !
info: ===> TimeStamp : 2024-12-26 18:45:45===> API : /api/auth/validateuser ===> Message : validateUser() invoked!!
info: ===> TimeStamp : 2024-12-26 18:45:45===> API : /api/auth/validateuser ===> Message : validateUser() :: Request Object :: [object Object]
info: ===> TimeStamp : 2024-12-26 18:45:45===> API : /api/auth/validateuser ===> Message : validateUserResponse() invoked!
info: ===> TimeStamp : 2024-12-26 18:45:45===> API : /api/auth/validateuser ===> Message : validateUserResponse() completed
info: ===> TimeStamp : 2024-12-26 18:45:45===> API : null ===> Message : validateRequest() invoked
info: ===> TimeStamp : 2024-12-26 18:45:45===> API : null ===> Message : fetchDBSettings()
info: ===> TimeStamp : 2024-12-26 18:45:45===> API : null ===> Message : validateRequest() Invoked!
info: ===> TimeStamp : 2024-12-26 18:45:45===> API : null ===> Message : validRequest() :: Api validated Successfully
info: ===> TimeStamp : 2024-12-26 18:45:45===> API : /api/auth/login ===> Message : loginUser() invoked!!
info: ===> TimeStamp : 2024-12-26 18:45:45===> API : /api/auth/login ===> Message : loginUser() :: Request Object :: [object Object]
info: ===> TimeStamp : 2024-12-26 18:45:45===> API : /api/auth/login ===> Message : loginUserDB() Invoked !
info: ===> TimeStamp : 2024-12-26 18:45:46===> API : /api/auth/login ===> Message : loginUserResponse() invoked!
info: ===> TimeStamp : 2024-12-26 18:45:46===> API : /api/auth/login ===> Message : loginUserResponse() completed
info: ===> TimeStamp : 2024-12-26 18:53:47===> API : null ===> Message : validateRequest() invoked
info: ===> TimeStamp : 2024-12-26 18:53:47===> API : null ===> Message : fetchDBSettings()
info: ===> TimeStamp : 2024-12-26 18:53:47===> API : null ===> Message : validateRequest() Invoked!
info: ===> TimeStamp : 2024-12-26 18:53:47===> API : null ===> Message : validRequest() :: Api validated Successfully
info: ===> TimeStamp : 2024-12-26 18:53:47===> API : /api/auth/validateuser ===> Message : validateUser() invoked!!
info: ===> TimeStamp : 2024-12-26 18:53:47===> API : /api/auth/validateuser ===> Message : validateUser() :: Request Object :: [object Object]
info: ===> TimeStamp : 2024-12-26 18:53:47===> API : /api/auth/validateuser ===> Message : validateUserDB() Invoked !
info: ===> TimeStamp : 2024-12-26 18:53:47===> API : /api/auth/validateuser ===> Message : validateUserResponse() invoked!
info: ===> TimeStamp : 2024-12-26 18:53:47===> API : /api/auth/validateuser ===> Message : validateUserResponse() completed
info: ===> TimeStamp : 2024-12-26 18:53:47===> API : null ===> Message : validateRequest() invoked
info: ===> TimeStamp : 2024-12-26 18:53:47===> API : null ===> Message : fetchDBSettings()
info: ===> TimeStamp : 2024-12-26 18:53:47===> API : null ===> Message : validateRequest() Invoked!
info: ===> TimeStamp : 2024-12-26 18:53:47===> API : null ===> Message : validRequest() :: Api validated Successfully
info: ===> TimeStamp : 2024-12-26 18:53:47===> API : /api/auth/login ===> Message : loginUser() invoked!!
info: ===> TimeStamp : 2024-12-26 18:53:47===> API : /api/auth/login ===> Message : loginUser() :: Request Object :: [object Object]
info: ===> TimeStamp : 2024-12-26 18:53:47===> API : /api/auth/login ===> Message : loginUserDB() Invoked !
info: ===> TimeStamp : 2024-12-26 18:53:47===> API : /api/auth/login ===> Message : loginUserResponse() invoked!
info: ===> TimeStamp : 2024-12-26 18:53:47===> API : /api/auth/login ===> Message : loginUserResponse() completed
info: ===> TimeStamp : 2024-12-26 18:56:14===> API : null ===> Message : validateRequest() invoked
info: ===> TimeStamp : 2024-12-26 18:56:14===> API : null ===> Message : fetchDBSettings()
info: ===> TimeStamp : 2024-12-26 18:56:14===> API : null ===> Message : validateRequest() Invoked!
info: ===> TimeStamp : 2024-12-26 18:56:14===> API : null ===> Message : validRequest() :: Api validated Successfully
info: ===> TimeStamp : 2024-12-26 18:56:14===> API : /api/auth/validateuser ===> Message : validateUser() invoked!!
info: ===> TimeStamp : 2024-12-26 18:56:14===> API : /api/auth/validateuser ===> Message : validateUser() :: Request Object :: [object Object]
info: ===> TimeStamp : 2024-12-26 18:56:14===> API : /api/auth/validateuser ===> Message : validateUserDB() Invoked !
info: ===> TimeStamp : 2024-12-26 18:56:14===> API : /api/auth/validateuser ===> Message : validateUserResponse() invoked!
info: ===> TimeStamp : 2024-12-26 18:56:14===> API : /api/auth/validateuser ===> Message : validateUserResponse() completed
info: ===> TimeStamp : 2024-12-26 18:56:14===> API : null ===> Message : validateRequest() invoked
info: ===> TimeStamp : 2024-12-26 18:56:14===> API : null ===> Message : fetchDBSettings()
info: ===> TimeStamp : 2024-12-26 18:56:14===> API : null ===> Message : validateRequest() Invoked!
info: ===> TimeStamp : 2024-12-26 18:56:14===> API : null ===> Message : validRequest() :: Api validated Successfully
info: ===> TimeStamp : 2024-12-26 18:56:14===> API : /api/auth/login ===> Message : loginUser() invoked!!
info: ===> TimeStamp : 2024-12-26 18:56:14===> API : /api/auth/login ===> Message : loginUser() :: Request Object :: [object Object]
info: ===> TimeStamp : 2024-12-26 18:56:14===> API : /api/auth/login ===> Message : loginUserDB() Invoked !
info: ===> TimeStamp : 2024-12-26 18:56:14===> API : /api/auth/login ===> Message : loginUserResponse() invoked!
info: ===> TimeStamp : 2024-12-26 18:56:14===> API : /api/auth/login ===> Message : loginUserResponse() completed
info: ===> TimeStamp : 2024-12-26 19:00:50===> API : null ===> Message : validateRequest() invoked
info: ===> TimeStamp : 2024-12-26 19:00:50===> API : null ===> Message : fetchDBSettings()
info: ===> TimeStamp : 2024-12-26 19:00:50===> API : null ===> Message : validateRequest() Invoked!
info: ===> TimeStamp : 2024-12-26 19:00:50===> API : null ===> Message : validRequest() :: Api validated Successfully
info: ===> TimeStamp : 2024-12-26 19:00:50===> API : /api/auth/validateuser ===> Message : validateUser() invoked!!
info: ===> TimeStamp : 2024-12-26 19:00:50===> API : /api/auth/validateuser ===> Message : validateUser() :: Request Object :: [object Object]
info: ===> TimeStamp : 2024-12-26 19:00:50===> API : /api/auth/validateuser ===> Message : validateUserDB() Invoked !
info: ===> TimeStamp : 2024-12-26 19:00:50===> API : /api/auth/validateuser ===> Message : validateUserResponse() invoked!
info: ===> TimeStamp : 2024-12-26 19:00:50===> API : /api/auth/validateuser ===> Message : validateUserResponse() completed
info: ===> TimeStamp : 2024-12-26 19:00:50===> API : null ===> Message : validateRequest() invoked
info: ===> TimeStamp : 2024-12-26 19:00:50===> API : null ===> Message : fetchDBSettings()
info: ===> TimeStamp : 2024-12-26 19:00:50===> API : null ===> Message : validateRequest() Invoked!
info: ===> TimeStamp : 2024-12-26 19:00:50===> API : null ===> Message : validRequest() :: Api validated Successfully
info: ===> TimeStamp : 2024-12-26 19:00:50===> API : /api/auth/login ===> Message : loginUser() invoked!!
info: ===> TimeStamp : 2024-12-26 19:00:50===> API : /api/auth/login ===> Message : loginUser() :: Request Object :: [object Object]
info: ===> TimeStamp : 2024-12-26 19:00:50===> API : /api/auth/login ===> Message : loginUserDB() Invoked !
info: ===> TimeStamp : 2024-12-26 19:00:50===> API : /api/auth/login ===> Message : loginUserResponse() invoked!
info: ===> TimeStamp : 2024-12-26 19:00:50===> API : /api/auth/login ===> Message : loginUserResponse() completed
info: ===> TimeStamp : 2024-12-26 19:04:02===> API : null ===> Message : validateRequest() invoked
info: ===> TimeStamp : 2024-12-26 19:04:02===> API : null ===> Message : fetchDBSettings()
info: ===> TimeStamp : 2024-12-26 19:04:02===> API : null ===> Message : validateRequest() Invoked!
info: ===> TimeStamp : 2024-12-26 19:04:02===> API : null ===> Message : validRequest() :: Api validated Successfully
info: ===> TimeStamp : 2024-12-26 19:04:02===> API : /api/auth/validateuser ===> Message : validateUser() invoked!!
info: ===> TimeStamp : 2024-12-26 19:04:02===> API : /api/auth/validateuser ===> Message : validateUser() :: Request Object :: [object Object]
info: ===> TimeStamp : 2024-12-26 19:04:02===> API : /api/auth/validateuser ===> Message : validateUserDB() Invoked !
info: ===> TimeStamp : 2024-12-26 19:04:02===> API : /api/auth/validateuser ===> Message : validateUserResponse() invoked!
info: ===> TimeStamp : 2024-12-26 19:04:02===> API : /api/auth/validateuser ===> Message : validateUserResponse() completed
info: ===> TimeStamp : 2024-12-26 19:04:02===> API : null ===> Message : validateRequest() invoked
info: ===> TimeStamp : 2024-12-26 19:04:02===> API : null ===> Message : fetchDBSettings()
info: ===> TimeStamp : 2024-12-26 19:04:02===> API : null ===> Message : validateRequest() Invoked!
info: ===> TimeStamp : 2024-12-26 19:04:02===> API : null ===> Message : validRequest() :: Api validated Successfully
info: ===> TimeStamp : 2024-12-26 19:04:02===> API : /api/auth/login ===> Message : loginUser() invoked!!
info: ===> TimeStamp : 2024-12-26 19:04:02===> API : /api/auth/login ===> Message : loginUser() :: Request Object :: [object Object]
info: ===> TimeStamp : 2024-12-26 19:04:02===> API : /api/auth/login ===> Message : loginUserDB() Invoked !
info: ===> TimeStamp : 2024-12-26 19:04:02===> API : /api/auth/login ===> Message : loginUserResponse() invoked!
info: ===> TimeStamp : 2024-12-26 19:04:02===> API : /api/auth/login ===> Message : loginUserResponse() completed
info: ===> TimeStamp : 2024-12-26 19:05:55===> API : null ===> Message : validateRequest() invoked
info: ===> TimeStamp : 2024-12-26 19:05:55===> API : null ===> Message : fetchDBSettings()
info: ===> TimeStamp : 2024-12-26 19:05:55===> API : null ===> Message : validateRequest() Invoked!
info: ===> TimeStamp : 2024-12-26 19:05:55===> API : null ===> Message : validRequest() :: Api validated Successfully
info: ===> TimeStamp : 2024-12-26 19:05:55===> API : /api/auth/validateuser ===> Message : validateUser() invoked!!
info: ===> TimeStamp : 2024-12-26 19:05:55===> API : /api/auth/validateuser ===> Message : validateUser() :: Request Object :: [object Object]
info: ===> TimeStamp : 2024-12-26 19:05:55===> API : /api/auth/validateuser ===> Message : validateUserDB() Invoked !
info: ===> TimeStamp : 2024-12-26 19:05:55===> API : /api/auth/validateuser ===> Message : validateUserResponse() invoked!
info: ===> TimeStamp : 2024-12-26 19:05:55===> API : /api/auth/validateuser ===> Message : validateUserResponse() completed
info: ===> TimeStamp : 2024-12-26 19:05:56===> API : null ===> Message : validateRequest() invoked
info: ===> TimeStamp : 2024-12-26 19:05:56===> API : null ===> Message : fetchDBSettings()
info: ===> TimeStamp : 2024-12-26 19:05:56===> API : null ===> Message : validateRequest() Invoked!
info: ===> TimeStamp : 2024-12-26 19:05:56===> API : null ===> Message : validRequest() :: Api validated Successfully
info: ===> TimeStamp : 2024-12-26 19:05:56===> API : /api/auth/login ===> Message : loginUser() invoked!!
info: ===> TimeStamp : 2024-12-26 19:05:56===> API : /api/auth/login ===> Message : loginUser() :: Request Object :: [object Object]
info: ===> TimeStamp : 2024-12-26 19:05:56===> API : /api/auth/login ===> Message : loginUserDB() Invoked !
info: ===> TimeStamp : 2024-12-26 19:05:56===> API : /api/auth/login ===> Message : loginUserResponse() invoked!
info: ===> TimeStamp : 2024-12-26 19:05:56===> API : /api/auth/login ===> Message : loginUserResponse() completed
info: ===> TimeStamp : 2024-12-26 19:06:03===> API : null ===> Message : validateRequest() invoked
info: ===> TimeStamp : 2024-12-26 19:06:03===> API : null ===> Message : fetchDBSettings()
info: ===> TimeStamp : 2024-12-26 19:06:03===> API : null ===> Message : validateRequest() Invoked!
info: ===> TimeStamp : 2024-12-26 19:06:03===> API : null ===> Message : validRequest() :: Api validated Successfully
info: ===> TimeStamp : 2024-12-26 19:06:03===> API : /api/auth/validateuser ===> Message : validateUser() invoked!!
info: ===> TimeStamp : 2024-12-26 19:06:03===> API : /api/auth/validateuser ===> Message : validateUser() :: Request Object :: [object Object]
info: ===> TimeStamp : 2024-12-26 19:06:03===> API : /api/auth/validateuser ===> Message : validateUserDB() Invoked !
info: ===> TimeStamp : 2024-12-26 19:06:03===> API : /api/auth/validateuser ===> Message : validateUserResponse() invoked!
info: ===> TimeStamp : 2024-12-26 19:06:03===> API : /api/auth/validateuser ===> Message : validateUserResponse() completed
info: ===> TimeStamp : 2024-12-26 19:06:03===> API : null ===> Message : validateRequest() invoked
info: ===> TimeStamp : 2024-12-26 19:06:03===> API : null ===> Message : fetchDBSettings()
info: ===> TimeStamp : 2024-12-26 19:06:03===> API : null ===> Message : validateRequest() Invoked!
info: ===> TimeStamp : 2024-12-26 19:06:03===> API : null ===> Message : validRequest() :: Api validated Successfully
info: ===> TimeStamp : 2024-12-26 19:06:03===> API : /api/auth/login ===> Message : loginUser() invoked!!
info: ===> TimeStamp : 2024-12-26 19:06:03===> API : /api/auth/login ===> Message : loginUser() :: Request Object :: [object Object]
info: ===> TimeStamp : 2024-12-26 19:06:03===> API : /api/auth/login ===> Message : loginUserDB() Invoked !
info: ===> TimeStamp : 2024-12-26 19:06:03===> API : /api/auth/login ===> Message : loginUserResponse() invoked!
info: ===> TimeStamp : 2024-12-26 19:06:03===> API : /api/auth/login ===> Message : loginUserResponse() completed
info: ===> TimeStamp : 2024-12-26 19:13:50===> API : null ===> Message : validateRequest() invoked
info: ===> TimeStamp : 2024-12-26 19:13:50===> API : null ===> Message : fetchDBSettings()
info: ===> TimeStamp : 2024-12-26 19:13:50===> API : null ===> Message : validateRequest() Invoked!
info: ===> TimeStamp : 2024-12-26 19:13:50===> API : null ===> Message : validRequest() :: Api validated Successfully
info: ===> TimeStamp : 2024-12-26 19:13:50===> API : /api/auth/logout ===> Message : logoutUser() :: Request Object :: [object Object]
info: ===> TimeStamp : 2024-12-26 19:13:50===> API : /api/auth/logout ===> Message : logoutUserDB() Invoked !
info: ===> TimeStamp : 2024-12-26 19:13:50===> API : /api/auth/logout ===> Message : logoutUser() invoked!!
info: ===> TimeStamp : 2024-12-26 19:13:50===> API : /api/auth/logout ===> Message : logoutUserResponse() invoked!
info: ===> TimeStamp : 2024-12-26 19:13:50===> API : /api/auth/logout ===> Message : logoutUserResponse() completed
info: ===> TimeStamp : 2024-12-26 19:21:50===> API : null ===> Message : validateRequest() invoked
info: ===> TimeStamp : 2024-12-26 19:21:50===> API : null ===> Message : fetchDBSettings()
info: ===> TimeStamp : 2024-12-26 19:21:50===> API : null ===> Message : validateRequest() Invoked!
info: ===> TimeStamp : 2024-12-26 19:21:50===> API : null ===> Message : validRequest() :: Api validated Successfully
info: ===> TimeStamp : 2024-12-26 19:21:50===> API : /api/auth/validateuser ===> Message : validateUser() invoked!!
info: ===> TimeStamp : 2024-12-26 19:21:50===> API : /api/auth/validateuser ===> Message : validateUser() :: Request Object :: [object Object]
info: ===> TimeStamp : 2024-12-26 19:21:50===> API : /api/auth/validateuser ===> Message : validateUserDB() Invoked !
info: ===> TimeStamp : 2024-12-26 19:21:50===> API : /api/auth/validateuser ===> Message : validateUserResponse() invoked!
info: ===> TimeStamp : 2024-12-26 19:21:50===> API : /api/auth/validateuser ===> Message : validateUserResponse() completed
info: ===> TimeStamp : 2024-12-26 19:21:50===> API : null ===> Message : validateRequest() invoked
info: ===> TimeStamp : 2024-12-26 19:21:50===> API : null ===> Message : fetchDBSettings()
info: ===> TimeStamp : 2024-12-26 19:21:50===> API : null ===> Message : validateRequest() Invoked!
info: ===> TimeStamp : 2024-12-26 19:21:50===> API : null ===> Message : validRequest() :: Api validated Successfully
info: ===> TimeStamp : 2024-12-26 19:21:50===> API : /api/auth/login ===> Message : loginUser() :: Request Object :: [object Object]
info: ===> TimeStamp : 2024-12-26 19:21:50===> API : /api/auth/login ===> Message : loginUser() invoked!!
info: ===> TimeStamp : 2024-12-26 19:21:50===> API : /api/auth/login ===> Message : loginUserDB() Invoked !
info: ===> TimeStamp : 2024-12-26 19:21:50===> API : /api/auth/login ===> Message : loginUserResponse() invoked!
info: ===> TimeStamp : 2024-12-26 19:21:50===> API : /api/auth/login ===> Message : loginUserResponse() completed
info: ===> TimeStamp : 2024-12-26 19:29:53===> API : null ===> Message : validateRequest() invoked
info: ===> TimeStamp : 2024-12-26 19:29:53===> API : null ===> Message : fetchDBSettings()
info: ===> TimeStamp : 2024-12-26 19:29:53===> API : null ===> Message : validateRequest() Invoked!
info: ===> TimeStamp : 2024-12-26 19:29:53===> API : null ===> Message : validRequest() :: Api validated Successfully
info: ===> TimeStamp : 2024-12-26 19:29:53===> API : /api/auth/validateuser ===> Message : validateUser() :: Request Object :: [object Object]
info: ===> TimeStamp : 2024-12-26 19:29:53===> API : /api/auth/validateuser ===> Message : validateUserDB() Invoked !
info: ===> TimeStamp : 2024-12-26 19:29:53===> API : /api/auth/validateuser ===> Message : validateUser() invoked!!
info: ===> TimeStamp : 2024-12-26 19:29:53===> API : /api/auth/validateuser ===> Message : validateUserResponse() invoked!
info: ===> TimeStamp : 2024-12-26 19:29:53===> API : /api/auth/validateuser ===> Message : validateUserResponse() completed
info: ===> TimeStamp : 2024-12-26 19:29:53===> API : null ===> Message : validateRequest() invoked
info: ===> TimeStamp : 2024-12-26 19:29:53===> API : null ===> Message : fetchDBSettings()
info: ===> TimeStamp : 2024-12-26 19:29:53===> API : null ===> Message : validateRequest() Invoked!
info: ===> TimeStamp : 2024-12-26 19:29:53===> API : null ===> Message : validRequest() :: Api validated Successfully
info: ===> TimeStamp : 2024-12-26 19:29:53===> API : /api/auth/login ===> Message : loginUser() invoked!!
info: ===> TimeStamp : 2024-12-26 19:29:53===> API : /api/auth/login ===> Message : loginUser() :: Request Object :: [object Object]
info: ===> TimeStamp : 2024-12-26 19:29:53===> API : /api/auth/login ===> Message : loginUserDB() Invoked !
info: ===> TimeStamp : 2024-12-26 19:29:53===> API : /api/auth/login ===> Message : loginUserResponse() invoked!
info: ===> TimeStamp : 2024-12-26 19:29:53===> API : /api/auth/login ===> Message : loginUserResponse() completed
info: ===> TimeStamp : 2024-12-26 19:29:56===> API : null ===> Message : validateRequest() invoked
info: ===> TimeStamp : 2024-12-26 19:29:56===> API : null ===> Message : fetchDBSettings()
info: ===> TimeStamp : 2024-12-26 19:29:56===> API : null ===> Message : validateRequest() Invoked!
info: ===> TimeStamp : 2024-12-26 19:29:56===> API : null ===> Message : validRequest() :: Api validated Successfully
info: ===> TimeStamp : 2024-12-26 19:29:56===> API : /api/auth/validateuser ===> Message : validateUser() invoked!!
info: ===> TimeStamp : 2024-12-26 19:29:56===> API : /api/auth/validateuser ===> Message : validateUser() :: Request Object :: [object Object]
info: ===> TimeStamp : 2024-12-26 19:29:56===> API : /api/auth/validateuser ===> Message : validateUserDB() Invoked !
info: ===> TimeStamp : 2024-12-26 19:29:56===> API : /api/auth/validateuser ===> Message : validateUserResponse() completed
info: ===> TimeStamp : 2024-12-26 19:29:56===> API : /api/auth/validateuser ===> Message : validateUserResponse() invoked!
info: ===> TimeStamp : 2024-12-26 19:29:56===> API : null ===> Message : validateRequest() invoked
info: ===> TimeStamp : 2024-12-26 19:29:56===> API : null ===> Message : fetchDBSettings()
info: ===> TimeStamp : 2024-12-26 19:29:56===> API : null ===> Message : validateRequest() Invoked!
info: ===> TimeStamp : 2024-12-26 19:29:56===> API : null ===> Message : validRequest() :: Api validated Successfully
info: ===> TimeStamp : 2024-12-26 19:29:56===> API : /api/auth/login ===> Message : loginUser() invoked!!
info: ===> TimeStamp : 2024-12-26 19:29:56===> API : /api/auth/login ===> Message : loginUser() :: Request Object :: [object Object]
info: ===> TimeStamp : 2024-12-26 19:29:56===> API : /api/auth/login ===> Message : loginUserDB() Invoked !
info: ===> TimeStamp : 2024-12-26 19:29:56===> API : /api/auth/login ===> Message : loginUserResponse() invoked!
info: ===> TimeStamp : 2024-12-26 19:29:56===> API : /api/auth/login ===> Message : loginUserResponse() completed
info: ===> TimeStamp : 2024-12-26 19:58:55===> API : null ===> Message : validateRequest() invoked
info: ===> TimeStamp : 2024-12-26 19:58:55===> API : null ===> Message : fetchDBSettings()
info: ===> TimeStamp : 2024-12-26 19:58:55===> API : null ===> Message : validateRequest() Invoked!
info: ===> TimeStamp : 2024-12-26 19:58:55===> API : null ===> Message : validRequest() :: Api validated Successfully
info: ===> TimeStamp : 2024-12-26 19:58:55===> API : /api/auth/validateuser ===> Message : validateUser() invoked!!
info: ===> TimeStamp : 2024-12-26 19:58:55===> API : /api/auth/validateuser ===> Message : validateUser() :: Request Object :: [object Object]
info: ===> TimeStamp : 2024-12-26 19:58:55===> API : /api/auth/validateuser ===> Message : validateUserDB() Invoked !
info: ===> TimeStamp : 2024-12-26 19:58:55===> API : /api/auth/validateuser ===> Message : validateUserResponse() invoked!
info: ===> TimeStamp : 2024-12-26 19:58:55===> API : /api/auth/validateuser ===> Message : validateUserResponse() completed
info: ===> TimeStamp : 2024-12-26 19:58:55===> API : null ===> Message : validateRequest() invoked
info: ===> TimeStamp : 2024-12-26 19:58:55===> API : null ===> Message : fetchDBSettings()
info: ===> TimeStamp : 2024-12-26 19:58:55===> API : null ===> Message : validateRequest() Invoked!
info: ===> TimeStamp : 2024-12-26 19:58:55===> API : null ===> Message : validRequest() :: Api validated Successfully
info: ===> TimeStamp : 2024-12-26 19:58:55===> API : /api/auth/login ===> Message : loginUser() :: Request Object :: [object Object]
info: ===> TimeStamp : 2024-12-26 19:58:55===> API : /api/auth/login ===> Message : loginUser() invoked!!
info: ===> TimeStamp : 2024-12-26 19:58:55===> API : /api/auth/login ===> Message : loginUserDB() Invoked !
info: ===> TimeStamp : 2024-12-26 19:58:55===> API : /api/auth/login ===> Message : loginUserResponse() invoked!
info: ===> TimeStamp : 2024-12-26 19:58:55===> API : /api/auth/login ===> Message : loginUserResponse() completed
info: ===> TimeStamp : 2024-12-26 20:31:59===> API : null ===> Message : fetchDBSettings()
info: ===> TimeStamp : 2024-12-26 20:31:59===> API : null ===> Message : validateRequest() invoked
info: ===> TimeStamp : 2024-12-26 20:31:59===> API : null ===> Message : validateRequest() Invoked!
info: ===> TimeStamp : 2024-12-26 20:31:59===> API : null ===> Message : validRequest() :: Api validated Successfully
info: ===> TimeStamp : 2024-12-26 20:31:59===> API : /api/auth/validateuser ===> Message : validateUser() invoked!!
info: ===> TimeStamp : 2024-12-26 20:31:59===> API : /api/auth/validateuser ===> Message : validateUser() :: Request Object :: [object Object]
info: ===> TimeStamp : 2024-12-26 20:31:59===> API : /api/auth/validateuser ===> Message : validateUserDB() Invoked !
info: ===> TimeStamp : 2024-12-26 20:31:59===> API : /api/auth/validateuser ===> Message : validateUserResponse() invoked!
info: ===> TimeStamp : 2024-12-26 20:31:59===> API : /api/auth/validateuser ===> Message : validateUserResponse() completed
info: ===> TimeStamp : 2024-12-26 20:31:59===> API : null ===> Message : validateRequest() invoked
info: ===> TimeStamp : 2024-12-26 20:31:59===> API : null ===> Message : fetchDBSettings()
info: ===> TimeStamp : 2024-12-26 20:31:59===> API : null ===> Message : validateRequest() Invoked!
info: ===> TimeStamp : 2024-12-26 20:31:59===> API : null ===> Message : validRequest() :: Api validated Successfully
info: ===> TimeStamp : 2024-12-26 20:31:59===> API : /api/auth/login ===> Message : loginUser() invoked!!
info: ===> TimeStamp : 2024-12-26 20:31:59===> API : /api/auth/login ===> Message : loginUser() :: Request Object :: [object Object]
info: ===> TimeStamp : 2024-12-26 20:31:59===> API : /api/auth/login ===> Message : loginUserDB() Invoked !
info: ===> TimeStamp : 2024-12-26 20:31:59===> API : /api/auth/login ===> Message : loginUserResponse() invoked!
info: ===> TimeStamp : 2024-12-26 20:31:59===> API : /api/auth/login ===> Message : loginUserResponse() completed
info: ===> TimeStamp : 2024-12-26 20:35:32===> API : null ===> Message : validateRequest() invoked
info: ===> TimeStamp : 2024-12-26 20:35:32===> API : null ===> Message : validateRequest() Error:: Invalid Request :: 
      {"apiUri":"/"}
info: ===> TimeStamp : 2024-12-26 20:35:35===> API : null ===> Message : validateRequest() invoked
info: ===> TimeStamp : 2024-12-26 20:35:35===> API : null ===> Message : validateRequest() Error:: Invalid Request :: 
      {"apiUri":"/"}
info: ===> TimeStamp : 2024-12-26 20:35:35===> API : null ===> Message : validateRequest() invoked
info: ===> TimeStamp : 2024-12-26 20:35:35===> API : null ===> Message : validateRequest() Error:: Invalid Request :: 
      {"apiUri":"/actuator/env"}
info: ===> TimeStamp : 2024-12-26 20:35:36===> API : null ===> Message : validateRequest() invoked
info: ===> TimeStamp : 2024-12-26 20:35:36===> API : null ===> Message : validateRequest() Error:: Invalid Request :: 
      {"apiUri":"/php-cgi/php-cgi.exe"}
info: ===> TimeStamp : 2024-12-26 20:35:36===> API : null ===> Message : validateRequest() invoked
info: ===> TimeStamp : 2024-12-26 20:35:36===> API : null ===> Message : validateRequest() Error:: Invalid Request :: 
      {"apiUri":"/server"}
info: ===> TimeStamp : 2024-12-26 20:35:37===> API : null ===> Message : validateRequest() invoked
info: ===> TimeStamp : 2024-12-26 20:35:37===> API : null ===> Message : validateRequest() Error:: Invalid Request :: 
      {"apiUri":"/.vscode/sftp.json"}
info: ===> TimeStamp : 2024-12-26 20:35:37===> API : null ===> Message : validateRequest() invoked
info: ===> TimeStamp : 2024-12-26 20:35:37===> API : null ===> Message : validateRequest() Error:: Invalid Request :: 
      {"apiUri":"/about"}
info: ===> TimeStamp : 2024-12-26 20:35:37===> API : null ===> Message : validateRequest() invoked
info: ===> TimeStamp : 2024-12-26 20:35:37===> API : null ===> Message : validateRequest() Error:: Invalid Request :: 
      {"apiUri":"/debug/default/view"}
info: ===> TimeStamp : 2024-12-26 20:35:38===> API : null ===> Message : validateRequest() invoked
info: ===> TimeStamp : 2024-12-26 20:35:38===> API : null ===> Message : validateRequest() Error:: Invalid Request :: 
      {"apiUri":"/v2/_catalog"}
info: ===> TimeStamp : 2024-12-26 20:35:38===> API : null ===> Message : validateRequest() invoked
info: ===> TimeStamp : 2024-12-26 20:35:38===> API : null ===> Message : validateRequest() Error:: Invalid Request :: 
      {"apiUri":"/ecp/Current/exporttool/microsoft.exchange.ediscovery.exporttool.application"}
info: ===> TimeStamp : 2024-12-26 20:35:38===> API : null ===> Message : validateRequest() invoked
info: ===> TimeStamp : 2024-12-26 20:35:38===> API : null ===> Message : validateRequest() Error:: Invalid Request :: 
      {"apiUri":"/server-status"}
info: ===> TimeStamp : 2024-12-26 20:35:39===> API : null ===> Message : validateRequest() invoked
info: ===> TimeStamp : 2024-12-26 20:35:39===> API : null ===> Message : validateRequest() Error:: Invalid Request :: 
      {"apiUri":"/login.action"}
info: ===> TimeStamp : 2024-12-26 20:35:39===> API : null ===> Message : validateRequest() invoked
info: ===> TimeStamp : 2024-12-26 20:35:39===> API : null ===> Message : validateRequest() Error:: Invalid Request :: 
      {"apiUri":"/_all_dbs"}
info: ===> TimeStamp : 2024-12-26 20:35:40===> API : null ===> Message : validateRequest() invoked
info: ===> TimeStamp : 2024-12-26 20:35:40===> API : null ===> Message : validateRequest() Error:: Invalid Request :: 
      {"apiUri":"/.DS_Store"}
info: ===> TimeStamp : 2024-12-26 20:35:40===> API : null ===> Message : validateRequest() invoked
info: ===> TimeStamp : 2024-12-26 20:35:40===> API : null ===> Message : validateRequest() Error:: Invalid Request :: 
      {"apiUri":"/.env"}
info: ===> TimeStamp : 2024-12-26 20:35:40===> API : null ===> Message : validateRequest() invoked
info: ===> TimeStamp : 2024-12-26 20:35:40===> API : null ===> Message : validateRequest() Error:: Invalid Request :: 
      {"apiUri":"/.git/config"}
info: ===> TimeStamp : 2024-12-26 20:35:41===> API : null ===> Message : validateRequest() invoked
info: ===> TimeStamp : 2024-12-26 20:35:41===> API : null ===> Message : validateRequest() Error:: Invalid Request :: 
      {"apiUri":"/s/535313e27313e273e233/_/;/META-INF/maven/com.atlassian.jira/jira-webapp-dist/pom.properties"}
info: ===> TimeStamp : 2024-12-26 20:35:41===> API : null ===> Message : validateRequest() invoked
info: ===> TimeStamp : 2024-12-26 20:35:41===> API : null ===> Message : validateRequest() Error:: Invalid Request :: 
      {"apiUri":"/config.json"}
info: ===> TimeStamp : 2024-12-26 20:35:42===> API : null ===> Message : validateRequest() invoked
info: ===> TimeStamp : 2024-12-26 20:35:42===> API : null ===> Message : validateRequest() Error:: Invalid Request :: 
      {"apiUri":"/telescope/requests"}
info: ===> TimeStamp : 2024-12-26 20:35:42===> API : null ===> Message : validateRequest() invoked
info: ===> TimeStamp : 2024-12-26 20:35:42===> API : null ===> Message : validateRequest() Error:: Invalid Request :: 
      {"apiUri":"/info.php"}
info: ===> TimeStamp : 2024-12-26 20:35:42===> API : null ===> Message : validateRequest() invoked
info: ===> TimeStamp : 2024-12-26 20:35:42===> API : null ===> Message : validateRequest() Error:: Invalid Request :: 
      {"apiUri":"/"}
info: ===> TimeStamp : 2024-12-26 20:41:54===> API : null ===> Message : validateRequest() invoked
info: ===> TimeStamp : 2024-12-26 20:41:54===> API : null ===> Message : fetchDBSettings()
info: ===> TimeStamp : 2024-12-26 20:41:54===> API : null ===> Message : validateRequest() Invoked!
info: ===> TimeStamp : 2024-12-26 20:41:54===> API : null ===> Message : validRequest() :: Api validated Successfully
info: ===> TimeStamp : 2024-12-26 20:41:54===> API : /api/auth/validateuser ===> Message : validateUser() invoked!!
info: ===> TimeStamp : 2024-12-26 20:41:54===> API : /api/auth/validateuser ===> Message : validateUser() :: Request Object :: [object Object]
info: ===> TimeStamp : 2024-12-26 20:41:54===> API : /api/auth/validateuser ===> Message : validateUserDB() Invoked !
info: ===> TimeStamp : 2024-12-26 20:41:54===> API : /api/auth/validateuser ===> Message : validateUserResponse() invoked!
info: ===> TimeStamp : 2024-12-26 20:41:54===> API : /api/auth/validateuser ===> Message : validateUserResponse() completed
info: ===> TimeStamp : 2024-12-26 20:41:54===> API : null ===> Message : validateRequest() invoked
info: ===> TimeStamp : 2024-12-26 20:41:54===> API : null ===> Message : fetchDBSettings()
info: ===> TimeStamp : 2024-12-26 20:41:54===> API : null ===> Message : validateRequest() Invoked!
info: ===> TimeStamp : 2024-12-26 20:41:54===> API : null ===> Message : validRequest() :: Api validated Successfully
info: ===> TimeStamp : 2024-12-26 20:41:54===> API : /api/auth/login ===> Message : loginUser() invoked!!
info: ===> TimeStamp : 2024-12-26 20:41:54===> API : /api/auth/login ===> Message : loginUser() :: Request Object :: [object Object]
info: ===> TimeStamp : 2024-12-26 20:41:54===> API : /api/auth/login ===> Message : loginUserDB() Invoked !
info: ===> TimeStamp : 2024-12-26 20:41:54===> API : /api/auth/login ===> Message : loginUserResponse() invoked!
info: ===> TimeStamp : 2024-12-26 20:41:54===> API : /api/auth/login ===> Message : loginUserResponse() completed
info: ===> TimeStamp : 2024-12-26 20:44:14===> API : null ===> Message : validateRequest() invoked
info: ===> TimeStamp : 2024-12-26 20:44:14===> API : null ===> Message : fetchDBSettings()
info: ===> TimeStamp : 2024-12-26 20:44:14===> API : null ===> Message : validateRequest() Invoked!
info: ===> TimeStamp : 2024-12-26 20:44:15===> API : /api/auth/validateuser ===> Message : validateUser() invoked!!
info: ===> TimeStamp : 2024-12-26 20:44:15===> API : /api/auth/validateuser ===> Message : validateUser() :: Request Object :: [object Object]
info: ===> TimeStamp : 2024-12-26 20:44:15===> API : null ===> Message : validRequest() :: Api validated Successfully
info: ===> TimeStamp : 2024-12-26 20:44:15===> API : /api/auth/validateuser ===> Message : validateUserDB() Invoked !
info: ===> TimeStamp : 2024-12-26 20:44:15===> API : /api/auth/validateuser ===> Message : validateUserResponse() invoked!
info: ===> TimeStamp : 2024-12-26 20:44:15===> API : /api/auth/validateuser ===> Message : validateUserResponse() completed
info: ===> TimeStamp : 2024-12-26 20:44:15===> API : null ===> Message : validateRequest() invoked
info: ===> TimeStamp : 2024-12-26 20:44:15===> API : null ===> Message : fetchDBSettings()
info: ===> TimeStamp : 2024-12-26 20:44:15===> API : null ===> Message : validateRequest() Invoked!
info: ===> TimeStamp : 2024-12-26 20:44:15===> API : null ===> Message : validRequest() :: Api validated Successfully
info: ===> TimeStamp : 2024-12-26 20:44:15===> API : /api/auth/login ===> Message : loginUser() invoked!!
info: ===> TimeStamp : 2024-12-26 20:44:15===> API : /api/auth/login ===> Message : loginUser() :: Request Object :: [object Object]
info: ===> TimeStamp : 2024-12-26 20:44:15===> API : /api/auth/login ===> Message : loginUserDB() Invoked !
info: ===> TimeStamp : 2024-12-26 20:44:15===> API : /api/auth/login ===> Message : loginUserResponse() invoked!
info: ===> TimeStamp : 2024-12-26 20:44:15===> API : /api/auth/login ===> Message : loginUserResponse() completed
info: ===> TimeStamp : 2024-12-26 20:46:07===> API : null ===> Message : validateRequest() invoked
info: ===> TimeStamp : 2024-12-26 20:46:07===> API : null ===> Message : fetchDBSettings()
info: ===> TimeStamp : 2024-12-26 20:46:07===> API : null ===> Message : validateRequest() Invoked!
info: ===> TimeStamp : 2024-12-26 20:46:07===> API : null ===> Message : validRequest() :: Api validated Successfully
info: ===> TimeStamp : 2024-12-26 20:46:07===> API : /api/auth/validateuser ===> Message : validateUser() invoked!!
info: ===> TimeStamp : 2024-12-26 20:46:07===> API : /api/auth/validateuser ===> Message : validateUser() :: Request Object :: [object Object]
info: ===> TimeStamp : 2024-12-26 20:46:07===> API : /api/auth/validateuser ===> Message : validateUserDB() Invoked !
info: ===> TimeStamp : 2024-12-26 20:46:07===> API : /api/auth/validateuser ===> Message : validateUserResponse() invoked!
info: ===> TimeStamp : 2024-12-26 20:46:07===> API : /api/auth/validateuser ===> Message : validateUserResponse() completed
info: ===> TimeStamp : 2024-12-26 20:46:07===> API : null ===> Message : validateRequest() invoked
info: ===> TimeStamp : 2024-12-26 20:46:07===> API : null ===> Message : fetchDBSettings()
info: ===> TimeStamp : 2024-12-26 20:46:07===> API : null ===> Message : validateRequest() Invoked!
info: ===> TimeStamp : 2024-12-26 20:46:07===> API : null ===> Message : validRequest() :: Api validated Successfully
info: ===> TimeStamp : 2024-12-26 20:46:07===> API : /api/auth/login ===> Message : loginUser() :: Request Object :: [object Object]
info: ===> TimeStamp : 2024-12-26 20:46:07===> API : /api/auth/login ===> Message : loginUser() invoked!!
info: ===> TimeStamp : 2024-12-26 20:46:07===> API : /api/auth/login ===> Message : loginUserDB() Invoked !
info: ===> TimeStamp : 2024-12-26 20:46:07===> API : /api/auth/login ===> Message : loginUserResponse() invoked!
info: ===> TimeStamp : 2024-12-26 20:46:07===> API : /api/auth/login ===> Message : loginUserResponse() completed
info: ===> TimeStamp : 2024-12-26 20:46:56===> API : null ===> Message : validateRequest() invoked
info: ===> TimeStamp : 2024-12-26 20:46:56===> API : null ===> Message : fetchDBSettings()
info: ===> TimeStamp : 2024-12-26 20:46:56===> API : null ===> Message : validateRequest() Invoked!
info: ===> TimeStamp : 2024-12-26 20:46:57===> API : null ===> Message : validRequest() :: Api validated Successfully
info: ===> TimeStamp : 2024-12-26 20:46:57===> API : /api/auth/validateuser ===> Message : validateUser() invoked!!
info: ===> TimeStamp : 2024-12-26 20:46:57===> API : /api/auth/validateuser ===> Message : validateUser() :: Request Object :: [object Object]
info: ===> TimeStamp : 2024-12-26 20:46:57===> API : /api/auth/validateuser ===> Message : validateUserDB() Invoked !
info: ===> TimeStamp : 2024-12-26 20:46:57===> API : /api/auth/validateuser ===> Message : validateUserResponse() invoked!
info: ===> TimeStamp : 2024-12-26 20:46:57===> API : /api/auth/validateuser ===> Message : validateUserResponse() completed
info: ===> TimeStamp : 2024-12-26 20:46:57===> API : null ===> Message : validateRequest() invoked
info: ===> TimeStamp : 2024-12-26 20:46:57===> API : null ===> Message : fetchDBSettings()
info: ===> TimeStamp : 2024-12-26 20:46:57===> API : null ===> Message : validateRequest() Invoked!
info: ===> TimeStamp : 2024-12-26 20:46:57===> API : null ===> Message : validRequest() :: Api validated Successfully
info: ===> TimeStamp : 2024-12-26 20:46:57===> API : /api/auth/checkIP ===> Message : IPs match: 103.255.182.117
info: ===> TimeStamp : 2024-12-26 20:46:57===> API : /api/auth/checkIP ===> Message : checkIP() invoked!!
info: ===> TimeStamp : 2024-12-26 20:46:57===> API : /api/auth/checkIP ===> Message : checkIPResponse() invoked!
info: ===> TimeStamp : 2024-12-26 20:46:57===> API : /api/auth/checkIP ===> Message : checkIPResponse() completed
info: ===> TimeStamp : 2024-12-26 20:46:57===> API : null ===> Message : validateRequest() invoked
info: ===> TimeStamp : 2024-12-26 20:46:57===> API : null ===> Message : fetchDBSettings()
info: ===> TimeStamp : 2024-12-26 20:46:57===> API : null ===> Message : validateRequest() Invoked!
info: ===> TimeStamp : 2024-12-26 20:46:57===> API : null ===> Message : validRequest() :: Api validated Successfully
info: ===> TimeStamp : 2024-12-26 20:46:57===> API : /api/auth/login ===> Message : loginUser() invoked!!
info: ===> TimeStamp : 2024-12-26 20:46:57===> API : /api/auth/login ===> Message : loginUser() :: Request Object :: [object Object]
info: ===> TimeStamp : 2024-12-26 20:46:57===> API : /api/auth/login ===> Message : loginUserDB() Invoked !
info: ===> TimeStamp : 2024-12-26 20:46:57===> API : /api/auth/login ===> Message : loginUserResponse() invoked!
info: ===> TimeStamp : 2024-12-26 20:46:57===> API : /api/auth/login ===> Message : loginUserResponse() completed
info: ===> TimeStamp : 2024-12-26 20:50:05===> API : null ===> Message : validateRequest() invoked
info: ===> TimeStamp : 2024-12-26 20:50:05===> API : null ===> Message : fetchDBSettings()
info: ===> TimeStamp : 2024-12-26 20:50:05===> API : null ===> Message : validateRequest() Invoked!
info: ===> TimeStamp : 2024-12-26 20:50:05===> API : null ===> Message : validRequest() :: Api validated Successfully
info: ===> TimeStamp : 2024-12-26 20:50:05===> API : /api/auth/validateuser ===> Message : validateUser() invoked!!
info: ===> TimeStamp : 2024-12-26 20:50:05===> API : /api/auth/validateuser ===> Message : validateUser() :: Request Object :: [object Object]
info: ===> TimeStamp : 2024-12-26 20:50:05===> API : /api/auth/validateuser ===> Message : validateUserDB() Invoked !
info: ===> TimeStamp : 2024-12-26 20:50:05===> API : /api/auth/validateuser ===> Message : validateUserResponse() invoked!
info: ===> TimeStamp : 2024-12-26 20:50:05===> API : /api/auth/validateuser ===> Message : validateUserResponse() completed
info: ===> TimeStamp : 2024-12-26 20:50:05===> API : null ===> Message : validateRequest() invoked
info: ===> TimeStamp : 2024-12-26 20:50:05===> API : null ===> Message : fetchDBSettings()
info: ===> TimeStamp : 2024-12-26 20:50:05===> API : null ===> Message : validateRequest() Invoked!
info: ===> TimeStamp : 2024-12-26 20:50:05===> API : null ===> Message : validRequest() :: Api validated Successfully
info: ===> TimeStamp : 2024-12-26 20:50:05===> API : /api/auth/login ===> Message : loginUser() invoked!!
info: ===> TimeStamp : 2024-12-26 20:50:05===> API : /api/auth/login ===> Message : loginUser() :: Request Object :: [object Object]
info: ===> TimeStamp : 2024-12-26 20:50:05===> API : /api/auth/login ===> Message : loginUserDB() Invoked !
info: ===> TimeStamp : 2024-12-26 20:50:05===> API : /api/auth/login ===> Message : loginUserResponse() invoked!
info: ===> TimeStamp : 2024-12-26 20:50:05===> API : /api/auth/login ===> Message : loginUserResponse() completed
info: ===> TimeStamp : 2024-12-26 20:56:07===> API : null ===> Message : validateRequest() invoked
info: ===> TimeStamp : 2024-12-26 20:56:07===> API : null ===> Message : fetchDBSettings()
info: ===> TimeStamp : 2024-12-26 20:56:07===> API : null ===> Message : validateRequest() Invoked!
info: ===> TimeStamp : 2024-12-26 20:56:07===> API : null ===> Message : validRequest() :: Api validated Successfully
info: ===> TimeStamp : 2024-12-26 20:56:07===> API : /api/auth/validateuser ===> Message : validateUser() invoked!!
info: ===> TimeStamp : 2024-12-26 20:56:07===> API : /api/auth/validateuser ===> Message : validateUser() :: Request Object :: [object Object]
info: ===> TimeStamp : 2024-12-26 20:56:07===> API : /api/auth/validateuser ===> Message : validateUserDB() Invoked !
info: ===> TimeStamp : 2024-12-26 20:56:07===> API : /api/auth/validateuser ===> Message : validateUserResponse() invoked!
info: ===> TimeStamp : 2024-12-26 20:56:07===> API : /api/auth/validateuser ===> Message : validateUserResponse() completed
info: ===> TimeStamp : 2024-12-26 20:56:07===> API : null ===> Message : validateRequest() invoked
info: ===> TimeStamp : 2024-12-26 20:56:07===> API : null ===> Message : fetchDBSettings()
info: ===> TimeStamp : 2024-12-26 20:56:07===> API : null ===> Message : validateRequest() Invoked!
info: ===> TimeStamp : 2024-12-26 20:56:07===> API : null ===> Message : validRequest() :: Api validated Successfully
info: ===> TimeStamp : 2024-12-26 20:56:07===> API : /api/auth/login ===> Message : loginUser() invoked!!
info: ===> TimeStamp : 2024-12-26 20:56:07===> API : /api/auth/login ===> Message : loginUser() :: Request Object :: [object Object]
info: ===> TimeStamp : 2024-12-26 20:56:07===> API : /api/auth/login ===> Message : loginUserDB() Invoked !
info: ===> TimeStamp : 2024-12-26 20:56:07===> API : /api/auth/login ===> Message : loginUserResponse() invoked!
info: ===> TimeStamp : 2024-12-26 20:56:07===> API : /api/auth/login ===> Message : loginUserResponse() completed
info: ===> TimeStamp : 2024-12-26 20:57:12===> API : null ===> Message : validateRequest() invoked
info: ===> TimeStamp : 2024-12-26 20:57:12===> API : null ===> Message : fetchDBSettings()
info: ===> TimeStamp : 2024-12-26 20:57:12===> API : null ===> Message : validateRequest() Invoked!
info: ===> TimeStamp : 2024-12-26 20:57:12===> API : null ===> Message : validRequest() :: Api validated Successfully
info: ===> TimeStamp : 2024-12-26 20:57:12===> API : /api/auth/validateuser ===> Message : validateUser() invoked!!
info: ===> TimeStamp : 2024-12-26 20:57:12===> API : /api/auth/validateuser ===> Message : validateUser() :: Request Object :: [object Object]
info: ===> TimeStamp : 2024-12-26 20:57:12===> API : /api/auth/validateuser ===> Message : validateUserDB() Invoked !
info: ===> TimeStamp : 2024-12-26 20:57:12===> API : /api/auth/validateuser ===> Message : validateUserResponse() invoked!
info: ===> TimeStamp : 2024-12-26 20:57:12===> API : /api/auth/validateuser ===> Message : validateUserResponse() completed
info: ===> TimeStamp : 2024-12-26 20:57:12===> API : null ===> Message : validateRequest() invoked
info: ===> TimeStamp : 2024-12-26 20:57:12===> API : null ===> Message : fetchDBSettings()
info: ===> TimeStamp : 2024-12-26 20:57:12===> API : null ===> Message : validateRequest() Invoked!
info: ===> TimeStamp : 2024-12-26 20:57:12===> API : null ===> Message : validRequest() :: Api validated Successfully
info: ===> TimeStamp : 2024-12-26 20:57:12===> API : /api/auth/checkIP ===> Message : checkIP() invoked!!
info: ===> TimeStamp : 2024-12-26 20:57:12===> API : /api/auth/checkIP ===> Message : IPs match: 103.255.182.117
info: ===> TimeStamp : 2024-12-26 20:57:12===> API : /api/auth/checkIP ===> Message : checkIPResponse() invoked!
info: ===> TimeStamp : 2024-12-26 20:57:12===> API : /api/auth/checkIP ===> Message : checkIPResponse() completed
info: ===> TimeStamp : 2024-12-26 20:57:12===> API : null ===> Message : validateRequest() invoked
info: ===> TimeStamp : 2024-12-26 20:57:12===> API : null ===> Message : fetchDBSettings()
info: ===> TimeStamp : 2024-12-26 20:57:12===> API : null ===> Message : validateRequest() Invoked!
info: ===> TimeStamp : 2024-12-26 20:57:12===> API : null ===> Message : validRequest() :: Api validated Successfully
info: ===> TimeStamp : 2024-12-26 20:57:12===> API : /api/auth/login ===> Message : loginUser() invoked!!
info: ===> TimeStamp : 2024-12-26 20:57:12===> API : /api/auth/login ===> Message : loginUserDB() Invoked !
info: ===> TimeStamp : 2024-12-26 20:57:12===> API : /api/auth/login ===> Message : loginUser() :: Request Object :: [object Object]
info: ===> TimeStamp : 2024-12-26 20:57:12===> API : /api/auth/login ===> Message : loginUserResponse() invoked!
info: ===> TimeStamp : 2024-12-26 20:57:12===> API : /api/auth/login ===> Message : loginUserResponse() completed
info: ===> TimeStamp : 2024-12-26 21:02:26===> API : null ===> Message : validateRequest() invoked
info: ===> TimeStamp : 2024-12-26 21:02:26===> API : null ===> Message : fetchDBSettings()
info: ===> TimeStamp : 2024-12-26 21:02:26===> API : null ===> Message : validateRequest() Invoked!
info: ===> TimeStamp : 2024-12-26 21:02:26===> API : null ===> Message : validRequest() :: Api validated Successfully
info: ===> TimeStamp : 2024-12-26 21:02:26===> API : /api/auth/validateuser ===> Message : validateUser() invoked!!
info: ===> TimeStamp : 2024-12-26 21:02:26===> API : /api/auth/validateuser ===> Message : validateUser() :: Request Object :: [object Object]
info: ===> TimeStamp : 2024-12-26 21:02:26===> API : /api/auth/validateuser ===> Message : validateUserDB() Invoked !
info: ===> TimeStamp : 2024-12-26 21:02:26===> API : /api/auth/validateuser ===> Message : validateUserResponse() invoked!
info: ===> TimeStamp : 2024-12-26 21:02:26===> API : /api/auth/validateuser ===> Message : validateUserResponse() completed
info: ===> TimeStamp : 2024-12-26 21:02:26===> API : null ===> Message : validateRequest() invoked
info: ===> TimeStamp : 2024-12-26 21:02:26===> API : null ===> Message : fetchDBSettings()
info: ===> TimeStamp : 2024-12-26 21:02:26===> API : null ===> Message : validateRequest() Invoked!
info: ===> TimeStamp : 2024-12-26 21:02:26===> API : null ===> Message : validRequest() :: Api validated Successfully
info: ===> TimeStamp : 2024-12-26 21:02:26===> API : /api/auth/login ===> Message : loginUser() invoked!!
info: ===> TimeStamp : 2024-12-26 21:02:26===> API : /api/auth/login ===> Message : loginUser() :: Request Object :: [object Object]
info: ===> TimeStamp : 2024-12-26 21:02:26===> API : /api/auth/login ===> Message : loginUserDB() Invoked !
info: ===> TimeStamp : 2024-12-26 21:02:26===> API : /api/auth/login ===> Message : loginUserResponse() invoked!
info: ===> TimeStamp : 2024-12-26 21:02:26===> API : /api/auth/login ===> Message : loginUserResponse() completed
info: ===> TimeStamp : 2024-12-26 21:33:07===> API : null ===> Message : validateRequest() invoked
info: ===> TimeStamp : 2024-12-26 21:33:07===> API : null ===> Message : fetchDBSettings()
info: ===> TimeStamp : 2024-12-26 21:33:07===> API : null ===> Message : validateRequest() Invoked!
info: ===> TimeStamp : 2024-12-26 21:33:07===> API : null ===> Message : validRequest() :: Api validated Successfully
info: ===> TimeStamp : 2024-12-26 21:33:07===> API : /api/auth/validateuser ===> Message : validateUser() invoked!!
info: ===> TimeStamp : 2024-12-26 21:33:07===> API : /api/auth/validateuser ===> Message : validateUser() :: Request Object :: [object Object]
info: ===> TimeStamp : 2024-12-26 21:33:07===> API : /api/auth/validateuser ===> Message : validateUserDB() Invoked !
info: ===> TimeStamp : 2024-12-26 21:33:07===> API : /api/auth/validateuser ===> Message : validateUserResponse() invoked!
info: ===> TimeStamp : 2024-12-26 21:33:07===> API : /api/auth/validateuser ===> Message : validateUserResponse() completed
info: ===> TimeStamp : 2024-12-26 21:33:07===> API : null ===> Message : validateRequest() invoked
info: ===> TimeStamp : 2024-12-26 21:33:07===> API : null ===> Message : fetchDBSettings()
info: ===> TimeStamp : 2024-12-26 21:33:07===> API : null ===> Message : validateRequest() Invoked!
info: ===> TimeStamp : 2024-12-26 21:33:07===> API : /api/auth/login ===> Message : loginUser() invoked!!
info: ===> TimeStamp : 2024-12-26 21:33:07===> API : null ===> Message : validRequest() :: Api validated Successfully
info: ===> TimeStamp : 2024-12-26 21:33:07===> API : /api/auth/login ===> Message : loginUser() :: Request Object :: [object Object]
info: ===> TimeStamp : 2024-12-26 21:33:07===> API : /api/auth/login ===> Message : loginUserDB() Invoked !
info: ===> TimeStamp : 2024-12-26 21:33:07===> API : /api/auth/login ===> Message : loginUserResponse() invoked!
info: ===> TimeStamp : 2024-12-26 21:33:07===> API : /api/auth/login ===> Message : loginUserResponse() completed
info: ===> TimeStamp : 2024-12-26 21:44:05===> API : null ===> Message : validateRequest() invoked
info: ===> TimeStamp : 2024-12-26 21:44:05===> API : null ===> Message : fetchDBSettings()
info: ===> TimeStamp : 2024-12-26 21:44:05===> API : null ===> Message : validateRequest() Invoked!
info: ===> TimeStamp : 2024-12-26 21:44:05===> API : null ===> Message : validRequest() :: Api validated Successfully
info: ===> TimeStamp : 2024-12-26 21:44:05===> API : /api/auth/validateuser ===> Message : validateUser() invoked!!
info: ===> TimeStamp : 2024-12-26 21:44:05===> API : /api/auth/validateuser ===> Message : validateUser() :: Request Object :: [object Object]
info: ===> TimeStamp : 2024-12-26 21:44:05===> API : /api/auth/validateuser ===> Message : validateUserDB() Invoked !
info: ===> TimeStamp : 2024-12-26 21:44:05===> API : /api/auth/validateuser ===> Message : validateUserResponse() invoked!
info: ===> TimeStamp : 2024-12-26 21:44:05===> API : /api/auth/validateuser ===> Message : validateUserResponse() completed
info: ===> TimeStamp : 2024-12-26 21:44:05===> API : null ===> Message : validateRequest() invoked
info: ===> TimeStamp : 2024-12-26 21:44:05===> API : null ===> Message : fetchDBSettings()
info: ===> TimeStamp : 2024-12-26 21:44:05===> API : null ===> Message : validateRequest() Invoked!
info: ===> TimeStamp : 2024-12-26 21:44:05===> API : null ===> Message : validRequest() :: Api validated Successfully
info: ===> TimeStamp : 2024-12-26 21:44:05===> API : /api/auth/login ===> Message : loginUser() invoked!!
info: ===> TimeStamp : 2024-12-26 21:44:05===> API : /api/auth/login ===> Message : loginUser() :: Request Object :: [object Object]
info: ===> TimeStamp : 2024-12-26 21:44:05===> API : /api/auth/login ===> Message : loginUserDB() Invoked !
info: ===> TimeStamp : 2024-12-26 21:44:05===> API : /api/auth/login ===> Message : loginUserResponse() invoked!
info: ===> TimeStamp : 2024-12-26 21:44:05===> API : /api/auth/login ===> Message : loginUserResponse() completed
info: ===> TimeStamp : 2024-12-26 21:52:35===> API : null ===> Message : validateRequest() invoked
info: ===> TimeStamp : 2024-12-26 21:52:35===> API : null ===> Message : fetchDBSettings()
info: ===> TimeStamp : 2024-12-26 21:52:35===> API : null ===> Message : validateRequest() Invoked!
info: ===> TimeStamp : 2024-12-26 21:52:35===> API : null ===> Message : validRequest() :: Api validated Successfully
info: ===> TimeStamp : 2024-12-26 21:52:35===> API : /api/auth/validateuser ===> Message : validateUser() invoked!!
info: ===> TimeStamp : 2024-12-26 21:52:35===> API : /api/auth/validateuser ===> Message : validateUser() :: Request Object :: [object Object]
info: ===> TimeStamp : 2024-12-26 21:52:35===> API : /api/auth/validateuser ===> Message : validateUserDB() Invoked !
info: ===> TimeStamp : 2024-12-26 21:52:35===> API : /api/auth/validateuser ===> Message : validateUserResponse() invoked!
info: ===> TimeStamp : 2024-12-26 21:52:35===> API : /api/auth/validateuser ===> Message : validateUserResponse() completed
info: ===> TimeStamp : 2024-12-26 21:52:35===> API : null ===> Message : validateRequest() invoked
info: ===> TimeStamp : 2024-12-26 21:52:35===> API : null ===> Message : fetchDBSettings()
info: ===> TimeStamp : 2024-12-26 21:52:35===> API : null ===> Message : validateRequest() Invoked!
info: ===> TimeStamp : 2024-12-26 21:52:35===> API : null ===> Message : validRequest() :: Api validated Successfully
info: ===> TimeStamp : 2024-12-26 21:52:35===> API : /api/auth/login ===> Message : loginUser() invoked!!
info: ===> TimeStamp : 2024-12-26 21:52:35===> API : /api/auth/login ===> Message : loginUser() :: Request Object :: [object Object]
info: ===> TimeStamp : 2024-12-26 21:52:35===> API : /api/auth/login ===> Message : loginUserDB() Invoked !
info: ===> TimeStamp : 2024-12-26 21:52:35===> API : /api/auth/login ===> Message : loginUserResponse() invoked!
info: ===> TimeStamp : 2024-12-26 21:52:35===> API : /api/auth/login ===> Message : loginUserResponse() completed
info: ===> TimeStamp : 2024-12-26 21:55:13===> API : null ===> Message : validateRequest() invoked
info: ===> TimeStamp : 2024-12-26 21:55:13===> API : null ===> Message : fetchDBSettings()
info: ===> TimeStamp : 2024-12-26 21:55:13===> API : null ===> Message : validateRequest() Invoked!
info: ===> TimeStamp : 2024-12-26 21:55:13===> API : null ===> Message : validRequest() :: Api validated Successfully
info: ===> TimeStamp : 2024-12-26 21:55:13===> API : /api/auth/logout ===> Message : logoutUser() :: Request Object :: [object Object]
info: ===> TimeStamp : 2024-12-26 21:55:13===> API : /api/auth/logout ===> Message : logoutUser() invoked!!
info: ===> TimeStamp : 2024-12-26 21:55:13===> API : /api/auth/logout ===> Message : logoutUserDB() Invoked !
info: ===> TimeStamp : 2024-12-26 21:55:13===> API : /api/auth/logout ===> Message : logoutUserResponse() invoked!
info: ===> TimeStamp : 2024-12-26 21:55:13===> API : /api/auth/logout ===> Message : logoutUserResponse() completed
info: ===> TimeStamp : 2024-12-26 21:55:57===> API : null ===> Message : validateRequest() invoked
info: ===> TimeStamp : 2024-12-26 21:55:57===> API : null ===> Message : fetchDBSettings()
info: ===> TimeStamp : 2024-12-26 21:55:57===> API : null ===> Message : validateRequest() Invoked!
info: ===> TimeStamp : 2024-12-26 21:55:57===> API : null ===> Message : validRequest() :: Api validated Successfully
info: ===> TimeStamp : 2024-12-26 21:55:57===> API : /api/auth/validateuser ===> Message : validateUser() invoked!!
info: ===> TimeStamp : 2024-12-26 21:55:57===> API : /api/auth/validateuser ===> Message : validateUser() :: Request Object :: [object Object]
info: ===> TimeStamp : 2024-12-26 21:55:57===> API : /api/auth/validateuser ===> Message : validateUserDB() Invoked !
info: ===> TimeStamp : 2024-12-26 21:55:57===> API : /api/auth/validateuser ===> Message : validateUserResponse() invoked!
info: ===> TimeStamp : 2024-12-26 21:55:57===> API : /api/auth/validateuser ===> Message : validateUserResponse() completed
info: ===> TimeStamp : 2024-12-26 21:55:57===> API : null ===> Message : validateRequest() invoked
info: ===> TimeStamp : 2024-12-26 21:55:57===> API : null ===> Message : fetchDBSettings()
info: ===> TimeStamp : 2024-12-26 21:55:57===> API : null ===> Message : validateRequest() Invoked!
info: ===> TimeStamp : 2024-12-26 21:55:57===> API : null ===> Message : validRequest() :: Api validated Successfully
info: ===> TimeStamp : 2024-12-26 21:55:57===> API : /api/auth/checkIP ===> Message : checkIP() invoked!!
info: ===> TimeStamp : 2024-12-26 21:55:57===> API : /api/auth/checkIP ===> Message : IPs match: 103.255.182.117
info: ===> TimeStamp : 2024-12-26 21:55:57===> API : /api/auth/checkIP ===> Message : checkIPResponse() invoked!
info: ===> TimeStamp : 2024-12-26 21:55:57===> API : /api/auth/checkIP ===> Message : checkIPResponse() completed
info: ===> TimeStamp : 2024-12-26 21:55:57===> API : null ===> Message : validateRequest() invoked
info: ===> TimeStamp : 2024-12-26 21:55:57===> API : null ===> Message : fetchDBSettings()
info: ===> TimeStamp : 2024-12-26 21:55:57===> API : null ===> Message : validateRequest() Invoked!
info: ===> TimeStamp : 2024-12-26 21:55:57===> API : null ===> Message : validRequest() :: Api validated Successfully
info: ===> TimeStamp : 2024-12-26 21:55:57===> API : /api/auth/login ===> Message : loginUser() invoked!!
info: ===> TimeStamp : 2024-12-26 21:55:57===> API : /api/auth/login ===> Message : loginUser() :: Request Object :: [object Object]
info: ===> TimeStamp : 2024-12-26 21:55:57===> API : /api/auth/login ===> Message : loginUserDB() Invoked !
info: ===> TimeStamp : 2024-12-26 21:55:57===> API : /api/auth/login ===> Message : loginUserResponse() invoked!
info: ===> TimeStamp : 2024-12-26 21:55:57===> API : /api/auth/login ===> Message : loginUserResponse() completed
info: ===> TimeStamp : 2024-12-26 21:55:59===> API : null ===> Message : validateRequest() invoked
info: ===> TimeStamp : 2024-12-26 21:55:59===> API : null ===> Message : fetchDBSettings()
info: ===> TimeStamp : 2024-12-26 21:55:59===> API : null ===> Message : validateRequest() Invoked!
info: ===> TimeStamp : 2024-12-26 21:55:59===> API : null ===> Message : validRequest() :: Api validated Successfully
info: ===> TimeStamp : 2024-12-26 21:55:59===> API : /api/auth/validateuser ===> Message : validateUser() :: Request Object :: [object Object]
info: ===> TimeStamp : 2024-12-26 21:55:59===> API : /api/auth/validateuser ===> Message : validateUser() invoked!!
info: ===> TimeStamp : 2024-12-26 21:55:59===> API : /api/auth/validateuser ===> Message : validateUserDB() Invoked !
info: ===> TimeStamp : 2024-12-26 21:55:59===> API : /api/auth/validateuser ===> Message : validateUserResponse() invoked!
info: ===> TimeStamp : 2024-12-26 21:55:59===> API : /api/auth/validateuser ===> Message : validateUserResponse() completed
info: ===> TimeStamp : 2024-12-26 21:55:59===> API : null ===> Message : validateRequest() invoked
info: ===> TimeStamp : 2024-12-26 21:55:59===> API : null ===> Message : fetchDBSettings()
info: ===> TimeStamp : 2024-12-26 21:55:59===> API : null ===> Message : validateRequest() Invoked!
info: ===> TimeStamp : 2024-12-26 21:55:59===> API : null ===> Message : validRequest() :: Api validated Successfully
info: ===> TimeStamp : 2024-12-26 21:55:59===> API : /api/auth/login ===> Message : loginUser() invoked!!
info: ===> TimeStamp : 2024-12-26 21:55:59===> API : /api/auth/login ===> Message : loginUser() :: Request Object :: [object Object]
info: ===> TimeStamp : 2024-12-26 21:55:59===> API : /api/auth/login ===> Message : loginUserDB() Invoked !
info: ===> TimeStamp : 2024-12-26 21:56:00===> API : /api/auth/login ===> Message : loginUserResponse() invoked!
info: ===> TimeStamp : 2024-12-26 21:56:00===> API : /api/auth/login ===> Message : loginUserResponse() completed
info: ===> TimeStamp : 2024-12-26 21:56:29===> API : null ===> Message : validateRequest() invoked
info: ===> TimeStamp : 2024-12-26 21:56:29===> API : null ===> Message : fetchDBSettings()
info: ===> TimeStamp : 2024-12-26 21:56:29===> API : null ===> Message : validateRequest() Invoked!
info: ===> TimeStamp : 2024-12-26 21:56:29===> API : null ===> Message : validRequest() :: Api validated Successfully
info: ===> TimeStamp : 2024-12-26 21:56:29===> API : /api/auth/logout ===> Message : logoutUser() invoked!!
info: ===> TimeStamp : 2024-12-26 21:56:29===> API : /api/auth/logout ===> Message : logoutUser() :: Request Object :: [object Object]
info: ===> TimeStamp : 2024-12-26 21:56:29===> API : /api/auth/logout ===> Message : logoutUserDB() Invoked !
info: ===> TimeStamp : 2024-12-26 21:56:29===> API : /api/auth/logout ===> Message : logoutUserResponse() invoked!
info: ===> TimeStamp : 2024-12-26 21:56:29===> API : /api/auth/logout ===> Message : logoutUserResponse() completed
info: ===> TimeStamp : 2024-12-26 21:56:34===> API : null ===> Message : validateRequest() invoked
info: ===> TimeStamp : 2024-12-26 21:56:34===> API : null ===> Message : fetchDBSettings()
info: ===> TimeStamp : 2024-12-26 21:56:34===> API : null ===> Message : validateRequest() Invoked!
info: ===> TimeStamp : 2024-12-26 21:56:34===> API : null ===> Message : validRequest() :: Api validated Successfully
info: ===> TimeStamp : 2024-12-26 21:56:34===> API : /api/auth/validateuser ===> Message : validateUser() invoked!!
info: ===> TimeStamp : 2024-12-26 21:56:34===> API : /api/auth/validateuser ===> Message : validateUser() :: Request Object :: [object Object]
info: ===> TimeStamp : 2024-12-26 21:56:34===> API : /api/auth/validateuser ===> Message : validateUserDB() Invoked !
info: ===> TimeStamp : 2024-12-26 21:56:34===> API : /api/auth/validateuser ===> Message : validateUserResponse() invoked!
info: ===> TimeStamp : 2024-12-26 21:56:34===> API : /api/auth/validateuser ===> Message : validateUserResponse() completed
info: ===> TimeStamp : 2024-12-26 21:56:34===> API : null ===> Message : validateRequest() invoked
info: ===> TimeStamp : 2024-12-26 21:56:34===> API : null ===> Message : fetchDBSettings()
info: ===> TimeStamp : 2024-12-26 21:56:34===> API : null ===> Message : validateRequest() Invoked!
info: ===> TimeStamp : 2024-12-26 21:56:34===> API : null ===> Message : validRequest() :: Api validated Successfully
info: ===> TimeStamp : 2024-12-26 21:56:34===> API : /api/auth/login ===> Message : loginUser() invoked!!
info: ===> TimeStamp : 2024-12-26 21:56:34===> API : /api/auth/login ===> Message : loginUser() :: Request Object :: [object Object]
info: ===> TimeStamp : 2024-12-26 21:56:34===> API : /api/auth/login ===> Message : loginUserDB() Invoked !
info: ===> TimeStamp : 2024-12-26 21:56:34===> API : /api/auth/login ===> Message : loginUserResponse() invoked!
info: ===> TimeStamp : 2024-12-26 21:56:34===> API : /api/auth/login ===> Message : loginUserResponse() completed
info: ===> TimeStamp : 2024-12-26 21:56:36===> API : null ===> Message : validateRequest() invoked
info: ===> TimeStamp : 2024-12-26 21:56:36===> API : null ===> Message : fetchDBSettings()
info: ===> TimeStamp : 2024-12-26 21:56:36===> API : null ===> Message : validateRequest() Invoked!
info: ===> TimeStamp : 2024-12-26 21:56:36===> API : null ===> Message : validRequest() :: Api validated Successfully
info: ===> TimeStamp : 2024-12-26 21:56:36===> API : /api/auth/validateuser ===> Message : validateUser() invoked!!
info: ===> TimeStamp : 2024-12-26 21:56:36===> API : /api/auth/validateuser ===> Message : validateUser() :: Request Object :: [object Object]
info: ===> TimeStamp : 2024-12-26 21:56:36===> API : /api/auth/validateuser ===> Message : validateUserDB() Invoked !
info: ===> TimeStamp : 2024-12-26 21:56:36===> API : /api/auth/validateuser ===> Message : validateUserResponse() invoked!
info: ===> TimeStamp : 2024-12-26 21:56:36===> API : /api/auth/validateuser ===> Message : validateUserResponse() completed
info: ===> TimeStamp : 2024-12-26 21:56:36===> API : null ===> Message : validateRequest() invoked
info: ===> TimeStamp : 2024-12-26 21:56:36===> API : null ===> Message : fetchDBSettings()
info: ===> TimeStamp : 2024-12-26 21:56:36===> API : null ===> Message : validateRequest() Invoked!
info: ===> TimeStamp : 2024-12-26 21:56:36===> API : null ===> Message : validRequest() :: Api validated Successfully
info: ===> TimeStamp : 2024-12-26 21:56:36===> API : /api/auth/checkIP ===> Message : checkIP() invoked!!
info: ===> TimeStamp : 2024-12-26 21:56:36===> API : /api/auth/checkIP ===> Message : IPs match: 103.255.182.117
info: ===> TimeStamp : 2024-12-26 21:56:36===> API : /api/auth/checkIP ===> Message : checkIPResponse() invoked!
info: ===> TimeStamp : 2024-12-26 21:56:36===> API : /api/auth/checkIP ===> Message : checkIPResponse() completed
info: ===> TimeStamp : 2024-12-26 21:56:36===> API : null ===> Message : validateRequest() invoked
info: ===> TimeStamp : 2024-12-26 21:56:36===> API : null ===> Message : fetchDBSettings()
info: ===> TimeStamp : 2024-12-26 21:56:36===> API : null ===> Message : validateRequest() Invoked!
info: ===> TimeStamp : 2024-12-26 21:56:36===> API : null ===> Message : validRequest() :: Api validated Successfully
info: ===> TimeStamp : 2024-12-26 21:56:36===> API : /api/auth/login ===> Message : loginUser() invoked!!
info: ===> TimeStamp : 2024-12-26 21:56:36===> API : /api/auth/login ===> Message : loginUser() :: Request Object :: [object Object]
info: ===> TimeStamp : 2024-12-26 21:56:36===> API : /api/auth/login ===> Message : loginUserDB() Invoked !
info: ===> TimeStamp : 2024-12-26 21:56:36===> API : /api/auth/login ===> Message : loginUserResponse() invoked!
info: ===> TimeStamp : 2024-12-26 21:56:36===> API : /api/auth/login ===> Message : loginUserResponse() completed
info: ===> TimeStamp : 2024-12-26 21:56:38===> API : null ===> Message : validateRequest() invoked
info: ===> TimeStamp : 2024-12-26 21:56:38===> API : null ===> Message : fetchDBSettings()
info: ===> TimeStamp : 2024-12-26 21:56:38===> API : null ===> Message : validateRequest() Invoked!
info: ===> TimeStamp : 2024-12-26 21:56:38===> API : null ===> Message : validRequest() :: Api validated Successfully
info: ===> TimeStamp : 2024-12-26 21:56:38===> API : /api/auth/validateuser ===> Message : validateUser() invoked!!
info: ===> TimeStamp : 2024-12-26 21:56:38===> API : /api/auth/validateuser ===> Message : validateUser() :: Request Object :: [object Object]
info: ===> TimeStamp : 2024-12-26 21:56:38===> API : /api/auth/validateuser ===> Message : validateUserDB() Invoked !
info: ===> TimeStamp : 2024-12-26 21:56:38===> API : /api/auth/validateuser ===> Message : validateUserResponse() invoked!
info: ===> TimeStamp : 2024-12-26 21:56:38===> API : /api/auth/validateuser ===> Message : validateUserResponse() completed
info: ===> TimeStamp : 2024-12-26 21:56:38===> API : null ===> Message : validateRequest() invoked
info: ===> TimeStamp : 2024-12-26 21:56:38===> API : null ===> Message : fetchDBSettings()
info: ===> TimeStamp : 2024-12-26 21:56:38===> API : null ===> Message : validateRequest() Invoked!
info: ===> TimeStamp : 2024-12-26 21:56:38===> API : null ===> Message : validRequest() :: Api validated Successfully
info: ===> TimeStamp : 2024-12-26 21:56:38===> API : /api/auth/login ===> Message : loginUser() invoked!!
info: ===> TimeStamp : 2024-12-26 21:56:38===> API : /api/auth/login ===> Message : loginUser() :: Request Object :: [object Object]
info: ===> TimeStamp : 2024-12-26 21:56:38===> API : /api/auth/login ===> Message : loginUserDB() Invoked !
info: ===> TimeStamp : 2024-12-26 21:56:38===> API : /api/auth/login ===> Message : loginUserResponse() invoked!
info: ===> TimeStamp : 2024-12-26 21:56:38===> API : /api/auth/login ===> Message : loginUserResponse() completed
info: ===> TimeStamp : 2024-12-26 22:30:03===> API : null ===> Message : validateRequest() invoked
info: ===> TimeStamp : 2024-12-26 22:30:03===> API : null ===> Message : fetchDBSettings()
info: ===> TimeStamp : 2024-12-26 22:30:03===> API : null ===> Message : validateRequest() Invoked!
info: ===> TimeStamp : 2024-12-26 22:30:03===> API : null ===> Message : validRequest() :: Api validated Successfully
info: ===> TimeStamp : 2024-12-26 22:30:03===> API : /api/auth/validateuser ===> Message : validateUser() invoked!!
info: ===> TimeStamp : 2024-12-26 22:30:03===> API : /api/auth/validateuser ===> Message : validateUser() :: Request Object :: [object Object]
info: ===> TimeStamp : 2024-12-26 22:30:03===> API : /api/auth/validateuser ===> Message : validateUserDB() Invoked !
info: ===> TimeStamp : 2024-12-26 22:30:03===> API : /api/auth/validateuser ===> Message : validateUserResponse() invoked!
info: ===> TimeStamp : 2024-12-26 22:30:03===> API : /api/auth/validateuser ===> Message : validateUserResponse() completed
info: ===> TimeStamp : 2024-12-26 22:30:03===> API : null ===> Message : validateRequest() invoked
info: ===> TimeStamp : 2024-12-26 22:30:03===> API : null ===> Message : fetchDBSettings()
info: ===> TimeStamp : 2024-12-26 22:30:03===> API : null ===> Message : validateRequest() Invoked!
info: ===> TimeStamp : 2024-12-26 22:30:03===> API : null ===> Message : validRequest() :: Api validated Successfully
info: ===> TimeStamp : 2024-12-26 22:30:03===> API : /api/auth/login ===> Message : loginUser() :: Request Object :: [object Object]
info: ===> TimeStamp : 2024-12-26 22:30:03===> API : /api/auth/login ===> Message : loginUser() invoked!!
info: ===> TimeStamp : 2024-12-26 22:30:03===> API : /api/auth/login ===> Message : loginUserDB() Invoked !
info: ===> TimeStamp : 2024-12-26 22:30:03===> API : /api/auth/login ===> Message : loginUserResponse() invoked!
info: ===> TimeStamp : 2024-12-26 22:30:03===> API : /api/auth/login ===> Message : loginUserResponse() completed
info: ===> TimeStamp : 2024-12-26 22:50:11===> API : null ===> Message : validateRequest() invoked
info: ===> TimeStamp : 2024-12-26 22:50:11===> API : null ===> Message : fetchDBSettings()
info: ===> TimeStamp : 2024-12-26 22:50:11===> API : null ===> Message : validateRequest() Invoked!
info: ===> TimeStamp : 2024-12-26 22:50:11===> API : null ===> Message : validRequest() :: Api validated Successfully
info: ===> TimeStamp : 2024-12-26 22:50:11===> API : /api/auth/validateuser ===> Message : validateUser() invoked!!
info: ===> TimeStamp : 2024-12-26 22:50:11===> API : /api/auth/validateuser ===> Message : validateUser() :: Request Object :: [object Object]
info: ===> TimeStamp : 2024-12-26 22:50:11===> API : /api/auth/validateuser ===> Message : validateUserDB() Invoked !
info: ===> TimeStamp : 2024-12-26 22:50:11===> API : /api/auth/validateuser ===> Message : validateUserResponse() invoked!
info: ===> TimeStamp : 2024-12-26 22:50:11===> API : /api/auth/validateuser ===> Message : validateUserResponse() completed
info: ===> TimeStamp : 2024-12-26 22:50:11===> API : null ===> Message : validateRequest() invoked
info: ===> TimeStamp : 2024-12-26 22:50:11===> API : null ===> Message : fetchDBSettings()
info: ===> TimeStamp : 2024-12-26 22:50:11===> API : null ===> Message : validateRequest() Invoked!
info: ===> TimeStamp : 2024-12-26 22:50:11===> API : null ===> Message : validRequest() :: Api validated Successfully
info: ===> TimeStamp : 2024-12-26 22:50:11===> API : /api/auth/login ===> Message : loginUser() invoked!!
info: ===> TimeStamp : 2024-12-26 22:50:11===> API : /api/auth/login ===> Message : loginUser() :: Request Object :: [object Object]
info: ===> TimeStamp : 2024-12-26 22:50:11===> API : /api/auth/login ===> Message : loginUserDB() Invoked !
info: ===> TimeStamp : 2024-12-26 22:50:11===> API : /api/auth/login ===> Message : loginUserResponse() invoked!
info: ===> TimeStamp : 2024-12-26 22:50:11===> API : /api/auth/login ===> Message : loginUserResponse() completed
info: ===> TimeStamp : 2024-12-26 23:02:24===> API : null ===> Message : validateRequest() invoked
info: ===> TimeStamp : 2024-12-26 23:02:24===> API : null ===> Message : fetchDBSettings()
info: ===> TimeStamp : 2024-12-26 23:02:24===> API : null ===> Message : validateRequest() Invoked!
info: ===> TimeStamp : 2024-12-26 23:02:24===> API : null ===> Message : validRequest() :: Api validated Successfully
info: ===> TimeStamp : 2024-12-26 23:02:24===> API : /api/auth/validateuser ===> Message : validateUser() invoked!!
info: ===> TimeStamp : 2024-12-26 23:02:24===> API : /api/auth/validateuser ===> Message : validateUser() :: Request Object :: [object Object]
info: ===> TimeStamp : 2024-12-26 23:02:24===> API : /api/auth/validateuser ===> Message : validateUserDB() Invoked !
info: ===> TimeStamp : 2024-12-26 23:02:24===> API : /api/auth/validateuser ===> Message : validateUserResponse() invoked!
info: ===> TimeStamp : 2024-12-26 23:02:24===> API : /api/auth/validateuser ===> Message : validateUserResponse() completed
info: ===> TimeStamp : 2024-12-26 23:02:24===> API : null ===> Message : validateRequest() invoked
info: ===> TimeStamp : 2024-12-26 23:02:24===> API : null ===> Message : fetchDBSettings()
info: ===> TimeStamp : 2024-12-26 23:02:24===> API : null ===> Message : validateRequest() Invoked!
info: ===> TimeStamp : 2024-12-26 23:02:24===> API : null ===> Message : validRequest() :: Api validated Successfully
info: ===> TimeStamp : 2024-12-26 23:02:24===> API : /api/auth/login ===> Message : loginUser() invoked!!
info: ===> TimeStamp : 2024-12-26 23:02:24===> API : /api/auth/login ===> Message : loginUser() :: Request Object :: [object Object]
info: ===> TimeStamp : 2024-12-26 23:02:24===> API : /api/auth/login ===> Message : loginUserDB() Invoked !
info: ===> TimeStamp : 2024-12-26 23:02:24===> API : /api/auth/login ===> Message : loginUserResponse() invoked!
info: ===> TimeStamp : 2024-12-26 23:02:24===> API : /api/auth/login ===> Message : loginUserResponse() completed
info: ===> TimeStamp : 2024-12-26 23:39:01===> API : null ===> Message : validateRequest() invoked
info: ===> TimeStamp : 2024-12-26 23:39:01===> API : null ===> Message : fetchDBSettings()
info: ===> TimeStamp : 2024-12-26 23:39:01===> API : null ===> Message : validateRequest() Invoked!
info: ===> TimeStamp : 2024-12-26 23:39:01===> API : null ===> Message : validRequest() :: Api validated Successfully
info: ===> TimeStamp : 2024-12-26 23:39:01===> API : /api/auth/validateuser ===> Message : validateUser() invoked!!
info: ===> TimeStamp : 2024-12-26 23:39:01===> API : /api/auth/validateuser ===> Message : validateUser() :: Request Object :: [object Object]
info: ===> TimeStamp : 2024-12-26 23:39:01===> API : /api/auth/validateuser ===> Message : validateUserDB() Invoked !
info: ===> TimeStamp : 2024-12-26 23:39:01===> API : /api/auth/validateuser ===> Message : validateUserResponse() invoked!
info: ===> TimeStamp : 2024-12-26 23:39:01===> API : /api/auth/validateuser ===> Message : validateUserResponse() completed
info: ===> TimeStamp : 2024-12-26 23:39:01===> API : null ===> Message : validateRequest() invoked
info: ===> TimeStamp : 2024-12-26 23:39:01===> API : null ===> Message : fetchDBSettings()
info: ===> TimeStamp : 2024-12-26 23:39:02===> API : null ===> Message : validateRequest() Invoked!
info: ===> TimeStamp : 2024-12-26 23:39:02===> API : null ===> Message : validRequest() :: Api validated Successfully
info: ===> TimeStamp : 2024-12-26 23:39:02===> API : /api/auth/login ===> Message : loginUser() invoked!!
info: ===> TimeStamp : 2024-12-26 23:39:02===> API : /api/auth/login ===> Message : loginUser() :: Request Object :: [object Object]
info: ===> TimeStamp : 2024-12-26 23:39:02===> API : /api/auth/login ===> Message : loginUserDB() Invoked !
info: ===> TimeStamp : 2024-12-26 23:39:02===> API : /api/auth/login ===> Message : loginUserResponse() invoked!
info: ===> TimeStamp : 2024-12-26 23:39:02===> API : /api/auth/login ===> Message : loginUserResponse() completed
info: ===> TimeStamp : 2024-12-27 03:00:34===> API : null ===> Message : validateRequest() invoked
info: ===> TimeStamp : 2024-12-27 03:00:34===> API : null ===> Message : fetchDBSettings()
info: ===> TimeStamp : 2024-12-27 03:00:34===> API : null ===> Message : validateRequest() Invoked!
info: ===> TimeStamp : 2024-12-27 03:00:34===> API : null ===> Message : validRequest() :: Api validated Successfully
info: ===> TimeStamp : 2024-12-27 03:00:34===> API : /api/auth/logout ===> Message : logoutUser() invoked!!
info: ===> TimeStamp : 2024-12-27 03:00:34===> API : /api/auth/logout ===> Message : logoutUser() :: Request Object :: [object Object]
info: ===> TimeStamp : 2024-12-27 03:00:34===> API : /api/auth/logout ===> Message : logoutUserDB() Invoked !
info: ===> TimeStamp : 2024-12-27 03:00:34===> API : /api/auth/logout ===> Message : logoutUserResponse() invoked!
info: ===> TimeStamp : 2024-12-27 03:00:34===> API : /api/auth/logout ===> Message : logoutUserResponse() completed
info: ===> TimeStamp : 2024-12-27 03:02:22===> API : null ===> Message : validateRequest() invoked
info: ===> TimeStamp : 2024-12-27 03:02:22===> API : null ===> Message : fetchDBSettings()
info: ===> TimeStamp : 2024-12-27 03:02:22===> API : null ===> Message : validateRequest() Invoked!
info: ===> TimeStamp : 2024-12-27 03:02:22===> API : null ===> Message : validRequest() :: Api validated Successfully
info: ===> TimeStamp : 2024-12-27 03:02:22===> API : /api/auth/logout ===> Message : logoutUser() invoked!!
info: ===> TimeStamp : 2024-12-27 03:02:22===> API : /api/auth/logout ===> Message : logoutUser() :: Request Object :: [object Object]
info: ===> TimeStamp : 2024-12-27 03:02:22===> API : /api/auth/logout ===> Message : logoutUserDB() Invoked !
info: ===> TimeStamp : 2024-12-27 03:02:22===> API : /api/auth/logout ===> Message : logoutUserResponse() invoked!
info: ===> TimeStamp : 2024-12-27 03:02:22===> API : /api/auth/logout ===> Message : logoutUserResponse() completed
info: ===> TimeStamp : 2024-12-27 03:12:28===> API : null ===> Message : validateRequest() invoked
info: ===> TimeStamp : 2024-12-27 03:12:28===> API : null ===> Message : fetchDBSettings()
info: ===> TimeStamp : 2024-12-27 03:12:28===> API : null ===> Message : validateRequest() Invoked!
info: ===> TimeStamp : 2024-12-27 03:12:28===> API : null ===> Message : validRequest() :: Api validated Successfully
info: ===> TimeStamp : 2024-12-27 03:12:28===> API : /api/auth/validateuser ===> Message : validateUser() invoked!!
info: ===> TimeStamp : 2024-12-27 03:12:28===> API : /api/auth/validateuser ===> Message : validateUser() :: Request Object :: [object Object]
info: ===> TimeStamp : 2024-12-27 03:12:28===> API : /api/auth/validateuser ===> Message : validateUserDB() Invoked !
info: ===> TimeStamp : 2024-12-27 03:12:28===> API : /api/auth/validateuser ===> Message : validateUserResponse() invoked!
info: ===> TimeStamp : 2024-12-27 03:12:28===> API : /api/auth/validateuser ===> Message : validateUserResponse() completed
info: ===> TimeStamp : 2024-12-27 03:12:28===> API : null ===> Message : validateRequest() invoked
info: ===> TimeStamp : 2024-12-27 03:12:28===> API : null ===> Message : fetchDBSettings()
info: ===> TimeStamp : 2024-12-27 03:12:28===> API : null ===> Message : validateRequest() Invoked!
info: ===> TimeStamp : 2024-12-27 03:12:28===> API : null ===> Message : validRequest() :: Api validated Successfully
info: ===> TimeStamp : 2024-12-27 03:12:28===> API : /api/auth/login ===> Message : loginUser() invoked!!
info: ===> TimeStamp : 2024-12-27 03:12:28===> API : /api/auth/login ===> Message : loginUser() :: Request Object :: [object Object]
info: ===> TimeStamp : 2024-12-27 03:12:28===> API : /api/auth/login ===> Message : loginUserDB() Invoked !
info: ===> TimeStamp : 2024-12-27 03:12:28===> API : /api/auth/login ===> Message : loginUserResponse() invoked!
info: ===> TimeStamp : 2024-12-27 03:12:28===> API : /api/auth/login ===> Message : loginUserResponse() completed
info: ===> TimeStamp : 2024-12-27 03:18:51===> API : null ===> Message : validateRequest() invoked
info: ===> TimeStamp : 2024-12-27 03:18:51===> API : null ===> Message : fetchDBSettings()
info: ===> TimeStamp : 2024-12-27 03:18:51===> API : null ===> Message : validateRequest() Invoked!
info: ===> TimeStamp : 2024-12-27 03:18:51===> API : null ===> Message : validRequest() :: Api validated Successfully
info: ===> TimeStamp : 2024-12-27 03:18:51===> API : /api/auth/validateuser ===> Message : validateUser() invoked!!
info: ===> TimeStamp : 2024-12-27 03:18:51===> API : /api/auth/validateuser ===> Message : validateUser() :: Request Object :: [object Object]
info: ===> TimeStamp : 2024-12-27 03:18:51===> API : /api/auth/validateuser ===> Message : validateUserDB() Invoked !
info: ===> TimeStamp : 2024-12-27 03:18:51===> API : /api/auth/validateuser ===> Message : validateUserResponse() invoked!
info: ===> TimeStamp : 2024-12-27 03:18:51===> API : /api/auth/validateuser ===> Message : validateUserResponse() completed
info: ===> TimeStamp : 2024-12-27 03:18:51===> API : null ===> Message : validateRequest() invoked
info: ===> TimeStamp : 2024-12-27 03:18:51===> API : null ===> Message : fetchDBSettings()
info: ===> TimeStamp : 2024-12-27 03:18:51===> API : null ===> Message : validateRequest() Invoked!
info: ===> TimeStamp : 2024-12-27 03:18:51===> API : null ===> Message : validRequest() :: Api validated Successfully
info: ===> TimeStamp : 2024-12-27 03:18:51===> API : /api/auth/checkIP ===> Message : IPs match: 103.255.182.117
info: ===> TimeStamp : 2024-12-27 03:18:51===> API : /api/auth/checkIP ===> Message : checkIP() invoked!!
info: ===> TimeStamp : 2024-12-27 03:18:51===> API : /api/auth/checkIP ===> Message : checkIPResponse() invoked!
info: ===> TimeStamp : 2024-12-27 03:18:51===> API : /api/auth/checkIP ===> Message : checkIPResponse() completed
info: ===> TimeStamp : 2024-12-27 03:18:51===> API : null ===> Message : validateRequest() invoked
info: ===> TimeStamp : 2024-12-27 03:18:51===> API : null ===> Message : fetchDBSettings()
info: ===> TimeStamp : 2024-12-27 03:18:51===> API : null ===> Message : validateRequest() Invoked!
info: ===> TimeStamp : 2024-12-27 03:18:51===> API : null ===> Message : validRequest() :: Api validated Successfully
info: ===> TimeStamp : 2024-12-27 03:18:51===> API : /api/auth/login ===> Message : loginUser() invoked!!
info: ===> TimeStamp : 2024-12-27 03:18:51===> API : /api/auth/login ===> Message : loginUser() :: Request Object :: [object Object]
info: ===> TimeStamp : 2024-12-27 03:18:51===> API : /api/auth/login ===> Message : loginUserDB() Invoked !
info: ===> TimeStamp : 2024-12-27 03:18:52===> API : /api/auth/login ===> Message : loginUserResponse() invoked!
info: ===> TimeStamp : 2024-12-27 03:18:52===> API : /api/auth/login ===> Message : loginUserResponse() completed
info: ===> TimeStamp : 2024-12-27 03:26:03===> API : null ===> Message : validateRequest() invoked
info: ===> TimeStamp : 2024-12-27 03:26:03===> API : null ===> Message : fetchDBSettings()
info: ===> TimeStamp : 2024-12-27 03:26:03===> API : null ===> Message : validateRequest() Invoked!
info: ===> TimeStamp : 2024-12-27 03:26:03===> API : null ===> Message : validRequest() :: Api validated Successfully
info: ===> TimeStamp : 2024-12-27 03:26:03===> API : /api/auth/logout ===> Message : logoutUser() invoked!!
info: ===> TimeStamp : 2024-12-27 03:26:03===> API : /api/auth/logout ===> Message : logoutUser() :: Request Object :: [object Object]
info: ===> TimeStamp : 2024-12-27 03:26:03===> API : /api/auth/logout ===> Message : logoutUserDB() Invoked !
info: ===> TimeStamp : 2024-12-27 03:26:03===> API : /api/auth/logout ===> Message : logoutUserResponse() invoked!
info: ===> TimeStamp : 2024-12-27 03:26:03===> API : /api/auth/logout ===> Message : logoutUserResponse() completed
info: ===> TimeStamp : 2024-12-27 03:26:10===> API : null ===> Message : validateRequest() invoked
info: ===> TimeStamp : 2024-12-27 03:26:10===> API : null ===> Message : fetchDBSettings()
info: ===> TimeStamp : 2024-12-27 03:26:10===> API : null ===> Message : validateRequest() Invoked!
info: ===> TimeStamp : 2024-12-27 03:26:10===> API : null ===> Message : validRequest() :: Api validated Successfully
info: ===> TimeStamp : 2024-12-27 03:26:10===> API : /api/auth/validateuser ===> Message : validateUser() :: Request Object :: [object Object]
info: ===> TimeStamp : 2024-12-27 03:26:10===> API : /api/auth/validateuser ===> Message : validateUser() invoked!!
info: ===> TimeStamp : 2024-12-27 03:26:10===> API : /api/auth/validateuser ===> Message : validateUserDB() Invoked !
info: ===> TimeStamp : 2024-12-27 03:26:10===> API : /api/auth/validateuser ===> Message : validateUserResponse() invoked!
info: ===> TimeStamp : 2024-12-27 03:26:10===> API : /api/auth/validateuser ===> Message : validateUserResponse() completed
info: ===> TimeStamp : 2024-12-27 03:26:10===> API : null ===> Message : validateRequest() invoked
info: ===> TimeStamp : 2024-12-27 03:26:10===> API : null ===> Message : fetchDBSettings()
info: ===> TimeStamp : 2024-12-27 03:26:10===> API : null ===> Message : validateRequest() Invoked!
info: ===> TimeStamp : 2024-12-27 03:26:10===> API : null ===> Message : validRequest() :: Api validated Successfully
info: ===> TimeStamp : 2024-12-27 03:26:10===> API : /api/auth/checkIP ===> Message : checkIP() invoked!!
info: ===> TimeStamp : 2024-12-27 03:26:10===> API : /api/auth/checkIP ===> Message : IPs match: 103.255.182.117
info: ===> TimeStamp : 2024-12-27 03:26:10===> API : /api/auth/checkIP ===> Message : checkIPResponse() invoked!
info: ===> TimeStamp : 2024-12-27 03:26:10===> API : /api/auth/checkIP ===> Message : checkIPResponse() completed
info: ===> TimeStamp : 2024-12-27 03:26:10===> API : null ===> Message : validateRequest() invoked
info: ===> TimeStamp : 2024-12-27 03:26:10===> API : null ===> Message : fetchDBSettings()
info: ===> TimeStamp : 2024-12-27 03:26:10===> API : null ===> Message : validateRequest() Invoked!
info: ===> TimeStamp : 2024-12-27 03:26:11===> API : null ===> Message : validRequest() :: Api validated Successfully
info: ===> TimeStamp : 2024-12-27 03:26:11===> API : /api/auth/login ===> Message : loginUser() invoked!!
info: ===> TimeStamp : 2024-12-27 03:26:11===> API : /api/auth/login ===> Message : loginUser() :: Request Object :: [object Object]
info: ===> TimeStamp : 2024-12-27 03:26:11===> API : /api/auth/login ===> Message : loginUserDB() Invoked !
info: ===> TimeStamp : 2024-12-27 03:26:11===> API : /api/auth/login ===> Message : loginUserResponse() invoked!
info: ===> TimeStamp : 2024-12-27 03:26:11===> API : /api/auth/login ===> Message : loginUserResponse() completed
info: ===> TimeStamp : 2024-12-27 03:26:15===> API : null ===> Message : validateRequest() invoked
info: ===> TimeStamp : 2024-12-27 03:26:15===> API : null ===> Message : fetchDBSettings()
info: ===> TimeStamp : 2024-12-27 03:26:15===> API : null ===> Message : validateRequest() Invoked!
info: ===> TimeStamp : 2024-12-27 03:26:15===> API : null ===> Message : validRequest() :: Api validated Successfully
info: ===> TimeStamp : 2024-12-27 03:26:15===> API : /api/auth/logout ===> Message : logoutUser() invoked!!
info: ===> TimeStamp : 2024-12-27 03:26:15===> API : /api/auth/logout ===> Message : logoutUser() :: Request Object :: [object Object]
info: ===> TimeStamp : 2024-12-27 03:26:15===> API : /api/auth/logout ===> Message : logoutUserDB() Invoked !
info: ===> TimeStamp : 2024-12-27 03:26:15===> API : /api/auth/logout ===> Message : logoutUserResponse() invoked!
info: ===> TimeStamp : 2024-12-27 03:26:15===> API : /api/auth/logout ===> Message : logoutUserResponse() completed
info: ===> TimeStamp : 2024-12-27 03:27:24===> API : null ===> Message : validateRequest() invoked
info: ===> TimeStamp : 2024-12-27 03:27:24===> API : null ===> Message : fetchDBSettings()
info: ===> TimeStamp : 2024-12-27 03:27:24===> API : null ===> Message : validateRequest() Invoked!
info: ===> TimeStamp : 2024-12-27 03:27:24===> API : /api/auth/validateuser ===> Message : validateUser() invoked!!
info: ===> TimeStamp : 2024-12-27 03:27:24===> API : /api/auth/validateuser ===> Message : validateUserDB() Invoked !
info: ===> TimeStamp : 2024-12-27 03:27:24===> API : /api/auth/validateuser ===> Message : validateUser() :: Request Object :: [object Object]
info: ===> TimeStamp : 2024-12-27 03:27:24===> API : null ===> Message : validRequest() :: Api validated Successfully
info: ===> TimeStamp : 2024-12-27 03:27:24===> API : /api/auth/validateuser ===> Message : validateUserResponse() invoked!
info: ===> TimeStamp : 2024-12-27 03:27:24===> API : /api/auth/validateuser ===> Message : validateUserResponse() completed
info: ===> TimeStamp : 2024-12-27 03:27:24===> API : null ===> Message : validateRequest() invoked
info: ===> TimeStamp : 2024-12-27 03:27:24===> API : null ===> Message : fetchDBSettings()
info: ===> TimeStamp : 2024-12-27 03:27:24===> API : null ===> Message : validateRequest() Invoked!
info: ===> TimeStamp : 2024-12-27 03:27:24===> API : null ===> Message : validRequest() :: Api validated Successfully
info: ===> TimeStamp : 2024-12-27 03:27:24===> API : /api/auth/checkIP ===> Message : checkIP() invoked!!
info: ===> TimeStamp : 2024-12-27 03:27:24===> API : /api/auth/checkIP ===> Message : IPs match: 103.255.182.117
info: ===> TimeStamp : 2024-12-27 03:27:24===> API : /api/auth/checkIP ===> Message : checkIPResponse() invoked!
info: ===> TimeStamp : 2024-12-27 03:27:24===> API : /api/auth/checkIP ===> Message : checkIPResponse() completed
info: ===> TimeStamp : 2024-12-27 03:27:24===> API : null ===> Message : validateRequest() invoked
info: ===> TimeStamp : 2024-12-27 03:27:24===> API : null ===> Message : fetchDBSettings()
info: ===> TimeStamp : 2024-12-27 03:27:24===> API : null ===> Message : validateRequest() Invoked!
info: ===> TimeStamp : 2024-12-27 03:27:24===> API : null ===> Message : validRequest() :: Api validated Successfully
info: ===> TimeStamp : 2024-12-27 03:27:24===> API : /api/auth/login ===> Message : loginUser() invoked!!
info: ===> TimeStamp : 2024-12-27 03:27:24===> API : /api/auth/login ===> Message : loginUser() :: Request Object :: [object Object]
info: ===> TimeStamp : 2024-12-27 03:27:24===> API : /api/auth/login ===> Message : loginUserDB() Invoked !
info: ===> TimeStamp : 2024-12-27 03:27:24===> API : /api/auth/login ===> Message : loginUserResponse() invoked!
info: ===> TimeStamp : 2024-12-27 03:27:24===> API : /api/auth/login ===> Message : loginUserResponse() completed
info: ===> TimeStamp : 2024-12-27 03:27:30===> API : null ===> Message : validateRequest() invoked
info: ===> TimeStamp : 2024-12-27 03:27:30===> API : null ===> Message : fetchDBSettings()
info: ===> TimeStamp : 2024-12-27 03:27:30===> API : null ===> Message : validateRequest() Invoked!
info: ===> TimeStamp : 2024-12-27 03:27:30===> API : null ===> Message : validRequest() :: Api validated Successfully
info: ===> TimeStamp : 2024-12-27 03:27:30===> API : /api/auth/logout ===> Message : logoutUser() invoked!!
info: ===> TimeStamp : 2024-12-27 03:27:30===> API : /api/auth/logout ===> Message : logoutUser() :: Request Object :: [object Object]
info: ===> TimeStamp : 2024-12-27 03:27:30===> API : /api/auth/logout ===> Message : logoutUserDB() Invoked !
info: ===> TimeStamp : 2024-12-27 03:27:30===> API : /api/auth/logout ===> Message : logoutUserResponse() invoked!
info: ===> TimeStamp : 2024-12-27 03:27:30===> API : /api/auth/logout ===> Message : logoutUserResponse() completed
info: ===> TimeStamp : 2024-12-27 03:33:54===> API : null ===> Message : validateRequest() invoked
info: ===> TimeStamp : 2024-12-27 03:33:54===> API : null ===> Message : fetchDBSettings()
info: ===> TimeStamp : 2024-12-27 03:33:54===> API : null ===> Message : validateRequest() Invoked!
info: ===> TimeStamp : 2024-12-27 03:33:54===> API : null ===> Message : validRequest() :: Api validated Successfully
info: ===> TimeStamp : 2024-12-27 03:33:54===> API : /api/auth/validateuser ===> Message : validateUser() :: Request Object :: [object Object]
info: ===> TimeStamp : 2024-12-27 03:33:54===> API : /api/auth/validateuser ===> Message : validateUserDB() Invoked !
info: ===> TimeStamp : 2024-12-27 03:33:54===> API : /api/auth/validateuser ===> Message : validateUser() invoked!!
info: ===> TimeStamp : 2024-12-27 03:33:54===> API : /api/auth/validateuser ===> Message : validateUserResponse() invoked!
info: ===> TimeStamp : 2024-12-27 03:33:54===> API : /api/auth/validateuser ===> Message : validateUserResponse() completed
info: ===> TimeStamp : 2024-12-27 03:33:54===> API : null ===> Message : validateRequest() invoked
info: ===> TimeStamp : 2024-12-27 03:33:54===> API : null ===> Message : fetchDBSettings()
info: ===> TimeStamp : 2024-12-27 03:33:54===> API : null ===> Message : validateRequest() Invoked!
info: ===> TimeStamp : 2024-12-27 03:33:54===> API : null ===> Message : validRequest() :: Api validated Successfully
info: ===> TimeStamp : 2024-12-27 03:33:54===> API : /api/auth/login ===> Message : loginUser() invoked!!
info: ===> TimeStamp : 2024-12-27 03:33:54===> API : /api/auth/login ===> Message : loginUser() :: Request Object :: [object Object]
info: ===> TimeStamp : 2024-12-27 03:33:54===> API : /api/auth/login ===> Message : loginUserDB() Invoked !
info: ===> TimeStamp : 2024-12-27 03:33:54===> API : /api/auth/login ===> Message : loginUserResponse() invoked!
info: ===> TimeStamp : 2024-12-27 03:33:54===> API : /api/auth/login ===> Message : loginUserResponse() completed
info: ===> TimeStamp : 2024-12-27 03:35:59===> API : null ===> Message : validateRequest() invoked
info: ===> TimeStamp : 2024-12-27 03:35:59===> API : null ===> Message : fetchDBSettings()
info: ===> TimeStamp : 2024-12-27 03:35:59===> API : null ===> Message : validateRequest() Invoked!
info: ===> TimeStamp : 2024-12-27 03:35:59===> API : null ===> Message : validRequest() :: Api validated Successfully
info: ===> TimeStamp : 2024-12-27 03:35:59===> API : /api/auth/validateuser ===> Message : validateUser() invoked!!
info: ===> TimeStamp : 2024-12-27 03:35:59===> API : /api/auth/validateuser ===> Message : validateUser() :: Request Object :: [object Object]
info: ===> TimeStamp : 2024-12-27 03:35:59===> API : /api/auth/validateuser ===> Message : validateUserDB() Invoked !
info: ===> TimeStamp : 2024-12-27 03:35:59===> API : /api/auth/validateuser ===> Message : validateUserResponse() invoked!
info: ===> TimeStamp : 2024-12-27 03:35:59===> API : /api/auth/validateuser ===> Message : validateUserResponse() completed
info: ===> TimeStamp : 2024-12-27 03:35:59===> API : null ===> Message : validateRequest() invoked
info: ===> TimeStamp : 2024-12-27 03:35:59===> API : null ===> Message : fetchDBSettings()
info: ===> TimeStamp : 2024-12-27 03:35:59===> API : null ===> Message : validateRequest() Invoked!
info: ===> TimeStamp : 2024-12-27 03:35:59===> API : null ===> Message : validRequest() :: Api validated Successfully
info: ===> TimeStamp : 2024-12-27 03:35:59===> API : /api/auth/checkIP ===> Message : checkIP() invoked!!
info: ===> TimeStamp : 2024-12-27 03:35:59===> API : /api/auth/checkIP ===> Message : IPs match: 103.255.182.117
info: ===> TimeStamp : 2024-12-27 03:35:59===> API : /api/auth/checkIP ===> Message : checkIPResponse() invoked!
info: ===> TimeStamp : 2024-12-27 03:35:59===> API : /api/auth/checkIP ===> Message : checkIPResponse() completed
info: ===> TimeStamp : 2024-12-27 03:35:59===> API : null ===> Message : validateRequest() invoked
info: ===> TimeStamp : 2024-12-27 03:35:59===> API : null ===> Message : fetchDBSettings()
info: ===> TimeStamp : 2024-12-27 03:35:59===> API : null ===> Message : validateRequest() Invoked!
info: ===> TimeStamp : 2024-12-27 03:35:59===> API : null ===> Message : validRequest() :: Api validated Successfully
info: ===> TimeStamp : 2024-12-27 03:35:59===> API : /api/auth/login ===> Message : loginUser() invoked!!
info: ===> TimeStamp : 2024-12-27 03:35:59===> API : /api/auth/login ===> Message : loginUser() :: Request Object :: [object Object]
info: ===> TimeStamp : 2024-12-27 03:35:59===> API : /api/auth/login ===> Message : loginUserDB() Invoked !
info: ===> TimeStamp : 2024-12-27 03:35:59===> API : /api/auth/login ===> Message : loginUserResponse() invoked!
info: ===> TimeStamp : 2024-12-27 03:35:59===> API : /api/auth/login ===> Message : loginUserResponse() completed
info: ===> TimeStamp : 2024-12-27 03:45:02===> API : null ===> Message : validateRequest() invoked
info: ===> TimeStamp : 2024-12-27 03:45:02===> API : null ===> Message : fetchDBSettings()
info: ===> TimeStamp : 2024-12-27 03:45:02===> API : null ===> Message : validateRequest() Invoked!
info: ===> TimeStamp : 2024-12-27 03:45:02===> API : null ===> Message : validRequest() :: Api validated Successfully
info: ===> TimeStamp : 2024-12-27 03:45:02===> API : /api/auth/validateuser ===> Message : validateUser() invoked!!
info: ===> TimeStamp : 2024-12-27 03:45:02===> API : /api/auth/validateuser ===> Message : validateUser() :: Request Object :: [object Object]
info: ===> TimeStamp : 2024-12-27 03:45:02===> API : /api/auth/validateuser ===> Message : validateUserDB() Invoked !
info: ===> TimeStamp : 2024-12-27 03:45:02===> API : /api/auth/validateuser ===> Message : validateUserResponse() invoked!
info: ===> TimeStamp : 2024-12-27 03:45:02===> API : /api/auth/validateuser ===> Message : validateUserResponse() completed
info: ===> TimeStamp : 2024-12-27 03:45:02===> API : null ===> Message : validateRequest() invoked
info: ===> TimeStamp : 2024-12-27 03:45:02===> API : null ===> Message : fetchDBSettings()
info: ===> TimeStamp : 2024-12-27 03:45:02===> API : null ===> Message : validateRequest() Invoked!
info: ===> TimeStamp : 2024-12-27 03:45:03===> API : /api/auth/checkIP ===> Message : checkIP() invoked!!
info: ===> TimeStamp : 2024-12-27 03:45:03===> API : null ===> Message : validRequest() :: Api validated Successfully
info: ===> TimeStamp : 2024-12-27 03:45:03===> API : /api/auth/checkIP ===> Message : IPs match: 103.255.182.117
info: ===> TimeStamp : 2024-12-27 03:45:03===> API : /api/auth/checkIP ===> Message : checkIPResponse() invoked!
info: ===> TimeStamp : 2024-12-27 03:45:03===> API : /api/auth/checkIP ===> Message : checkIPResponse() completed
info: ===> TimeStamp : 2024-12-27 03:45:03===> API : null ===> Message : validateRequest() invoked
info: ===> TimeStamp : 2024-12-27 03:45:03===> API : null ===> Message : fetchDBSettings()
info: ===> TimeStamp : 2024-12-27 03:45:03===> API : null ===> Message : validateRequest() Invoked!
info: ===> TimeStamp : 2024-12-27 03:45:03===> API : null ===> Message : validRequest() :: Api validated Successfully
info: ===> TimeStamp : 2024-12-27 03:45:03===> API : /api/auth/login ===> Message : loginUser() invoked!!
info: ===> TimeStamp : 2024-12-27 03:45:03===> API : /api/auth/login ===> Message : loginUser() :: Request Object :: [object Object]
info: ===> TimeStamp : 2024-12-27 03:45:03===> API : /api/auth/login ===> Message : loginUserDB() Invoked !
info: ===> TimeStamp : 2024-12-27 03:45:03===> API : /api/auth/login ===> Message : loginUserResponse() invoked!
info: ===> TimeStamp : 2024-12-27 03:45:03===> API : /api/auth/login ===> Message : loginUserResponse() completed
