info: ===> TimeStamp : 2026-02-21 06:45:43===> API : null ===> Message : validateRequest() invoked
info: ===> TimeStamp : 2026-02-21 06:45:43===> API : null ===> Message : fetchDBSettings()
info: ===> TimeStamp : 2026-02-21 06:45:43===> API : null ===> Message : validateRequest() Invoked!
info: ===> TimeStamp : 2026-02-21 06:45:43===> API : null ===> Message : validRequest() :: Api validated Successfully
info: ===> TimeStamp : 2026-02-21 06:45:43===> API : /api/auth/logout ===> Message : logoutUser() invoked!!
info: ===> TimeStamp : 2026-02-21 06:45:43===> API : /api/auth/logout ===> Message : logoutUser() :: Request Object :: [object Object]
info: ===> TimeStamp : 2026-02-21 06:45:43===> API : /api/auth/logout ===> Message : logoutUserDB() Invoked !
info: ===> TimeStamp : 2026-02-21 06:45:43===> API : /api/auth/logout ===> Message : logoutUserResponse() invoked!
info: ===> TimeStamp : 2026-02-21 06:45:43===> API : /api/auth/logout ===> Message : logoutUserResponse() completed
info: ===> TimeStamp : 2026-02-21 06:58:23===> API : null ===> Message : validateRequest() invoked
info: ===> TimeStamp : 2026-02-21 06:58:23===> API : null ===> Message : fetchDBSettings()
info: ===> TimeStamp : 2026-02-21 06:58:23===> API : null ===> Message : validateRequest() Invoked!
info: ===> TimeStamp : 2026-02-21 06:58:23===> API : null ===> Message : validRequest() :: Api validated Successfully
info: ===> TimeStamp : 2026-02-21 06:58:23===> API : /api/auth/logout ===> Message : logoutUser() invoked!!
info: ===> TimeStamp : 2026-02-21 06:58:23===> API : /api/auth/logout ===> Message : logoutUser() :: Request Object :: [object Object]
info: ===> TimeStamp : 2026-02-21 06:58:23===> API : /api/auth/logout ===> Message : logoutUserDB() Invoked !
info: ===> TimeStamp : 2026-02-21 06:58:23===> API : /api/auth/logout ===> Message : logoutUserResponse() invoked!
info: ===> TimeStamp : 2026-02-21 06:58:23===> API : /api/auth/logout ===> Message : logoutUserResponse() completed
info: ===> TimeStamp : 2026-02-21 07:02:24===> API : null ===> Message : fetchDBSettings()
info: ===> TimeStamp : 2026-02-21 07:02:24===> API : null ===> Message : validateRequest() invoked
info: ===> TimeStamp : 2026-02-21 07:02:24===> API : null ===> Message : validateRequest() Invoked!
info: ===> TimeStamp : 2026-02-21 07:02:24===> API : null ===> Message : validRequest() :: Api validated Successfully
info: ===> TimeStamp : 2026-02-21 07:02:24===> API : /api/auth/validateuser ===> Message : validateUser() invoked!!
info: ===> TimeStamp : 2026-02-21 07:02:24===> API : /api/auth/validateuser ===> Message : validateUser() :: Request Object :: [object Object]
info: ===> TimeStamp : 2026-02-21 07:02:24===> API : /api/auth/validateuser ===> Message : validateUserDB() Invoked !
info: ===> TimeStamp : 2026-02-21 07:02:24===> API : /api/auth/validateuser ===> Message : validateUserResponse() invoked!
info: ===> TimeStamp : 2026-02-21 07:02:24===> API : /api/auth/validateuser ===> Message : validateUserResponse() completed
info: ===> TimeStamp : 2026-02-21 07:02:24===> API : null ===> Message : validateRequest() invoked
info: ===> TimeStamp : 2026-02-21 07:02:24===> API : null ===> Message : fetchDBSettings()
info: ===> TimeStamp : 2026-02-21 07:02:24===> API : null ===> Message : validateRequest() Invoked!
info: ===> TimeStamp : 2026-02-21 07:02:24===> API : null ===> Message : validRequest() :: Api validated Successfully
info: ===> TimeStamp : 2026-02-21 07:02:24===> API : /api/auth/checkIP ===> Message : checkIP() invoked!!
info: ===> TimeStamp : 2026-02-21 07:02:24===> API : /api/auth/checkIP ===> Message : IPs match: 103.225.102.194
info: ===> TimeStamp : 2026-02-21 07:02:24===> API : /api/auth/checkIP ===> Message : checkIPResponse() invoked!
info: ===> TimeStamp : 2026-02-21 07:02:24===> API : /api/auth/checkIP ===> Message : checkIPResponse() completed
info: ===> TimeStamp : 2026-02-21 07:02:24===> API : null ===> Message : validateRequest() invoked
info: ===> TimeStamp : 2026-02-21 07:02:24===> API : null ===> Message : fetchDBSettings()
info: ===> TimeStamp : 2026-02-21 07:02:24===> API : null ===> Message : validateRequest() Invoked!
info: ===> TimeStamp : 2026-02-21 07:02:24===> API : null ===> Message : validRequest() :: Api validated Successfully
info: ===> TimeStamp : 2026-02-21 07:02:24===> API : /api/auth/login ===> Message : loginUser() invoked!!
info: ===> TimeStamp : 2026-02-21 07:02:24===> API : /api/auth/login ===> Message : loginUser() :: Request Object :: [object Object]
info: ===> TimeStamp : 2026-02-21 07:02:24===> API : /api/auth/login ===> Message : loginUserDB() Invoked !
info: ===> TimeStamp : 2026-02-21 07:02:24===> API : /api/auth/login ===> Message : loginUserResponse() invoked!
info: ===> TimeStamp : 2026-02-21 07:02:24===> API : /api/auth/login ===> Message : loginUserResponse() completed
info: ===> TimeStamp : 2026-02-21 07:06:51===> API : null ===> Message : validateRequest() invoked
info: ===> TimeStamp : 2026-02-21 07:06:51===> API : null ===> Message : validateRequest() Error:: Invalid Request :: 
      {"apiUri":"/"}
info: ===> TimeStamp : 2026-02-21 07:06:51===> API : null ===> Message : validateRequest() invoked
info: ===> TimeStamp : 2026-02-21 07:06:51===> API : null ===> Message : validateRequest() Error:: Invalid Request :: 
      {"apiUri":"/"}
info: ===> TimeStamp : 2026-02-21 07:06:51===> API : null ===> Message : validateRequest() invoked
info: ===> TimeStamp : 2026-02-21 07:06:51===> API : null ===> Message : validateRequest() Error:: Invalid Request :: 
      {"apiUri":"/favicon.ico"}
info: ===> TimeStamp : 2026-02-21 07:10:56===> API : null ===> Message : fetchDBSettings()
info: ===> TimeStamp : 2026-02-21 07:10:56===> API : null ===> Message : validateRequest() invoked
info: ===> TimeStamp : 2026-02-21 07:10:56===> API : null ===> Message : validateRequest() Invoked!
info: ===> TimeStamp : 2026-02-21 07:10:56===> API : null ===> Message : validRequest() :: Api validated Successfully
info: ===> TimeStamp : 2026-02-21 07:10:56===> API : /api/auth/validateuser ===> Message : validateUser() invoked!!
info: ===> TimeStamp : 2026-02-21 07:10:56===> API : /api/auth/validateuser ===> Message : validateUser() :: Request Object :: [object Object]
info: ===> TimeStamp : 2026-02-21 07:10:56===> API : /api/auth/validateuser ===> Message : validateUserDB() Invoked !
info: ===> TimeStamp : 2026-02-21 07:10:56===> API : /api/auth/validateuser ===> Message : validateUserResponse() invoked!
info: ===> TimeStamp : 2026-02-21 07:10:56===> API : /api/auth/validateuser ===> Message : validateUserResponse() completed
info: ===> TimeStamp : 2026-02-21 07:10:56===> API : null ===> Message : validateRequest() invoked
info: ===> TimeStamp : 2026-02-21 07:10:56===> API : null ===> Message : fetchDBSettings()
info: ===> TimeStamp : 2026-02-21 07:10:56===> API : null ===> Message : validateRequest() Invoked!
info: ===> TimeStamp : 2026-02-21 07:10:56===> API : null ===> Message : validRequest() :: Api validated Successfully
info: ===> TimeStamp : 2026-02-21 07:10:56===> API : /api/auth/checkIP ===> Message : checkIP() invoked!!
info: ===> TimeStamp : 2026-02-21 07:10:56===> API : /api/auth/checkIP ===> Message : IPs match: 103.255.182.117
info: ===> TimeStamp : 2026-02-21 07:10:56===> API : /api/auth/checkIP ===> Message : checkIPResponse() invoked!
info: ===> TimeStamp : 2026-02-21 07:10:56===> API : /api/auth/checkIP ===> Message : checkIPResponse() completed
info: ===> TimeStamp : 2026-02-21 07:10:56===> API : null ===> Message : validateRequest() invoked
info: ===> TimeStamp : 2026-02-21 07:10:56===> API : null ===> Message : fetchDBSettings()
info: ===> TimeStamp : 2026-02-21 07:10:56===> API : null ===> Message : validateRequest() Invoked!
info: ===> TimeStamp : 2026-02-21 07:10:56===> API : null ===> Message : validRequest() :: Api validated Successfully
info: ===> TimeStamp : 2026-02-21 07:10:56===> API : /api/auth/login ===> Message : loginUser() invoked!!
info: ===> TimeStamp : 2026-02-21 07:10:56===> API : /api/auth/login ===> Message : loginUser() :: Request Object :: [object Object]
info: ===> TimeStamp : 2026-02-21 07:10:56===> API : /api/auth/login ===> Message : loginUserDB() Invoked !
info: ===> TimeStamp : 2026-02-21 07:10:56===> API : /api/auth/login ===> Message : loginUserResponse() invoked!
info: ===> TimeStamp : 2026-02-21 07:10:56===> API : /api/auth/login ===> Message : loginUserResponse() completed
info: ===> TimeStamp : 2026-02-21 10:43:54===> API : null ===> Message : validateRequest() invoked
info: ===> TimeStamp : 2026-02-21 10:43:54===> API : null ===> Message : validateRequest() Error:: Invalid Request :: 
      {"apiUri":"/"}
info: ===> TimeStamp : 2026-02-21 10:44:00===> API : null ===> Message : validateRequest() invoked
info: ===> TimeStamp : 2026-02-21 10:44:00===> API : null ===> Message : validateRequest() Error:: Invalid Request :: 
      {"apiUri":"/favicon.ico"}
info: ===> TimeStamp : 2026-02-21 10:44:00===> API : null ===> Message : validateRequest() invoked
info: ===> TimeStamp : 2026-02-21 10:44:00===> API : null ===> Message : validateRequest() Error:: Invalid Request :: 
      {"apiUri":"/robots.txt"}
info: ===> TimeStamp : 2026-02-21 10:44:01===> API : null ===> Message : validateRequest() invoked
info: ===> TimeStamp : 2026-02-21 10:44:01===> API : null ===> Message : validateRequest() Error:: Invalid Request :: 
      {"apiUri":"/sitemap.xml"}
info: ===> TimeStamp : 2026-02-21 10:44:01===> API : null ===> Message : validateRequest() invoked
info: ===> TimeStamp : 2026-02-21 10:44:01===> API : null ===> Message : validateRequest() Error:: Invalid Request :: 
      {"apiUri":"/config.json"}
info: ===> TimeStamp : 2026-02-21 11:02:07===> API : null ===> Message : validateRequest() invoked
info: ===> TimeStamp : 2026-02-21 11:02:07===> API : null ===> Message : validateRequest() Error:: Invalid Request :: 
      {"apiUri":"/"}
info: ===> TimeStamp : 2026-02-21 11:02:09===> API : null ===> Message : validateRequest() invoked
info: ===> TimeStamp : 2026-02-21 11:02:09===> API : null ===> Message : validateRequest() Error:: Invalid Request :: 
      {"apiUri":"/favicon.ico"}
info: ===> TimeStamp : 2026-02-21 11:56:42===> API : null ===> Message : validateRequest() invoked
info: ===> TimeStamp : 2026-02-21 11:56:42===> API : null ===> Message : fetchDBSettings()
info: ===> TimeStamp : 2026-02-21 11:56:42===> API : null ===> Message : validateRequest() Invoked!
info: ===> TimeStamp : 2026-02-21 11:56:42===> API : null ===> Message : validRequest() :: Api validated Successfully
info: ===> TimeStamp : 2026-02-21 11:56:42===> API : /api/auth/validateuser ===> Message : validateUser() :: Request Object :: [object Object]
info: ===> TimeStamp : 2026-02-21 11:56:42===> API : /api/auth/validateuser ===> Message : validateUser() invoked!!
info: ===> TimeStamp : 2026-02-21 11:56:42===> API : /api/auth/validateuser ===> Message : validateUserDB() Invoked !
info: ===> TimeStamp : 2026-02-21 11:56:42===> API : /api/auth/validateuser ===> Message : validateUserResponse() invoked!
info: ===> TimeStamp : 2026-02-21 11:56:42===> API : /api/auth/validateuser ===> Message : validateUserResponse() completed
info: ===> TimeStamp : 2026-02-21 11:56:43===> API : null ===> Message : validateRequest() invoked
info: ===> TimeStamp : 2026-02-21 11:56:43===> API : null ===> Message : fetchDBSettings()
info: ===> TimeStamp : 2026-02-21 11:56:43===> API : null ===> Message : validateRequest() Invoked!
info: ===> TimeStamp : 2026-02-21 11:56:43===> API : null ===> Message : validRequest() :: Api validated Successfully
info: ===> TimeStamp : 2026-02-21 11:56:43===> API : /api/auth/login ===> Message : loginUser() invoked!!
info: ===> TimeStamp : 2026-02-21 11:56:43===> API : /api/auth/login ===> Message : loginUser() :: Request Object :: [object Object]
info: ===> TimeStamp : 2026-02-21 11:56:43===> API : /api/auth/login ===> Message : loginUserDB() Invoked !
info: ===> TimeStamp : 2026-02-21 11:56:43===> API : /api/auth/login ===> Message : loginUserResponse() invoked!
info: ===> TimeStamp : 2026-02-21 11:56:43===> API : /api/auth/login ===> Message : loginUserResponse() completed
info: ===> TimeStamp : 2026-02-21 12:17:40===> API : null ===> Message : validateRequest() invoked
info: ===> TimeStamp : 2026-02-21 12:17:40===> API : null ===> Message : fetchDBSettings()
info: ===> TimeStamp : 2026-02-21 12:17:40===> API : null ===> Message : validateRequest() Invoked!
info: ===> TimeStamp : 2026-02-21 12:17:40===> API : null ===> Message : validRequest() :: Api validated Successfully
info: ===> TimeStamp : 2026-02-21 12:17:40===> API : /api/auth/validateuser ===> Message : validateUser() invoked!!
info: ===> TimeStamp : 2026-02-21 12:17:40===> API : /api/auth/validateuser ===> Message : validateUser() :: Request Object :: [object Object]
info: ===> TimeStamp : 2026-02-21 12:17:40===> API : /api/auth/validateuser ===> Message : validateUserDB() Invoked !
info: ===> TimeStamp : 2026-02-21 12:17:40===> API : /api/auth/validateuser ===> Message : validateUserResponse() invoked!
info: ===> TimeStamp : 2026-02-21 12:17:40===> API : /api/auth/validateuser ===> Message : validateUserResponse() completed
info: ===> TimeStamp : 2026-02-21 12:17:40===> API : null ===> Message : validateRequest() invoked
info: ===> TimeStamp : 2026-02-21 12:17:40===> API : null ===> Message : fetchDBSettings()
info: ===> TimeStamp : 2026-02-21 12:17:40===> API : null ===> Message : validateRequest() Invoked!
info: ===> TimeStamp : 2026-02-21 12:17:40===> API : null ===> Message : validRequest() :: Api validated Successfully
info: ===> TimeStamp : 2026-02-21 12:17:40===> API : /api/auth/login ===> Message : loginUser() invoked!!
info: ===> TimeStamp : 2026-02-21 12:17:40===> API : /api/auth/login ===> Message : loginUser() :: Request Object :: [object Object]
info: ===> TimeStamp : 2026-02-21 12:17:40===> API : /api/auth/login ===> Message : loginUserDB() Invoked !
info: ===> TimeStamp : 2026-02-21 12:17:40===> API : /api/auth/login ===> Message : loginUserResponse() invoked!
info: ===> TimeStamp : 2026-02-21 12:17:40===> API : /api/auth/login ===> Message : loginUserResponse() completed
info: ===> TimeStamp : 2026-02-21 12:19:45===> API : null ===> Message : validateRequest() invoked
info: ===> TimeStamp : 2026-02-21 12:19:45===> API : null ===> Message : fetchDBSettings()
info: ===> TimeStamp : 2026-02-21 12:19:45===> API : null ===> Message : validateRequest() Invoked!
info: ===> TimeStamp : 2026-02-21 12:19:45===> API : null ===> Message : validRequest() :: Api validated Successfully
info: ===> TimeStamp : 2026-02-21 12:19:45===> API : /api/auth/validateuser ===> Message : validateUser() invoked!!
info: ===> TimeStamp : 2026-02-21 12:19:45===> API : /api/auth/validateuser ===> Message : validateUser() :: Request Object :: [object Object]
info: ===> TimeStamp : 2026-02-21 12:19:45===> API : /api/auth/validateuser ===> Message : validateUserDB() Invoked !
info: ===> TimeStamp : 2026-02-21 12:19:45===> API : /api/auth/validateuser ===> Message : validateUserResponse() invoked!
info: ===> TimeStamp : 2026-02-21 12:19:45===> API : /api/auth/validateuser ===> Message : validateUserResponse() completed
info: ===> TimeStamp : 2026-02-21 12:19:46===> API : null ===> Message : validateRequest() invoked
info: ===> TimeStamp : 2026-02-21 12:19:46===> API : null ===> Message : fetchDBSettings()
info: ===> TimeStamp : 2026-02-21 12:19:46===> API : null ===> Message : validateRequest() Invoked!
info: ===> TimeStamp : 2026-02-21 12:19:46===> API : null ===> Message : validRequest() :: Api validated Successfully
info: ===> TimeStamp : 2026-02-21 12:19:46===> API : /api/auth/login ===> Message : loginUser() invoked!!
info: ===> TimeStamp : 2026-02-21 12:19:46===> API : /api/auth/login ===> Message : loginUser() :: Request Object :: [object Object]
info: ===> TimeStamp : 2026-02-21 12:19:46===> API : /api/auth/login ===> Message : loginUserDB() Invoked !
info: ===> TimeStamp : 2026-02-21 12:19:46===> API : /api/auth/login ===> Message : loginUserResponse() invoked!
info: ===> TimeStamp : 2026-02-21 12:19:46===> API : /api/auth/login ===> Message : loginUserResponse() completed
info: ===> TimeStamp : 2026-02-21 12:29:17===> API : null ===> Message : validateRequest() invoked
info: ===> TimeStamp : 2026-02-21 12:29:18===> API : null ===> Message : fetchDBSettings()
info: ===> TimeStamp : 2026-02-21 12:29:18===> API : null ===> Message : validateRequest() Invoked!
info: ===> TimeStamp : 2026-02-21 12:29:18===> API : null ===> Message : validRequest() :: Api validated Successfully
info: ===> TimeStamp : 2026-02-21 12:29:18===> API : /api/auth/validateuser ===> Message : validateUser() invoked!!
info: ===> TimeStamp : 2026-02-21 12:29:18===> API : /api/auth/validateuser ===> Message : validateUser() :: Request Object :: [object Object]
info: ===> TimeStamp : 2026-02-21 12:29:18===> API : /api/auth/validateuser ===> Message : validateUserDB() Invoked !
info: ===> TimeStamp : 2026-02-21 12:29:18===> API : /api/auth/validateuser ===> Message : validateUserResponse() invoked!
info: ===> TimeStamp : 2026-02-21 12:29:18===> API : /api/auth/validateuser ===> Message : validateUserResponse() completed
info: ===> TimeStamp : 2026-02-21 12:29:18===> API : null ===> Message : validateRequest() invoked
info: ===> TimeStamp : 2026-02-21 12:29:18===> API : null ===> Message : fetchDBSettings()
info: ===> TimeStamp : 2026-02-21 12:29:18===> API : null ===> Message : validateRequest() Invoked!
info: ===> TimeStamp : 2026-02-21 12:29:18===> API : null ===> Message : validRequest() :: Api validated Successfully
info: ===> TimeStamp : 2026-02-21 12:29:18===> API : /api/auth/login ===> Message : loginUser() invoked!!
info: ===> TimeStamp : 2026-02-21 12:29:18===> API : /api/auth/login ===> Message : loginUser() :: Request Object :: [object Object]
info: ===> TimeStamp : 2026-02-21 12:29:18===> API : /api/auth/login ===> Message : loginUserDB() Invoked !
info: ===> TimeStamp : 2026-02-21 12:29:18===> API : /api/auth/login ===> Message : loginUserResponse() invoked!
info: ===> TimeStamp : 2026-02-21 12:29:18===> API : /api/auth/login ===> Message : loginUserResponse() completed
info: ===> TimeStamp : 2026-02-21 14:54:38===> API : null ===> Message : validateRequest() invoked
info: ===> TimeStamp : 2026-02-21 14:54:38===> API : null ===> Message : fetchDBSettings()
info: ===> TimeStamp : 2026-02-21 14:54:38===> API : null ===> Message : validateRequest() Invoked!
info: ===> TimeStamp : 2026-02-21 14:54:38===> API : null ===> Message : validRequest() :: Api validated Successfully
info: ===> TimeStamp : 2026-02-21 14:54:38===> API : /api/auth/logout ===> Message : logoutUser() invoked!!
info: ===> TimeStamp : 2026-02-21 14:54:38===> API : /api/auth/logout ===> Message : logoutUser() :: Request Object :: [object Object]
info: ===> TimeStamp : 2026-02-21 14:54:38===> API : /api/auth/logout ===> Message : logoutUserDB() Invoked !
info: ===> TimeStamp : 2026-02-21 14:54:38===> API : /api/auth/logout ===> Message : logoutUserResponse() invoked!
info: ===> TimeStamp : 2026-02-21 14:54:38===> API : /api/auth/logout ===> Message : logoutUserResponse() completed
info: ===> TimeStamp : 2026-02-21 14:57:44===> API : null ===> Message : validateRequest() invoked
info: ===> TimeStamp : 2026-02-21 14:57:44===> API : null ===> Message : fetchDBSettings()
info: ===> TimeStamp : 2026-02-21 14:57:44===> API : null ===> Message : validateRequest() Invoked!
info: ===> TimeStamp : 2026-02-21 14:57:44===> API : null ===> Message : validRequest() :: Api validated Successfully
info: ===> TimeStamp : 2026-02-21 14:57:44===> API : /api/auth/logout ===> Message : logoutUser() invoked!!
info: ===> TimeStamp : 2026-02-21 14:57:44===> API : /api/auth/logout ===> Message : logoutUser() :: Request Object :: [object Object]
info: ===> TimeStamp : 2026-02-21 14:57:44===> API : /api/auth/logout ===> Message : logoutUserDB() Invoked !
info: ===> TimeStamp : 2026-02-21 14:57:44===> API : /api/auth/logout ===> Message : logoutUserResponse() invoked!
info: ===> TimeStamp : 2026-02-21 14:57:44===> API : /api/auth/logout ===> Message : logoutUserResponse() completed
info: ===> TimeStamp : 2026-02-21 14:57:54===> API : null ===> Message : validateRequest() invoked
info: ===> TimeStamp : 2026-02-21 14:57:54===> API : null ===> Message : fetchDBSettings()
info: ===> TimeStamp : 2026-02-21 14:57:54===> API : null ===> Message : validateRequest() invoked
info: ===> TimeStamp : 2026-02-21 14:57:54===> API : null ===> Message : fetchDBSettings()
info: ===> TimeStamp : 2026-02-21 14:57:54===> API : null ===> Message : validateRequest() Invoked!
info: ===> TimeStamp : 2026-02-21 14:57:54===> API : null ===> Message : validateRequest() Invoked!
info: ===> TimeStamp : 2026-02-21 14:57:54===> API : null ===> Message : validRequest() :: Api validated Successfully
info: ===> TimeStamp : 2026-02-21 14:57:54===> API : /api/auth/validateuser ===> Message : validateUser() invoked!!
info: ===> TimeStamp : 2026-02-21 14:57:54===> API : /api/auth/validateuser ===> Message : validateUser() :: Request Object :: [object Object]
info: ===> TimeStamp : 2026-02-21 14:57:54===> API : /api/auth/validateuser ===> Message : validateUserDB() Invoked !
info: ===> TimeStamp : 2026-02-21 14:57:54===> API : null ===> Message : validRequest() :: Api validated Successfully
info: ===> TimeStamp : 2026-02-21 14:57:54===> API : /api/auth/validateuser ===> Message : validateUser() invoked!!
info: ===> TimeStamp : 2026-02-21 14:57:54===> API : /api/auth/validateuser ===> Message : validateUser() :: Request Object :: [object Object]
info: ===> TimeStamp : 2026-02-21 14:57:54===> API : /api/auth/validateuser ===> Message : validateUserDB() Invoked !
info: ===> TimeStamp : 2026-02-21 14:57:54===> API : /api/auth/validateuser ===> Message : validateUserDB() :: Error :: {"code":"ER_SIGNAL_EXCEPTION","errno":1644,"sqlState":"10005","sqlMessage":"User Does Not Exist","sql":"CALL usp_validate_user('ashmita', 'ashmita@`12')"}
info: ===> TimeStamp : 2026-02-21 14:57:54===> API : /api/auth/validateuser ===> Message : validateUserDBResult :: Error :: {"ErrorCode":10005,"ErrorMessage":"User Does Not Exist"}
info: ===> TimeStamp : 2026-02-21 14:57:54===> API : /api/auth/validateuser ===> Message : validateUserResponse() invoked!
info: ===> TimeStamp : 2026-02-21 14:57:54===> API : /api/auth/validateuser ===> Message : validateUserResponse() completed
info: ===> TimeStamp : 2026-02-21 14:57:54===> API : /api/auth/validateuser ===> Message : validateUserDB() :: Error :: {"code":"ER_SIGNAL_EXCEPTION","errno":1644,"sqlState":"10005","sqlMessage":"User Does Not Exist","sql":"CALL usp_validate_user('ashmita', 'ashmita@`12')"}
info: ===> TimeStamp : 2026-02-21 14:57:54===> API : /api/auth/validateuser ===> Message : validateUserDBResult :: Error :: {"ErrorCode":10005,"ErrorMessage":"User Does Not Exist"}
info: ===> TimeStamp : 2026-02-21 14:57:54===> API : /api/auth/validateuser ===> Message : validateUserResponse() invoked!
info: ===> TimeStamp : 2026-02-21 14:57:54===> API : /api/auth/validateuser ===> Message : validateUserResponse() completed
info: ===> TimeStamp : 2026-02-21 14:57:58===> API : null ===> Message : validateRequest() invoked
info: ===> TimeStamp : 2026-02-21 14:57:58===> API : null ===> Message : fetchDBSettings()
info: ===> TimeStamp : 2026-02-21 14:57:58===> API : null ===> Message : validateRequest() Invoked!
info: ===> TimeStamp : 2026-02-21 14:57:58===> API : null ===> Message : validRequest() :: Api validated Successfully
info: ===> TimeStamp : 2026-02-21 14:57:58===> API : /api/auth/validateuser ===> Message : validateUser() invoked!!
info: ===> TimeStamp : 2026-02-21 14:57:58===> API : /api/auth/validateuser ===> Message : validateUser() :: Request Object :: [object Object]
info: ===> TimeStamp : 2026-02-21 14:57:58===> API : /api/auth/validateuser ===> Message : validateUserDB() Invoked !
info: ===> TimeStamp : 2026-02-21 14:57:58===> API : /api/auth/validateuser ===> Message : validateUserResponse() invoked!
info: ===> TimeStamp : 2026-02-21 14:57:58===> API : /api/auth/validateuser ===> Message : validateUserResponse() completed
info: ===> TimeStamp : 2026-02-21 14:57:58===> API : null ===> Message : validateRequest() invoked
info: ===> TimeStamp : 2026-02-21 14:57:58===> API : null ===> Message : fetchDBSettings()
info: ===> TimeStamp : 2026-02-21 14:57:58===> API : null ===> Message : validateRequest() Invoked!
info: ===> TimeStamp : 2026-02-21 14:57:58===> API : null ===> Message : validRequest() :: Api validated Successfully
info: ===> TimeStamp : 2026-02-21 14:57:58===> API : /api/auth/checkIP ===> Message : checkIP() invoked!!
info: ===> TimeStamp : 2026-02-21 14:57:58===> API : /api/auth/checkIP ===> Message : IPs match: 103.225.102.194
info: ===> TimeStamp : 2026-02-21 14:57:58===> API : /api/auth/checkIP ===> Message : checkIPResponse() invoked!
info: ===> TimeStamp : 2026-02-21 14:57:58===> API : /api/auth/checkIP ===> Message : checkIPResponse() completed
info: ===> TimeStamp : 2026-02-21 14:57:58===> API : null ===> Message : validateRequest() invoked
info: ===> TimeStamp : 2026-02-21 14:57:58===> API : null ===> Message : fetchDBSettings()
info: ===> TimeStamp : 2026-02-21 14:57:58===> API : null ===> Message : validateRequest() Invoked!
info: ===> TimeStamp : 2026-02-21 14:57:58===> API : null ===> Message : validRequest() :: Api validated Successfully
info: ===> TimeStamp : 2026-02-21 14:57:58===> API : /api/auth/login ===> Message : loginUser() invoked!!
info: ===> TimeStamp : 2026-02-21 14:57:58===> API : /api/auth/login ===> Message : loginUser() :: Request Object :: [object Object]
info: ===> TimeStamp : 2026-02-21 14:57:58===> API : /api/auth/login ===> Message : loginUserDB() Invoked !
info: ===> TimeStamp : 2026-02-21 14:57:59===> API : /api/auth/login ===> Message : loginUserResponse() invoked!
info: ===> TimeStamp : 2026-02-21 14:57:59===> API : /api/auth/login ===> Message : loginUserResponse() completed
info: ===> TimeStamp : 2026-02-21 14:58:28===> API : null ===> Message : validateRequest() invoked
info: ===> TimeStamp : 2026-02-21 14:58:28===> API : null ===> Message : fetchDBSettings()
info: ===> TimeStamp : 2026-02-21 14:58:28===> API : null ===> Message : validateRequest() Invoked!
info: ===> TimeStamp : 2026-02-21 14:58:28===> API : null ===> Message : validRequest() :: Api validated Successfully
info: ===> TimeStamp : 2026-02-21 14:58:28===> API : /api/auth/validateuser ===> Message : validateUser() invoked!!
info: ===> TimeStamp : 2026-02-21 14:58:28===> API : /api/auth/validateuser ===> Message : validateUser() :: Request Object :: [object Object]
info: ===> TimeStamp : 2026-02-21 14:58:28===> API : /api/auth/validateuser ===> Message : validateUserDB() Invoked !
info: ===> TimeStamp : 2026-02-21 14:58:28===> API : /api/auth/validateuser ===> Message : validateUserResponse() invoked!
info: ===> TimeStamp : 2026-02-21 14:58:28===> API : /api/auth/validateuser ===> Message : validateUserResponse() completed
info: ===> TimeStamp : 2026-02-21 14:58:28===> API : null ===> Message : validateRequest() invoked
info: ===> TimeStamp : 2026-02-21 14:58:28===> API : null ===> Message : fetchDBSettings()
info: ===> TimeStamp : 2026-02-21 14:58:28===> API : null ===> Message : validateRequest() Invoked!
info: ===> TimeStamp : 2026-02-21 14:58:28===> API : null ===> Message : validRequest() :: Api validated Successfully
info: ===> TimeStamp : 2026-02-21 14:58:28===> API : /api/auth/checkIP ===> Message : checkIP() invoked!!
info: ===> TimeStamp : 2026-02-21 14:58:28===> API : /api/auth/checkIP ===> Message : IPs match: 103.255.182.117
info: ===> TimeStamp : 2026-02-21 14:58:28===> API : /api/auth/checkIP ===> Message : checkIPResponse() invoked!
info: ===> TimeStamp : 2026-02-21 14:58:28===> API : /api/auth/checkIP ===> Message : checkIPResponse() completed
info: ===> TimeStamp : 2026-02-21 14:58:28===> API : null ===> Message : validateRequest() invoked
info: ===> TimeStamp : 2026-02-21 14:58:28===> API : null ===> Message : fetchDBSettings()
info: ===> TimeStamp : 2026-02-21 14:58:28===> API : null ===> Message : validateRequest() Invoked!
info: ===> TimeStamp : 2026-02-21 14:58:28===> API : null ===> Message : validRequest() :: Api validated Successfully
info: ===> TimeStamp : 2026-02-21 14:58:28===> API : /api/auth/login ===> Message : loginUser() invoked!!
info: ===> TimeStamp : 2026-02-21 14:58:28===> API : /api/auth/login ===> Message : loginUser() :: Request Object :: [object Object]
info: ===> TimeStamp : 2026-02-21 14:58:28===> API : /api/auth/login ===> Message : loginUserDB() Invoked !
info: ===> TimeStamp : 2026-02-21 14:58:28===> API : /api/auth/login ===> Message : loginUserResponse() invoked!
info: ===> TimeStamp : 2026-02-21 14:58:28===> API : /api/auth/login ===> Message : loginUserResponse() completed
info: ===> TimeStamp : 2026-02-21 15:03:29===> API : null ===> Message : validateRequest() invoked
info: ===> TimeStamp : 2026-02-21 15:03:29===> API : null ===> Message : fetchDBSettings()
info: ===> TimeStamp : 2026-02-21 15:03:29===> API : null ===> Message : validateRequest() Invoked!
info: ===> TimeStamp : 2026-02-21 15:03:29===> API : null ===> Message : validRequest() :: Api validated Successfully
info: ===> TimeStamp : 2026-02-21 15:03:29===> API : /api/auth/validateuser ===> Message : validateUser() invoked!!
info: ===> TimeStamp : 2026-02-21 15:03:29===> API : /api/auth/validateuser ===> Message : validateUser() :: Request Object :: [object Object]
info: ===> TimeStamp : 2026-02-21 15:03:29===> API : /api/auth/validateuser ===> Message : validateUserDB() Invoked !
info: ===> TimeStamp : 2026-02-21 15:03:29===> API : /api/auth/validateuser ===> Message : validateUserResponse() invoked!
info: ===> TimeStamp : 2026-02-21 15:03:29===> API : /api/auth/validateuser ===> Message : validateUserResponse() completed
info: ===> TimeStamp : 2026-02-21 15:03:30===> API : null ===> Message : validateRequest() invoked
info: ===> TimeStamp : 2026-02-21 15:03:30===> API : null ===> Message : fetchDBSettings()
info: ===> TimeStamp : 2026-02-21 15:03:30===> API : null ===> Message : validateRequest() Invoked!
info: ===> TimeStamp : 2026-02-21 15:03:30===> API : null ===> Message : validRequest() :: Api validated Successfully
info: ===> TimeStamp : 2026-02-21 15:03:30===> API : /api/auth/login ===> Message : loginUser() invoked!!
info: ===> TimeStamp : 2026-02-21 15:03:30===> API : /api/auth/login ===> Message : loginUser() :: Request Object :: [object Object]
info: ===> TimeStamp : 2026-02-21 15:03:30===> API : /api/auth/login ===> Message : loginUserDB() Invoked !
info: ===> TimeStamp : 2026-02-21 15:03:30===> API : /api/auth/login ===> Message : loginUserResponse() invoked!
info: ===> TimeStamp : 2026-02-21 15:03:30===> API : /api/auth/login ===> Message : loginUserResponse() completed
info: ===> TimeStamp : 2026-02-21 15:16:39===> API : null ===> Message : validateRequest() invoked
info: ===> TimeStamp : 2026-02-21 15:16:39===> API : null ===> Message : validateRequest() Error:: Invalid Request :: 
      {"apiUri":"/"}
info: ===> TimeStamp : 2026-02-21 15:16:50===> API : null ===> Message : validateRequest() invoked
info: ===> TimeStamp : 2026-02-21 15:16:50===> API : null ===> Message : validateRequest() Error:: Invalid Request :: 
      {"apiUri":"/"}
info: ===> TimeStamp : 2026-02-21 15:16:52===> API : null ===> Message : validateRequest() invoked
info: ===> TimeStamp : 2026-02-21 15:16:52===> API : null ===> Message : validateRequest() Error:: Invalid Request :: 
      {"apiUri":"/favicon.ico"}
info: ===> TimeStamp : 2026-02-21 15:16:57===> API : null ===> Message : validateRequest() invoked
info: ===> TimeStamp : 2026-02-21 15:16:57===> API : null ===> Message : validateRequest() Error:: Invalid Request :: 
      {"apiUri":"/security.txt"}
info: ===> TimeStamp : 2026-02-21 15:16:58===> API : null ===> Message : validateRequest() invoked
info: ===> TimeStamp : 2026-02-21 15:16:58===> API : null ===> Message : validateRequest() Error:: Invalid Request :: 
      {"apiUri":"/favicon.ico"}
info: ===> TimeStamp : 2026-02-21 15:17:00===> API : null ===> Message : validateRequest() invoked
info: ===> TimeStamp : 2026-02-21 15:17:00===> API : null ===> Message : validateRequest() Error:: Invalid Request :: 
      {"apiUri":"/oaa8d4rhg6s9_xx"}
info: ===> TimeStamp : 2026-02-21 15:17:00===> API : null ===> Message : validateRequest() invoked
info: ===> TimeStamp : 2026-02-21 15:17:00===> API : null ===> Message : validateRequest() Error:: Invalid Request :: 
      {"apiUri":"/favicon.ico"}
info: ===> TimeStamp : 2026-02-21 15:18:11===> API : null ===> Message : validateRequest() invoked
info: ===> TimeStamp : 2026-02-21 15:18:11===> API : null ===> Message : fetchDBSettings()
info: ===> TimeStamp : 2026-02-21 15:18:11===> API : null ===> Message : validateRequest() Invoked!
info: ===> TimeStamp : 2026-02-21 15:18:11===> API : null ===> Message : validRequest() :: Api validated Successfully
info: ===> TimeStamp : 2026-02-21 15:18:11===> API : /api/auth/validateuser ===> Message : validateUser() invoked!!
info: ===> TimeStamp : 2026-02-21 15:18:11===> API : /api/auth/validateuser ===> Message : validateUser() :: Request Object :: [object Object]
info: ===> TimeStamp : 2026-02-21 15:18:11===> API : /api/auth/validateuser ===> Message : validateUserDB() Invoked !
info: ===> TimeStamp : 2026-02-21 15:18:11===> API : /api/auth/validateuser ===> Message : validateUserResponse() invoked!
info: ===> TimeStamp : 2026-02-21 15:18:11===> API : /api/auth/validateuser ===> Message : validateUserResponse() completed
info: ===> TimeStamp : 2026-02-21 15:18:11===> API : null ===> Message : validateRequest() invoked
info: ===> TimeStamp : 2026-02-21 15:18:11===> API : null ===> Message : fetchDBSettings()
info: ===> TimeStamp : 2026-02-21 15:18:11===> API : null ===> Message : validateRequest() Invoked!
info: ===> TimeStamp : 2026-02-21 15:18:11===> API : null ===> Message : validRequest() :: Api validated Successfully
info: ===> TimeStamp : 2026-02-21 15:18:11===> API : /api/auth/login ===> Message : loginUser() invoked!!
info: ===> TimeStamp : 2026-02-21 15:18:11===> API : /api/auth/login ===> Message : loginUser() :: Request Object :: [object Object]
info: ===> TimeStamp : 2026-02-21 15:18:11===> API : /api/auth/login ===> Message : loginUserDB() Invoked !
info: ===> TimeStamp : 2026-02-21 15:18:12===> API : /api/auth/login ===> Message : loginUserResponse() invoked!
info: ===> TimeStamp : 2026-02-21 15:18:12===> API : /api/auth/login ===> Message : loginUserResponse() completed
info: ===> TimeStamp : 2026-02-21 15:22:01===> API : null ===> Message : validateRequest() invoked
info: ===> TimeStamp : 2026-02-21 15:22:01===> API : null ===> Message : fetchDBSettings()
info: ===> TimeStamp : 2026-02-21 15:22:01===> API : null ===> Message : validateRequest() Invoked!
info: ===> TimeStamp : 2026-02-21 15:22:01===> API : null ===> Message : validRequest() :: Api validated Successfully
info: ===> TimeStamp : 2026-02-21 15:22:01===> API : /api/auth/validateuser ===> Message : validateUser() invoked!!
info: ===> TimeStamp : 2026-02-21 15:22:01===> API : /api/auth/validateuser ===> Message : validateUser() :: Request Object :: [object Object]
info: ===> TimeStamp : 2026-02-21 15:22:01===> API : /api/auth/validateuser ===> Message : validateUserDB() Invoked !
info: ===> TimeStamp : 2026-02-21 15:22:01===> API : /api/auth/validateuser ===> Message : validateUserResponse() invoked!
info: ===> TimeStamp : 2026-02-21 15:22:01===> API : /api/auth/validateuser ===> Message : validateUserResponse() completed
info: ===> TimeStamp : 2026-02-21 15:22:02===> API : null ===> Message : validateRequest() invoked
info: ===> TimeStamp : 2026-02-21 15:22:02===> API : null ===> Message : fetchDBSettings()
info: ===> TimeStamp : 2026-02-21 15:22:02===> API : null ===> Message : validateRequest() Invoked!
info: ===> TimeStamp : 2026-02-21 15:22:02===> API : null ===> Message : validRequest() :: Api validated Successfully
info: ===> TimeStamp : 2026-02-21 15:22:02===> API : /api/auth/login ===> Message : loginUser() invoked!!
info: ===> TimeStamp : 2026-02-21 15:22:02===> API : /api/auth/login ===> Message : loginUser() :: Request Object :: [object Object]
info: ===> TimeStamp : 2026-02-21 15:22:02===> API : /api/auth/login ===> Message : loginUserDB() Invoked !
info: ===> TimeStamp : 2026-02-21 15:22:02===> API : /api/auth/login ===> Message : loginUserResponse() invoked!
info: ===> TimeStamp : 2026-02-21 15:22:02===> API : /api/auth/login ===> Message : loginUserResponse() completed
info: ===> TimeStamp : 2026-02-21 16:22:41===> API : null ===> Message : validateRequest() invoked
info: ===> TimeStamp : 2026-02-21 16:22:41===> API : null ===> Message : fetchDBSettings()
info: ===> TimeStamp : 2026-02-21 16:22:41===> API : null ===> Message : validateRequest() Invoked!
info: ===> TimeStamp : 2026-02-21 16:22:41===> API : null ===> Message : validRequest() :: Api validated Successfully
info: ===> TimeStamp : 2026-02-21 16:22:41===> API : /api/auth/validateuser ===> Message : validateUser() invoked!!
info: ===> TimeStamp : 2026-02-21 16:22:41===> API : /api/auth/validateuser ===> Message : validateUser() :: Request Object :: [object Object]
info: ===> TimeStamp : 2026-02-21 16:22:41===> API : /api/auth/validateuser ===> Message : validateUserDB() Invoked !
info: ===> TimeStamp : 2026-02-21 16:22:41===> API : /api/auth/validateuser ===> Message : validateUserResponse() invoked!
info: ===> TimeStamp : 2026-02-21 16:22:41===> API : /api/auth/validateuser ===> Message : validateUserResponse() completed
info: ===> TimeStamp : 2026-02-21 16:22:41===> API : null ===> Message : validateRequest() invoked
info: ===> TimeStamp : 2026-02-21 16:22:41===> API : null ===> Message : fetchDBSettings()
info: ===> TimeStamp : 2026-02-21 16:22:41===> API : null ===> Message : validateRequest() Invoked!
info: ===> TimeStamp : 2026-02-21 16:22:41===> API : null ===> Message : validRequest() :: Api validated Successfully
info: ===> TimeStamp : 2026-02-21 16:22:41===> API : /api/auth/login ===> Message : loginUser() invoked!!
info: ===> TimeStamp : 2026-02-21 16:22:41===> API : /api/auth/login ===> Message : loginUser() :: Request Object :: [object Object]
info: ===> TimeStamp : 2026-02-21 16:22:41===> API : /api/auth/login ===> Message : loginUserDB() Invoked !
info: ===> TimeStamp : 2026-02-21 16:22:41===> API : /api/auth/login ===> Message : loginUserResponse() invoked!
info: ===> TimeStamp : 2026-02-21 16:22:41===> API : /api/auth/login ===> Message : loginUserResponse() completed
info: ===> TimeStamp : 2026-02-21 17:39:04===> API : null ===> Message : validateRequest() invoked
info: ===> TimeStamp : 2026-02-21 17:39:04===> API : null ===> Message : fetchDBSettings()
info: ===> TimeStamp : 2026-02-21 17:39:04===> API : null ===> Message : validateRequest() Invoked!
info: ===> TimeStamp : 2026-02-21 17:39:04===> API : null ===> Message : validRequest() :: Api validated Successfully
info: ===> TimeStamp : 2026-02-21 17:39:04===> API : /api/auth/logout ===> Message : logoutUser() :: Request Object :: [object Object]
info: ===> TimeStamp : 2026-02-21 17:39:04===> API : /api/auth/logout ===> Message : logoutUser() invoked!!
info: ===> TimeStamp : 2026-02-21 17:39:04===> API : /api/auth/logout ===> Message : logoutUserDB() Invoked !
info: ===> TimeStamp : 2026-02-21 17:39:04===> API : /api/auth/logout ===> Message : logoutUserResponse() invoked!
info: ===> TimeStamp : 2026-02-21 17:39:04===> API : /api/auth/logout ===> Message : logoutUserResponse() completed
info: ===> TimeStamp : 2026-02-21 17:39:05===> API : null ===> Message : validateRequest() invoked
info: ===> TimeStamp : 2026-02-21 17:39:05===> API : null ===> Message : fetchDBSettings()
info: ===> TimeStamp : 2026-02-21 17:39:05===> API : null ===> Message : validateRequest() Invoked!
info: ===> TimeStamp : 2026-02-21 17:39:05===> API : null ===> Message : validRequest() :: Api validated Successfully
info: ===> TimeStamp : 2026-02-21 17:39:05===> API : /api/auth/validateuser ===> Message : validateUser() invoked!!
info: ===> TimeStamp : 2026-02-21 17:39:05===> API : /api/auth/validateuser ===> Message : validateUser() :: Request Object :: [object Object]
info: ===> TimeStamp : 2026-02-21 17:39:05===> API : /api/auth/validateuser ===> Message : validateUserDB() Invoked !
info: ===> TimeStamp : 2026-02-21 17:39:05===> API : /api/auth/validateuser ===> Message : validateUserResponse() invoked!
info: ===> TimeStamp : 2026-02-21 17:39:05===> API : /api/auth/validateuser ===> Message : validateUserResponse() completed
info: ===> TimeStamp : 2026-02-21 17:39:05===> API : null ===> Message : validateRequest() invoked
info: ===> TimeStamp : 2026-02-21 17:39:05===> API : null ===> Message : fetchDBSettings()
info: ===> TimeStamp : 2026-02-21 17:39:05===> API : null ===> Message : validateRequest() Invoked!
info: ===> TimeStamp : 2026-02-21 17:39:05===> API : null ===> Message : validRequest() :: Api validated Successfully
info: ===> TimeStamp : 2026-02-21 17:39:05===> API : /api/auth/checkIP ===> Message : checkIP() invoked!!
info: ===> TimeStamp : 2026-02-21 17:39:05===> API : /api/auth/checkIP ===> Message : IPs match: 103.255.183.12
info: ===> TimeStamp : 2026-02-21 17:39:05===> API : /api/auth/checkIP ===> Message : checkIPResponse() invoked!
info: ===> TimeStamp : 2026-02-21 17:39:05===> API : /api/auth/checkIP ===> Message : checkIPResponse() completed
info: ===> TimeStamp : 2026-02-21 17:39:05===> API : null ===> Message : validateRequest() invoked
info: ===> TimeStamp : 2026-02-21 17:39:05===> API : null ===> Message : fetchDBSettings()
info: ===> TimeStamp : 2026-02-21 17:39:05===> API : null ===> Message : validateRequest() Invoked!
info: ===> TimeStamp : 2026-02-21 17:39:06===> API : null ===> Message : validRequest() :: Api validated Successfully
info: ===> TimeStamp : 2026-02-21 17:39:06===> API : /api/auth/login ===> Message : loginUser() invoked!!
info: ===> TimeStamp : 2026-02-21 17:39:06===> API : /api/auth/login ===> Message : loginUser() :: Request Object :: [object Object]
info: ===> TimeStamp : 2026-02-21 17:39:06===> API : /api/auth/login ===> Message : loginUserDB() Invoked !
info: ===> TimeStamp : 2026-02-21 17:39:06===> API : /api/auth/login ===> Message : loginUserResponse() invoked!
info: ===> TimeStamp : 2026-02-21 17:39:06===> API : /api/auth/login ===> Message : loginUserResponse() completed
info: ===> TimeStamp : 2026-02-21 17:39:22===> API : null ===> Message : validateRequest() invoked
info: ===> TimeStamp : 2026-02-21 17:39:22===> API : null ===> Message : fetchDBSettings()
info: ===> TimeStamp : 2026-02-21 17:39:22===> API : null ===> Message : validateRequest() Invoked!
info: ===> TimeStamp : 2026-02-21 17:39:22===> API : null ===> Message : validRequest() :: Api validated Successfully
info: ===> TimeStamp : 2026-02-21 17:39:22===> API : /api/auth/logout ===> Message : logoutUser() :: Request Object :: [object Object]
info: ===> TimeStamp : 2026-02-21 17:39:22===> API : /api/auth/logout ===> Message : logoutUser() invoked!!
info: ===> TimeStamp : 2026-02-21 17:39:22===> API : /api/auth/logout ===> Message : logoutUserDB() Invoked !
info: ===> TimeStamp : 2026-02-21 17:39:22===> API : /api/auth/logout ===> Message : logoutUserResponse() invoked!
info: ===> TimeStamp : 2026-02-21 17:39:22===> API : /api/auth/logout ===> Message : logoutUserResponse() completed
info: ===> TimeStamp : 2026-02-21 17:58:06===> API : null ===> Message : validateRequest() invoked
info: ===> TimeStamp : 2026-02-21 17:58:06===> API : null ===> Message : validateRequest() Error:: Invalid Request :: 
      {"apiUri":"/"}
info: ===> TimeStamp : 2026-02-21 17:58:13===> API : null ===> Message : validateRequest() invoked
info: ===> TimeStamp : 2026-02-21 17:58:13===> API : null ===> Message : validateRequest() Error:: Invalid Request :: 
      {"apiUri":"/favicon.ico"}
info: ===> TimeStamp : 2026-02-21 17:58:13===> API : null ===> Message : validateRequest() invoked
info: ===> TimeStamp : 2026-02-21 17:58:13===> API : null ===> Message : validateRequest() Error:: Invalid Request :: 
      {"apiUri":"/robots.txt"}
info: ===> TimeStamp : 2026-02-21 17:58:13===> API : null ===> Message : validateRequest() invoked
info: ===> TimeStamp : 2026-02-21 17:58:13===> API : null ===> Message : validateRequest() Error:: Invalid Request :: 
      {"apiUri":"/sitemap.xml"}
info: ===> TimeStamp : 2026-02-21 17:58:14===> API : null ===> Message : validateRequest() invoked
info: ===> TimeStamp : 2026-02-21 17:58:14===> API : null ===> Message : validateRequest() Error:: Invalid Request :: 
      {"apiUri":"/config.json"}
info: ===> TimeStamp : 2026-02-21 18:11:03===> API : null ===> Message : validateRequest() invoked
info: ===> TimeStamp : 2026-02-21 18:11:03===> API : null ===> Message : fetchDBSettings()
info: ===> TimeStamp : 2026-02-21 18:11:03===> API : null ===> Message : validateRequest() Invoked!
info: ===> TimeStamp : 2026-02-21 18:11:03===> API : null ===> Message : validRequest() :: Api validated Successfully
info: ===> TimeStamp : 2026-02-21 18:11:03===> API : /api/auth/validateuser ===> Message : validateUser() invoked!!
info: ===> TimeStamp : 2026-02-21 18:11:03===> API : /api/auth/validateuser ===> Message : validateUser() :: Request Object :: [object Object]
info: ===> TimeStamp : 2026-02-21 18:11:03===> API : /api/auth/validateuser ===> Message : validateUserDB() Invoked !
info: ===> TimeStamp : 2026-02-21 18:11:03===> API : /api/auth/validateuser ===> Message : validateUserDB() :: Error :: {"code":"ER_SIGNAL_EXCEPTION","errno":1644,"sqlState":"10005","sqlMessage":"User Does Not Exist","sql":"CALL usp_validate_user('KUNAL', 'SAHI2000')"}
info: ===> TimeStamp : 2026-02-21 18:11:03===> API : /api/auth/validateuser ===> Message : validateUserDBResult :: Error :: {"ErrorCode":10005,"ErrorMessage":"User Does Not Exist"}
info: ===> TimeStamp : 2026-02-21 18:11:03===> API : /api/auth/validateuser ===> Message : validateUserResponse() invoked!
info: ===> TimeStamp : 2026-02-21 18:11:03===> API : /api/auth/validateuser ===> Message : validateUserResponse() completed
info: ===> TimeStamp : 2026-02-21 18:11:14===> API : null ===> Message : validateRequest() invoked
info: ===> TimeStamp : 2026-02-21 18:11:14===> API : null ===> Message : fetchDBSettings()
info: ===> TimeStamp : 2026-02-21 18:11:14===> API : null ===> Message : validateRequest() Invoked!
info: ===> TimeStamp : 2026-02-21 18:11:14===> API : null ===> Message : validRequest() :: Api validated Successfully
info: ===> TimeStamp : 2026-02-21 18:11:14===> API : /api/auth/validateuser ===> Message : validateUser() :: Request Object :: [object Object]
info: ===> TimeStamp : 2026-02-21 18:11:14===> API : /api/auth/validateuser ===> Message : validateUser() invoked!!
info: ===> TimeStamp : 2026-02-21 18:11:14===> API : /api/auth/validateuser ===> Message : validateUserDB() Invoked !
info: ===> TimeStamp : 2026-02-21 18:11:14===> API : /api/auth/validateuser ===> Message : validateUserResponse() invoked!
info: ===> TimeStamp : 2026-02-21 18:11:14===> API : /api/auth/validateuser ===> Message : validateUserResponse() completed
info: ===> TimeStamp : 2026-02-21 18:11:15===> API : null ===> Message : validateRequest() invoked
info: ===> TimeStamp : 2026-02-21 18:11:15===> API : null ===> Message : fetchDBSettings()
info: ===> TimeStamp : 2026-02-21 18:11:15===> API : null ===> Message : validateRequest() Invoked!
info: ===> TimeStamp : 2026-02-21 18:11:15===> API : null ===> Message : validRequest() :: Api validated Successfully
info: ===> TimeStamp : 2026-02-21 18:11:15===> API : /api/auth/login ===> Message : loginUser() invoked!!
info: ===> TimeStamp : 2026-02-21 18:11:15===> API : /api/auth/login ===> Message : loginUser() :: Request Object :: [object Object]
info: ===> TimeStamp : 2026-02-21 18:11:15===> API : /api/auth/login ===> Message : loginUserDB() Invoked !
info: ===> TimeStamp : 2026-02-21 18:11:15===> API : /api/auth/login ===> Message : loginUserResponse() invoked!
info: ===> TimeStamp : 2026-02-21 18:11:15===> API : /api/auth/login ===> Message : loginUserResponse() completed
info: ===> TimeStamp : 2026-02-21 18:26:53===> API : null ===> Message : validateRequest() invoked
info: ===> TimeStamp : 2026-02-21 18:26:53===> API : null ===> Message : fetchDBSettings()
info: ===> TimeStamp : 2026-02-21 18:26:53===> API : null ===> Message : validateRequest() Invoked!
info: ===> TimeStamp : 2026-02-21 18:26:53===> API : null ===> Message : validRequest() :: Api validated Successfully
info: ===> TimeStamp : 2026-02-21 18:26:53===> API : /api/auth/validateuser ===> Message : validateUser() invoked!!
info: ===> TimeStamp : 2026-02-21 18:26:53===> API : /api/auth/validateuser ===> Message : validateUser() :: Request Object :: [object Object]
info: ===> TimeStamp : 2026-02-21 18:26:53===> API : /api/auth/validateuser ===> Message : validateUserDB() Invoked !
info: ===> TimeStamp : 2026-02-21 18:26:53===> API : /api/auth/validateuser ===> Message : validateUserResponse() invoked!
info: ===> TimeStamp : 2026-02-21 18:26:53===> API : /api/auth/validateuser ===> Message : validateUserResponse() completed
info: ===> TimeStamp : 2026-02-21 18:26:53===> API : null ===> Message : validateRequest() invoked
info: ===> TimeStamp : 2026-02-21 18:26:53===> API : null ===> Message : fetchDBSettings()
info: ===> TimeStamp : 2026-02-21 18:26:53===> API : null ===> Message : validateRequest() Invoked!
info: ===> TimeStamp : 2026-02-21 18:26:53===> API : null ===> Message : validRequest() :: Api validated Successfully
info: ===> TimeStamp : 2026-02-21 18:26:53===> API : /api/auth/checkIP ===> Message : checkIP() invoked!!
info: ===> TimeStamp : 2026-02-21 18:26:53===> API : /api/auth/checkIP ===> Message : IPs match: 103.225.102.194
info: ===> TimeStamp : 2026-02-21 18:26:53===> API : /api/auth/checkIP ===> Message : checkIPResponse() invoked!
info: ===> TimeStamp : 2026-02-21 18:26:53===> API : /api/auth/checkIP ===> Message : checkIPResponse() completed
info: ===> TimeStamp : 2026-02-21 18:26:53===> API : null ===> Message : validateRequest() invoked
info: ===> TimeStamp : 2026-02-21 18:26:53===> API : null ===> Message : fetchDBSettings()
info: ===> TimeStamp : 2026-02-21 18:26:53===> API : null ===> Message : validateRequest() Invoked!
info: ===> TimeStamp : 2026-02-21 18:26:53===> API : null ===> Message : validRequest() :: Api validated Successfully
info: ===> TimeStamp : 2026-02-21 18:26:53===> API : /api/auth/login ===> Message : loginUser() invoked!!
info: ===> TimeStamp : 2026-02-21 18:26:53===> API : /api/auth/login ===> Message : loginUser() :: Request Object :: [object Object]
info: ===> TimeStamp : 2026-02-21 18:26:53===> API : /api/auth/login ===> Message : loginUserDB() Invoked !
info: ===> TimeStamp : 2026-02-21 18:26:53===> API : /api/auth/login ===> Message : loginUserResponse() invoked!
info: ===> TimeStamp : 2026-02-21 18:26:53===> API : /api/auth/login ===> Message : loginUserResponse() completed
info: ===> TimeStamp : 2026-02-21 18:44:53===> API : null ===> Message : validateRequest() invoked
info: ===> TimeStamp : 2026-02-21 18:44:53===> API : null ===> Message : validateRequest() Error:: Invalid Request :: 
      {"apiUri":"/pdown"}
info: ===> TimeStamp : 2026-02-21 18:46:15===> API : null ===> Message : validateRequest() invoked
info: ===> TimeStamp : 2026-02-21 18:46:15===> API : null ===> Message : fetchDBSettings()
info: ===> TimeStamp : 2026-02-21 18:46:15===> API : null ===> Message : validateRequest() Invoked!
info: ===> TimeStamp : 2026-02-21 18:46:15===> API : null ===> Message : validRequest() :: Api validated Successfully
info: ===> TimeStamp : 2026-02-21 18:46:15===> API : /api/auth/validateuser ===> Message : validateUser() invoked!!
info: ===> TimeStamp : 2026-02-21 18:46:15===> API : /api/auth/validateuser ===> Message : validateUser() :: Request Object :: [object Object]
info: ===> TimeStamp : 2026-02-21 18:46:15===> API : /api/auth/validateuser ===> Message : validateUserDB() Invoked !
info: ===> TimeStamp : 2026-02-21 18:46:15===> API : /api/auth/validateuser ===> Message : validateUserResponse() invoked!
info: ===> TimeStamp : 2026-02-21 18:46:15===> API : /api/auth/validateuser ===> Message : validateUserResponse() completed
info: ===> TimeStamp : 2026-02-21 18:46:15===> API : null ===> Message : validateRequest() invoked
info: ===> TimeStamp : 2026-02-21 18:46:15===> API : null ===> Message : fetchDBSettings()
info: ===> TimeStamp : 2026-02-21 18:46:15===> API : null ===> Message : validateRequest() Invoked!
info: ===> TimeStamp : 2026-02-21 18:46:15===> API : null ===> Message : validRequest() :: Api validated Successfully
info: ===> TimeStamp : 2026-02-21 18:46:15===> API : /api/auth/login ===> Message : loginUser() invoked!!
info: ===> TimeStamp : 2026-02-21 18:46:15===> API : /api/auth/login ===> Message : loginUser() :: Request Object :: [object Object]
info: ===> TimeStamp : 2026-02-21 18:46:15===> API : /api/auth/login ===> Message : loginUserDB() Invoked !
info: ===> TimeStamp : 2026-02-21 18:46:15===> API : /api/auth/login ===> Message : loginUserResponse() invoked!
info: ===> TimeStamp : 2026-02-21 18:46:15===> API : /api/auth/login ===> Message : loginUserResponse() completed
info: ===> TimeStamp : 2026-02-21 18:52:09===> API : null ===> Message : validateRequest() invoked
info: ===> TimeStamp : 2026-02-21 18:52:09===> API : null ===> Message : fetchDBSettings()
info: ===> TimeStamp : 2026-02-21 18:52:09===> API : null ===> Message : validateRequest() Invoked!
info: ===> TimeStamp : 2026-02-21 18:52:09===> API : null ===> Message : validRequest() :: Api validated Successfully
info: ===> TimeStamp : 2026-02-21 18:52:09===> API : /api/auth/validateuser ===> Message : validateUser() invoked!!
info: ===> TimeStamp : 2026-02-21 18:52:09===> API : /api/auth/validateuser ===> Message : validateUser() :: Request Object :: [object Object]
info: ===> TimeStamp : 2026-02-21 18:52:09===> API : /api/auth/validateuser ===> Message : validateUserDB() Invoked !
info: ===> TimeStamp : 2026-02-21 18:52:09===> API : /api/auth/validateuser ===> Message : validateUserResponse() invoked!
info: ===> TimeStamp : 2026-02-21 18:52:09===> API : /api/auth/validateuser ===> Message : validateUserResponse() completed
info: ===> TimeStamp : 2026-02-21 18:52:09===> API : null ===> Message : validateRequest() invoked
info: ===> TimeStamp : 2026-02-21 18:52:09===> API : null ===> Message : fetchDBSettings()
info: ===> TimeStamp : 2026-02-21 18:52:09===> API : null ===> Message : validateRequest() Invoked!
info: ===> TimeStamp : 2026-02-21 18:52:09===> API : null ===> Message : validRequest() :: Api validated Successfully
info: ===> TimeStamp : 2026-02-21 18:52:09===> API : /api/auth/login ===> Message : loginUser() invoked!!
info: ===> TimeStamp : 2026-02-21 18:52:09===> API : /api/auth/login ===> Message : loginUser() :: Request Object :: [object Object]
info: ===> TimeStamp : 2026-02-21 18:52:09===> API : /api/auth/login ===> Message : loginUserDB() Invoked !
info: ===> TimeStamp : 2026-02-21 18:52:09===> API : /api/auth/login ===> Message : loginUserResponse() invoked!
info: ===> TimeStamp : 2026-02-21 18:52:09===> API : /api/auth/login ===> Message : loginUserResponse() completed
info: ===> TimeStamp : 2026-02-21 19:02:09===> API : null ===> Message : validateRequest() invoked
info: ===> TimeStamp : 2026-02-21 19:02:09===> API : null ===> Message : fetchDBSettings()
info: ===> TimeStamp : 2026-02-21 19:02:09===> API : null ===> Message : validateRequest() Invoked!
info: ===> TimeStamp : 2026-02-21 19:02:09===> API : null ===> Message : validRequest() :: Api validated Successfully
info: ===> TimeStamp : 2026-02-21 19:02:09===> API : /api/auth/validateuser ===> Message : validateUser() invoked!!
info: ===> TimeStamp : 2026-02-21 19:02:09===> API : /api/auth/validateuser ===> Message : validateUser() :: Request Object :: [object Object]
info: ===> TimeStamp : 2026-02-21 19:02:09===> API : /api/auth/validateuser ===> Message : validateUserDB() Invoked !
info: ===> TimeStamp : 2026-02-21 19:02:09===> API : /api/auth/validateuser ===> Message : validateUserResponse() invoked!
info: ===> TimeStamp : 2026-02-21 19:02:09===> API : /api/auth/validateuser ===> Message : validateUserResponse() completed
info: ===> TimeStamp : 2026-02-21 19:02:09===> API : null ===> Message : validateRequest() invoked
info: ===> TimeStamp : 2026-02-21 19:02:09===> API : null ===> Message : fetchDBSettings()
info: ===> TimeStamp : 2026-02-21 19:02:09===> API : null ===> Message : validateRequest() Invoked!
info: ===> TimeStamp : 2026-02-21 19:02:09===> API : null ===> Message : validRequest() :: Api validated Successfully
info: ===> TimeStamp : 2026-02-21 19:02:09===> API : /api/auth/login ===> Message : loginUser() invoked!!
info: ===> TimeStamp : 2026-02-21 19:02:09===> API : /api/auth/login ===> Message : loginUser() :: Request Object :: [object Object]
info: ===> TimeStamp : 2026-02-21 19:02:09===> API : /api/auth/login ===> Message : loginUserDB() Invoked !
info: ===> TimeStamp : 2026-02-21 19:02:09===> API : /api/auth/login ===> Message : loginUserResponse() invoked!
info: ===> TimeStamp : 2026-02-21 19:02:09===> API : /api/auth/login ===> Message : loginUserResponse() completed
info: ===> TimeStamp : 2026-02-21 19:23:50===> API : null ===> Message : validateRequest() invoked
info: ===> TimeStamp : 2026-02-21 19:23:50===> API : null ===> Message : fetchDBSettings()
info: ===> TimeStamp : 2026-02-21 19:23:50===> API : null ===> Message : validateRequest() Invoked!
info: ===> TimeStamp : 2026-02-21 19:23:50===> API : null ===> Message : validRequest() :: Api validated Successfully
info: ===> TimeStamp : 2026-02-21 19:23:50===> API : /api/auth/validateuser ===> Message : validateUser() invoked!!
info: ===> TimeStamp : 2026-02-21 19:23:50===> API : /api/auth/validateuser ===> Message : validateUser() :: Request Object :: [object Object]
info: ===> TimeStamp : 2026-02-21 19:23:50===> API : /api/auth/validateuser ===> Message : validateUserDB() Invoked !
info: ===> TimeStamp : 2026-02-21 19:23:50===> API : /api/auth/validateuser ===> Message : validateUserResponse() completed
info: ===> TimeStamp : 2026-02-21 19:23:50===> API : /api/auth/validateuser ===> Message : validateUserResponse() invoked!
info: ===> TimeStamp : 2026-02-21 19:23:50===> API : null ===> Message : validateRequest() invoked
info: ===> TimeStamp : 2026-02-21 19:23:50===> API : null ===> Message : fetchDBSettings()
info: ===> TimeStamp : 2026-02-21 19:23:51===> API : null ===> Message : validateRequest() Invoked!
info: ===> TimeStamp : 2026-02-21 19:23:51===> API : null ===> Message : validRequest() :: Api validated Successfully
info: ===> TimeStamp : 2026-02-21 19:23:51===> API : /api/auth/login ===> Message : loginUser() invoked!!
info: ===> TimeStamp : 2026-02-21 19:23:51===> API : /api/auth/login ===> Message : loginUser() :: Request Object :: [object Object]
info: ===> TimeStamp : 2026-02-21 19:23:51===> API : /api/auth/login ===> Message : loginUserDB() Invoked !
info: ===> TimeStamp : 2026-02-21 19:23:51===> API : /api/auth/login ===> Message : loginUserResponse() invoked!
info: ===> TimeStamp : 2026-02-21 19:23:51===> API : /api/auth/login ===> Message : loginUserResponse() completed
info: ===> TimeStamp : 2026-02-21 19:52:35===> API : null ===> Message : validateRequest() invoked
info: ===> TimeStamp : 2026-02-21 19:52:35===> API : null ===> Message : fetchDBSettings()
info: ===> TimeStamp : 2026-02-21 19:52:35===> API : null ===> Message : validateRequest() Invoked!
info: ===> TimeStamp : 2026-02-21 19:52:35===> API : null ===> Message : validRequest() :: Api validated Successfully
info: ===> TimeStamp : 2026-02-21 19:52:35===> API : /api/auth/validateuser ===> Message : validateUser() :: Request Object :: [object Object]
info: ===> TimeStamp : 2026-02-21 19:52:35===> API : /api/auth/validateuser ===> Message : validateUser() invoked!!
info: ===> TimeStamp : 2026-02-21 19:52:35===> API : /api/auth/validateuser ===> Message : validateUserDB() Invoked !
info: ===> TimeStamp : 2026-02-21 19:52:35===> API : /api/auth/validateuser ===> Message : validateUserResponse() invoked!
info: ===> TimeStamp : 2026-02-21 19:52:35===> API : /api/auth/validateuser ===> Message : validateUserResponse() completed
info: ===> TimeStamp : 2026-02-21 19:52:35===> API : null ===> Message : validateRequest() invoked
info: ===> TimeStamp : 2026-02-21 19:52:35===> API : null ===> Message : fetchDBSettings()
info: ===> TimeStamp : 2026-02-21 19:52:35===> API : null ===> Message : validateRequest() Invoked!
info: ===> TimeStamp : 2026-02-21 19:52:35===> API : null ===> Message : validRequest() :: Api validated Successfully
info: ===> TimeStamp : 2026-02-21 19:52:35===> API : /api/auth/login ===> Message : loginUser() invoked!!
info: ===> TimeStamp : 2026-02-21 19:52:35===> API : /api/auth/login ===> Message : loginUser() :: Request Object :: [object Object]
info: ===> TimeStamp : 2026-02-21 19:52:35===> API : /api/auth/login ===> Message : loginUserDB() Invoked !
info: ===> TimeStamp : 2026-02-21 19:52:35===> API : /api/auth/login ===> Message : loginUserResponse() invoked!
info: ===> TimeStamp : 2026-02-21 19:52:35===> API : /api/auth/login ===> Message : loginUserResponse() completed
info: ===> TimeStamp : 2026-02-21 19:54:42===> API : null ===> Message : validateRequest() invoked
info: ===> TimeStamp : 2026-02-21 19:54:42===> API : null ===> Message : fetchDBSettings()
info: ===> TimeStamp : 2026-02-21 19:54:42===> API : null ===> Message : validateRequest() Invoked!
info: ===> TimeStamp : 2026-02-21 19:54:42===> API : null ===> Message : validRequest() :: Api validated Successfully
info: ===> TimeStamp : 2026-02-21 19:54:42===> API : /api/auth/validateuser ===> Message : validateUser() invoked!!
info: ===> TimeStamp : 2026-02-21 19:54:42===> API : /api/auth/validateuser ===> Message : validateUser() :: Request Object :: [object Object]
info: ===> TimeStamp : 2026-02-21 19:54:42===> API : /api/auth/validateuser ===> Message : validateUserDB() Invoked !
info: ===> TimeStamp : 2026-02-21 19:54:42===> API : /api/auth/validateuser ===> Message : validateUserResponse() invoked!
info: ===> TimeStamp : 2026-02-21 19:54:42===> API : /api/auth/validateuser ===> Message : validateUserResponse() completed
info: ===> TimeStamp : 2026-02-21 19:54:42===> API : null ===> Message : validateRequest() invoked
info: ===> TimeStamp : 2026-02-21 19:54:42===> API : null ===> Message : fetchDBSettings()
info: ===> TimeStamp : 2026-02-21 19:54:42===> API : null ===> Message : validateRequest() Invoked!
info: ===> TimeStamp : 2026-02-21 19:54:42===> API : null ===> Message : validRequest() :: Api validated Successfully
info: ===> TimeStamp : 2026-02-21 19:54:42===> API : /api/auth/login ===> Message : loginUser() invoked!!
info: ===> TimeStamp : 2026-02-21 19:54:42===> API : /api/auth/login ===> Message : loginUser() :: Request Object :: [object Object]
info: ===> TimeStamp : 2026-02-21 19:54:42===> API : /api/auth/login ===> Message : loginUserDB() Invoked !
info: ===> TimeStamp : 2026-02-21 19:54:42===> API : /api/auth/login ===> Message : loginUserResponse() invoked!
info: ===> TimeStamp : 2026-02-21 19:54:42===> API : /api/auth/login ===> Message : loginUserResponse() completed
info: ===> TimeStamp : 2026-02-21 20:07:47===> API : null ===> Message : validateRequest() invoked
info: ===> TimeStamp : 2026-02-21 20:07:47===> API : null ===> Message : fetchDBSettings()
info: ===> TimeStamp : 2026-02-21 20:07:47===> API : null ===> Message : validateRequest() Invoked!
info: ===> TimeStamp : 2026-02-21 20:07:47===> API : null ===> Message : validRequest() :: Api validated Successfully
info: ===> TimeStamp : 2026-02-21 20:07:47===> API : /api/auth/validateuser ===> Message : validateUser() invoked!!
info: ===> TimeStamp : 2026-02-21 20:07:47===> API : /api/auth/validateuser ===> Message : validateUser() :: Request Object :: [object Object]
info: ===> TimeStamp : 2026-02-21 20:07:47===> API : /api/auth/validateuser ===> Message : validateUserDB() Invoked !
info: ===> TimeStamp : 2026-02-21 20:07:47===> API : /api/auth/validateuser ===> Message : validateUserResponse() invoked!
info: ===> TimeStamp : 2026-02-21 20:07:47===> API : /api/auth/validateuser ===> Message : validateUserResponse() completed
info: ===> TimeStamp : 2026-02-21 20:07:47===> API : null ===> Message : validateRequest() invoked
info: ===> TimeStamp : 2026-02-21 20:07:47===> API : null ===> Message : fetchDBSettings()
info: ===> TimeStamp : 2026-02-21 20:07:47===> API : null ===> Message : validateRequest() Invoked!
info: ===> TimeStamp : 2026-02-21 20:07:47===> API : null ===> Message : validRequest() :: Api validated Successfully
info: ===> TimeStamp : 2026-02-21 20:07:47===> API : /api/auth/login ===> Message : loginUser() invoked!!
info: ===> TimeStamp : 2026-02-21 20:07:47===> API : /api/auth/login ===> Message : loginUser() :: Request Object :: [object Object]
info: ===> TimeStamp : 2026-02-21 20:07:47===> API : /api/auth/login ===> Message : loginUserDB() Invoked !
info: ===> TimeStamp : 2026-02-21 20:07:48===> API : /api/auth/login ===> Message : loginUserResponse() invoked!
info: ===> TimeStamp : 2026-02-21 20:07:48===> API : /api/auth/login ===> Message : loginUserResponse() completed
info: ===> TimeStamp : 2026-02-21 20:21:09===> API : null ===> Message : validateRequest() invoked
info: ===> TimeStamp : 2026-02-21 20:21:09===> API : null ===> Message : fetchDBSettings()
info: ===> TimeStamp : 2026-02-21 20:21:09===> API : null ===> Message : validateRequest() Invoked!
info: ===> TimeStamp : 2026-02-21 20:21:09===> API : null ===> Message : validRequest() :: Api validated Successfully
info: ===> TimeStamp : 2026-02-21 20:21:09===> API : /api/auth/validateuser ===> Message : validateUser() :: Request Object :: [object Object]
info: ===> TimeStamp : 2026-02-21 20:21:09===> API : /api/auth/validateuser ===> Message : validateUserDB() Invoked !
info: ===> TimeStamp : 2026-02-21 20:21:09===> API : /api/auth/validateuser ===> Message : validateUser() invoked!!
info: ===> TimeStamp : 2026-02-21 20:21:09===> API : /api/auth/validateuser ===> Message : validateUserResponse() invoked!
info: ===> TimeStamp : 2026-02-21 20:21:09===> API : /api/auth/validateuser ===> Message : validateUserResponse() completed
info: ===> TimeStamp : 2026-02-21 20:21:09===> API : null ===> Message : validateRequest() invoked
info: ===> TimeStamp : 2026-02-21 20:21:09===> API : null ===> Message : fetchDBSettings()
info: ===> TimeStamp : 2026-02-21 20:21:09===> API : null ===> Message : validateRequest() Invoked!
info: ===> TimeStamp : 2026-02-21 20:21:09===> API : null ===> Message : validRequest() :: Api validated Successfully
info: ===> TimeStamp : 2026-02-21 20:21:09===> API : /api/auth/login ===> Message : loginUser() invoked!!
info: ===> TimeStamp : 2026-02-21 20:21:09===> API : /api/auth/login ===> Message : loginUser() :: Request Object :: [object Object]
info: ===> TimeStamp : 2026-02-21 20:21:09===> API : /api/auth/login ===> Message : loginUserDB() Invoked !
info: ===> TimeStamp : 2026-02-21 20:21:09===> API : /api/auth/login ===> Message : loginUserResponse() invoked!
info: ===> TimeStamp : 2026-02-21 20:21:09===> API : /api/auth/login ===> Message : loginUserResponse() completed
info: ===> TimeStamp : 2026-02-21 20:39:41===> API : null ===> Message : validateRequest() invoked
info: ===> TimeStamp : 2026-02-21 20:39:41===> API : null ===> Message : fetchDBSettings()
info: ===> TimeStamp : 2026-02-21 20:39:41===> API : null ===> Message : validateRequest() Invoked!
info: ===> TimeStamp : 2026-02-21 20:39:41===> API : null ===> Message : validRequest() :: Api validated Successfully
info: ===> TimeStamp : 2026-02-21 20:39:41===> API : /api/auth/validateuser ===> Message : validateUser() invoked!!
info: ===> TimeStamp : 2026-02-21 20:39:41===> API : /api/auth/validateuser ===> Message : validateUser() :: Request Object :: [object Object]
info: ===> TimeStamp : 2026-02-21 20:39:41===> API : /api/auth/validateuser ===> Message : validateUserDB() Invoked !
info: ===> TimeStamp : 2026-02-21 20:39:41===> API : /api/auth/validateuser ===> Message : validateUserResponse() invoked!
info: ===> TimeStamp : 2026-02-21 20:39:41===> API : /api/auth/validateuser ===> Message : validateUserResponse() completed
info: ===> TimeStamp : 2026-02-21 20:39:41===> API : null ===> Message : validateRequest() invoked
info: ===> TimeStamp : 2026-02-21 20:39:41===> API : null ===> Message : fetchDBSettings()
info: ===> TimeStamp : 2026-02-21 20:39:41===> API : null ===> Message : validateRequest() Invoked!
info: ===> TimeStamp : 2026-02-21 20:39:41===> API : /api/auth/checkIP ===> Message : IPs match: 103.255.183.12
info: ===> TimeStamp : 2026-02-21 20:39:41===> API : /api/auth/checkIP ===> Message : checkIPResponse() invoked!
info: ===> TimeStamp : 2026-02-21 20:39:41===> API : /api/auth/checkIP ===> Message : checkIPResponse() completed
info: ===> TimeStamp : 2026-02-21 20:39:41===> API : null ===> Message : validRequest() :: Api validated Successfully
info: ===> TimeStamp : 2026-02-21 20:39:41===> API : /api/auth/checkIP ===> Message : checkIP() invoked!!
info: ===> TimeStamp : 2026-02-21 20:39:41===> API : null ===> Message : validateRequest() invoked
info: ===> TimeStamp : 2026-02-21 20:39:41===> API : null ===> Message : fetchDBSettings()
info: ===> TimeStamp : 2026-02-21 20:39:41===> API : null ===> Message : validateRequest() Invoked!
info: ===> TimeStamp : 2026-02-21 20:39:41===> API : null ===> Message : validRequest() :: Api validated Successfully
info: ===> TimeStamp : 2026-02-21 20:39:41===> API : /api/auth/login ===> Message : loginUser() invoked!!
info: ===> TimeStamp : 2026-02-21 20:39:41===> API : /api/auth/login ===> Message : loginUser() :: Request Object :: [object Object]
info: ===> TimeStamp : 2026-02-21 20:39:41===> API : /api/auth/login ===> Message : loginUserDB() Invoked !
info: ===> TimeStamp : 2026-02-21 20:39:41===> API : /api/auth/login ===> Message : loginUserResponse() invoked!
info: ===> TimeStamp : 2026-02-21 20:39:41===> API : /api/auth/login ===> Message : loginUserResponse() completed
info: ===> TimeStamp : 2026-02-21 20:40:08===> API : null ===> Message : validateRequest() invoked
info: ===> TimeStamp : 2026-02-21 20:40:08===> API : null ===> Message : fetchDBSettings()
info: ===> TimeStamp : 2026-02-21 20:40:08===> API : null ===> Message : validateRequest() Invoked!
info: ===> TimeStamp : 2026-02-21 20:40:08===> API : null ===> Message : validRequest() :: Api validated Successfully
info: ===> TimeStamp : 2026-02-21 20:40:08===> API : /api/auth/logout ===> Message : logoutUser() invoked!!
info: ===> TimeStamp : 2026-02-21 20:40:08===> API : /api/auth/logout ===> Message : logoutUser() :: Request Object :: [object Object]
info: ===> TimeStamp : 2026-02-21 20:40:08===> API : /api/auth/logout ===> Message : logoutUserDB() Invoked !
info: ===> TimeStamp : 2026-02-21 20:40:08===> API : /api/auth/logout ===> Message : logoutUserResponse() invoked!
info: ===> TimeStamp : 2026-02-21 20:40:08===> API : /api/auth/logout ===> Message : logoutUserResponse() completed
info: ===> TimeStamp : 2026-02-21 21:01:43===> API : null ===> Message : validateRequest() invoked
info: ===> TimeStamp : 2026-02-21 21:01:43===> API : null ===> Message : fetchDBSettings()
info: ===> TimeStamp : 2026-02-21 21:01:43===> API : null ===> Message : validateRequest() Invoked!
info: ===> TimeStamp : 2026-02-21 21:01:43===> API : null ===> Message : validRequest() :: Api validated Successfully
info: ===> TimeStamp : 2026-02-21 21:01:43===> API : /api/auth/validateuser ===> Message : validateUser() invoked!!
info: ===> TimeStamp : 2026-02-21 21:01:43===> API : /api/auth/validateuser ===> Message : validateUser() :: Request Object :: [object Object]
info: ===> TimeStamp : 2026-02-21 21:01:43===> API : /api/auth/validateuser ===> Message : validateUserDB() Invoked !
info: ===> TimeStamp : 2026-02-21 21:01:43===> API : /api/auth/validateuser ===> Message : validateUserResponse() invoked!
info: ===> TimeStamp : 2026-02-21 21:01:43===> API : /api/auth/validateuser ===> Message : validateUserResponse() completed
info: ===> TimeStamp : 2026-02-21 21:01:44===> API : null ===> Message : validateRequest() invoked
info: ===> TimeStamp : 2026-02-21 21:01:44===> API : null ===> Message : fetchDBSettings()
info: ===> TimeStamp : 2026-02-21 21:01:44===> API : null ===> Message : validateRequest() Invoked!
info: ===> TimeStamp : 2026-02-21 21:01:44===> API : null ===> Message : validRequest() :: Api validated Successfully
info: ===> TimeStamp : 2026-02-21 21:01:44===> API : /api/auth/login ===> Message : loginUser() invoked!!
info: ===> TimeStamp : 2026-02-21 21:01:44===> API : /api/auth/login ===> Message : loginUser() :: Request Object :: [object Object]
info: ===> TimeStamp : 2026-02-21 21:01:44===> API : /api/auth/login ===> Message : loginUserDB() Invoked !
info: ===> TimeStamp : 2026-02-21 21:01:44===> API : /api/auth/login ===> Message : loginUserResponse() invoked!
info: ===> TimeStamp : 2026-02-21 21:01:44===> API : /api/auth/login ===> Message : loginUserResponse() completed
info: ===> TimeStamp : 2026-02-21 21:31:54===> API : null ===> Message : validateRequest() invoked
info: ===> TimeStamp : 2026-02-21 21:31:54===> API : null ===> Message : fetchDBSettings()
info: ===> TimeStamp : 2026-02-21 21:31:54===> API : null ===> Message : validateRequest() Invoked!
info: ===> TimeStamp : 2026-02-21 21:31:54===> API : null ===> Message : validRequest() :: Api validated Successfully
info: ===> TimeStamp : 2026-02-21 21:31:54===> API : /api/auth/validateuser ===> Message : validateUser() invoked!!
info: ===> TimeStamp : 2026-02-21 21:31:54===> API : /api/auth/validateuser ===> Message : validateUser() :: Request Object :: [object Object]
info: ===> TimeStamp : 2026-02-21 21:31:54===> API : /api/auth/validateuser ===> Message : validateUserDB() Invoked !
info: ===> TimeStamp : 2026-02-21 21:31:54===> API : /api/auth/validateuser ===> Message : validateUserResponse() invoked!
info: ===> TimeStamp : 2026-02-21 21:31:54===> API : /api/auth/validateuser ===> Message : validateUserResponse() completed
info: ===> TimeStamp : 2026-02-21 21:31:54===> API : null ===> Message : validateRequest() invoked
info: ===> TimeStamp : 2026-02-21 21:31:54===> API : null ===> Message : fetchDBSettings()
info: ===> TimeStamp : 2026-02-21 21:31:54===> API : null ===> Message : validateRequest() Invoked!
info: ===> TimeStamp : 2026-02-21 21:31:54===> API : null ===> Message : validRequest() :: Api validated Successfully
info: ===> TimeStamp : 2026-02-21 21:31:54===> API : /api/auth/login ===> Message : loginUser() invoked!!
info: ===> TimeStamp : 2026-02-21 21:31:54===> API : /api/auth/login ===> Message : loginUser() :: Request Object :: [object Object]
info: ===> TimeStamp : 2026-02-21 21:31:54===> API : /api/auth/login ===> Message : loginUserDB() Invoked !
info: ===> TimeStamp : 2026-02-21 21:31:54===> API : /api/auth/login ===> Message : loginUserResponse() invoked!
info: ===> TimeStamp : 2026-02-21 21:31:54===> API : /api/auth/login ===> Message : loginUserResponse() completed
info: ===> TimeStamp : 2026-02-21 21:41:42===> API : null ===> Message : fetchDBSettings()
info: ===> TimeStamp : 2026-02-21 21:41:42===> API : null ===> Message : validateRequest() invoked
info: ===> TimeStamp : 2026-02-21 21:41:42===> API : null ===> Message : validateRequest() Invoked!
info: ===> TimeStamp : 2026-02-21 21:41:42===> API : null ===> Message : validRequest() :: Api validated Successfully
info: ===> TimeStamp : 2026-02-21 21:41:42===> API : /api/auth/logout ===> Message : logoutUser() invoked!!
info: ===> TimeStamp : 2026-02-21 21:41:42===> API : /api/auth/logout ===> Message : logoutUser() :: Request Object :: [object Object]
info: ===> TimeStamp : 2026-02-21 21:41:42===> API : /api/auth/logout ===> Message : logoutUserDB() Invoked !
info: ===> TimeStamp : 2026-02-21 21:41:42===> API : /api/auth/logout ===> Message : logoutUserResponse() invoked!
info: ===> TimeStamp : 2026-02-21 21:41:42===> API : /api/auth/logout ===> Message : logoutUserResponse() completed
info: ===> TimeStamp : 2026-02-21 21:44:07===> API : null ===> Message : validateRequest() invoked
info: ===> TimeStamp : 2026-02-21 21:44:07===> API : null ===> Message : fetchDBSettings()
info: ===> TimeStamp : 2026-02-21 21:44:07===> API : null ===> Message : validateRequest() Invoked!
info: ===> TimeStamp : 2026-02-21 21:44:07===> API : null ===> Message : validRequest() :: Api validated Successfully
info: ===> TimeStamp : 2026-02-21 21:44:07===> API : /api/auth/validateuser ===> Message : validateUser() invoked!!
info: ===> TimeStamp : 2026-02-21 21:44:07===> API : /api/auth/validateuser ===> Message : validateUser() :: Request Object :: [object Object]
info: ===> TimeStamp : 2026-02-21 21:44:07===> API : /api/auth/validateuser ===> Message : validateUserDB() Invoked !
info: ===> TimeStamp : 2026-02-21 21:44:07===> API : /api/auth/validateuser ===> Message : validateUserResponse() invoked!
info: ===> TimeStamp : 2026-02-21 21:44:07===> API : /api/auth/validateuser ===> Message : validateUserResponse() completed
info: ===> TimeStamp : 2026-02-21 21:44:07===> API : null ===> Message : validateRequest() invoked
info: ===> TimeStamp : 2026-02-21 21:44:07===> API : null ===> Message : fetchDBSettings()
info: ===> TimeStamp : 2026-02-21 21:44:07===> API : null ===> Message : validateRequest() Invoked!
info: ===> TimeStamp : 2026-02-21 21:44:07===> API : null ===> Message : validRequest() :: Api validated Successfully
info: ===> TimeStamp : 2026-02-21 21:44:07===> API : /api/auth/login ===> Message : loginUser() invoked!!
info: ===> TimeStamp : 2026-02-21 21:44:07===> API : /api/auth/login ===> Message : loginUser() :: Request Object :: [object Object]
info: ===> TimeStamp : 2026-02-21 21:44:07===> API : /api/auth/login ===> Message : loginUserDB() Invoked !
info: ===> TimeStamp : 2026-02-21 21:44:07===> API : /api/auth/login ===> Message : loginUserResponse() invoked!
info: ===> TimeStamp : 2026-02-21 21:44:07===> API : /api/auth/login ===> Message : loginUserResponse() completed
info: ===> TimeStamp : 2026-02-21 21:45:36===> API : null ===> Message : validateRequest() invoked
info: ===> TimeStamp : 2026-02-21 21:45:36===> API : null ===> Message : fetchDBSettings()
info: ===> TimeStamp : 2026-02-21 21:45:36===> API : null ===> Message : validateRequest() Invoked!
info: ===> TimeStamp : 2026-02-21 21:45:36===> API : null ===> Message : validRequest() :: Api validated Successfully
info: ===> TimeStamp : 2026-02-21 21:45:36===> API : /api/auth/logout ===> Message : logoutUser() :: Request Object :: [object Object]
info: ===> TimeStamp : 2026-02-21 21:45:36===> API : /api/auth/logout ===> Message : logoutUser() invoked!!
info: ===> TimeStamp : 2026-02-21 21:45:36===> API : /api/auth/logout ===> Message : logoutUserDB() Invoked !
info: ===> TimeStamp : 2026-02-21 21:45:36===> API : /api/auth/logout ===> Message : logoutUserResponse() invoked!
info: ===> TimeStamp : 2026-02-21 21:45:36===> API : /api/auth/logout ===> Message : logoutUserResponse() completed
info: ===> TimeStamp : 2026-02-21 21:45:48===> API : null ===> Message : validateRequest() invoked
info: ===> TimeStamp : 2026-02-21 21:45:48===> API : null ===> Message : fetchDBSettings()
info: ===> TimeStamp : 2026-02-21 21:45:48===> API : null ===> Message : validateRequest() Invoked!
info: ===> TimeStamp : 2026-02-21 21:45:48===> API : null ===> Message : validRequest() :: Api validated Successfully
info: ===> TimeStamp : 2026-02-21 21:45:48===> API : /api/auth/validateuser ===> Message : validateUser() invoked!!
info: ===> TimeStamp : 2026-02-21 21:45:48===> API : /api/auth/validateuser ===> Message : validateUser() :: Request Object :: [object Object]
info: ===> TimeStamp : 2026-02-21 21:45:48===> API : /api/auth/validateuser ===> Message : validateUserDB() Invoked !
info: ===> TimeStamp : 2026-02-21 21:45:48===> API : /api/auth/validateuser ===> Message : validateUserResponse() invoked!
info: ===> TimeStamp : 2026-02-21 21:45:48===> API : /api/auth/validateuser ===> Message : validateUserResponse() completed
info: ===> TimeStamp : 2026-02-21 21:45:48===> API : null ===> Message : validateRequest() invoked
info: ===> TimeStamp : 2026-02-21 21:45:48===> API : null ===> Message : fetchDBSettings()
info: ===> TimeStamp : 2026-02-21 21:45:48===> API : null ===> Message : validateRequest() Invoked!
info: ===> TimeStamp : 2026-02-21 21:45:48===> API : null ===> Message : validRequest() :: Api validated Successfully
info: ===> TimeStamp : 2026-02-21 21:45:48===> API : /api/auth/checkIP ===> Message : checkIP() invoked!!
info: ===> TimeStamp : 2026-02-21 21:45:48===> API : /api/auth/checkIP ===> Message : IPs match: 103.225.102.194
info: ===> TimeStamp : 2026-02-21 21:45:48===> API : /api/auth/checkIP ===> Message : checkIPResponse() invoked!
info: ===> TimeStamp : 2026-02-21 21:45:48===> API : /api/auth/checkIP ===> Message : checkIPResponse() completed
info: ===> TimeStamp : 2026-02-21 21:45:48===> API : null ===> Message : validateRequest() invoked
info: ===> TimeStamp : 2026-02-21 21:45:48===> API : null ===> Message : fetchDBSettings()
info: ===> TimeStamp : 2026-02-21 21:45:48===> API : null ===> Message : validateRequest() Invoked!
info: ===> TimeStamp : 2026-02-21 21:45:48===> API : null ===> Message : validRequest() :: Api validated Successfully
info: ===> TimeStamp : 2026-02-21 21:45:48===> API : /api/auth/login ===> Message : loginUser() invoked!!
info: ===> TimeStamp : 2026-02-21 21:45:48===> API : /api/auth/login ===> Message : loginUser() :: Request Object :: [object Object]
info: ===> TimeStamp : 2026-02-21 21:45:48===> API : /api/auth/login ===> Message : loginUserDB() Invoked !
info: ===> TimeStamp : 2026-02-21 21:45:48===> API : /api/auth/login ===> Message : loginUserResponse() invoked!
info: ===> TimeStamp : 2026-02-21 21:45:48===> API : /api/auth/login ===> Message : loginUserResponse() completed
info: ===> TimeStamp : 2026-02-21 21:47:52===> API : null ===> Message : validateRequest() invoked
info: ===> TimeStamp : 2026-02-21 21:47:52===> API : null ===> Message : fetchDBSettings()
info: ===> TimeStamp : 2026-02-21 21:47:52===> API : null ===> Message : validateRequest() Invoked!
info: ===> TimeStamp : 2026-02-21 21:47:52===> API : null ===> Message : validRequest() :: Api validated Successfully
info: ===> TimeStamp : 2026-02-21 21:47:52===> API : /api/auth/validateuser ===> Message : validateUser() invoked!!
info: ===> TimeStamp : 2026-02-21 21:47:52===> API : /api/auth/validateuser ===> Message : validateUser() :: Request Object :: [object Object]
info: ===> TimeStamp : 2026-02-21 21:47:52===> API : /api/auth/validateuser ===> Message : validateUserDB() Invoked !
info: ===> TimeStamp : 2026-02-21 21:47:52===> API : /api/auth/validateuser ===> Message : validateUserResponse() invoked!
info: ===> TimeStamp : 2026-02-21 21:47:52===> API : /api/auth/validateuser ===> Message : validateUserResponse() completed
info: ===> TimeStamp : 2026-02-21 21:47:52===> API : null ===> Message : validateRequest() invoked
info: ===> TimeStamp : 2026-02-21 21:47:52===> API : null ===> Message : fetchDBSettings()
info: ===> TimeStamp : 2026-02-21 21:47:52===> API : null ===> Message : validateRequest() Invoked!
info: ===> TimeStamp : 2026-02-21 21:47:52===> API : null ===> Message : validRequest() :: Api validated Successfully
info: ===> TimeStamp : 2026-02-21 21:47:52===> API : /api/auth/checkIP ===> Message : checkIP() invoked!!
info: ===> TimeStamp : 2026-02-21 21:47:52===> API : /api/auth/checkIP ===> Message : IPs match: 103.255.182.117
info: ===> TimeStamp : 2026-02-21 21:47:52===> API : /api/auth/checkIP ===> Message : checkIPResponse() invoked!
info: ===> TimeStamp : 2026-02-21 21:47:52===> API : /api/auth/checkIP ===> Message : checkIPResponse() completed
info: ===> TimeStamp : 2026-02-21 21:47:52===> API : null ===> Message : validateRequest() invoked
info: ===> TimeStamp : 2026-02-21 21:47:52===> API : null ===> Message : fetchDBSettings()
info: ===> TimeStamp : 2026-02-21 21:47:52===> API : null ===> Message : validateRequest() Invoked!
info: ===> TimeStamp : 2026-02-21 21:47:52===> API : null ===> Message : validRequest() :: Api validated Successfully
info: ===> TimeStamp : 2026-02-21 21:47:52===> API : /api/auth/login ===> Message : loginUser() invoked!!
info: ===> TimeStamp : 2026-02-21 21:47:52===> API : /api/auth/login ===> Message : loginUser() :: Request Object :: [object Object]
info: ===> TimeStamp : 2026-02-21 21:47:52===> API : /api/auth/login ===> Message : loginUserDB() Invoked !
info: ===> TimeStamp : 2026-02-21 21:47:52===> API : /api/auth/login ===> Message : loginUserResponse() invoked!
info: ===> TimeStamp : 2026-02-21 21:47:52===> API : /api/auth/login ===> Message : loginUserResponse() completed
info: ===> TimeStamp : 2026-02-21 22:07:23===> API : null ===> Message : validateRequest() invoked
info: ===> TimeStamp : 2026-02-21 22:07:23===> API : null ===> Message : fetchDBSettings()
info: ===> TimeStamp : 2026-02-21 22:07:23===> API : null ===> Message : validateRequest() Invoked!
info: ===> TimeStamp : 2026-02-21 22:07:23===> API : null ===> Message : validRequest() :: Api validated Successfully
info: ===> TimeStamp : 2026-02-21 22:07:23===> API : /api/auth/validateuser ===> Message : validateUser() :: Request Object :: [object Object]
info: ===> TimeStamp : 2026-02-21 22:07:23===> API : /api/auth/validateuser ===> Message : validateUser() invoked!!
info: ===> TimeStamp : 2026-02-21 22:07:23===> API : /api/auth/validateuser ===> Message : validateUserDB() Invoked !
info: ===> TimeStamp : 2026-02-21 22:07:23===> API : /api/auth/validateuser ===> Message : validateUserResponse() invoked!
info: ===> TimeStamp : 2026-02-21 22:07:23===> API : /api/auth/validateuser ===> Message : validateUserResponse() completed
info: ===> TimeStamp : 2026-02-21 22:07:23===> API : null ===> Message : validateRequest() invoked
info: ===> TimeStamp : 2026-02-21 22:07:23===> API : null ===> Message : fetchDBSettings()
info: ===> TimeStamp : 2026-02-21 22:07:23===> API : null ===> Message : validateRequest() Invoked!
info: ===> TimeStamp : 2026-02-21 22:07:23===> API : null ===> Message : validRequest() :: Api validated Successfully
info: ===> TimeStamp : 2026-02-21 22:07:23===> API : /api/auth/login ===> Message : loginUser() invoked!!
info: ===> TimeStamp : 2026-02-21 22:07:23===> API : /api/auth/login ===> Message : loginUser() :: Request Object :: [object Object]
info: ===> TimeStamp : 2026-02-21 22:07:23===> API : /api/auth/login ===> Message : loginUserDB() Invoked !
info: ===> TimeStamp : 2026-02-21 22:07:24===> API : /api/auth/login ===> Message : loginUserResponse() invoked!
info: ===> TimeStamp : 2026-02-21 22:07:24===> API : /api/auth/login ===> Message : loginUserResponse() completed
info: ===> TimeStamp : 2026-02-21 22:43:15===> API : null ===> Message : validateRequest() invoked
info: ===> TimeStamp : 2026-02-21 22:43:15===> API : null ===> Message : fetchDBSettings()
info: ===> TimeStamp : 2026-02-21 22:43:15===> API : null ===> Message : validateRequest() Invoked!
info: ===> TimeStamp : 2026-02-21 22:43:15===> API : null ===> Message : validRequest() :: Api validated Successfully
info: ===> TimeStamp : 2026-02-21 22:43:15===> API : /api/auth/validateuser ===> Message : validateUser() invoked!!
info: ===> TimeStamp : 2026-02-21 22:43:15===> API : /api/auth/validateuser ===> Message : validateUser() :: Request Object :: [object Object]
info: ===> TimeStamp : 2026-02-21 22:43:15===> API : /api/auth/validateuser ===> Message : validateUserDB() Invoked !
info: ===> TimeStamp : 2026-02-21 22:43:15===> API : /api/auth/validateuser ===> Message : validateUserResponse() invoked!
info: ===> TimeStamp : 2026-02-21 22:43:15===> API : /api/auth/validateuser ===> Message : validateUserResponse() completed
info: ===> TimeStamp : 2026-02-21 22:43:15===> API : null ===> Message : validateRequest() invoked
info: ===> TimeStamp : 2026-02-21 22:43:15===> API : null ===> Message : fetchDBSettings()
info: ===> TimeStamp : 2026-02-21 22:43:15===> API : null ===> Message : validateRequest() Invoked!
info: ===> TimeStamp : 2026-02-21 22:43:15===> API : null ===> Message : validRequest() :: Api validated Successfully
info: ===> TimeStamp : 2026-02-21 22:43:15===> API : /api/auth/login ===> Message : loginUser() invoked!!
info: ===> TimeStamp : 2026-02-21 22:43:15===> API : /api/auth/login ===> Message : loginUser() :: Request Object :: [object Object]
info: ===> TimeStamp : 2026-02-21 22:43:15===> API : /api/auth/login ===> Message : loginUserDB() Invoked !
info: ===> TimeStamp : 2026-02-21 22:43:15===> API : /api/auth/login ===> Message : loginUserResponse() invoked!
info: ===> TimeStamp : 2026-02-21 22:43:15===> API : /api/auth/login ===> Message : loginUserResponse() completed
info: ===> TimeStamp : 2026-02-21 22:48:40===> API : null ===> Message : validateRequest() invoked
info: ===> TimeStamp : 2026-02-21 22:48:40===> API : null ===> Message : fetchDBSettings()
info: ===> TimeStamp : 2026-02-21 22:48:40===> API : null ===> Message : validateRequest() Invoked!
info: ===> TimeStamp : 2026-02-21 22:48:40===> API : null ===> Message : validRequest() :: Api validated Successfully
info: ===> TimeStamp : 2026-02-21 22:48:40===> API : /api/auth/validateuser ===> Message : validateUser() invoked!!
info: ===> TimeStamp : 2026-02-21 22:48:40===> API : /api/auth/validateuser ===> Message : validateUser() :: Request Object :: [object Object]
info: ===> TimeStamp : 2026-02-21 22:48:40===> API : /api/auth/validateuser ===> Message : validateUserDB() Invoked !
info: ===> TimeStamp : 2026-02-21 22:48:40===> API : /api/auth/validateuser ===> Message : validateUserResponse() invoked!
info: ===> TimeStamp : 2026-02-21 22:48:40===> API : /api/auth/validateuser ===> Message : validateUserResponse() completed
info: ===> TimeStamp : 2026-02-21 22:48:40===> API : null ===> Message : validateRequest() invoked
info: ===> TimeStamp : 2026-02-21 22:48:40===> API : null ===> Message : fetchDBSettings()
info: ===> TimeStamp : 2026-02-21 22:48:40===> API : null ===> Message : validateRequest() Invoked!
info: ===> TimeStamp : 2026-02-21 22:48:40===> API : null ===> Message : validRequest() :: Api validated Successfully
info: ===> TimeStamp : 2026-02-21 22:48:40===> API : /api/auth/login ===> Message : loginUser() invoked!!
info: ===> TimeStamp : 2026-02-21 22:48:40===> API : /api/auth/login ===> Message : loginUser() :: Request Object :: [object Object]
info: ===> TimeStamp : 2026-02-21 22:48:40===> API : /api/auth/login ===> Message : loginUserDB() Invoked !
info: ===> TimeStamp : 2026-02-21 22:48:40===> API : /api/auth/login ===> Message : loginUserResponse() invoked!
info: ===> TimeStamp : 2026-02-21 22:48:40===> API : /api/auth/login ===> Message : loginUserResponse() completed
info: ===> TimeStamp : 2026-02-21 22:53:10===> API : null ===> Message : validateRequest() invoked
info: ===> TimeStamp : 2026-02-21 22:53:10===> API : null ===> Message : fetchDBSettings()
info: ===> TimeStamp : 2026-02-21 22:53:10===> API : null ===> Message : validateRequest() Invoked!
info: ===> TimeStamp : 2026-02-21 22:53:10===> API : null ===> Message : validRequest() :: Api validated Successfully
info: ===> TimeStamp : 2026-02-21 22:53:10===> API : /api/auth/validateuser ===> Message : validateUser() invoked!!
info: ===> TimeStamp : 2026-02-21 22:53:10===> API : /api/auth/validateuser ===> Message : validateUser() :: Request Object :: [object Object]
info: ===> TimeStamp : 2026-02-21 22:53:10===> API : /api/auth/validateuser ===> Message : validateUserDB() Invoked !
info: ===> TimeStamp : 2026-02-21 22:53:10===> API : /api/auth/validateuser ===> Message : validateUserResponse() invoked!
info: ===> TimeStamp : 2026-02-21 22:53:10===> API : /api/auth/validateuser ===> Message : validateUserResponse() completed
info: ===> TimeStamp : 2026-02-21 22:53:10===> API : null ===> Message : validateRequest() invoked
info: ===> TimeStamp : 2026-02-21 22:53:10===> API : null ===> Message : fetchDBSettings()
info: ===> TimeStamp : 2026-02-21 22:53:10===> API : null ===> Message : validateRequest() Invoked!
info: ===> TimeStamp : 2026-02-21 22:53:10===> API : null ===> Message : validRequest() :: Api validated Successfully
info: ===> TimeStamp : 2026-02-21 22:53:10===> API : /api/auth/login ===> Message : loginUser() invoked!!
info: ===> TimeStamp : 2026-02-21 22:53:10===> API : /api/auth/login ===> Message : loginUser() :: Request Object :: [object Object]
info: ===> TimeStamp : 2026-02-21 22:53:10===> API : /api/auth/login ===> Message : loginUserDB() Invoked !
info: ===> TimeStamp : 2026-02-21 22:53:10===> API : /api/auth/login ===> Message : loginUserResponse() invoked!
info: ===> TimeStamp : 2026-02-21 22:53:10===> API : /api/auth/login ===> Message : loginUserResponse() completed
info: ===> TimeStamp : 2026-02-21 22:57:01===> API : null ===> Message : validateRequest() invoked
info: ===> TimeStamp : 2026-02-21 22:57:01===> API : null ===> Message : validateRequest() Error:: Invalid Request :: 
      {"apiUri":"/"}
info: ===> TimeStamp : 2026-02-21 22:57:07===> API : null ===> Message : validateRequest() invoked
info: ===> TimeStamp : 2026-02-21 22:57:07===> API : null ===> Message : validateRequest() Error:: Invalid Request :: 
      {"apiUri":"/favicon.ico"}
info: ===> TimeStamp : 2026-02-21 22:57:07===> API : null ===> Message : validateRequest() invoked
info: ===> TimeStamp : 2026-02-21 22:57:07===> API : null ===> Message : validateRequest() Error:: Invalid Request :: 
      {"apiUri":"/robots.txt"}
info: ===> TimeStamp : 2026-02-21 22:57:07===> API : null ===> Message : validateRequest() invoked
info: ===> TimeStamp : 2026-02-21 22:57:07===> API : null ===> Message : validateRequest() Error:: Invalid Request :: 
      {"apiUri":"/sitemap.xml"}
info: ===> TimeStamp : 2026-02-21 22:57:07===> API : null ===> Message : validateRequest() invoked
info: ===> TimeStamp : 2026-02-21 22:57:07===> API : null ===> Message : validateRequest() Error:: Invalid Request :: 
      {"apiUri":"/config.json"}
info: ===> TimeStamp : 2026-02-21 23:08:11===> API : null ===> Message : validateRequest() invoked
info: ===> TimeStamp : 2026-02-21 23:08:11===> API : null ===> Message : fetchDBSettings()
info: ===> TimeStamp : 2026-02-21 23:08:11===> API : null ===> Message : validateRequest() Invoked!
info: ===> TimeStamp : 2026-02-21 23:08:11===> API : null ===> Message : validRequest() :: Api validated Successfully
info: ===> TimeStamp : 2026-02-21 23:08:11===> API : /api/auth/validateuser ===> Message : validateUser() :: Request Object :: [object Object]
info: ===> TimeStamp : 2026-02-21 23:08:11===> API : /api/auth/validateuser ===> Message : validateUser() invoked!!
info: ===> TimeStamp : 2026-02-21 23:08:11===> API : /api/auth/validateuser ===> Message : validateUserDB() Invoked !
info: ===> TimeStamp : 2026-02-21 23:08:11===> API : /api/auth/validateuser ===> Message : validateUserResponse() invoked!
info: ===> TimeStamp : 2026-02-21 23:08:11===> API : /api/auth/validateuser ===> Message : validateUserResponse() completed
info: ===> TimeStamp : 2026-02-21 23:08:11===> API : null ===> Message : validateRequest() invoked
info: ===> TimeStamp : 2026-02-21 23:08:11===> API : null ===> Message : fetchDBSettings()
info: ===> TimeStamp : 2026-02-21 23:08:11===> API : null ===> Message : validateRequest() Invoked!
info: ===> TimeStamp : 2026-02-21 23:08:11===> API : /api/auth/login ===> Message : loginUser() invoked!!
info: ===> TimeStamp : 2026-02-21 23:08:11===> API : null ===> Message : validRequest() :: Api validated Successfully
info: ===> TimeStamp : 2026-02-21 23:08:11===> API : /api/auth/login ===> Message : loginUserDB() Invoked !
info: ===> TimeStamp : 2026-02-21 23:08:11===> API : /api/auth/login ===> Message : loginUser() :: Request Object :: [object Object]
info: ===> TimeStamp : 2026-02-21 23:08:11===> API : /api/auth/login ===> Message : loginUserResponse() invoked!
info: ===> TimeStamp : 2026-02-21 23:08:11===> API : /api/auth/login ===> Message : loginUserResponse() completed
info: ===> TimeStamp : 2026-02-22 00:07:02===> API : null ===> Message : validateRequest() invoked
info: ===> TimeStamp : 2026-02-22 00:07:02===> API : null ===> Message : fetchDBSettings()
info: ===> TimeStamp : 2026-02-22 00:07:02===> API : null ===> Message : validateRequest() Invoked!
info: ===> TimeStamp : 2026-02-22 00:07:02===> API : null ===> Message : validRequest() :: Api validated Successfully
info: ===> TimeStamp : 2026-02-22 00:07:02===> API : /api/auth/validateuser ===> Message : validateUser() invoked!!
info: ===> TimeStamp : 2026-02-22 00:07:02===> API : /api/auth/validateuser ===> Message : validateUser() :: Request Object :: [object Object]
info: ===> TimeStamp : 2026-02-22 00:07:02===> API : /api/auth/validateuser ===> Message : validateUserDB() Invoked !
info: ===> TimeStamp : 2026-02-22 00:07:02===> API : /api/auth/validateuser ===> Message : validateUserResponse() invoked!
info: ===> TimeStamp : 2026-02-22 00:07:02===> API : /api/auth/validateuser ===> Message : validateUserResponse() completed
info: ===> TimeStamp : 2026-02-22 00:07:02===> API : null ===> Message : validateRequest() invoked
info: ===> TimeStamp : 2026-02-22 00:07:02===> API : null ===> Message : fetchDBSettings()
info: ===> TimeStamp : 2026-02-22 00:07:02===> API : null ===> Message : validateRequest() Invoked!
info: ===> TimeStamp : 2026-02-22 00:07:02===> API : null ===> Message : validRequest() :: Api validated Successfully
info: ===> TimeStamp : 2026-02-22 00:07:02===> API : /api/auth/login ===> Message : loginUser() :: Request Object :: [object Object]
info: ===> TimeStamp : 2026-02-22 00:07:02===> API : /api/auth/login ===> Message : loginUser() invoked!!
info: ===> TimeStamp : 2026-02-22 00:07:02===> API : /api/auth/login ===> Message : loginUserDB() Invoked !
info: ===> TimeStamp : 2026-02-22 00:07:02===> API : /api/auth/login ===> Message : loginUserResponse() invoked!
info: ===> TimeStamp : 2026-02-22 00:07:02===> API : /api/auth/login ===> Message : loginUserResponse() completed
info: ===> TimeStamp : 2026-02-22 02:38:39===> API : null ===> Message : validateRequest() invoked
info: ===> TimeStamp : 2026-02-22 02:38:39===> API : null ===> Message : fetchDBSettings()
info: ===> TimeStamp : 2026-02-22 02:38:39===> API : null ===> Message : validateRequest() Invoked!
info: ===> TimeStamp : 2026-02-22 02:38:39===> API : null ===> Message : validRequest() :: Api validated Successfully
info: ===> TimeStamp : 2026-02-22 02:38:39===> API : /api/auth/validateuser ===> Message : validateUser() invoked!!
info: ===> TimeStamp : 2026-02-22 02:38:39===> API : /api/auth/validateuser ===> Message : validateUser() :: Request Object :: [object Object]
info: ===> TimeStamp : 2026-02-22 02:38:39===> API : /api/auth/validateuser ===> Message : validateUserDB() Invoked !
info: ===> TimeStamp : 2026-02-22 02:38:39===> API : /api/auth/validateuser ===> Message : validateUserResponse() invoked!
info: ===> TimeStamp : 2026-02-22 02:38:39===> API : /api/auth/validateuser ===> Message : validateUserResponse() completed
info: ===> TimeStamp : 2026-02-22 02:38:39===> API : null ===> Message : validateRequest() invoked
info: ===> TimeStamp : 2026-02-22 02:38:39===> API : null ===> Message : fetchDBSettings()
info: ===> TimeStamp : 2026-02-22 02:38:39===> API : null ===> Message : validateRequest() Invoked!
info: ===> TimeStamp : 2026-02-22 02:38:39===> API : null ===> Message : validRequest() :: Api validated Successfully
info: ===> TimeStamp : 2026-02-22 02:38:39===> API : /api/auth/login ===> Message : loginUser() invoked!!
info: ===> TimeStamp : 2026-02-22 02:38:39===> API : /api/auth/login ===> Message : loginUser() :: Request Object :: [object Object]
info: ===> TimeStamp : 2026-02-22 02:38:39===> API : /api/auth/login ===> Message : loginUserDB() Invoked !
info: ===> TimeStamp : 2026-02-22 02:38:39===> API : /api/auth/login ===> Message : loginUserResponse() invoked!
info: ===> TimeStamp : 2026-02-22 02:38:39===> API : /api/auth/login ===> Message : loginUserResponse() completed
info: ===> TimeStamp : 2026-02-22 02:44:07===> API : null ===> Message : validateRequest() invoked
info: ===> TimeStamp : 2026-02-22 02:44:07===> API : null ===> Message : fetchDBSettings()
info: ===> TimeStamp : 2026-02-22 02:44:07===> API : null ===> Message : validateRequest() Invoked!
info: ===> TimeStamp : 2026-02-22 02:44:07===> API : null ===> Message : validRequest() :: Api validated Successfully
info: ===> TimeStamp : 2026-02-22 02:44:07===> API : /api/auth/logout ===> Message : logoutUser() invoked!!
info: ===> TimeStamp : 2026-02-22 02:44:07===> API : /api/auth/logout ===> Message : logoutUser() :: Request Object :: [object Object]
info: ===> TimeStamp : 2026-02-22 02:44:07===> API : /api/auth/logout ===> Message : logoutUserDB() Invoked !
info: ===> TimeStamp : 2026-02-22 02:44:08===> API : /api/auth/logout ===> Message : logoutUserResponse() invoked!
info: ===> TimeStamp : 2026-02-22 02:44:08===> API : /api/auth/logout ===> Message : logoutUserResponse() completed
info: ===> TimeStamp : 2026-02-22 03:05:03===> API : null ===> Message : validateRequest() invoked
info: ===> TimeStamp : 2026-02-22 03:05:03===> API : null ===> Message : fetchDBSettings()
info: ===> TimeStamp : 2026-02-22 03:05:03===> API : null ===> Message : validateRequest() Invoked!
info: ===> TimeStamp : 2026-02-22 03:05:03===> API : null ===> Message : validRequest() :: Api validated Successfully
info: ===> TimeStamp : 2026-02-22 03:05:03===> API : /api/auth/validateuser ===> Message : validateUser() invoked!!
info: ===> TimeStamp : 2026-02-22 03:05:03===> API : /api/auth/validateuser ===> Message : validateUser() :: Request Object :: [object Object]
info: ===> TimeStamp : 2026-02-22 03:05:03===> API : /api/auth/validateuser ===> Message : validateUserDB() Invoked !
info: ===> TimeStamp : 2026-02-22 03:05:03===> API : /api/auth/validateuser ===> Message : validateUserResponse() invoked!
info: ===> TimeStamp : 2026-02-22 03:05:03===> API : /api/auth/validateuser ===> Message : validateUserResponse() completed
info: ===> TimeStamp : 2026-02-22 03:05:03===> API : null ===> Message : validateRequest() invoked
info: ===> TimeStamp : 2026-02-22 03:05:03===> API : null ===> Message : fetchDBSettings()
info: ===> TimeStamp : 2026-02-22 03:05:03===> API : null ===> Message : validateRequest() Invoked!
info: ===> TimeStamp : 2026-02-22 03:05:04===> API : null ===> Message : validRequest() :: Api validated Successfully
info: ===> TimeStamp : 2026-02-22 03:05:04===> API : /api/auth/checkIP ===> Message : checkIP() invoked!!
info: ===> TimeStamp : 2026-02-22 03:05:04===> API : /api/auth/checkIP ===> Message : IPs match: 103.255.182.117
info: ===> TimeStamp : 2026-02-22 03:05:04===> API : /api/auth/checkIP ===> Message : checkIPResponse() invoked!
info: ===> TimeStamp : 2026-02-22 03:05:04===> API : /api/auth/checkIP ===> Message : checkIPResponse() completed
info: ===> TimeStamp : 2026-02-22 03:05:04===> API : null ===> Message : validateRequest() invoked
info: ===> TimeStamp : 2026-02-22 03:05:04===> API : null ===> Message : fetchDBSettings()
info: ===> TimeStamp : 2026-02-22 03:05:04===> API : null ===> Message : validateRequest() Invoked!
info: ===> TimeStamp : 2026-02-22 03:05:04===> API : null ===> Message : validRequest() :: Api validated Successfully
info: ===> TimeStamp : 2026-02-22 03:05:04===> API : /api/auth/login ===> Message : loginUser() invoked!!
info: ===> TimeStamp : 2026-02-22 03:05:04===> API : /api/auth/login ===> Message : loginUser() :: Request Object :: [object Object]
info: ===> TimeStamp : 2026-02-22 03:05:04===> API : /api/auth/login ===> Message : loginUserDB() Invoked !
info: ===> TimeStamp : 2026-02-22 03:05:04===> API : /api/auth/login ===> Message : loginUserResponse() invoked!
info: ===> TimeStamp : 2026-02-22 03:05:04===> API : /api/auth/login ===> Message : loginUserResponse() completed
info: ===> TimeStamp : 2026-02-22 03:15:23===> API : null ===> Message : validateRequest() invoked
info: ===> TimeStamp : 2026-02-22 03:15:23===> API : null ===> Message : validateRequest() Error:: Invalid Request :: 
      {"apiUri":"/.env"}
info: ===> TimeStamp : 2026-02-22 03:42:19===> API : null ===> Message : validateRequest() invoked
info: ===> TimeStamp : 2026-02-22 03:42:19===> API : null ===> Message : validateRequest() Error:: Invalid Request :: 
      {"apiUri":"/"}
info: ===> TimeStamp : 2026-02-22 03:42:25===> API : null ===> Message : validateRequest() invoked
info: ===> TimeStamp : 2026-02-22 03:42:25===> API : null ===> Message : validateRequest() Error:: Invalid Request :: 
      {"apiUri":"/favicon.ico"}
info: ===> TimeStamp : 2026-02-22 03:42:26===> API : null ===> Message : validateRequest() invoked
info: ===> TimeStamp : 2026-02-22 03:42:26===> API : null ===> Message : validateRequest() Error:: Invalid Request :: 
      {"apiUri":"/robots.txt"}
info: ===> TimeStamp : 2026-02-22 03:45:31===> API : null ===> Message : validateRequest() invoked
info: ===> TimeStamp : 2026-02-22 03:45:31===> API : null ===> Message : validateRequest() Error:: Invalid Request :: 
      {"apiUri":"/"}
info: ===> TimeStamp : 2026-02-22 03:45:37===> API : null ===> Message : validateRequest() invoked
info: ===> TimeStamp : 2026-02-22 03:45:37===> API : null ===> Message : validateRequest() Error:: Invalid Request :: 
      {"apiUri":"/favicon.ico"}
info: ===> TimeStamp : 2026-02-22 03:45:37===> API : null ===> Message : validateRequest() invoked
info: ===> TimeStamp : 2026-02-22 03:45:37===> API : null ===> Message : validateRequest() Error:: Invalid Request :: 
      {"apiUri":"/robots.txt"}
info: ===> TimeStamp : 2026-02-22 03:45:37===> API : null ===> Message : validateRequest() invoked
info: ===> TimeStamp : 2026-02-22 03:45:37===> API : null ===> Message : validateRequest() Error:: Invalid Request :: 
      {"apiUri":"/sitemap.xml"}
info: ===> TimeStamp : 2026-02-22 03:45:38===> API : null ===> Message : validateRequest() invoked
info: ===> TimeStamp : 2026-02-22 03:45:38===> API : null ===> Message : validateRequest() Error:: Invalid Request :: 
      {"apiUri":"/config.json"}
info: ===> TimeStamp : 2026-02-22 05:15:45===> API : null ===> Message : validateRequest() invoked
info: ===> TimeStamp : 2026-02-22 05:15:45===> API : null ===> Message : validateRequest() Error:: Invalid Request :: 
      {"apiUri":"/robots.txt"}
info: ===> TimeStamp : 2026-02-22 05:15:45===> API : null ===> Message : validateRequest() invoked
info: ===> TimeStamp : 2026-02-22 05:15:45===> API : null ===> Message : validateRequest() Error:: Invalid Request :: 
      {"apiUri":"/"}
