info: ===> TimeStamp : 2026-02-28 06:51:15===> API : null ===> Message : validateRequest() invoked
info: ===> TimeStamp : 2026-02-28 06:51:15===> API : null ===> Message : fetchDBSettings()
info: ===> TimeStamp : 2026-02-28 06:51:15===> API : null ===> Message : validateRequest() Invoked!
info: ===> TimeStamp : 2026-02-28 06:51:15===> API : null ===> Message : validRequest() :: Api validated Successfully
info: ===> TimeStamp : 2026-02-28 06:51:15===> API : /api/auth/logout ===> Message : logoutUser() invoked!!
info: ===> TimeStamp : 2026-02-28 06:51:15===> API : /api/auth/logout ===> Message : logoutUser() :: Request Object :: [object Object]
info: ===> TimeStamp : 2026-02-28 06:51:15===> API : /api/auth/logout ===> Message : logoutUserDB() Invoked !
info: ===> TimeStamp : 2026-02-28 06:51:15===> API : /api/auth/logout ===> Message : logoutUserResponse() invoked!
info: ===> TimeStamp : 2026-02-28 06:51:15===> API : /api/auth/logout ===> Message : logoutUserResponse() completed
info: ===> TimeStamp : 2026-02-28 06:53:39===> API : null ===> Message : validateRequest() invoked
info: ===> TimeStamp : 2026-02-28 06:53:39===> API : null ===> Message : fetchDBSettings()
info: ===> TimeStamp : 2026-02-28 06:53:39===> API : null ===> Message : validateRequest() Invoked!
info: ===> TimeStamp : 2026-02-28 06:53:39===> API : null ===> Message : validRequest() :: Api validated Successfully
info: ===> TimeStamp : 2026-02-28 06:53:39===> API : /api/auth/logout ===> Message : logoutUser() invoked!!
info: ===> TimeStamp : 2026-02-28 06:53:39===> API : /api/auth/logout ===> Message : logoutUser() :: Request Object :: [object Object]
info: ===> TimeStamp : 2026-02-28 06:53:39===> API : /api/auth/logout ===> Message : logoutUserDB() Invoked !
info: ===> TimeStamp : 2026-02-28 06:53:39===> API : /api/auth/logout ===> Message : logoutUserResponse() invoked!
info: ===> TimeStamp : 2026-02-28 06:53:39===> API : /api/auth/logout ===> Message : logoutUserResponse() completed
info: ===> TimeStamp : 2026-02-28 06:53:45===> API : null ===> Message : validateRequest() invoked
info: ===> TimeStamp : 2026-02-28 06:53:45===> API : null ===> Message : fetchDBSettings()
info: ===> TimeStamp : 2026-02-28 06:53:45===> API : null ===> Message : validateRequest() Invoked!
info: ===> TimeStamp : 2026-02-28 06:53:45===> API : null ===> Message : validRequest() :: Api validated Successfully
info: ===> TimeStamp : 2026-02-28 06:53:45===> API : /api/auth/validateuser ===> Message : validateUser() invoked!!
info: ===> TimeStamp : 2026-02-28 06:53:45===> API : /api/auth/validateuser ===> Message : validateUser() :: Request Object :: [object Object]
info: ===> TimeStamp : 2026-02-28 06:53:45===> API : /api/auth/validateuser ===> Message : validateUserDB() Invoked !
info: ===> TimeStamp : 2026-02-28 06:53:45===> API : /api/auth/validateuser ===> Message : validateUserResponse() invoked!
info: ===> TimeStamp : 2026-02-28 06:53:45===> API : /api/auth/validateuser ===> Message : validateUserResponse() completed
info: ===> TimeStamp : 2026-02-28 06:53:45===> API : null ===> Message : validateRequest() invoked
info: ===> TimeStamp : 2026-02-28 06:53:45===> API : null ===> Message : fetchDBSettings()
info: ===> TimeStamp : 2026-02-28 06:53:45===> API : null ===> Message : validateRequest() Invoked!
info: ===> TimeStamp : 2026-02-28 06:53:45===> API : null ===> Message : validRequest() :: Api validated Successfully
info: ===> TimeStamp : 2026-02-28 06:53:45===> API : /api/auth/checkIP ===> Message : checkIP() invoked!!
info: ===> TimeStamp : 2026-02-28 06:53:45===> API : /api/auth/checkIP ===> Message : IPs match: 103.225.102.194
info: ===> TimeStamp : 2026-02-28 06:53:45===> API : /api/auth/checkIP ===> Message : checkIPResponse() invoked!
info: ===> TimeStamp : 2026-02-28 06:53:45===> API : /api/auth/checkIP ===> Message : checkIPResponse() completed
info: ===> TimeStamp : 2026-02-28 06:53:45===> API : null ===> Message : validateRequest() invoked
info: ===> TimeStamp : 2026-02-28 06:53:45===> API : null ===> Message : fetchDBSettings()
info: ===> TimeStamp : 2026-02-28 06:53:45===> API : null ===> Message : validateRequest() Invoked!
info: ===> TimeStamp : 2026-02-28 06:53:46===> API : null ===> Message : validRequest() :: Api validated Successfully
info: ===> TimeStamp : 2026-02-28 06:53:46===> API : /api/auth/login ===> Message : loginUser() invoked!!
info: ===> TimeStamp : 2026-02-28 06:53:46===> API : /api/auth/login ===> Message : loginUser() :: Request Object :: [object Object]
info: ===> TimeStamp : 2026-02-28 06:53:46===> API : /api/auth/login ===> Message : loginUserDB() Invoked !
info: ===> TimeStamp : 2026-02-28 06:53:46===> API : /api/auth/login ===> Message : loginUserResponse() invoked!
info: ===> TimeStamp : 2026-02-28 06:53:46===> API : /api/auth/login ===> Message : loginUserResponse() completed
info: ===> TimeStamp : 2026-02-28 06:54:05===> API : null ===> Message : validateRequest() invoked
info: ===> TimeStamp : 2026-02-28 06:54:05===> API : null ===> Message : fetchDBSettings()
info: ===> TimeStamp : 2026-02-28 06:54:05===> API : null ===> Message : validateRequest() Invoked!
info: ===> TimeStamp : 2026-02-28 06:54:05===> API : null ===> Message : validRequest() :: Api validated Successfully
info: ===> TimeStamp : 2026-02-28 06:54:05===> API : /api/auth/validateuser ===> Message : validateUser() invoked!!
info: ===> TimeStamp : 2026-02-28 06:54:05===> API : /api/auth/validateuser ===> Message : validateUser() :: Request Object :: [object Object]
info: ===> TimeStamp : 2026-02-28 06:54:05===> API : /api/auth/validateuser ===> Message : validateUserDB() Invoked !
info: ===> TimeStamp : 2026-02-28 06:54:05===> API : /api/auth/validateuser ===> Message : validateUserResponse() invoked!
info: ===> TimeStamp : 2026-02-28 06:54:05===> API : /api/auth/validateuser ===> Message : validateUserResponse() completed
info: ===> TimeStamp : 2026-02-28 06:54:05===> API : null ===> Message : validateRequest() invoked
info: ===> TimeStamp : 2026-02-28 06:54:05===> API : null ===> Message : fetchDBSettings()
info: ===> TimeStamp : 2026-02-28 06:54:05===> API : null ===> Message : validateRequest() Invoked!
info: ===> TimeStamp : 2026-02-28 06:54:05===> API : null ===> Message : validRequest() :: Api validated Successfully
info: ===> TimeStamp : 2026-02-28 06:54:05===> API : /api/auth/checkIP ===> Message : IPs match: 103.225.102.194
info: ===> TimeStamp : 2026-02-28 06:54:05===> API : /api/auth/checkIP ===> Message : checkIP() invoked!!
info: ===> TimeStamp : 2026-02-28 06:54:05===> API : /api/auth/checkIP ===> Message : checkIPResponse() invoked!
info: ===> TimeStamp : 2026-02-28 06:54:05===> API : /api/auth/checkIP ===> Message : checkIPResponse() completed
info: ===> TimeStamp : 2026-02-28 06:54:05===> API : null ===> Message : validateRequest() invoked
info: ===> TimeStamp : 2026-02-28 06:54:05===> API : null ===> Message : fetchDBSettings()
info: ===> TimeStamp : 2026-02-28 06:54:05===> API : null ===> Message : validateRequest() Invoked!
info: ===> TimeStamp : 2026-02-28 06:54:05===> API : null ===> Message : validRequest() :: Api validated Successfully
info: ===> TimeStamp : 2026-02-28 06:54:05===> API : /api/auth/login ===> Message : loginUser() invoked!!
info: ===> TimeStamp : 2026-02-28 06:54:05===> API : /api/auth/login ===> Message : loginUser() :: Request Object :: [object Object]
info: ===> TimeStamp : 2026-02-28 06:54:05===> API : /api/auth/login ===> Message : loginUserDB() Invoked !
info: ===> TimeStamp : 2026-02-28 06:54:05===> API : /api/auth/login ===> Message : loginUserResponse() invoked!
info: ===> TimeStamp : 2026-02-28 06:54:05===> API : /api/auth/login ===> Message : loginUserResponse() completed
info: ===> TimeStamp : 2026-02-28 10:19:39===> API : null ===> Message : validateRequest() invoked
info: ===> TimeStamp : 2026-02-28 10:19:39===> API : null ===> Message : fetchDBSettings()
info: ===> TimeStamp : 2026-02-28 10:19:39===> API : null ===> Message : validateRequest() Invoked!
info: ===> TimeStamp : 2026-02-28 10:19:39===> API : null ===> Message : validRequest() :: Api validated Successfully
info: ===> TimeStamp : 2026-02-28 10:19:39===> API : /api/auth/validateuser ===> Message : validateUser() invoked!!
info: ===> TimeStamp : 2026-02-28 10:19:39===> API : /api/auth/validateuser ===> Message : validateUser() :: Request Object :: [object Object]
info: ===> TimeStamp : 2026-02-28 10:19:39===> API : /api/auth/validateuser ===> Message : validateUserDB() Invoked !
info: ===> TimeStamp : 2026-02-28 10:19:39===> API : /api/auth/validateuser ===> Message : validateUserResponse() invoked!
info: ===> TimeStamp : 2026-02-28 10:19:39===> API : /api/auth/validateuser ===> Message : validateUserResponse() completed
info: ===> TimeStamp : 2026-02-28 10:19:39===> API : null ===> Message : validateRequest() invoked
info: ===> TimeStamp : 2026-02-28 10:19:39===> API : null ===> Message : fetchDBSettings()
info: ===> TimeStamp : 2026-02-28 10:19:39===> API : null ===> Message : validateRequest() Invoked!
info: ===> TimeStamp : 2026-02-28 10:19:39===> API : null ===> Message : validRequest() :: Api validated Successfully
info: ===> TimeStamp : 2026-02-28 10:19:39===> API : /api/auth/login ===> Message : loginUser() invoked!!
info: ===> TimeStamp : 2026-02-28 10:19:39===> API : /api/auth/login ===> Message : loginUser() :: Request Object :: [object Object]
info: ===> TimeStamp : 2026-02-28 10:19:39===> API : /api/auth/login ===> Message : loginUserDB() Invoked !
info: ===> TimeStamp : 2026-02-28 10:19:40===> API : /api/auth/login ===> Message : loginUserResponse() invoked!
info: ===> TimeStamp : 2026-02-28 10:19:40===> API : /api/auth/login ===> Message : loginUserResponse() completed
info: ===> TimeStamp : 2026-02-28 10:19:40===> API : null ===> Message : validateRequest() invoked
info: ===> TimeStamp : 2026-02-28 10:19:40===> API : null ===> Message : fetchDBSettings()
info: ===> TimeStamp : 2026-02-28 10:19:40===> API : null ===> Message : validateRequest() Invoked!
info: ===> TimeStamp : 2026-02-28 10:19:40===> API : null ===> Message : validRequest() :: Api validated Successfully
info: ===> TimeStamp : 2026-02-28 10:19:40===> API : /api/auth/validateuser ===> Message : validateUser() invoked!!
info: ===> TimeStamp : 2026-02-28 10:19:40===> API : /api/auth/validateuser ===> Message : validateUser() :: Request Object :: [object Object]
info: ===> TimeStamp : 2026-02-28 10:19:40===> API : /api/auth/validateuser ===> Message : validateUserDB() Invoked !
info: ===> TimeStamp : 2026-02-28 10:19:40===> API : /api/auth/validateuser ===> Message : validateUserResponse() invoked!
info: ===> TimeStamp : 2026-02-28 10:19:40===> API : /api/auth/validateuser ===> Message : validateUserResponse() completed
info: ===> TimeStamp : 2026-02-28 10:19:41===> API : null ===> Message : validateRequest() invoked
info: ===> TimeStamp : 2026-02-28 10:19:41===> API : null ===> Message : fetchDBSettings()
info: ===> TimeStamp : 2026-02-28 10:19:41===> API : null ===> Message : validateRequest() Invoked!
info: ===> TimeStamp : 2026-02-28 10:19:41===> API : null ===> Message : validRequest() :: Api validated Successfully
info: ===> TimeStamp : 2026-02-28 10:19:41===> API : /api/auth/login ===> Message : loginUser() invoked!!
info: ===> TimeStamp : 2026-02-28 10:19:41===> API : /api/auth/login ===> Message : loginUser() :: Request Object :: [object Object]
info: ===> TimeStamp : 2026-02-28 10:19:41===> API : /api/auth/login ===> Message : loginUserDB() Invoked !
info: ===> TimeStamp : 2026-02-28 10:19:42===> API : /api/auth/login ===> Message : loginUserResponse() invoked!
info: ===> TimeStamp : 2026-02-28 10:19:42===> API : /api/auth/login ===> Message : loginUserResponse() completed
info: ===> TimeStamp : 2026-02-28 14:13:10===> API : null ===> Message : validateRequest() invoked
info: ===> TimeStamp : 2026-02-28 14:13:10===> API : null ===> Message : fetchDBSettings()
info: ===> TimeStamp : 2026-02-28 14:13:10===> API : null ===> Message : validateRequest() Invoked!
info: ===> TimeStamp : 2026-02-28 14:13:10===> API : null ===> Message : validRequest() :: Api validated Successfully
info: ===> TimeStamp : 2026-02-28 14:13:10===> API : /api/auth/validateuser ===> Message : validateUser() invoked!!
info: ===> TimeStamp : 2026-02-28 14:13:10===> API : /api/auth/validateuser ===> Message : validateUser() :: Request Object :: [object Object]
info: ===> TimeStamp : 2026-02-28 14:13:10===> API : /api/auth/validateuser ===> Message : validateUserDB() Invoked !
info: ===> TimeStamp : 2026-02-28 14:13:10===> API : /api/auth/validateuser ===> Message : validateUserResponse() invoked!
info: ===> TimeStamp : 2026-02-28 14:13:10===> API : /api/auth/validateuser ===> Message : validateUserResponse() completed
info: ===> TimeStamp : 2026-02-28 14:13:10===> API : null ===> Message : validateRequest() invoked
info: ===> TimeStamp : 2026-02-28 14:13:10===> API : null ===> Message : fetchDBSettings()
info: ===> TimeStamp : 2026-02-28 14:13:10===> API : null ===> Message : validateRequest() Invoked!
info: ===> TimeStamp : 2026-02-28 14:13:10===> API : null ===> Message : validRequest() :: Api validated Successfully
info: ===> TimeStamp : 2026-02-28 14:13:10===> API : /api/auth/login ===> Message : loginUser() invoked!!
info: ===> TimeStamp : 2026-02-28 14:13:10===> API : /api/auth/login ===> Message : loginUser() :: Request Object :: [object Object]
info: ===> TimeStamp : 2026-02-28 14:13:10===> API : /api/auth/login ===> Message : loginUserDB() Invoked !
info: ===> TimeStamp : 2026-02-28 14:13:11===> API : /api/auth/login ===> Message : loginUserResponse() invoked!
info: ===> TimeStamp : 2026-02-28 14:13:11===> API : /api/auth/login ===> Message : loginUserResponse() completed
info: ===> TimeStamp : 2026-02-28 14:53:36===> API : null ===> Message : validateRequest() invoked
info: ===> TimeStamp : 2026-02-28 14:53:36===> API : null ===> Message : fetchDBSettings()
info: ===> TimeStamp : 2026-02-28 14:53:36===> API : null ===> Message : validateRequest() Invoked!
info: ===> TimeStamp : 2026-02-28 14:53:36===> API : null ===> Message : validRequest() :: Api validated Successfully
info: ===> TimeStamp : 2026-02-28 14:53:36===> API : /api/auth/logout ===> Message : logoutUser() invoked!!
info: ===> TimeStamp : 2026-02-28 14:53:36===> API : /api/auth/logout ===> Message : logoutUser() :: Request Object :: [object Object]
info: ===> TimeStamp : 2026-02-28 14:53:36===> API : /api/auth/logout ===> Message : logoutUserDB() Invoked !
info: ===> TimeStamp : 2026-02-28 14:53:36===> API : /api/auth/logout ===> Message : logoutUserResponse() invoked!
info: ===> TimeStamp : 2026-02-28 14:53:36===> API : /api/auth/logout ===> Message : logoutUserResponse() completed
info: ===> TimeStamp : 2026-02-28 14:53:45===> API : null ===> Message : validateRequest() invoked
info: ===> TimeStamp : 2026-02-28 14:53:45===> API : null ===> Message : fetchDBSettings()
info: ===> TimeStamp : 2026-02-28 14:53:45===> API : null ===> Message : validateRequest() Invoked!
info: ===> TimeStamp : 2026-02-28 14:53:45===> API : null ===> Message : validRequest() :: Api validated Successfully
info: ===> TimeStamp : 2026-02-28 14:53:45===> API : /api/auth/logout ===> Message : logoutUser() invoked!!
info: ===> TimeStamp : 2026-02-28 14:53:45===> API : /api/auth/logout ===> Message : logoutUser() :: Request Object :: [object Object]
info: ===> TimeStamp : 2026-02-28 14:53:45===> API : /api/auth/logout ===> Message : logoutUserDB() Invoked !
info: ===> TimeStamp : 2026-02-28 14:53:45===> API : /api/auth/logout ===> Message : logoutUserResponse() invoked!
info: ===> TimeStamp : 2026-02-28 14:53:45===> API : /api/auth/logout ===> Message : logoutUserResponse() completed
info: ===> TimeStamp : 2026-02-28 14:53:52===> API : null ===> Message : validateRequest() invoked
info: ===> TimeStamp : 2026-02-28 14:53:52===> API : null ===> Message : fetchDBSettings()
info: ===> TimeStamp : 2026-02-28 14:53:52===> API : null ===> Message : validateRequest() Invoked!
info: ===> TimeStamp : 2026-02-28 14:53:53===> API : null ===> Message : validRequest() :: Api validated Successfully
info: ===> TimeStamp : 2026-02-28 14:53:53===> API : /api/auth/validateuser ===> Message : validateUser() invoked!!
info: ===> TimeStamp : 2026-02-28 14:53:53===> API : /api/auth/validateuser ===> Message : validateUser() :: Request Object :: [object Object]
info: ===> TimeStamp : 2026-02-28 14:53:53===> API : /api/auth/validateuser ===> Message : validateUserDB() Invoked !
info: ===> TimeStamp : 2026-02-28 14:53:53===> API : /api/auth/validateuser ===> Message : validateUserResponse() invoked!
info: ===> TimeStamp : 2026-02-28 14:53:53===> API : /api/auth/validateuser ===> Message : validateUserResponse() completed
info: ===> TimeStamp : 2026-02-28 14:53:53===> API : null ===> Message : validateRequest() invoked
info: ===> TimeStamp : 2026-02-28 14:53:53===> API : null ===> Message : fetchDBSettings()
info: ===> TimeStamp : 2026-02-28 14:53:53===> API : null ===> Message : validateRequest() Invoked!
info: ===> TimeStamp : 2026-02-28 14:53:53===> API : null ===> Message : validRequest() :: Api validated Successfully
info: ===> TimeStamp : 2026-02-28 14:53:53===> API : /api/auth/checkIP ===> Message : checkIP() invoked!!
info: ===> TimeStamp : 2026-02-28 14:53:53===> API : /api/auth/checkIP ===> Message : IPs match: 103.225.102.194
info: ===> TimeStamp : 2026-02-28 14:53:53===> API : /api/auth/checkIP ===> Message : checkIPResponse() invoked!
info: ===> TimeStamp : 2026-02-28 14:53:53===> API : /api/auth/checkIP ===> Message : checkIPResponse() completed
info: ===> TimeStamp : 2026-02-28 14:53:53===> API : null ===> Message : validateRequest() invoked
info: ===> TimeStamp : 2026-02-28 14:53:53===> API : null ===> Message : fetchDBSettings()
info: ===> TimeStamp : 2026-02-28 14:53:53===> API : null ===> Message : validateRequest() Invoked!
info: ===> TimeStamp : 2026-02-28 14:53:53===> API : /api/auth/login ===> Message : loginUser() invoked!!
info: ===> TimeStamp : 2026-02-28 14:53:53===> API : null ===> Message : validRequest() :: Api validated Successfully
info: ===> TimeStamp : 2026-02-28 14:53:53===> API : /api/auth/login ===> Message : loginUser() :: Request Object :: [object Object]
info: ===> TimeStamp : 2026-02-28 14:53:53===> API : /api/auth/login ===> Message : loginUserDB() Invoked !
info: ===> TimeStamp : 2026-02-28 14:53:53===> API : /api/auth/login ===> Message : loginUserResponse() invoked!
info: ===> TimeStamp : 2026-02-28 14:53:53===> API : /api/auth/login ===> Message : loginUserResponse() completed
info: ===> TimeStamp : 2026-02-28 14:54:17===> API : null ===> Message : validateRequest() invoked
info: ===> TimeStamp : 2026-02-28 14:54:17===> API : null ===> Message : fetchDBSettings()
info: ===> TimeStamp : 2026-02-28 14:54:17===> API : null ===> Message : validateRequest() Invoked!
info: ===> TimeStamp : 2026-02-28 14:54:17===> API : null ===> Message : validRequest() :: Api validated Successfully
info: ===> TimeStamp : 2026-02-28 14:54:17===> API : /api/auth/validateuser ===> Message : validateUser() :: Request Object :: [object Object]
info: ===> TimeStamp : 2026-02-28 14:54:17===> API : /api/auth/validateuser ===> Message : validateUser() invoked!!
info: ===> TimeStamp : 2026-02-28 14:54:17===> API : /api/auth/validateuser ===> Message : validateUserDB() Invoked !
info: ===> TimeStamp : 2026-02-28 14:54:17===> API : /api/auth/validateuser ===> Message : validateUserResponse() invoked!
info: ===> TimeStamp : 2026-02-28 14:54:17===> API : /api/auth/validateuser ===> Message : validateUserResponse() completed
info: ===> TimeStamp : 2026-02-28 14:54:17===> API : null ===> Message : validateRequest() invoked
info: ===> TimeStamp : 2026-02-28 14:54:17===> API : null ===> Message : fetchDBSettings()
info: ===> TimeStamp : 2026-02-28 14:54:17===> API : null ===> Message : validateRequest() Invoked!
info: ===> TimeStamp : 2026-02-28 14:54:17===> API : null ===> Message : validRequest() :: Api validated Successfully
info: ===> TimeStamp : 2026-02-28 14:54:17===> API : /api/auth/checkIP ===> Message : checkIP() invoked!!
info: ===> TimeStamp : 2026-02-28 14:54:17===> API : /api/auth/checkIP ===> Message : IPs match: 103.225.102.194
info: ===> TimeStamp : 2026-02-28 14:54:17===> API : /api/auth/checkIP ===> Message : checkIPResponse() invoked!
info: ===> TimeStamp : 2026-02-28 14:54:17===> API : /api/auth/checkIP ===> Message : checkIPResponse() completed
info: ===> TimeStamp : 2026-02-28 14:54:17===> API : null ===> Message : validateRequest() invoked
info: ===> TimeStamp : 2026-02-28 14:54:17===> API : null ===> Message : fetchDBSettings()
info: ===> TimeStamp : 2026-02-28 14:54:17===> API : null ===> Message : validateRequest() Invoked!
info: ===> TimeStamp : 2026-02-28 14:54:17===> API : null ===> Message : validRequest() :: Api validated Successfully
info: ===> TimeStamp : 2026-02-28 14:54:17===> API : /api/auth/login ===> Message : loginUser() invoked!!
info: ===> TimeStamp : 2026-02-28 14:54:17===> API : /api/auth/login ===> Message : loginUser() :: Request Object :: [object Object]
info: ===> TimeStamp : 2026-02-28 14:54:17===> API : /api/auth/login ===> Message : loginUserDB() Invoked !
info: ===> TimeStamp : 2026-02-28 14:54:17===> API : /api/auth/login ===> Message : loginUserResponse() invoked!
info: ===> TimeStamp : 2026-02-28 14:54:17===> API : /api/auth/login ===> Message : loginUserResponse() completed
info: ===> TimeStamp : 2026-02-28 15:37:57===> API : null ===> Message : validateRequest() invoked
info: ===> TimeStamp : 2026-02-28 15:37:57===> API : null ===> Message : fetchDBSettings()
info: ===> TimeStamp : 2026-02-28 15:37:57===> API : null ===> Message : validateRequest() Invoked!
info: ===> TimeStamp : 2026-02-28 15:37:57===> API : null ===> Message : validRequest() :: Api validated Successfully
info: ===> TimeStamp : 2026-02-28 15:37:57===> API : /api/auth/validateuser ===> Message : validateUser() invoked!!
info: ===> TimeStamp : 2026-02-28 15:37:57===> API : /api/auth/validateuser ===> Message : validateUser() :: Request Object :: [object Object]
info: ===> TimeStamp : 2026-02-28 15:37:57===> API : /api/auth/validateuser ===> Message : validateUserDB() Invoked !
info: ===> TimeStamp : 2026-02-28 15:37:57===> API : /api/auth/validateuser ===> Message : validateUserResponse() invoked!
info: ===> TimeStamp : 2026-02-28 15:37:57===> API : /api/auth/validateuser ===> Message : validateUserResponse() completed
info: ===> TimeStamp : 2026-02-28 15:37:57===> API : null ===> Message : validateRequest() invoked
info: ===> TimeStamp : 2026-02-28 15:37:57===> API : null ===> Message : fetchDBSettings()
info: ===> TimeStamp : 2026-02-28 15:37:57===> API : null ===> Message : validateRequest() Invoked!
info: ===> TimeStamp : 2026-02-28 15:37:57===> API : null ===> Message : validRequest() :: Api validated Successfully
info: ===> TimeStamp : 2026-02-28 15:37:57===> API : /api/auth/login ===> Message : loginUser() invoked!!
info: ===> TimeStamp : 2026-02-28 15:37:57===> API : /api/auth/login ===> Message : loginUser() :: Request Object :: [object Object]
info: ===> TimeStamp : 2026-02-28 15:37:57===> API : /api/auth/login ===> Message : loginUserDB() Invoked !
info: ===> TimeStamp : 2026-02-28 15:37:57===> API : /api/auth/login ===> Message : loginUserResponse() invoked!
info: ===> TimeStamp : 2026-02-28 15:37:57===> API : /api/auth/login ===> Message : loginUserResponse() completed
info: ===> TimeStamp : 2026-02-28 15:52:40===> API : null ===> Message : validateRequest() invoked
info: ===> TimeStamp : 2026-02-28 15:52:40===> API : null ===> Message : fetchDBSettings()
info: ===> TimeStamp : 2026-02-28 15:52:40===> API : null ===> Message : validateRequest() Invoked!
info: ===> TimeStamp : 2026-02-28 15:52:40===> API : null ===> Message : validRequest() :: Api validated Successfully
info: ===> TimeStamp : 2026-02-28 15:52:40===> API : /api/auth/validateuser ===> Message : validateUser() invoked!!
info: ===> TimeStamp : 2026-02-28 15:52:40===> API : /api/auth/validateuser ===> Message : validateUser() :: Request Object :: [object Object]
info: ===> TimeStamp : 2026-02-28 15:52:40===> API : /api/auth/validateuser ===> Message : validateUserDB() Invoked !
info: ===> TimeStamp : 2026-02-28 15:52:40===> API : /api/auth/validateuser ===> Message : validateUserResponse() invoked!
info: ===> TimeStamp : 2026-02-28 15:52:40===> API : /api/auth/validateuser ===> Message : validateUserResponse() completed
info: ===> TimeStamp : 2026-02-28 15:52:40===> API : null ===> Message : validateRequest() invoked
info: ===> TimeStamp : 2026-02-28 15:52:40===> API : null ===> Message : fetchDBSettings()
info: ===> TimeStamp : 2026-02-28 15:52:40===> API : null ===> Message : validateRequest() Invoked!
info: ===> TimeStamp : 2026-02-28 15:52:40===> API : null ===> Message : validRequest() :: Api validated Successfully
info: ===> TimeStamp : 2026-02-28 15:52:40===> API : /api/auth/checkIP ===> Message : checkIP() invoked!!
info: ===> TimeStamp : 2026-02-28 15:52:40===> API : /api/auth/checkIP ===> Message : IPs match: 103.225.102.194
info: ===> TimeStamp : 2026-02-28 15:52:40===> API : /api/auth/checkIP ===> Message : checkIPResponse() invoked!
info: ===> TimeStamp : 2026-02-28 15:52:40===> API : /api/auth/checkIP ===> Message : checkIPResponse() completed
info: ===> TimeStamp : 2026-02-28 15:52:40===> API : null ===> Message : validateRequest() invoked
info: ===> TimeStamp : 2026-02-28 15:52:40===> API : null ===> Message : fetchDBSettings()
info: ===> TimeStamp : 2026-02-28 15:52:40===> API : null ===> Message : validateRequest() Invoked!
info: ===> TimeStamp : 2026-02-28 15:52:40===> API : null ===> Message : validRequest() :: Api validated Successfully
info: ===> TimeStamp : 2026-02-28 15:52:40===> API : /api/auth/login ===> Message : loginUser() :: Request Object :: [object Object]
info: ===> TimeStamp : 2026-02-28 15:52:40===> API : /api/auth/login ===> Message : loginUser() invoked!!
info: ===> TimeStamp : 2026-02-28 15:52:40===> API : /api/auth/login ===> Message : loginUserDB() Invoked !
info: ===> TimeStamp : 2026-02-28 15:52:40===> API : /api/auth/login ===> Message : loginUserResponse() invoked!
info: ===> TimeStamp : 2026-02-28 15:52:40===> API : /api/auth/login ===> Message : loginUserResponse() completed
info: ===> TimeStamp : 2026-02-28 17:10:02===> API : null ===> Message : validateRequest() invoked
info: ===> TimeStamp : 2026-02-28 17:10:02===> API : null ===> Message : fetchDBSettings()
info: ===> TimeStamp : 2026-02-28 17:10:02===> API : null ===> Message : validateRequest() Invoked!
info: ===> TimeStamp : 2026-02-28 17:10:02===> API : null ===> Message : validRequest() :: Api validated Successfully
info: ===> TimeStamp : 2026-02-28 17:10:02===> API : /api/auth/validateuser ===> Message : validateUser() invoked!!
info: ===> TimeStamp : 2026-02-28 17:10:02===> API : /api/auth/validateuser ===> Message : validateUser() :: Request Object :: [object Object]
info: ===> TimeStamp : 2026-02-28 17:10:02===> API : /api/auth/validateuser ===> Message : validateUserDB() Invoked !
info: ===> TimeStamp : 2026-02-28 17:10:02===> API : /api/auth/validateuser ===> Message : validateUserResponse() invoked!
info: ===> TimeStamp : 2026-02-28 17:10:02===> API : /api/auth/validateuser ===> Message : validateUserResponse() completed
info: ===> TimeStamp : 2026-02-28 17:10:02===> API : null ===> Message : validateRequest() invoked
info: ===> TimeStamp : 2026-02-28 17:10:02===> API : null ===> Message : fetchDBSettings()
info: ===> TimeStamp : 2026-02-28 17:10:02===> API : null ===> Message : validateRequest() Invoked!
info: ===> TimeStamp : 2026-02-28 17:10:02===> API : null ===> Message : validRequest() :: Api validated Successfully
info: ===> TimeStamp : 2026-02-28 17:10:02===> API : /api/auth/checkIP ===> Message : checkIP() invoked!!
info: ===> TimeStamp : 2026-02-28 17:10:02===> API : /api/auth/checkIP ===> Message : IPs match: 103.225.102.194
info: ===> TimeStamp : 2026-02-28 17:10:02===> API : /api/auth/checkIP ===> Message : checkIPResponse() invoked!
info: ===> TimeStamp : 2026-02-28 17:10:02===> API : /api/auth/checkIP ===> Message : checkIPResponse() completed
info: ===> TimeStamp : 2026-02-28 17:10:02===> API : null ===> Message : validateRequest() invoked
info: ===> TimeStamp : 2026-02-28 17:10:02===> API : null ===> Message : fetchDBSettings()
info: ===> TimeStamp : 2026-02-28 17:10:02===> API : null ===> Message : validateRequest() Invoked!
info: ===> TimeStamp : 2026-02-28 17:10:02===> API : null ===> Message : validRequest() :: Api validated Successfully
info: ===> TimeStamp : 2026-02-28 17:10:02===> API : /api/auth/login ===> Message : loginUser() invoked!!
info: ===> TimeStamp : 2026-02-28 17:10:02===> API : /api/auth/login ===> Message : loginUser() :: Request Object :: [object Object]
info: ===> TimeStamp : 2026-02-28 17:10:02===> API : /api/auth/login ===> Message : loginUserDB() Invoked !
info: ===> TimeStamp : 2026-02-28 17:10:02===> API : /api/auth/login ===> Message : loginUserResponse() invoked!
info: ===> TimeStamp : 2026-02-28 17:10:02===> API : /api/auth/login ===> Message : loginUserResponse() completed
info: ===> TimeStamp : 2026-02-28 17:52:06===> API : null ===> Message : validateRequest() invoked
info: ===> TimeStamp : 2026-02-28 17:52:06===> API : null ===> Message : fetchDBSettings()
info: ===> TimeStamp : 2026-02-28 17:52:06===> API : null ===> Message : validateRequest() Invoked!
info: ===> TimeStamp : 2026-02-28 17:52:06===> API : null ===> Message : validRequest() :: Api validated Successfully
info: ===> TimeStamp : 2026-02-28 17:52:06===> API : /api/auth/validateuser ===> Message : validateUser() invoked!!
info: ===> TimeStamp : 2026-02-28 17:52:06===> API : /api/auth/validateuser ===> Message : validateUser() :: Request Object :: [object Object]
info: ===> TimeStamp : 2026-02-28 17:52:06===> API : /api/auth/validateuser ===> Message : validateUserDB() Invoked !
info: ===> TimeStamp : 2026-02-28 17:52:06===> API : /api/auth/validateuser ===> Message : validateUserResponse() invoked!
info: ===> TimeStamp : 2026-02-28 17:52:06===> API : /api/auth/validateuser ===> Message : validateUserResponse() completed
info: ===> TimeStamp : 2026-02-28 17:52:06===> API : null ===> Message : validateRequest() invoked
info: ===> TimeStamp : 2026-02-28 17:52:06===> API : null ===> Message : fetchDBSettings()
info: ===> TimeStamp : 2026-02-28 17:52:06===> API : null ===> Message : validateRequest() Invoked!
info: ===> TimeStamp : 2026-02-28 17:52:06===> API : null ===> Message : validRequest() :: Api validated Successfully
info: ===> TimeStamp : 2026-02-28 17:52:06===> API : /api/auth/login ===> Message : loginUser() invoked!!
info: ===> TimeStamp : 2026-02-28 17:52:06===> API : /api/auth/login ===> Message : loginUser() :: Request Object :: [object Object]
info: ===> TimeStamp : 2026-02-28 17:52:06===> API : /api/auth/login ===> Message : loginUserDB() Invoked !
info: ===> TimeStamp : 2026-02-28 17:52:06===> API : /api/auth/login ===> Message : loginUserResponse() invoked!
info: ===> TimeStamp : 2026-02-28 17:52:06===> API : /api/auth/login ===> Message : loginUserResponse() completed
info: ===> TimeStamp : 2026-02-28 18:11:38===> API : null ===> Message : validateRequest() Error:: Invalid Request :: 
      {"apiUri":"/.env"}
info: ===> TimeStamp : 2026-02-28 18:11:38===> API : null ===> Message : validateRequest() invoked
info: ===> TimeStamp : 2026-02-28 18:24:38===> API : null ===> Message : validateRequest() invoked
info: ===> TimeStamp : 2026-02-28 18:24:38===> API : null ===> Message : fetchDBSettings()
info: ===> TimeStamp : 2026-02-28 18:24:38===> API : null ===> Message : validateRequest() Invoked!
info: ===> TimeStamp : 2026-02-28 18:24:38===> API : null ===> Message : validRequest() :: Api validated Successfully
info: ===> TimeStamp : 2026-02-28 18:24:38===> API : /api/auth/validateuser ===> Message : validateUser() invoked!!
info: ===> TimeStamp : 2026-02-28 18:24:38===> API : /api/auth/validateuser ===> Message : validateUser() :: Request Object :: [object Object]
info: ===> TimeStamp : 2026-02-28 18:24:38===> API : /api/auth/validateuser ===> Message : validateUserDB() Invoked !
info: ===> TimeStamp : 2026-02-28 18:24:38===> API : /api/auth/validateuser ===> Message : validateUserResponse() invoked!
info: ===> TimeStamp : 2026-02-28 18:24:38===> API : /api/auth/validateuser ===> Message : validateUserResponse() completed
info: ===> TimeStamp : 2026-02-28 18:24:38===> API : null ===> Message : validateRequest() invoked
info: ===> TimeStamp : 2026-02-28 18:24:38===> API : null ===> Message : fetchDBSettings()
info: ===> TimeStamp : 2026-02-28 18:24:38===> API : null ===> Message : validateRequest() Invoked!
info: ===> TimeStamp : 2026-02-28 18:24:38===> API : null ===> Message : validRequest() :: Api validated Successfully
info: ===> TimeStamp : 2026-02-28 18:24:38===> API : /api/auth/login ===> Message : loginUser() invoked!!
info: ===> TimeStamp : 2026-02-28 18:24:38===> API : /api/auth/login ===> Message : loginUser() :: Request Object :: [object Object]
info: ===> TimeStamp : 2026-02-28 18:24:38===> API : /api/auth/login ===> Message : loginUserDB() Invoked !
info: ===> TimeStamp : 2026-02-28 18:24:38===> API : /api/auth/login ===> Message : loginUserResponse() invoked!
info: ===> TimeStamp : 2026-02-28 18:24:38===> API : /api/auth/login ===> Message : loginUserResponse() completed
info: ===> TimeStamp : 2026-02-28 18:31:09===> API : null ===> Message : fetchDBSettings()
info: ===> TimeStamp : 2026-02-28 18:31:09===> API : null ===> Message : validateRequest() invoked
info: ===> TimeStamp : 2026-02-28 18:31:09===> API : null ===> Message : validateRequest() Invoked!
info: ===> TimeStamp : 2026-02-28 18:31:09===> API : null ===> Message : validRequest() :: Api validated Successfully
info: ===> TimeStamp : 2026-02-28 18:31:09===> API : /api/auth/validateuser ===> Message : validateUser() invoked!!
info: ===> TimeStamp : 2026-02-28 18:31:09===> API : /api/auth/validateuser ===> Message : validateUser() :: Request Object :: [object Object]
info: ===> TimeStamp : 2026-02-28 18:31:09===> API : /api/auth/validateuser ===> Message : validateUserDB() Invoked !
info: ===> TimeStamp : 2026-02-28 18:31:09===> API : /api/auth/validateuser ===> Message : validateUserResponse() invoked!
info: ===> TimeStamp : 2026-02-28 18:31:09===> API : /api/auth/validateuser ===> Message : validateUserResponse() completed
info: ===> TimeStamp : 2026-02-28 18:31:09===> API : null ===> Message : validateRequest() invoked
info: ===> TimeStamp : 2026-02-28 18:31:09===> API : null ===> Message : fetchDBSettings()
info: ===> TimeStamp : 2026-02-28 18:31:09===> API : null ===> Message : validateRequest() Invoked!
info: ===> TimeStamp : 2026-02-28 18:31:09===> API : null ===> Message : validRequest() :: Api validated Successfully
info: ===> TimeStamp : 2026-02-28 18:31:09===> API : /api/auth/login ===> Message : loginUser() :: Request Object :: [object Object]
info: ===> TimeStamp : 2026-02-28 18:31:09===> API : /api/auth/login ===> Message : loginUser() invoked!!
info: ===> TimeStamp : 2026-02-28 18:31:09===> API : /api/auth/login ===> Message : loginUserDB() Invoked !
info: ===> TimeStamp : 2026-02-28 18:31:09===> API : /api/auth/login ===> Message : loginUserResponse() invoked!
info: ===> TimeStamp : 2026-02-28 18:31:09===> API : /api/auth/login ===> Message : loginUserResponse() completed
info: ===> TimeStamp : 2026-02-28 18:45:49===> API : null ===> Message : validateRequest() invoked
info: ===> TimeStamp : 2026-02-28 18:45:49===> API : null ===> Message : fetchDBSettings()
info: ===> TimeStamp : 2026-02-28 18:45:49===> API : null ===> Message : validateRequest() Invoked!
info: ===> TimeStamp : 2026-02-28 18:45:49===> API : null ===> Message : validRequest() :: Api validated Successfully
info: ===> TimeStamp : 2026-02-28 18:45:49===> API : /api/auth/validateuser ===> Message : validateUser() invoked!!
info: ===> TimeStamp : 2026-02-28 18:45:49===> API : /api/auth/validateuser ===> Message : validateUser() :: Request Object :: [object Object]
info: ===> TimeStamp : 2026-02-28 18:45:49===> API : /api/auth/validateuser ===> Message : validateUserDB() Invoked !
info: ===> TimeStamp : 2026-02-28 18:45:49===> API : /api/auth/validateuser ===> Message : validateUserResponse() invoked!
info: ===> TimeStamp : 2026-02-28 18:45:49===> API : /api/auth/validateuser ===> Message : validateUserResponse() completed
info: ===> TimeStamp : 2026-02-28 18:45:49===> API : null ===> Message : validateRequest() invoked
info: ===> TimeStamp : 2026-02-28 18:45:49===> API : null ===> Message : fetchDBSettings()
info: ===> TimeStamp : 2026-02-28 18:45:49===> API : null ===> Message : validateRequest() Invoked!
info: ===> TimeStamp : 2026-02-28 18:45:49===> API : null ===> Message : validRequest() :: Api validated Successfully
info: ===> TimeStamp : 2026-02-28 18:45:49===> API : /api/auth/checkIP ===> Message : checkIP() invoked!!
info: ===> TimeStamp : 2026-02-28 18:45:49===> API : /api/auth/checkIP ===> Message : IPs match: 103.225.102.194
info: ===> TimeStamp : 2026-02-28 18:45:49===> API : /api/auth/checkIP ===> Message : checkIPResponse() invoked!
info: ===> TimeStamp : 2026-02-28 18:45:49===> API : /api/auth/checkIP ===> Message : checkIPResponse() completed
info: ===> TimeStamp : 2026-02-28 18:45:50===> API : null ===> Message : validateRequest() invoked
info: ===> TimeStamp : 2026-02-28 18:45:50===> API : null ===> Message : fetchDBSettings()
info: ===> TimeStamp : 2026-02-28 18:45:50===> API : null ===> Message : validateRequest() Invoked!
info: ===> TimeStamp : 2026-02-28 18:45:50===> API : null ===> Message : validRequest() :: Api validated Successfully
info: ===> TimeStamp : 2026-02-28 18:45:50===> API : /api/auth/login ===> Message : loginUser() invoked!!
info: ===> TimeStamp : 2026-02-28 18:45:50===> API : /api/auth/login ===> Message : loginUser() :: Request Object :: [object Object]
info: ===> TimeStamp : 2026-02-28 18:45:50===> API : /api/auth/login ===> Message : loginUserDB() Invoked !
info: ===> TimeStamp : 2026-02-28 18:45:50===> API : /api/auth/login ===> Message : loginUserResponse() invoked!
info: ===> TimeStamp : 2026-02-28 18:45:50===> API : /api/auth/login ===> Message : loginUserResponse() completed
info: ===> TimeStamp : 2026-02-28 19:04:12===> API : null ===> Message : validateRequest() invoked
info: ===> TimeStamp : 2026-02-28 19:04:12===> API : null ===> Message : fetchDBSettings()
info: ===> TimeStamp : 2026-02-28 19:04:12===> API : null ===> Message : validateRequest() Invoked!
info: ===> TimeStamp : 2026-02-28 19:04:12===> API : null ===> Message : validRequest() :: Api validated Successfully
info: ===> TimeStamp : 2026-02-28 19:04:12===> API : /api/auth/validateuser ===> Message : validateUser() invoked!!
info: ===> TimeStamp : 2026-02-28 19:04:12===> API : /api/auth/validateuser ===> Message : validateUser() :: Request Object :: [object Object]
info: ===> TimeStamp : 2026-02-28 19:04:12===> API : /api/auth/validateuser ===> Message : validateUserDB() Invoked !
info: ===> TimeStamp : 2026-02-28 19:04:12===> API : /api/auth/validateuser ===> Message : validateUserResponse() invoked!
info: ===> TimeStamp : 2026-02-28 19:04:12===> API : /api/auth/validateuser ===> Message : validateUserResponse() completed
info: ===> TimeStamp : 2026-02-28 19:04:12===> API : null ===> Message : validateRequest() invoked
info: ===> TimeStamp : 2026-02-28 19:04:12===> API : null ===> Message : fetchDBSettings()
info: ===> TimeStamp : 2026-02-28 19:04:12===> API : null ===> Message : validateRequest() Invoked!
info: ===> TimeStamp : 2026-02-28 19:04:12===> API : null ===> Message : validRequest() :: Api validated Successfully
info: ===> TimeStamp : 2026-02-28 19:04:12===> API : /api/auth/login ===> Message : loginUser() invoked!!
info: ===> TimeStamp : 2026-02-28 19:04:12===> API : /api/auth/login ===> Message : loginUser() :: Request Object :: [object Object]
info: ===> TimeStamp : 2026-02-28 19:04:12===> API : /api/auth/login ===> Message : loginUserDB() Invoked !
info: ===> TimeStamp : 2026-02-28 19:04:12===> API : /api/auth/login ===> Message : loginUserResponse() invoked!
info: ===> TimeStamp : 2026-02-28 19:04:12===> API : /api/auth/login ===> Message : loginUserResponse() completed
info: ===> TimeStamp : 2026-02-28 19:14:43===> API : null ===> Message : validateRequest() invoked
info: ===> TimeStamp : 2026-02-28 19:14:43===> API : null ===> Message : fetchDBSettings()
info: ===> TimeStamp : 2026-02-28 19:14:43===> API : null ===> Message : validateRequest() Invoked!
info: ===> TimeStamp : 2026-02-28 19:14:43===> API : null ===> Message : validRequest() :: Api validated Successfully
info: ===> TimeStamp : 2026-02-28 19:14:43===> API : /api/auth/validateuser ===> Message : validateUser() invoked!!
info: ===> TimeStamp : 2026-02-28 19:14:43===> API : /api/auth/validateuser ===> Message : validateUser() :: Request Object :: [object Object]
info: ===> TimeStamp : 2026-02-28 19:14:43===> API : /api/auth/validateuser ===> Message : validateUserDB() Invoked !
info: ===> TimeStamp : 2026-02-28 19:14:43===> API : /api/auth/validateuser ===> Message : validateUserResponse() invoked!
info: ===> TimeStamp : 2026-02-28 19:14:43===> API : /api/auth/validateuser ===> Message : validateUserResponse() completed
info: ===> TimeStamp : 2026-02-28 19:14:44===> API : null ===> Message : validateRequest() invoked
info: ===> TimeStamp : 2026-02-28 19:14:44===> API : null ===> Message : fetchDBSettings()
info: ===> TimeStamp : 2026-02-28 19:14:44===> API : null ===> Message : validateRequest() Invoked!
info: ===> TimeStamp : 2026-02-28 19:14:44===> API : null ===> Message : validRequest() :: Api validated Successfully
info: ===> TimeStamp : 2026-02-28 19:14:44===> API : /api/auth/login ===> Message : loginUser() invoked!!
info: ===> TimeStamp : 2026-02-28 19:14:44===> API : /api/auth/login ===> Message : loginUser() :: Request Object :: [object Object]
info: ===> TimeStamp : 2026-02-28 19:14:44===> API : /api/auth/login ===> Message : loginUserDB() Invoked !
info: ===> TimeStamp : 2026-02-28 19:14:44===> API : /api/auth/login ===> Message : loginUserResponse() invoked!
info: ===> TimeStamp : 2026-02-28 19:14:44===> API : /api/auth/login ===> Message : loginUserResponse() completed
info: ===> TimeStamp : 2026-02-28 19:20:25===> API : null ===> Message : validateRequest() invoked
info: ===> TimeStamp : 2026-02-28 19:20:25===> API : null ===> Message : fetchDBSettings()
info: ===> TimeStamp : 2026-02-28 19:20:25===> API : null ===> Message : validateRequest() Invoked!
info: ===> TimeStamp : 2026-02-28 19:20:25===> API : null ===> Message : validRequest() :: Api validated Successfully
info: ===> TimeStamp : 2026-02-28 19:20:25===> API : /api/auth/validateuser ===> Message : validateUser() invoked!!
info: ===> TimeStamp : 2026-02-28 19:20:25===> API : /api/auth/validateuser ===> Message : validateUser() :: Request Object :: [object Object]
info: ===> TimeStamp : 2026-02-28 19:20:25===> API : /api/auth/validateuser ===> Message : validateUserDB() Invoked !
info: ===> TimeStamp : 2026-02-28 19:20:25===> API : /api/auth/validateuser ===> Message : validateUserResponse() invoked!
info: ===> TimeStamp : 2026-02-28 19:20:25===> API : /api/auth/validateuser ===> Message : validateUserResponse() completed
info: ===> TimeStamp : 2026-02-28 19:20:25===> API : null ===> Message : validateRequest() invoked
info: ===> TimeStamp : 2026-02-28 19:20:25===> API : null ===> Message : fetchDBSettings()
info: ===> TimeStamp : 2026-02-28 19:20:25===> API : null ===> Message : validateRequest() Invoked!
info: ===> TimeStamp : 2026-02-28 19:20:25===> API : null ===> Message : validRequest() :: Api validated Successfully
info: ===> TimeStamp : 2026-02-28 19:20:25===> API : /api/auth/login ===> Message : loginUser() invoked!!
info: ===> TimeStamp : 2026-02-28 19:20:25===> API : /api/auth/login ===> Message : loginUser() :: Request Object :: [object Object]
info: ===> TimeStamp : 2026-02-28 19:20:25===> API : /api/auth/login ===> Message : loginUserDB() Invoked !
info: ===> TimeStamp : 2026-02-28 19:20:26===> API : /api/auth/login ===> Message : loginUserResponse() invoked!
info: ===> TimeStamp : 2026-02-28 19:20:26===> API : /api/auth/login ===> Message : loginUserResponse() completed
info: ===> TimeStamp : 2026-02-28 20:00:24===> API : null ===> Message : validateRequest() invoked
info: ===> TimeStamp : 2026-02-28 20:00:24===> API : null ===> Message : fetchDBSettings()
info: ===> TimeStamp : 2026-02-28 20:00:24===> API : null ===> Message : validateRequest() Invoked!
info: ===> TimeStamp : 2026-02-28 20:00:24===> API : null ===> Message : validRequest() :: Api validated Successfully
info: ===> TimeStamp : 2026-02-28 20:00:24===> API : /api/auth/validateuser ===> Message : validateUser() invoked!!
info: ===> TimeStamp : 2026-02-28 20:00:24===> API : /api/auth/validateuser ===> Message : validateUser() :: Request Object :: [object Object]
info: ===> TimeStamp : 2026-02-28 20:00:24===> API : /api/auth/validateuser ===> Message : validateUserDB() Invoked !
info: ===> TimeStamp : 2026-02-28 20:00:24===> API : /api/auth/validateuser ===> Message : validateUserResponse() invoked!
info: ===> TimeStamp : 2026-02-28 20:00:24===> API : /api/auth/validateuser ===> Message : validateUserResponse() completed
info: ===> TimeStamp : 2026-02-28 20:00:24===> API : null ===> Message : validateRequest() invoked
info: ===> TimeStamp : 2026-02-28 20:00:24===> API : null ===> Message : fetchDBSettings()
info: ===> TimeStamp : 2026-02-28 20:00:24===> API : null ===> Message : validateRequest() Invoked!
info: ===> TimeStamp : 2026-02-28 20:00:24===> API : null ===> Message : validRequest() :: Api validated Successfully
info: ===> TimeStamp : 2026-02-28 20:00:24===> API : /api/auth/login ===> Message : loginUser() invoked!!
info: ===> TimeStamp : 2026-02-28 20:00:24===> API : /api/auth/login ===> Message : loginUser() :: Request Object :: [object Object]
info: ===> TimeStamp : 2026-02-28 20:00:24===> API : /api/auth/login ===> Message : loginUserDB() Invoked !
info: ===> TimeStamp : 2026-02-28 20:00:24===> API : /api/auth/login ===> Message : loginUserResponse() invoked!
info: ===> TimeStamp : 2026-02-28 20:00:24===> API : /api/auth/login ===> Message : loginUserResponse() completed
info: ===> TimeStamp : 2026-02-28 20:13:01===> API : null ===> Message : validateRequest() invoked
info: ===> TimeStamp : 2026-02-28 20:13:01===> API : null ===> Message : validateRequest() Error:: Invalid Request :: 
      {"apiUri":"/robots.txt"}
info: ===> TimeStamp : 2026-02-28 20:59:21===> API : null ===> Message : validateRequest() invoked
info: ===> TimeStamp : 2026-02-28 20:59:21===> API : null ===> Message : fetchDBSettings()
info: ===> TimeStamp : 2026-02-28 20:59:21===> API : null ===> Message : validateRequest() Invoked!
info: ===> TimeStamp : 2026-02-28 20:59:21===> API : null ===> Message : validRequest() :: Api validated Successfully
info: ===> TimeStamp : 2026-02-28 20:59:21===> API : /api/auth/validateuser ===> Message : validateUser() :: Request Object :: [object Object]
info: ===> TimeStamp : 2026-02-28 20:59:21===> API : /api/auth/validateuser ===> Message : validateUser() invoked!!
info: ===> TimeStamp : 2026-02-28 20:59:21===> API : /api/auth/validateuser ===> Message : validateUserDB() Invoked !
info: ===> TimeStamp : 2026-02-28 20:59:21===> API : /api/auth/validateuser ===> Message : validateUserResponse() invoked!
info: ===> TimeStamp : 2026-02-28 20:59:21===> API : /api/auth/validateuser ===> Message : validateUserResponse() completed
info: ===> TimeStamp : 2026-02-28 20:59:21===> API : null ===> Message : validateRequest() invoked
info: ===> TimeStamp : 2026-02-28 20:59:21===> API : null ===> Message : fetchDBSettings()
info: ===> TimeStamp : 2026-02-28 20:59:21===> API : null ===> Message : validateRequest() Invoked!
info: ===> TimeStamp : 2026-02-28 20:59:21===> API : null ===> Message : validRequest() :: Api validated Successfully
info: ===> TimeStamp : 2026-02-28 20:59:21===> API : /api/auth/login ===> Message : loginUser() :: Request Object :: [object Object]
info: ===> TimeStamp : 2026-02-28 20:59:21===> API : /api/auth/login ===> Message : loginUser() invoked!!
info: ===> TimeStamp : 2026-02-28 20:59:21===> API : /api/auth/login ===> Message : loginUserDB() Invoked !
info: ===> TimeStamp : 2026-02-28 20:59:21===> API : /api/auth/login ===> Message : loginUserResponse() invoked!
info: ===> TimeStamp : 2026-02-28 20:59:21===> API : /api/auth/login ===> Message : loginUserResponse() completed
info: ===> TimeStamp : 2026-02-28 21:04:11===> API : null ===> Message : validateRequest() invoked
info: ===> TimeStamp : 2026-02-28 21:04:11===> API : null ===> Message : validateRequest() Error:: Invalid Request :: 
      {"apiUri":"/pdown"}
info: ===> TimeStamp : 2026-02-28 21:06:36===> API : null ===> Message : validateRequest() invoked
info: ===> TimeStamp : 2026-02-28 21:06:36===> API : null ===> Message : fetchDBSettings()
info: ===> TimeStamp : 2026-02-28 21:06:36===> API : null ===> Message : validateRequest() Invoked!
info: ===> TimeStamp : 2026-02-28 21:06:36===> API : null ===> Message : validRequest() :: Api validated Successfully
info: ===> TimeStamp : 2026-02-28 21:06:36===> API : /api/auth/validateuser ===> Message : validateUser() invoked!!
info: ===> TimeStamp : 2026-02-28 21:06:36===> API : /api/auth/validateuser ===> Message : validateUser() :: Request Object :: [object Object]
info: ===> TimeStamp : 2026-02-28 21:06:36===> API : /api/auth/validateuser ===> Message : validateUserDB() Invoked !
info: ===> TimeStamp : 2026-02-28 21:06:36===> API : /api/auth/validateuser ===> Message : validateUserResponse() invoked!
info: ===> TimeStamp : 2026-02-28 21:06:36===> API : /api/auth/validateuser ===> Message : validateUserResponse() completed
info: ===> TimeStamp : 2026-02-28 21:06:36===> API : null ===> Message : validateRequest() invoked
info: ===> TimeStamp : 2026-02-28 21:06:36===> API : null ===> Message : fetchDBSettings()
info: ===> TimeStamp : 2026-02-28 21:06:36===> API : null ===> Message : validateRequest() Invoked!
info: ===> TimeStamp : 2026-02-28 21:06:36===> API : null ===> Message : validRequest() :: Api validated Successfully
info: ===> TimeStamp : 2026-02-28 21:06:36===> API : /api/auth/login ===> Message : loginUser() invoked!!
info: ===> TimeStamp : 2026-02-28 21:06:36===> API : /api/auth/login ===> Message : loginUser() :: Request Object :: [object Object]
info: ===> TimeStamp : 2026-02-28 21:06:36===> API : /api/auth/login ===> Message : loginUserDB() Invoked !
info: ===> TimeStamp : 2026-02-28 21:06:36===> API : /api/auth/login ===> Message : loginUserResponse() invoked!
info: ===> TimeStamp : 2026-02-28 21:06:36===> API : /api/auth/login ===> Message : loginUserResponse() completed
info: ===> TimeStamp : 2026-02-28 21:11:33===> API : null ===> Message : validateRequest() invoked
info: ===> TimeStamp : 2026-02-28 21:11:33===> API : null ===> Message : fetchDBSettings()
info: ===> TimeStamp : 2026-02-28 21:11:33===> API : null ===> Message : validateRequest() Invoked!
info: ===> TimeStamp : 2026-02-28 21:11:33===> API : null ===> Message : validRequest() :: Api validated Successfully
info: ===> TimeStamp : 2026-02-28 21:11:33===> API : /api/auth/validateuser ===> Message : validateUser() invoked!!
info: ===> TimeStamp : 2026-02-28 21:11:33===> API : /api/auth/validateuser ===> Message : validateUser() :: Request Object :: [object Object]
info: ===> TimeStamp : 2026-02-28 21:11:33===> API : /api/auth/validateuser ===> Message : validateUserDB() Invoked !
info: ===> TimeStamp : 2026-02-28 21:11:33===> API : /api/auth/validateuser ===> Message : validateUserResponse() invoked!
info: ===> TimeStamp : 2026-02-28 21:11:33===> API : /api/auth/validateuser ===> Message : validateUserResponse() completed
info: ===> TimeStamp : 2026-02-28 21:11:33===> API : null ===> Message : validateRequest() invoked
info: ===> TimeStamp : 2026-02-28 21:11:33===> API : null ===> Message : fetchDBSettings()
info: ===> TimeStamp : 2026-02-28 21:11:33===> API : null ===> Message : validateRequest() Invoked!
info: ===> TimeStamp : 2026-02-28 21:11:33===> API : null ===> Message : validRequest() :: Api validated Successfully
info: ===> TimeStamp : 2026-02-28 21:11:33===> API : /api/auth/login ===> Message : loginUser() invoked!!
info: ===> TimeStamp : 2026-02-28 21:11:33===> API : /api/auth/login ===> Message : loginUser() :: Request Object :: [object Object]
info: ===> TimeStamp : 2026-02-28 21:11:33===> API : /api/auth/login ===> Message : loginUserDB() Invoked !
info: ===> TimeStamp : 2026-02-28 21:11:33===> API : /api/auth/login ===> Message : loginUserResponse() invoked!
info: ===> TimeStamp : 2026-02-28 21:11:33===> API : /api/auth/login ===> Message : loginUserResponse() completed
info: ===> TimeStamp : 2026-02-28 21:12:07===> API : null ===> Message : validateRequest() invoked
info: ===> TimeStamp : 2026-02-28 21:12:07===> API : null ===> Message : fetchDBSettings()
info: ===> TimeStamp : 2026-02-28 21:12:07===> API : null ===> Message : validateRequest() Invoked!
info: ===> TimeStamp : 2026-02-28 21:12:07===> API : null ===> Message : validRequest() :: Api validated Successfully
info: ===> TimeStamp : 2026-02-28 21:12:07===> API : /api/auth/validateuser ===> Message : validateUser() invoked!!
info: ===> TimeStamp : 2026-02-28 21:12:07===> API : /api/auth/validateuser ===> Message : validateUser() :: Request Object :: [object Object]
info: ===> TimeStamp : 2026-02-28 21:12:07===> API : /api/auth/validateuser ===> Message : validateUserDB() Invoked !
info: ===> TimeStamp : 2026-02-28 21:12:07===> API : /api/auth/validateuser ===> Message : validateUserResponse() invoked!
info: ===> TimeStamp : 2026-02-28 21:12:07===> API : /api/auth/validateuser ===> Message : validateUserResponse() completed
info: ===> TimeStamp : 2026-02-28 21:12:07===> API : null ===> Message : validateRequest() invoked
info: ===> TimeStamp : 2026-02-28 21:12:07===> API : null ===> Message : fetchDBSettings()
info: ===> TimeStamp : 2026-02-28 21:12:07===> API : null ===> Message : validateRequest() Invoked!
info: ===> TimeStamp : 2026-02-28 21:12:07===> API : null ===> Message : validRequest() :: Api validated Successfully
info: ===> TimeStamp : 2026-02-28 21:12:07===> API : /api/auth/login ===> Message : loginUser() invoked!!
info: ===> TimeStamp : 2026-02-28 21:12:07===> API : /api/auth/login ===> Message : loginUser() :: Request Object :: [object Object]
info: ===> TimeStamp : 2026-02-28 21:12:07===> API : /api/auth/login ===> Message : loginUserDB() Invoked !
info: ===> TimeStamp : 2026-02-28 21:12:07===> API : /api/auth/login ===> Message : loginUserResponse() invoked!
info: ===> TimeStamp : 2026-02-28 21:12:07===> API : /api/auth/login ===> Message : loginUserResponse() completed
info: ===> TimeStamp : 2026-02-28 21:33:44===> API : null ===> Message : validateRequest() invoked
info: ===> TimeStamp : 2026-02-28 21:33:44===> API : null ===> Message : fetchDBSettings()
info: ===> TimeStamp : 2026-02-28 21:33:44===> API : null ===> Message : validateRequest() Invoked!
info: ===> TimeStamp : 2026-02-28 21:33:44===> API : null ===> Message : validRequest() :: Api validated Successfully
info: ===> TimeStamp : 2026-02-28 21:33:44===> API : /api/auth/validateuser ===> Message : validateUser() invoked!!
info: ===> TimeStamp : 2026-02-28 21:33:44===> API : /api/auth/validateuser ===> Message : validateUser() :: Request Object :: [object Object]
info: ===> TimeStamp : 2026-02-28 21:33:44===> API : /api/auth/validateuser ===> Message : validateUserDB() Invoked !
info: ===> TimeStamp : 2026-02-28 21:33:44===> API : /api/auth/validateuser ===> Message : validateUserResponse() invoked!
info: ===> TimeStamp : 2026-02-28 21:33:44===> API : /api/auth/validateuser ===> Message : validateUserResponse() completed
info: ===> TimeStamp : 2026-02-28 21:33:45===> API : null ===> Message : validateRequest() invoked
info: ===> TimeStamp : 2026-02-28 21:33:45===> API : null ===> Message : fetchDBSettings()
info: ===> TimeStamp : 2026-02-28 21:33:45===> API : null ===> Message : validateRequest() Invoked!
info: ===> TimeStamp : 2026-02-28 21:33:45===> API : null ===> Message : validRequest() :: Api validated Successfully
info: ===> TimeStamp : 2026-02-28 21:33:45===> API : /api/auth/login ===> Message : loginUser() invoked!!
info: ===> TimeStamp : 2026-02-28 21:33:45===> API : /api/auth/login ===> Message : loginUser() :: Request Object :: [object Object]
info: ===> TimeStamp : 2026-02-28 21:33:45===> API : /api/auth/login ===> Message : loginUserDB() Invoked !
info: ===> TimeStamp : 2026-02-28 21:33:45===> API : /api/auth/login ===> Message : loginUserResponse() invoked!
info: ===> TimeStamp : 2026-02-28 21:33:45===> API : /api/auth/login ===> Message : loginUserResponse() completed
info: ===> TimeStamp : 2026-02-28 21:33:46===> API : null ===> Message : validateRequest() invoked
info: ===> TimeStamp : 2026-02-28 21:33:46===> API : null ===> Message : fetchDBSettings()
info: ===> TimeStamp : 2026-02-28 21:33:46===> API : null ===> Message : validateRequest() Invoked!
info: ===> TimeStamp : 2026-02-28 21:33:46===> API : null ===> Message : validRequest() :: Api validated Successfully
info: ===> TimeStamp : 2026-02-28 21:33:46===> API : /api/auth/validateuser ===> Message : validateUser() invoked!!
info: ===> TimeStamp : 2026-02-28 21:33:46===> API : /api/auth/validateuser ===> Message : validateUser() :: Request Object :: [object Object]
info: ===> TimeStamp : 2026-02-28 21:33:46===> API : /api/auth/validateuser ===> Message : validateUserDB() Invoked !
info: ===> TimeStamp : 2026-02-28 21:33:46===> API : /api/auth/validateuser ===> Message : validateUserResponse() invoked!
info: ===> TimeStamp : 2026-02-28 21:33:46===> API : /api/auth/validateuser ===> Message : validateUserResponse() completed
info: ===> TimeStamp : 2026-02-28 21:33:46===> API : null ===> Message : validateRequest() invoked
info: ===> TimeStamp : 2026-02-28 21:33:46===> API : null ===> Message : fetchDBSettings()
info: ===> TimeStamp : 2026-02-28 21:33:46===> API : null ===> Message : validateRequest() Invoked!
info: ===> TimeStamp : 2026-02-28 21:33:46===> API : null ===> Message : validRequest() :: Api validated Successfully
info: ===> TimeStamp : 2026-02-28 21:33:46===> API : /api/auth/login ===> Message : loginUser() invoked!!
info: ===> TimeStamp : 2026-02-28 21:33:46===> API : /api/auth/login ===> Message : loginUser() :: Request Object :: [object Object]
info: ===> TimeStamp : 2026-02-28 21:33:46===> API : /api/auth/login ===> Message : loginUserDB() Invoked !
info: ===> TimeStamp : 2026-02-28 21:33:46===> API : /api/auth/login ===> Message : loginUserResponse() invoked!
info: ===> TimeStamp : 2026-02-28 21:33:46===> API : /api/auth/login ===> Message : loginUserResponse() completed
info: ===> TimeStamp : 2026-02-28 21:37:22===> API : null ===> Message : validateRequest() invoked
info: ===> TimeStamp : 2026-02-28 21:37:22===> API : null ===> Message : fetchDBSettings()
info: ===> TimeStamp : 2026-02-28 21:37:22===> API : null ===> Message : validateRequest() Invoked!
info: ===> TimeStamp : 2026-02-28 21:37:22===> API : null ===> Message : validRequest() :: Api validated Successfully
info: ===> TimeStamp : 2026-02-28 21:37:22===> API : /api/auth/validateuser ===> Message : validateUser() invoked!!
info: ===> TimeStamp : 2026-02-28 21:37:22===> API : /api/auth/validateuser ===> Message : validateUser() :: Request Object :: [object Object]
info: ===> TimeStamp : 2026-02-28 21:37:22===> API : /api/auth/validateuser ===> Message : validateUserDB() Invoked !
info: ===> TimeStamp : 2026-02-28 21:37:22===> API : /api/auth/validateuser ===> Message : validateUserResponse() invoked!
info: ===> TimeStamp : 2026-02-28 21:37:22===> API : /api/auth/validateuser ===> Message : validateUserResponse() completed
info: ===> TimeStamp : 2026-02-28 21:37:22===> API : null ===> Message : validateRequest() invoked
info: ===> TimeStamp : 2026-02-28 21:37:22===> API : null ===> Message : fetchDBSettings()
info: ===> TimeStamp : 2026-02-28 21:37:22===> API : null ===> Message : validateRequest() Invoked!
info: ===> TimeStamp : 2026-02-28 21:37:22===> API : null ===> Message : validRequest() :: Api validated Successfully
info: ===> TimeStamp : 2026-02-28 21:37:22===> API : /api/auth/login ===> Message : loginUser() invoked!!
info: ===> TimeStamp : 2026-02-28 21:37:22===> API : /api/auth/login ===> Message : loginUser() :: Request Object :: [object Object]
info: ===> TimeStamp : 2026-02-28 21:37:22===> API : /api/auth/login ===> Message : loginUserDB() Invoked !
info: ===> TimeStamp : 2026-02-28 21:37:22===> API : /api/auth/login ===> Message : loginUserResponse() invoked!
info: ===> TimeStamp : 2026-02-28 21:37:22===> API : /api/auth/login ===> Message : loginUserResponse() completed
info: ===> TimeStamp : 2026-02-28 21:40:02===> API : null ===> Message : validateRequest() invoked
info: ===> TimeStamp : 2026-02-28 21:40:02===> API : null ===> Message : fetchDBSettings()
info: ===> TimeStamp : 2026-02-28 21:40:02===> API : null ===> Message : validateRequest() Invoked!
info: ===> TimeStamp : 2026-02-28 21:40:02===> API : null ===> Message : validRequest() :: Api validated Successfully
info: ===> TimeStamp : 2026-02-28 21:40:02===> API : /api/auth/logout ===> Message : logoutUser() invoked!!
info: ===> TimeStamp : 2026-02-28 21:40:02===> API : /api/auth/logout ===> Message : logoutUser() :: Request Object :: [object Object]
info: ===> TimeStamp : 2026-02-28 21:40:02===> API : /api/auth/logout ===> Message : logoutUserDB() Invoked !
info: ===> TimeStamp : 2026-02-28 21:40:02===> API : /api/auth/logout ===> Message : logoutUserResponse() invoked!
info: ===> TimeStamp : 2026-02-28 21:40:02===> API : /api/auth/logout ===> Message : logoutUserResponse() completed
info: ===> TimeStamp : 2026-02-28 21:41:40===> API : null ===> Message : validateRequest() invoked
info: ===> TimeStamp : 2026-02-28 21:41:40===> API : null ===> Message : fetchDBSettings()
info: ===> TimeStamp : 2026-02-28 21:41:40===> API : null ===> Message : validateRequest() Invoked!
info: ===> TimeStamp : 2026-02-28 21:41:40===> API : null ===> Message : validRequest() :: Api validated Successfully
info: ===> TimeStamp : 2026-02-28 21:41:40===> API : /api/auth/validateuser ===> Message : validateUser() invoked!!
info: ===> TimeStamp : 2026-02-28 21:41:41===> API : /api/auth/validateuser ===> Message : validateUser() :: Request Object :: [object Object]
info: ===> TimeStamp : 2026-02-28 21:41:41===> API : /api/auth/validateuser ===> Message : validateUserDB() Invoked !
info: ===> TimeStamp : 2026-02-28 21:41:41===> API : /api/auth/validateuser ===> Message : validateUserResponse() invoked!
info: ===> TimeStamp : 2026-02-28 21:41:41===> API : /api/auth/validateuser ===> Message : validateUserResponse() completed
info: ===> TimeStamp : 2026-02-28 21:41:41===> API : null ===> Message : validateRequest() invoked
info: ===> TimeStamp : 2026-02-28 21:41:41===> API : null ===> Message : fetchDBSettings()
info: ===> TimeStamp : 2026-02-28 21:41:41===> API : null ===> Message : validateRequest() Invoked!
info: ===> TimeStamp : 2026-02-28 21:41:41===> API : null ===> Message : validRequest() :: Api validated Successfully
info: ===> TimeStamp : 2026-02-28 21:41:41===> API : /api/auth/login ===> Message : loginUser() :: Request Object :: [object Object]
info: ===> TimeStamp : 2026-02-28 21:41:41===> API : /api/auth/login ===> Message : loginUser() invoked!!
info: ===> TimeStamp : 2026-02-28 21:41:41===> API : /api/auth/login ===> Message : loginUserDB() Invoked !
info: ===> TimeStamp : 2026-02-28 21:41:41===> API : /api/auth/login ===> Message : loginUserResponse() invoked!
info: ===> TimeStamp : 2026-02-28 21:41:41===> API : /api/auth/login ===> Message : loginUserResponse() completed
info: ===> TimeStamp : 2026-02-28 21:42:28===> API : null ===> Message : validateRequest() invoked
info: ===> TimeStamp : 2026-02-28 21:42:28===> API : null ===> Message : fetchDBSettings()
info: ===> TimeStamp : 2026-02-28 21:42:28===> API : null ===> Message : validateRequest() Invoked!
info: ===> TimeStamp : 2026-02-28 21:42:28===> API : null ===> Message : validRequest() :: Api validated Successfully
info: ===> TimeStamp : 2026-02-28 21:42:28===> API : /api/auth/logout ===> Message : logoutUser() :: Request Object :: [object Object]
info: ===> TimeStamp : 2026-02-28 21:42:28===> API : /api/auth/logout ===> Message : logoutUserDB() Invoked !
info: ===> TimeStamp : 2026-02-28 21:42:28===> API : /api/auth/logout ===> Message : logoutUser() invoked!!
info: ===> TimeStamp : 2026-02-28 21:42:28===> API : /api/auth/logout ===> Message : logoutUserResponse() invoked!
info: ===> TimeStamp : 2026-02-28 21:42:28===> API : /api/auth/logout ===> Message : logoutUserResponse() completed
info: ===> TimeStamp : 2026-02-28 21:42:37===> API : null ===> Message : validateRequest() invoked
info: ===> TimeStamp : 2026-02-28 21:42:37===> API : null ===> Message : fetchDBSettings()
info: ===> TimeStamp : 2026-02-28 21:42:37===> API : null ===> Message : validateRequest() Invoked!
info: ===> TimeStamp : 2026-02-28 21:42:37===> API : null ===> Message : validRequest() :: Api validated Successfully
info: ===> TimeStamp : 2026-02-28 21:42:37===> API : /api/auth/validateuser ===> Message : validateUser() :: Request Object :: [object Object]
info: ===> TimeStamp : 2026-02-28 21:42:37===> API : /api/auth/validateuser ===> Message : validateUser() invoked!!
info: ===> TimeStamp : 2026-02-28 21:42:37===> API : /api/auth/validateuser ===> Message : validateUserDB() Invoked !
info: ===> TimeStamp : 2026-02-28 21:42:37===> API : /api/auth/validateuser ===> Message : validateUserResponse() invoked!
info: ===> TimeStamp : 2026-02-28 21:42:37===> API : /api/auth/validateuser ===> Message : validateUserResponse() completed
info: ===> TimeStamp : 2026-02-28 21:42:37===> API : null ===> Message : validateRequest() invoked
info: ===> TimeStamp : 2026-02-28 21:42:37===> API : null ===> Message : fetchDBSettings()
info: ===> TimeStamp : 2026-02-28 21:42:37===> API : null ===> Message : validateRequest() Invoked!
info: ===> TimeStamp : 2026-02-28 21:42:37===> API : null ===> Message : validRequest() :: Api validated Successfully
info: ===> TimeStamp : 2026-02-28 21:42:37===> API : /api/auth/checkIP ===> Message : checkIP() invoked!!
info: ===> TimeStamp : 2026-02-28 21:42:37===> API : /api/auth/checkIP ===> Message : IPs match: 103.225.102.194
info: ===> TimeStamp : 2026-02-28 21:42:37===> API : /api/auth/checkIP ===> Message : checkIPResponse() invoked!
info: ===> TimeStamp : 2026-02-28 21:42:37===> API : /api/auth/checkIP ===> Message : checkIPResponse() completed
info: ===> TimeStamp : 2026-02-28 21:42:37===> API : null ===> Message : validateRequest() invoked
info: ===> TimeStamp : 2026-02-28 21:42:37===> API : null ===> Message : fetchDBSettings()
info: ===> TimeStamp : 2026-02-28 21:42:37===> API : null ===> Message : validateRequest() Invoked!
info: ===> TimeStamp : 2026-02-28 21:42:37===> API : null ===> Message : validRequest() :: Api validated Successfully
info: ===> TimeStamp : 2026-02-28 21:42:37===> API : /api/auth/login ===> Message : loginUser() invoked!!
info: ===> TimeStamp : 2026-02-28 21:42:38===> API : /api/auth/login ===> Message : loginUser() :: Request Object :: [object Object]
info: ===> TimeStamp : 2026-02-28 21:42:38===> API : /api/auth/login ===> Message : loginUserDB() Invoked !
info: ===> TimeStamp : 2026-02-28 21:42:38===> API : /api/auth/login ===> Message : loginUserResponse() invoked!
info: ===> TimeStamp : 2026-02-28 21:42:38===> API : /api/auth/login ===> Message : loginUserResponse() completed
info: ===> TimeStamp : 2026-02-28 21:43:54===> API : null ===> Message : validateRequest() invoked
info: ===> TimeStamp : 2026-02-28 21:43:54===> API : null ===> Message : fetchDBSettings()
info: ===> TimeStamp : 2026-02-28 21:43:54===> API : null ===> Message : validateRequest() Invoked!
info: ===> TimeStamp : 2026-02-28 21:43:54===> API : /api/auth/validateuser ===> Message : validateUser() invoked!!
info: ===> TimeStamp : 2026-02-28 21:43:54===> API : /api/auth/validateuser ===> Message : validateUser() :: Request Object :: [object Object]
info: ===> TimeStamp : 2026-02-28 21:43:54===> API : /api/auth/validateuser ===> Message : validateUserDB() Invoked !
info: ===> TimeStamp : 2026-02-28 21:43:54===> API : null ===> Message : validRequest() :: Api validated Successfully
info: ===> TimeStamp : 2026-02-28 21:43:54===> API : /api/auth/validateuser ===> Message : validateUserResponse() invoked!
info: ===> TimeStamp : 2026-02-28 21:43:54===> API : /api/auth/validateuser ===> Message : validateUserResponse() completed
info: ===> TimeStamp : 2026-02-28 21:43:54===> API : null ===> Message : validateRequest() invoked
info: ===> TimeStamp : 2026-02-28 21:43:54===> API : null ===> Message : fetchDBSettings()
info: ===> TimeStamp : 2026-02-28 21:43:54===> API : null ===> Message : validateRequest() Invoked!
info: ===> TimeStamp : 2026-02-28 21:43:54===> API : null ===> Message : validRequest() :: Api validated Successfully
info: ===> TimeStamp : 2026-02-28 21:43:54===> API : /api/auth/checkIP ===> Message : checkIP() invoked!!
info: ===> TimeStamp : 2026-02-28 21:43:54===> API : /api/auth/checkIP ===> Message : IPs match: 103.225.102.194
info: ===> TimeStamp : 2026-02-28 21:43:54===> API : /api/auth/checkIP ===> Message : checkIPResponse() invoked!
info: ===> TimeStamp : 2026-02-28 21:43:54===> API : /api/auth/checkIP ===> Message : checkIPResponse() completed
info: ===> TimeStamp : 2026-02-28 21:43:54===> API : null ===> Message : validateRequest() invoked
info: ===> TimeStamp : 2026-02-28 21:43:54===> API : null ===> Message : fetchDBSettings()
info: ===> TimeStamp : 2026-02-28 21:43:54===> API : null ===> Message : validateRequest() Invoked!
info: ===> TimeStamp : 2026-02-28 21:43:54===> API : null ===> Message : validRequest() :: Api validated Successfully
info: ===> TimeStamp : 2026-02-28 21:43:54===> API : /api/auth/login ===> Message : loginUser() invoked!!
info: ===> TimeStamp : 2026-02-28 21:43:54===> API : /api/auth/login ===> Message : loginUser() :: Request Object :: [object Object]
info: ===> TimeStamp : 2026-02-28 21:43:54===> API : /api/auth/login ===> Message : loginUserDB() Invoked !
info: ===> TimeStamp : 2026-02-28 21:43:54===> API : /api/auth/login ===> Message : loginUserResponse() invoked!
info: ===> TimeStamp : 2026-02-28 21:43:54===> API : /api/auth/login ===> Message : loginUserResponse() completed
info: ===> TimeStamp : 2026-02-28 21:45:03===> API : null ===> Message : validateRequest() invoked
info: ===> TimeStamp : 2026-02-28 21:45:03===> API : null ===> Message : fetchDBSettings()
info: ===> TimeStamp : 2026-02-28 21:45:03===> API : null ===> Message : validateRequest() Invoked!
info: ===> TimeStamp : 2026-02-28 21:45:03===> API : null ===> Message : validRequest() :: Api validated Successfully
info: ===> TimeStamp : 2026-02-28 21:45:03===> API : /api/auth/validateuser ===> Message : validateUser() :: Request Object :: [object Object]
info: ===> TimeStamp : 2026-02-28 21:45:03===> API : /api/auth/validateuser ===> Message : validateUser() invoked!!
info: ===> TimeStamp : 2026-02-28 21:45:03===> API : /api/auth/validateuser ===> Message : validateUserDB() Invoked !
info: ===> TimeStamp : 2026-02-28 21:45:03===> API : /api/auth/validateuser ===> Message : validateUserResponse() invoked!
info: ===> TimeStamp : 2026-02-28 21:45:03===> API : /api/auth/validateuser ===> Message : validateUserResponse() completed
info: ===> TimeStamp : 2026-02-28 21:45:03===> API : null ===> Message : validateRequest() invoked
info: ===> TimeStamp : 2026-02-28 21:45:03===> API : null ===> Message : fetchDBSettings()
info: ===> TimeStamp : 2026-02-28 21:45:03===> API : null ===> Message : validateRequest() Invoked!
info: ===> TimeStamp : 2026-02-28 21:45:03===> API : null ===> Message : validRequest() :: Api validated Successfully
info: ===> TimeStamp : 2026-02-28 21:45:03===> API : /api/auth/login ===> Message : loginUser() invoked!!
info: ===> TimeStamp : 2026-02-28 21:45:03===> API : /api/auth/login ===> Message : loginUser() :: Request Object :: [object Object]
info: ===> TimeStamp : 2026-02-28 21:45:03===> API : /api/auth/login ===> Message : loginUserDB() Invoked !
info: ===> TimeStamp : 2026-02-28 21:45:03===> API : /api/auth/login ===> Message : loginUserResponse() invoked!
info: ===> TimeStamp : 2026-02-28 21:45:03===> API : /api/auth/login ===> Message : loginUserResponse() completed
info: ===> TimeStamp : 2026-02-28 21:47:45===> API : null ===> Message : validateRequest() invoked
info: ===> TimeStamp : 2026-02-28 21:47:45===> API : null ===> Message : fetchDBSettings()
info: ===> TimeStamp : 2026-02-28 21:47:45===> API : null ===> Message : validateRequest() Invoked!
info: ===> TimeStamp : 2026-02-28 21:47:45===> API : null ===> Message : validRequest() :: Api validated Successfully
info: ===> TimeStamp : 2026-02-28 21:47:45===> API : /api/auth/validateuser ===> Message : validateUser() :: Request Object :: [object Object]
info: ===> TimeStamp : 2026-02-28 21:47:45===> API : /api/auth/validateuser ===> Message : validateUser() invoked!!
info: ===> TimeStamp : 2026-02-28 21:47:45===> API : /api/auth/validateuser ===> Message : validateUserDB() Invoked !
info: ===> TimeStamp : 2026-02-28 21:47:45===> API : /api/auth/validateuser ===> Message : validateUserResponse() invoked!
info: ===> TimeStamp : 2026-02-28 21:47:45===> API : /api/auth/validateuser ===> Message : validateUserResponse() completed
info: ===> TimeStamp : 2026-02-28 21:47:45===> API : null ===> Message : validateRequest() invoked
info: ===> TimeStamp : 2026-02-28 21:47:45===> API : null ===> Message : fetchDBSettings()
info: ===> TimeStamp : 2026-02-28 21:47:45===> API : null ===> Message : validateRequest() Invoked!
info: ===> TimeStamp : 2026-02-28 21:47:45===> API : null ===> Message : validRequest() :: Api validated Successfully
info: ===> TimeStamp : 2026-02-28 21:47:45===> API : /api/auth/login ===> Message : loginUser() invoked!!
info: ===> TimeStamp : 2026-02-28 21:47:45===> API : /api/auth/login ===> Message : loginUser() :: Request Object :: [object Object]
info: ===> TimeStamp : 2026-02-28 21:47:45===> API : /api/auth/login ===> Message : loginUserDB() Invoked !
info: ===> TimeStamp : 2026-02-28 21:47:45===> API : /api/auth/login ===> Message : loginUserResponse() invoked!
info: ===> TimeStamp : 2026-02-28 21:47:45===> API : /api/auth/login ===> Message : loginUserResponse() completed
info: ===> TimeStamp : 2026-02-28 21:50:34===> API : null ===> Message : validateRequest() invoked
info: ===> TimeStamp : 2026-02-28 21:50:34===> API : null ===> Message : fetchDBSettings()
info: ===> TimeStamp : 2026-02-28 21:50:34===> API : null ===> Message : validateRequest() Invoked!
info: ===> TimeStamp : 2026-02-28 21:50:34===> API : null ===> Message : validRequest() :: Api validated Successfully
info: ===> TimeStamp : 2026-02-28 21:50:34===> API : /api/auth/validateuser ===> Message : validateUser() invoked!!
info: ===> TimeStamp : 2026-02-28 21:50:34===> API : /api/auth/validateuser ===> Message : validateUser() :: Request Object :: [object Object]
info: ===> TimeStamp : 2026-02-28 21:50:34===> API : /api/auth/validateuser ===> Message : validateUserDB() Invoked !
info: ===> TimeStamp : 2026-02-28 21:50:34===> API : /api/auth/validateuser ===> Message : validateUserResponse() invoked!
info: ===> TimeStamp : 2026-02-28 21:50:34===> API : /api/auth/validateuser ===> Message : validateUserResponse() completed
info: ===> TimeStamp : 2026-02-28 21:50:34===> API : null ===> Message : validateRequest() invoked
info: ===> TimeStamp : 2026-02-28 21:50:34===> API : null ===> Message : fetchDBSettings()
info: ===> TimeStamp : 2026-02-28 21:50:35===> API : null ===> Message : validateRequest() Invoked!
info: ===> TimeStamp : 2026-02-28 21:50:35===> API : null ===> Message : validRequest() :: Api validated Successfully
info: ===> TimeStamp : 2026-02-28 21:50:35===> API : /api/auth/login ===> Message : loginUser() invoked!!
info: ===> TimeStamp : 2026-02-28 21:50:35===> API : /api/auth/login ===> Message : loginUser() :: Request Object :: [object Object]
info: ===> TimeStamp : 2026-02-28 21:50:35===> API : /api/auth/login ===> Message : loginUserDB() Invoked !
info: ===> TimeStamp : 2026-02-28 21:50:35===> API : /api/auth/login ===> Message : loginUserResponse() invoked!
info: ===> TimeStamp : 2026-02-28 21:50:35===> API : /api/auth/login ===> Message : loginUserResponse() completed
info: ===> TimeStamp : 2026-02-28 21:54:56===> API : null ===> Message : validateRequest() invoked
info: ===> TimeStamp : 2026-02-28 21:54:56===> API : null ===> Message : fetchDBSettings()
info: ===> TimeStamp : 2026-02-28 21:54:56===> API : null ===> Message : validateRequest() Invoked!
info: ===> TimeStamp : 2026-02-28 21:54:56===> API : null ===> Message : validRequest() :: Api validated Successfully
info: ===> TimeStamp : 2026-02-28 21:54:56===> API : /api/auth/validateuser ===> Message : validateUser() invoked!!
info: ===> TimeStamp : 2026-02-28 21:54:56===> API : /api/auth/validateuser ===> Message : validateUser() :: Request Object :: [object Object]
info: ===> TimeStamp : 2026-02-28 21:54:56===> API : /api/auth/validateuser ===> Message : validateUserDB() Invoked !
info: ===> TimeStamp : 2026-02-28 21:54:56===> API : /api/auth/validateuser ===> Message : validateUserResponse() invoked!
info: ===> TimeStamp : 2026-02-28 21:54:56===> API : /api/auth/validateuser ===> Message : validateUserResponse() completed
info: ===> TimeStamp : 2026-02-28 21:54:56===> API : null ===> Message : validateRequest() invoked
info: ===> TimeStamp : 2026-02-28 21:54:56===> API : null ===> Message : fetchDBSettings()
info: ===> TimeStamp : 2026-02-28 21:54:56===> API : null ===> Message : validateRequest() Invoked!
info: ===> TimeStamp : 2026-02-28 21:54:56===> API : null ===> Message : validRequest() :: Api validated Successfully
info: ===> TimeStamp : 2026-02-28 21:54:56===> API : /api/auth/login ===> Message : loginUser() invoked!!
info: ===> TimeStamp : 2026-02-28 21:54:56===> API : /api/auth/login ===> Message : loginUser() :: Request Object :: [object Object]
info: ===> TimeStamp : 2026-02-28 21:54:56===> API : /api/auth/login ===> Message : loginUserDB() Invoked !
info: ===> TimeStamp : 2026-02-28 21:54:56===> API : /api/auth/login ===> Message : loginUserResponse() invoked!
info: ===> TimeStamp : 2026-02-28 21:54:56===> API : /api/auth/login ===> Message : loginUserResponse() completed
info: ===> TimeStamp : 2026-02-28 21:59:13===> API : null ===> Message : validateRequest() invoked
info: ===> TimeStamp : 2026-02-28 21:59:13===> API : null ===> Message : fetchDBSettings()
info: ===> TimeStamp : 2026-02-28 21:59:13===> API : null ===> Message : validateRequest() Invoked!
info: ===> TimeStamp : 2026-02-28 21:59:13===> API : null ===> Message : validRequest() :: Api validated Successfully
info: ===> TimeStamp : 2026-02-28 21:59:13===> API : /api/auth/validateuser ===> Message : validateUser() invoked!!
info: ===> TimeStamp : 2026-02-28 21:59:13===> API : /api/auth/validateuser ===> Message : validateUser() :: Request Object :: [object Object]
info: ===> TimeStamp : 2026-02-28 21:59:13===> API : /api/auth/validateuser ===> Message : validateUserDB() Invoked !
info: ===> TimeStamp : 2026-02-28 21:59:13===> API : /api/auth/validateuser ===> Message : validateUserResponse() invoked!
info: ===> TimeStamp : 2026-02-28 21:59:13===> API : /api/auth/validateuser ===> Message : validateUserResponse() completed
info: ===> TimeStamp : 2026-02-28 21:59:13===> API : null ===> Message : validateRequest() invoked
info: ===> TimeStamp : 2026-02-28 21:59:13===> API : null ===> Message : fetchDBSettings()
info: ===> TimeStamp : 2026-02-28 21:59:13===> API : null ===> Message : validateRequest() Invoked!
info: ===> TimeStamp : 2026-02-28 21:59:13===> API : null ===> Message : validRequest() :: Api validated Successfully
info: ===> TimeStamp : 2026-02-28 21:59:13===> API : /api/auth/login ===> Message : loginUser() invoked!!
info: ===> TimeStamp : 2026-02-28 21:59:13===> API : /api/auth/login ===> Message : loginUserDB() Invoked !
info: ===> TimeStamp : 2026-02-28 21:59:13===> API : /api/auth/login ===> Message : loginUser() :: Request Object :: [object Object]
info: ===> TimeStamp : 2026-02-28 21:59:13===> API : /api/auth/login ===> Message : loginUserResponse() invoked!
info: ===> TimeStamp : 2026-02-28 21:59:13===> API : /api/auth/login ===> Message : loginUserResponse() completed
info: ===> TimeStamp : 2026-02-28 22:03:12===> API : null ===> Message : validateRequest() invoked
info: ===> TimeStamp : 2026-02-28 22:03:12===> API : null ===> Message : fetchDBSettings()
info: ===> TimeStamp : 2026-02-28 22:03:12===> API : null ===> Message : validateRequest() Invoked!
info: ===> TimeStamp : 2026-02-28 22:03:12===> API : /api/auth/validateuser ===> Message : validateUser() invoked!!
info: ===> TimeStamp : 2026-02-28 22:03:12===> API : null ===> Message : validRequest() :: Api validated Successfully
info: ===> TimeStamp : 2026-02-28 22:03:12===> API : /api/auth/validateuser ===> Message : validateUser() :: Request Object :: [object Object]
info: ===> TimeStamp : 2026-02-28 22:03:12===> API : /api/auth/validateuser ===> Message : validateUserDB() Invoked !
info: ===> TimeStamp : 2026-02-28 22:03:12===> API : /api/auth/validateuser ===> Message : validateUserResponse() invoked!
info: ===> TimeStamp : 2026-02-28 22:03:12===> API : /api/auth/validateuser ===> Message : validateUserResponse() completed
info: ===> TimeStamp : 2026-02-28 22:03:12===> API : null ===> Message : validateRequest() invoked
info: ===> TimeStamp : 2026-02-28 22:03:12===> API : null ===> Message : fetchDBSettings()
info: ===> TimeStamp : 2026-02-28 22:03:12===> API : null ===> Message : validateRequest() Invoked!
info: ===> TimeStamp : 2026-02-28 22:03:12===> API : null ===> Message : validRequest() :: Api validated Successfully
info: ===> TimeStamp : 2026-02-28 22:03:12===> API : /api/auth/login ===> Message : loginUser() invoked!!
info: ===> TimeStamp : 2026-02-28 22:03:12===> API : /api/auth/login ===> Message : loginUser() :: Request Object :: [object Object]
info: ===> TimeStamp : 2026-02-28 22:03:12===> API : /api/auth/login ===> Message : loginUserDB() Invoked !
info: ===> TimeStamp : 2026-02-28 22:03:12===> API : /api/auth/login ===> Message : loginUserResponse() invoked!
info: ===> TimeStamp : 2026-02-28 22:03:12===> API : /api/auth/login ===> Message : loginUserResponse() completed
info: ===> TimeStamp : 2026-02-28 22:06:48===> API : null ===> Message : validateRequest() invoked
info: ===> TimeStamp : 2026-02-28 22:06:48===> API : null ===> Message : fetchDBSettings()
info: ===> TimeStamp : 2026-02-28 22:06:48===> API : null ===> Message : validateRequest() Invoked!
info: ===> TimeStamp : 2026-02-28 22:06:48===> API : null ===> Message : validRequest() :: Api validated Successfully
info: ===> TimeStamp : 2026-02-28 22:06:48===> API : /api/auth/validateuser ===> Message : validateUser() invoked!!
info: ===> TimeStamp : 2026-02-28 22:06:48===> API : /api/auth/validateuser ===> Message : validateUser() :: Request Object :: [object Object]
info: ===> TimeStamp : 2026-02-28 22:06:48===> API : /api/auth/validateuser ===> Message : validateUserDB() Invoked !
info: ===> TimeStamp : 2026-02-28 22:06:48===> API : /api/auth/validateuser ===> Message : validateUserResponse() invoked!
info: ===> TimeStamp : 2026-02-28 22:06:48===> API : /api/auth/validateuser ===> Message : validateUserResponse() completed
info: ===> TimeStamp : 2026-02-28 22:06:48===> API : null ===> Message : validateRequest() invoked
info: ===> TimeStamp : 2026-02-28 22:06:48===> API : null ===> Message : fetchDBSettings()
info: ===> TimeStamp : 2026-02-28 22:06:48===> API : null ===> Message : validateRequest() Invoked!
info: ===> TimeStamp : 2026-02-28 22:06:48===> API : null ===> Message : validRequest() :: Api validated Successfully
info: ===> TimeStamp : 2026-02-28 22:06:48===> API : /api/auth/login ===> Message : loginUser() invoked!!
info: ===> TimeStamp : 2026-02-28 22:06:48===> API : /api/auth/login ===> Message : loginUser() :: Request Object :: [object Object]
info: ===> TimeStamp : 2026-02-28 22:06:48===> API : /api/auth/login ===> Message : loginUserDB() Invoked !
info: ===> TimeStamp : 2026-02-28 22:06:48===> API : /api/auth/login ===> Message : loginUserResponse() invoked!
info: ===> TimeStamp : 2026-02-28 22:06:48===> API : /api/auth/login ===> Message : loginUserResponse() completed
info: ===> TimeStamp : 2026-02-28 22:15:12===> API : null ===> Message : validateRequest() invoked
info: ===> TimeStamp : 2026-02-28 22:15:12===> API : null ===> Message : fetchDBSettings()
info: ===> TimeStamp : 2026-02-28 22:15:12===> API : null ===> Message : validateRequest() Invoked!
info: ===> TimeStamp : 2026-02-28 22:15:12===> API : null ===> Message : validRequest() :: Api validated Successfully
info: ===> TimeStamp : 2026-02-28 22:15:12===> API : /api/auth/validateuser ===> Message : validateUser() invoked!!
info: ===> TimeStamp : 2026-02-28 22:15:12===> API : /api/auth/validateuser ===> Message : validateUser() :: Request Object :: [object Object]
info: ===> TimeStamp : 2026-02-28 22:15:12===> API : /api/auth/validateuser ===> Message : validateUserDB() Invoked !
info: ===> TimeStamp : 2026-02-28 22:15:12===> API : /api/auth/validateuser ===> Message : validateUserResponse() invoked!
info: ===> TimeStamp : 2026-02-28 22:15:12===> API : /api/auth/validateuser ===> Message : validateUserResponse() completed
info: ===> TimeStamp : 2026-02-28 22:15:12===> API : null ===> Message : validateRequest() invoked
info: ===> TimeStamp : 2026-02-28 22:15:12===> API : null ===> Message : fetchDBSettings()
info: ===> TimeStamp : 2026-02-28 22:15:12===> API : null ===> Message : validateRequest() Invoked!
info: ===> TimeStamp : 2026-02-28 22:15:12===> API : null ===> Message : validRequest() :: Api validated Successfully
info: ===> TimeStamp : 2026-02-28 22:15:12===> API : /api/auth/login ===> Message : loginUser() :: Request Object :: [object Object]
info: ===> TimeStamp : 2026-02-28 22:15:12===> API : /api/auth/login ===> Message : loginUser() invoked!!
info: ===> TimeStamp : 2026-02-28 22:15:12===> API : /api/auth/login ===> Message : loginUserDB() Invoked !
info: ===> TimeStamp : 2026-02-28 22:15:12===> API : /api/auth/login ===> Message : loginUserResponse() invoked!
info: ===> TimeStamp : 2026-02-28 22:15:12===> API : /api/auth/login ===> Message : loginUserResponse() completed
info: ===> TimeStamp : 2026-02-28 22:23:07===> API : null ===> Message : validateRequest() invoked
info: ===> TimeStamp : 2026-02-28 22:23:07===> API : null ===> Message : fetchDBSettings()
info: ===> TimeStamp : 2026-02-28 22:23:07===> API : null ===> Message : validateRequest() Invoked!
info: ===> TimeStamp : 2026-02-28 22:23:07===> API : null ===> Message : validRequest() :: Api validated Successfully
info: ===> TimeStamp : 2026-02-28 22:23:07===> API : /api/auth/validateuser ===> Message : validateUser() invoked!!
info: ===> TimeStamp : 2026-02-28 22:23:07===> API : /api/auth/validateuser ===> Message : validateUser() :: Request Object :: [object Object]
info: ===> TimeStamp : 2026-02-28 22:23:07===> API : /api/auth/validateuser ===> Message : validateUserDB() Invoked !
info: ===> TimeStamp : 2026-02-28 22:23:07===> API : /api/auth/validateuser ===> Message : validateUserResponse() invoked!
info: ===> TimeStamp : 2026-02-28 22:23:07===> API : /api/auth/validateuser ===> Message : validateUserResponse() completed
info: ===> TimeStamp : 2026-02-28 22:23:07===> API : null ===> Message : validateRequest() invoked
info: ===> TimeStamp : 2026-02-28 22:23:07===> API : null ===> Message : fetchDBSettings()
info: ===> TimeStamp : 2026-02-28 22:23:07===> API : null ===> Message : validateRequest() Invoked!
info: ===> TimeStamp : 2026-02-28 22:23:07===> API : null ===> Message : validRequest() :: Api validated Successfully
info: ===> TimeStamp : 2026-02-28 22:23:07===> API : /api/auth/login ===> Message : loginUser() invoked!!
info: ===> TimeStamp : 2026-02-28 22:23:07===> API : /api/auth/login ===> Message : loginUser() :: Request Object :: [object Object]
info: ===> TimeStamp : 2026-02-28 22:23:07===> API : /api/auth/login ===> Message : loginUserDB() Invoked !
info: ===> TimeStamp : 2026-02-28 22:23:07===> API : /api/auth/login ===> Message : loginUserResponse() invoked!
info: ===> TimeStamp : 2026-02-28 22:23:07===> API : /api/auth/login ===> Message : loginUserResponse() completed
info: ===> TimeStamp : 2026-02-28 22:39:43===> API : null ===> Message : validateRequest() invoked
info: ===> TimeStamp : 2026-02-28 22:39:43===> API : null ===> Message : fetchDBSettings()
info: ===> TimeStamp : 2026-02-28 22:39:43===> API : null ===> Message : validateRequest() Invoked!
info: ===> TimeStamp : 2026-02-28 22:39:43===> API : null ===> Message : validRequest() :: Api validated Successfully
info: ===> TimeStamp : 2026-02-28 22:39:43===> API : /api/auth/validateuser ===> Message : validateUser() invoked!!
info: ===> TimeStamp : 2026-02-28 22:39:43===> API : /api/auth/validateuser ===> Message : validateUser() :: Request Object :: [object Object]
info: ===> TimeStamp : 2026-02-28 22:39:43===> API : /api/auth/validateuser ===> Message : validateUserDB() Invoked !
info: ===> TimeStamp : 2026-02-28 22:39:43===> API : /api/auth/validateuser ===> Message : validateUserResponse() completed
info: ===> TimeStamp : 2026-02-28 22:39:43===> API : /api/auth/validateuser ===> Message : validateUserResponse() invoked!
info: ===> TimeStamp : 2026-02-28 22:39:44===> API : null ===> Message : validateRequest() invoked
info: ===> TimeStamp : 2026-02-28 22:39:44===> API : null ===> Message : fetchDBSettings()
info: ===> TimeStamp : 2026-02-28 22:39:44===> API : null ===> Message : validateRequest() Invoked!
info: ===> TimeStamp : 2026-02-28 22:39:44===> API : null ===> Message : validRequest() :: Api validated Successfully
info: ===> TimeStamp : 2026-02-28 22:39:44===> API : /api/auth/login ===> Message : loginUser() :: Request Object :: [object Object]
info: ===> TimeStamp : 2026-02-28 22:39:44===> API : /api/auth/login ===> Message : loginUser() invoked!!
info: ===> TimeStamp : 2026-02-28 22:39:44===> API : /api/auth/login ===> Message : loginUserDB() Invoked !
info: ===> TimeStamp : 2026-02-28 22:39:44===> API : /api/auth/login ===> Message : loginUserResponse() invoked!
info: ===> TimeStamp : 2026-02-28 22:39:44===> API : /api/auth/login ===> Message : loginUserResponse() completed
info: ===> TimeStamp : 2026-02-28 22:44:02===> API : null ===> Message : validateRequest() invoked
info: ===> TimeStamp : 2026-02-28 22:44:02===> API : null ===> Message : fetchDBSettings()
info: ===> TimeStamp : 2026-02-28 22:44:02===> API : null ===> Message : validateRequest() Invoked!
info: ===> TimeStamp : 2026-02-28 22:44:02===> API : null ===> Message : validRequest() :: Api validated Successfully
info: ===> TimeStamp : 2026-02-28 22:44:02===> API : /api/auth/validateuser ===> Message : validateUser() invoked!!
info: ===> TimeStamp : 2026-02-28 22:44:02===> API : /api/auth/validateuser ===> Message : validateUser() :: Request Object :: [object Object]
info: ===> TimeStamp : 2026-02-28 22:44:02===> API : /api/auth/validateuser ===> Message : validateUserDB() Invoked !
info: ===> TimeStamp : 2026-02-28 22:44:02===> API : /api/auth/validateuser ===> Message : validateUserResponse() invoked!
info: ===> TimeStamp : 2026-02-28 22:44:02===> API : /api/auth/validateuser ===> Message : validateUserResponse() completed
info: ===> TimeStamp : 2026-02-28 22:44:02===> API : null ===> Message : validateRequest() invoked
info: ===> TimeStamp : 2026-02-28 22:44:02===> API : null ===> Message : fetchDBSettings()
info: ===> TimeStamp : 2026-02-28 22:44:02===> API : null ===> Message : validateRequest() Invoked!
info: ===> TimeStamp : 2026-02-28 22:44:02===> API : null ===> Message : validRequest() :: Api validated Successfully
info: ===> TimeStamp : 2026-02-28 22:44:02===> API : /api/auth/login ===> Message : loginUser() invoked!!
info: ===> TimeStamp : 2026-02-28 22:44:02===> API : /api/auth/login ===> Message : loginUser() :: Request Object :: [object Object]
info: ===> TimeStamp : 2026-02-28 22:44:02===> API : /api/auth/login ===> Message : loginUserDB() Invoked !
info: ===> TimeStamp : 2026-02-28 22:44:02===> API : /api/auth/login ===> Message : loginUserResponse() invoked!
info: ===> TimeStamp : 2026-02-28 22:44:02===> API : /api/auth/login ===> Message : loginUserResponse() completed
info: ===> TimeStamp : 2026-02-28 22:48:28===> API : null ===> Message : fetchDBSettings()
info: ===> TimeStamp : 2026-02-28 22:48:28===> API : null ===> Message : validateRequest() invoked
info: ===> TimeStamp : 2026-02-28 22:48:28===> API : null ===> Message : validateRequest() Invoked!
info: ===> TimeStamp : 2026-02-28 22:48:28===> API : null ===> Message : validRequest() :: Api validated Successfully
info: ===> TimeStamp : 2026-02-28 22:48:28===> API : /api/auth/validateuser ===> Message : validateUser() invoked!!
info: ===> TimeStamp : 2026-02-28 22:48:28===> API : /api/auth/validateuser ===> Message : validateUser() :: Request Object :: [object Object]
info: ===> TimeStamp : 2026-02-28 22:48:28===> API : /api/auth/validateuser ===> Message : validateUserDB() Invoked !
info: ===> TimeStamp : 2026-02-28 22:48:28===> API : /api/auth/validateuser ===> Message : validateUserResponse() invoked!
info: ===> TimeStamp : 2026-02-28 22:48:28===> API : /api/auth/validateuser ===> Message : validateUserResponse() completed
info: ===> TimeStamp : 2026-02-28 22:48:28===> API : null ===> Message : validateRequest() invoked
info: ===> TimeStamp : 2026-02-28 22:48:28===> API : null ===> Message : fetchDBSettings()
info: ===> TimeStamp : 2026-02-28 22:48:28===> API : null ===> Message : validateRequest() Invoked!
info: ===> TimeStamp : 2026-02-28 22:48:28===> API : null ===> Message : validRequest() :: Api validated Successfully
info: ===> TimeStamp : 2026-02-28 22:48:28===> API : /api/auth/login ===> Message : loginUser() invoked!!
info: ===> TimeStamp : 2026-02-28 22:48:28===> API : /api/auth/login ===> Message : loginUser() :: Request Object :: [object Object]
info: ===> TimeStamp : 2026-02-28 22:48:28===> API : /api/auth/login ===> Message : loginUserDB() Invoked !
info: ===> TimeStamp : 2026-02-28 22:48:28===> API : /api/auth/login ===> Message : loginUserResponse() invoked!
info: ===> TimeStamp : 2026-02-28 22:48:28===> API : /api/auth/login ===> Message : loginUserResponse() completed
info: ===> TimeStamp : 2026-02-28 22:54:36===> API : null ===> Message : validateRequest() invoked
info: ===> TimeStamp : 2026-02-28 22:54:36===> API : null ===> Message : fetchDBSettings()
info: ===> TimeStamp : 2026-02-28 22:54:36===> API : null ===> Message : validateRequest() Invoked!
info: ===> TimeStamp : 2026-02-28 22:54:36===> API : null ===> Message : validRequest() :: Api validated Successfully
info: ===> TimeStamp : 2026-02-28 22:54:36===> API : /api/auth/validateuser ===> Message : validateUser() invoked!!
info: ===> TimeStamp : 2026-02-28 22:54:36===> API : /api/auth/validateuser ===> Message : validateUser() :: Request Object :: [object Object]
info: ===> TimeStamp : 2026-02-28 22:54:36===> API : /api/auth/validateuser ===> Message : validateUserDB() Invoked !
info: ===> TimeStamp : 2026-02-28 22:54:36===> API : /api/auth/validateuser ===> Message : validateUserResponse() invoked!
info: ===> TimeStamp : 2026-02-28 22:54:36===> API : /api/auth/validateuser ===> Message : validateUserResponse() completed
info: ===> TimeStamp : 2026-02-28 22:54:36===> API : null ===> Message : validateRequest() invoked
info: ===> TimeStamp : 2026-02-28 22:54:36===> API : null ===> Message : fetchDBSettings()
info: ===> TimeStamp : 2026-02-28 22:54:36===> API : null ===> Message : validateRequest() Invoked!
info: ===> TimeStamp : 2026-02-28 22:54:36===> API : null ===> Message : validRequest() :: Api validated Successfully
info: ===> TimeStamp : 2026-02-28 22:54:36===> API : /api/auth/checkIP ===> Message : IPs match: 103.225.102.194
info: ===> TimeStamp : 2026-02-28 22:54:36===> API : /api/auth/checkIP ===> Message : checkIP() invoked!!
info: ===> TimeStamp : 2026-02-28 22:54:36===> API : /api/auth/checkIP ===> Message : checkIPResponse() invoked!
info: ===> TimeStamp : 2026-02-28 22:54:36===> API : /api/auth/checkIP ===> Message : checkIPResponse() completed
info: ===> TimeStamp : 2026-02-28 22:54:36===> API : null ===> Message : validateRequest() invoked
info: ===> TimeStamp : 2026-02-28 22:54:36===> API : null ===> Message : fetchDBSettings()
info: ===> TimeStamp : 2026-02-28 22:54:36===> API : null ===> Message : validateRequest() Invoked!
info: ===> TimeStamp : 2026-02-28 22:54:36===> API : null ===> Message : validRequest() :: Api validated Successfully
info: ===> TimeStamp : 2026-02-28 22:54:36===> API : /api/auth/login ===> Message : loginUser() :: Request Object :: [object Object]
info: ===> TimeStamp : 2026-02-28 22:54:36===> API : /api/auth/login ===> Message : loginUser() invoked!!
info: ===> TimeStamp : 2026-02-28 22:54:36===> API : /api/auth/login ===> Message : loginUserDB() Invoked !
info: ===> TimeStamp : 2026-02-28 22:54:36===> API : /api/auth/login ===> Message : loginUserResponse() invoked!
info: ===> TimeStamp : 2026-02-28 22:54:36===> API : /api/auth/login ===> Message : loginUserResponse() completed
info: ===> TimeStamp : 2026-02-28 22:55:44===> API : null ===> Message : validateRequest() invoked
info: ===> TimeStamp : 2026-02-28 22:55:44===> API : null ===> Message : fetchDBSettings()
info: ===> TimeStamp : 2026-02-28 22:55:44===> API : null ===> Message : validateRequest() Invoked!
info: ===> TimeStamp : 2026-02-28 22:55:44===> API : null ===> Message : validRequest() :: Api validated Successfully
info: ===> TimeStamp : 2026-02-28 22:55:44===> API : /api/auth/validateuser ===> Message : validateUser() invoked!!
info: ===> TimeStamp : 2026-02-28 22:55:44===> API : /api/auth/validateuser ===> Message : validateUser() :: Request Object :: [object Object]
info: ===> TimeStamp : 2026-02-28 22:55:44===> API : /api/auth/validateuser ===> Message : validateUserDB() Invoked !
info: ===> TimeStamp : 2026-02-28 22:55:44===> API : /api/auth/validateuser ===> Message : validateUserResponse() invoked!
info: ===> TimeStamp : 2026-02-28 22:55:44===> API : /api/auth/validateuser ===> Message : validateUserResponse() completed
info: ===> TimeStamp : 2026-02-28 22:55:44===> API : null ===> Message : validateRequest() invoked
info: ===> TimeStamp : 2026-02-28 22:55:44===> API : null ===> Message : fetchDBSettings()
info: ===> TimeStamp : 2026-02-28 22:55:44===> API : null ===> Message : validateRequest() Invoked!
info: ===> TimeStamp : 2026-02-28 22:55:44===> API : null ===> Message : validRequest() :: Api validated Successfully
info: ===> TimeStamp : 2026-02-28 22:55:44===> API : /api/auth/login ===> Message : loginUser() invoked!!
info: ===> TimeStamp : 2026-02-28 22:55:44===> API : /api/auth/login ===> Message : loginUser() :: Request Object :: [object Object]
info: ===> TimeStamp : 2026-02-28 22:55:44===> API : /api/auth/login ===> Message : loginUserDB() Invoked !
info: ===> TimeStamp : 2026-02-28 22:55:44===> API : /api/auth/login ===> Message : loginUserResponse() invoked!
info: ===> TimeStamp : 2026-02-28 22:55:44===> API : /api/auth/login ===> Message : loginUserResponse() completed
info: ===> TimeStamp : 2026-02-28 22:59:32===> API : null ===> Message : validateRequest() invoked
info: ===> TimeStamp : 2026-02-28 22:59:32===> API : null ===> Message : fetchDBSettings()
info: ===> TimeStamp : 2026-02-28 22:59:32===> API : null ===> Message : validateRequest() Invoked!
info: ===> TimeStamp : 2026-02-28 22:59:32===> API : null ===> Message : validRequest() :: Api validated Successfully
info: ===> TimeStamp : 2026-02-28 22:59:32===> API : /api/auth/validateuser ===> Message : validateUser() invoked!!
info: ===> TimeStamp : 2026-02-28 22:59:32===> API : /api/auth/validateuser ===> Message : validateUser() :: Request Object :: [object Object]
info: ===> TimeStamp : 2026-02-28 22:59:32===> API : /api/auth/validateuser ===> Message : validateUserDB() Invoked !
info: ===> TimeStamp : 2026-02-28 22:59:32===> API : /api/auth/validateuser ===> Message : validateUserResponse() invoked!
info: ===> TimeStamp : 2026-02-28 22:59:32===> API : /api/auth/validateuser ===> Message : validateUserResponse() completed
info: ===> TimeStamp : 2026-02-28 22:59:32===> API : null ===> Message : validateRequest() invoked
info: ===> TimeStamp : 2026-02-28 22:59:32===> API : null ===> Message : fetchDBSettings()
info: ===> TimeStamp : 2026-02-28 22:59:32===> API : null ===> Message : validateRequest() Invoked!
info: ===> TimeStamp : 2026-02-28 22:59:32===> API : null ===> Message : validRequest() :: Api validated Successfully
info: ===> TimeStamp : 2026-02-28 22:59:32===> API : /api/auth/login ===> Message : loginUser() invoked!!
info: ===> TimeStamp : 2026-02-28 22:59:32===> API : /api/auth/login ===> Message : loginUser() :: Request Object :: [object Object]
info: ===> TimeStamp : 2026-02-28 22:59:32===> API : /api/auth/login ===> Message : loginUserDB() Invoked !
info: ===> TimeStamp : 2026-02-28 22:59:32===> API : /api/auth/login ===> Message : loginUserResponse() invoked!
info: ===> TimeStamp : 2026-02-28 22:59:32===> API : /api/auth/login ===> Message : loginUserResponse() completed
info: ===> TimeStamp : 2026-02-28 22:59:35===> API : null ===> Message : validateRequest() invoked
info: ===> TimeStamp : 2026-02-28 22:59:35===> API : null ===> Message : fetchDBSettings()
info: ===> TimeStamp : 2026-02-28 22:59:35===> API : null ===> Message : validateRequest() Invoked!
info: ===> TimeStamp : 2026-02-28 22:59:35===> API : null ===> Message : validRequest() :: Api validated Successfully
info: ===> TimeStamp : 2026-02-28 22:59:35===> API : /api/auth/validateuser ===> Message : validateUser() invoked!!
info: ===> TimeStamp : 2026-02-28 22:59:35===> API : /api/auth/validateuser ===> Message : validateUser() :: Request Object :: [object Object]
info: ===> TimeStamp : 2026-02-28 22:59:35===> API : /api/auth/validateuser ===> Message : validateUserDB() Invoked !
info: ===> TimeStamp : 2026-02-28 22:59:35===> API : /api/auth/validateuser ===> Message : validateUserResponse() invoked!
info: ===> TimeStamp : 2026-02-28 22:59:35===> API : /api/auth/validateuser ===> Message : validateUserResponse() completed
info: ===> TimeStamp : 2026-02-28 22:59:35===> API : null ===> Message : validateRequest() invoked
info: ===> TimeStamp : 2026-02-28 22:59:35===> API : null ===> Message : fetchDBSettings()
info: ===> TimeStamp : 2026-02-28 22:59:35===> API : null ===> Message : validateRequest() Invoked!
info: ===> TimeStamp : 2026-02-28 22:59:35===> API : null ===> Message : validRequest() :: Api validated Successfully
info: ===> TimeStamp : 2026-02-28 22:59:35===> API : /api/auth/login ===> Message : loginUser() invoked!!
info: ===> TimeStamp : 2026-02-28 22:59:35===> API : /api/auth/login ===> Message : loginUser() :: Request Object :: [object Object]
info: ===> TimeStamp : 2026-02-28 22:59:35===> API : /api/auth/login ===> Message : loginUserDB() Invoked !
info: ===> TimeStamp : 2026-02-28 22:59:35===> API : /api/auth/login ===> Message : loginUserResponse() invoked!
info: ===> TimeStamp : 2026-02-28 22:59:35===> API : /api/auth/login ===> Message : loginUserResponse() completed
info: ===> TimeStamp : 2026-02-28 23:23:03===> API : null ===> Message : validateRequest() invoked
info: ===> TimeStamp : 2026-02-28 23:23:03===> API : null ===> Message : fetchDBSettings()
info: ===> TimeStamp : 2026-02-28 23:23:03===> API : null ===> Message : validateRequest() Invoked!
info: ===> TimeStamp : 2026-02-28 23:23:03===> API : null ===> Message : validRequest() :: Api validated Successfully
info: ===> TimeStamp : 2026-02-28 23:23:03===> API : /api/auth/validateuser ===> Message : validateUser() invoked!!
info: ===> TimeStamp : 2026-02-28 23:23:03===> API : /api/auth/validateuser ===> Message : validateUser() :: Request Object :: [object Object]
info: ===> TimeStamp : 2026-02-28 23:23:03===> API : /api/auth/validateuser ===> Message : validateUserDB() Invoked !
info: ===> TimeStamp : 2026-02-28 23:23:03===> API : /api/auth/validateuser ===> Message : validateUserResponse() invoked!
info: ===> TimeStamp : 2026-02-28 23:23:03===> API : /api/auth/validateuser ===> Message : validateUserResponse() completed
info: ===> TimeStamp : 2026-02-28 23:23:03===> API : null ===> Message : validateRequest() invoked
info: ===> TimeStamp : 2026-02-28 23:23:03===> API : null ===> Message : fetchDBSettings()
info: ===> TimeStamp : 2026-02-28 23:23:03===> API : null ===> Message : validateRequest() Invoked!
info: ===> TimeStamp : 2026-02-28 23:23:03===> API : null ===> Message : validRequest() :: Api validated Successfully
info: ===> TimeStamp : 2026-02-28 23:23:03===> API : /api/auth/login ===> Message : loginUser() invoked!!
info: ===> TimeStamp : 2026-02-28 23:23:03===> API : /api/auth/login ===> Message : loginUser() :: Request Object :: [object Object]
info: ===> TimeStamp : 2026-02-28 23:23:03===> API : /api/auth/login ===> Message : loginUserDB() Invoked !
info: ===> TimeStamp : 2026-02-28 23:23:04===> API : /api/auth/login ===> Message : loginUserResponse() invoked!
info: ===> TimeStamp : 2026-02-28 23:23:04===> API : /api/auth/login ===> Message : loginUserResponse() completed
info: ===> TimeStamp : 2026-03-01 00:03:44===> API : null ===> Message : validateRequest() invoked
info: ===> TimeStamp : 2026-03-01 00:03:44===> API : null ===> Message : fetchDBSettings()
info: ===> TimeStamp : 2026-03-01 00:03:44===> API : null ===> Message : validateRequest() Invoked!
info: ===> TimeStamp : 2026-03-01 00:03:44===> API : null ===> Message : validRequest() :: Api validated Successfully
info: ===> TimeStamp : 2026-03-01 00:03:44===> API : /api/auth/validateuser ===> Message : validateUser() invoked!!
info: ===> TimeStamp : 2026-03-01 00:03:44===> API : /api/auth/validateuser ===> Message : validateUser() :: Request Object :: [object Object]
info: ===> TimeStamp : 2026-03-01 00:03:44===> API : /api/auth/validateuser ===> Message : validateUserDB() Invoked !
info: ===> TimeStamp : 2026-03-01 00:03:44===> API : /api/auth/validateuser ===> Message : validateUserResponse() invoked!
info: ===> TimeStamp : 2026-03-01 00:03:44===> API : /api/auth/validateuser ===> Message : validateUserResponse() completed
info: ===> TimeStamp : 2026-03-01 00:03:44===> API : null ===> Message : validateRequest() invoked
info: ===> TimeStamp : 2026-03-01 00:03:44===> API : null ===> Message : fetchDBSettings()
info: ===> TimeStamp : 2026-03-01 00:03:44===> API : null ===> Message : validateRequest() Invoked!
info: ===> TimeStamp : 2026-03-01 00:03:44===> API : null ===> Message : validRequest() :: Api validated Successfully
info: ===> TimeStamp : 2026-03-01 00:03:44===> API : /api/auth/login ===> Message : loginUser() invoked!!
info: ===> TimeStamp : 2026-03-01 00:03:44===> API : /api/auth/login ===> Message : loginUser() :: Request Object :: [object Object]
info: ===> TimeStamp : 2026-03-01 00:03:44===> API : /api/auth/login ===> Message : loginUserDB() Invoked !
info: ===> TimeStamp : 2026-03-01 00:03:44===> API : /api/auth/login ===> Message : loginUserResponse() invoked!
info: ===> TimeStamp : 2026-03-01 00:03:44===> API : /api/auth/login ===> Message : loginUserResponse() completed
info: ===> TimeStamp : 2026-03-01 00:04:07===> API : null ===> Message : validateRequest() invoked
info: ===> TimeStamp : 2026-03-01 00:04:07===> API : null ===> Message : fetchDBSettings()
info: ===> TimeStamp : 2026-03-01 00:04:07===> API : null ===> Message : validateRequest() Invoked!
info: ===> TimeStamp : 2026-03-01 00:04:07===> API : null ===> Message : validRequest() :: Api validated Successfully
info: ===> TimeStamp : 2026-03-01 00:04:07===> API : /api/auth/validateuser ===> Message : validateUser() :: Request Object :: [object Object]
info: ===> TimeStamp : 2026-03-01 00:04:07===> API : /api/auth/validateuser ===> Message : validateUserDB() Invoked !
info: ===> TimeStamp : 2026-03-01 00:04:07===> API : /api/auth/validateuser ===> Message : validateUser() invoked!!
info: ===> TimeStamp : 2026-03-01 00:04:07===> API : /api/auth/validateuser ===> Message : validateUserResponse() invoked!
info: ===> TimeStamp : 2026-03-01 00:04:07===> API : /api/auth/validateuser ===> Message : validateUserResponse() completed
info: ===> TimeStamp : 2026-03-01 00:04:07===> API : null ===> Message : validateRequest() invoked
info: ===> TimeStamp : 2026-03-01 00:04:07===> API : null ===> Message : fetchDBSettings()
info: ===> TimeStamp : 2026-03-01 00:04:07===> API : null ===> Message : validateRequest() Invoked!
info: ===> TimeStamp : 2026-03-01 00:04:07===> API : null ===> Message : validRequest() :: Api validated Successfully
info: ===> TimeStamp : 2026-03-01 00:04:07===> API : /api/auth/login ===> Message : loginUser() invoked!!
info: ===> TimeStamp : 2026-03-01 00:04:07===> API : /api/auth/login ===> Message : loginUser() :: Request Object :: [object Object]
info: ===> TimeStamp : 2026-03-01 00:04:07===> API : /api/auth/login ===> Message : loginUserDB() Invoked !
info: ===> TimeStamp : 2026-03-01 00:04:08===> API : /api/auth/login ===> Message : loginUserResponse() invoked!
info: ===> TimeStamp : 2026-03-01 00:04:08===> API : /api/auth/login ===> Message : loginUserResponse() completed
info: ===> TimeStamp : 2026-03-01 00:06:17===> API : null ===> Message : validateRequest() invoked
info: ===> TimeStamp : 2026-03-01 00:06:17===> API : null ===> Message : fetchDBSettings()
info: ===> TimeStamp : 2026-03-01 00:06:17===> API : null ===> Message : validateRequest() Invoked!
info: ===> TimeStamp : 2026-03-01 00:06:17===> API : null ===> Message : validRequest() :: Api validated Successfully
info: ===> TimeStamp : 2026-03-01 00:06:17===> API : /api/auth/validateuser ===> Message : validateUser() invoked!!
info: ===> TimeStamp : 2026-03-01 00:06:17===> API : /api/auth/validateuser ===> Message : validateUser() :: Request Object :: [object Object]
info: ===> TimeStamp : 2026-03-01 00:06:17===> API : /api/auth/validateuser ===> Message : validateUserDB() Invoked !
info: ===> TimeStamp : 2026-03-01 00:06:17===> API : /api/auth/validateuser ===> Message : validateUserResponse() invoked!
info: ===> TimeStamp : 2026-03-01 00:06:17===> API : /api/auth/validateuser ===> Message : validateUserResponse() completed
info: ===> TimeStamp : 2026-03-01 00:06:17===> API : null ===> Message : validateRequest() invoked
info: ===> TimeStamp : 2026-03-01 00:06:17===> API : null ===> Message : fetchDBSettings()
info: ===> TimeStamp : 2026-03-01 00:06:17===> API : null ===> Message : validateRequest() Invoked!
info: ===> TimeStamp : 2026-03-01 00:06:17===> API : /api/auth/login ===> Message : loginUser() invoked!!
info: ===> TimeStamp : 2026-03-01 00:06:17===> API : null ===> Message : validRequest() :: Api validated Successfully
info: ===> TimeStamp : 2026-03-01 00:06:17===> API : /api/auth/login ===> Message : loginUser() :: Request Object :: [object Object]
info: ===> TimeStamp : 2026-03-01 00:06:17===> API : /api/auth/login ===> Message : loginUserDB() Invoked !
info: ===> TimeStamp : 2026-03-01 00:06:17===> API : /api/auth/login ===> Message : loginUserResponse() invoked!
info: ===> TimeStamp : 2026-03-01 00:06:17===> API : /api/auth/login ===> Message : loginUserResponse() completed
info: ===> TimeStamp : 2026-03-01 02:44:04===> API : null ===> Message : validateRequest() invoked
info: ===> TimeStamp : 2026-03-01 02:44:04===> API : null ===> Message : fetchDBSettings()
info: ===> TimeStamp : 2026-03-01 02:44:04===> API : null ===> Message : validateRequest() Invoked!
info: ===> TimeStamp : 2026-03-01 02:44:04===> API : null ===> Message : validRequest() :: Api validated Successfully
info: ===> TimeStamp : 2026-03-01 02:44:04===> API : /api/auth/logout ===> Message : logoutUser() :: Request Object :: [object Object]
info: ===> TimeStamp : 2026-03-01 02:44:04===> API : /api/auth/logout ===> Message : logoutUser() invoked!!
info: ===> TimeStamp : 2026-03-01 02:44:04===> API : /api/auth/logout ===> Message : logoutUserDB() Invoked !
info: ===> TimeStamp : 2026-03-01 02:44:04===> API : /api/auth/logout ===> Message : logoutUserResponse() invoked!
info: ===> TimeStamp : 2026-03-01 02:44:04===> API : /api/auth/logout ===> Message : logoutUserResponse() completed
info: ===> TimeStamp : 2026-03-01 05:13:09===> API : null ===> Message : validateRequest() invoked
info: ===> TimeStamp : 2026-03-01 05:13:09===> API : null ===> Message : fetchDBSettings()
info: ===> TimeStamp : 2026-03-01 05:13:09===> API : null ===> Message : validateRequest() Invoked!
info: ===> TimeStamp : 2026-03-01 05:13:09===> API : null ===> Message : validRequest() :: Api validated Successfully
info: ===> TimeStamp : 2026-03-01 05:13:09===> API : /api/auth/validateuser ===> Message : validateUser() invoked!!
info: ===> TimeStamp : 2026-03-01 05:13:09===> API : /api/auth/validateuser ===> Message : validateUser() :: Request Object :: [object Object]
info: ===> TimeStamp : 2026-03-01 05:13:09===> API : /api/auth/validateuser ===> Message : validateUserDB() Invoked !
info: ===> TimeStamp : 2026-03-01 05:13:09===> API : /api/auth/validateuser ===> Message : validateUserResponse() invoked!
info: ===> TimeStamp : 2026-03-01 05:13:09===> API : /api/auth/validateuser ===> Message : validateUserResponse() completed
info: ===> TimeStamp : 2026-03-01 05:13:09===> API : null ===> Message : validateRequest() invoked
info: ===> TimeStamp : 2026-03-01 05:13:09===> API : null ===> Message : fetchDBSettings()
info: ===> TimeStamp : 2026-03-01 05:13:09===> API : null ===> Message : validateRequest() Invoked!
info: ===> TimeStamp : 2026-03-01 05:13:09===> API : null ===> Message : validRequest() :: Api validated Successfully
info: ===> TimeStamp : 2026-03-01 05:13:09===> API : /api/auth/checkIP ===> Message : checkIP() invoked!!
info: ===> TimeStamp : 2026-03-01 05:13:09===> API : /api/auth/checkIP ===> Message : IPs match: 103.225.102.194
info: ===> TimeStamp : 2026-03-01 05:13:09===> API : /api/auth/checkIP ===> Message : checkIPResponse() invoked!
info: ===> TimeStamp : 2026-03-01 05:13:09===> API : /api/auth/checkIP ===> Message : checkIPResponse() completed
info: ===> TimeStamp : 2026-03-01 05:13:09===> API : null ===> Message : validateRequest() invoked
info: ===> TimeStamp : 2026-03-01 05:13:09===> API : null ===> Message : fetchDBSettings()
info: ===> TimeStamp : 2026-03-01 05:13:09===> API : null ===> Message : validateRequest() Invoked!
info: ===> TimeStamp : 2026-03-01 05:13:09===> API : null ===> Message : validRequest() :: Api validated Successfully
info: ===> TimeStamp : 2026-03-01 05:13:09===> API : /api/auth/login ===> Message : loginUser() invoked!!
info: ===> TimeStamp : 2026-03-01 05:13:09===> API : /api/auth/login ===> Message : loginUser() :: Request Object :: [object Object]
info: ===> TimeStamp : 2026-03-01 05:13:09===> API : /api/auth/login ===> Message : loginUserDB() Invoked !
info: ===> TimeStamp : 2026-03-01 05:13:10===> API : /api/auth/login ===> Message : loginUserResponse() invoked!
info: ===> TimeStamp : 2026-03-01 05:13:10===> API : /api/auth/login ===> Message : loginUserResponse() completed
