info: ===> TimeStamp : 2025-09-05 05:42:51===> API : null ===> Message : validateRequest() invoked
info: ===> TimeStamp : 2025-09-05 05:42:51===> API : null ===> Message : fetchDBSettings()
info: ===> TimeStamp : 2025-09-05 05:42:51===> API : null ===> Message : validateRequest() Invoked!
info: ===> TimeStamp : 2025-09-05 05:42:51===> API : null ===> Message : validRequest() :: Api validated Successfully
info: ===> TimeStamp : 2025-09-05 05:42:51===> API : /api/auth/logout ===> Message : logoutUser() invoked!!
info: ===> TimeStamp : 2025-09-05 05:42:51===> API : /api/auth/logout ===> Message : logoutUser() :: Request Object :: [object Object]
info: ===> TimeStamp : 2025-09-05 05:42:51===> API : /api/auth/logout ===> Message : logoutUserDB() Invoked !
info: ===> TimeStamp : 2025-09-05 05:42:51===> API : /api/auth/logout ===> Message : logoutUserResponse() invoked!
info: ===> TimeStamp : 2025-09-05 05:42:51===> API : /api/auth/logout ===> Message : logoutUserResponse() completed
info: ===> TimeStamp : 2025-09-05 05:43:03===> API : null ===> Message : validateRequest() invoked
info: ===> TimeStamp : 2025-09-05 05:43:03===> API : null ===> Message : fetchDBSettings()
info: ===> TimeStamp : 2025-09-05 05:43:03===> API : null ===> Message : validateRequest() Invoked!
info: ===> TimeStamp : 2025-09-05 05:43:03===> API : null ===> Message : validRequest() :: Api validated Successfully
info: ===> TimeStamp : 2025-09-05 05:43:03===> API : /api/auth/validateuser ===> Message : validateUser() invoked!!
info: ===> TimeStamp : 2025-09-05 05:43:03===> API : /api/auth/validateuser ===> Message : validateUser() :: Request Object :: [object Object]
info: ===> TimeStamp : 2025-09-05 05:43:03===> API : /api/auth/validateuser ===> Message : validateUserDB() Invoked !
info: ===> TimeStamp : 2025-09-05 05:43:03===> API : /api/auth/validateuser ===> Message : validateUserResponse() invoked!
info: ===> TimeStamp : 2025-09-05 05:43:03===> API : /api/auth/validateuser ===> Message : validateUserResponse() completed
info: ===> TimeStamp : 2025-09-05 05:43:03===> API : null ===> Message : validateRequest() invoked
info: ===> TimeStamp : 2025-09-05 05:43:03===> API : null ===> Message : fetchDBSettings()
info: ===> TimeStamp : 2025-09-05 05:43:03===> API : null ===> Message : validateRequest() Invoked!
info: ===> TimeStamp : 2025-09-05 05:43:03===> API : null ===> Message : validRequest() :: Api validated Successfully
info: ===> TimeStamp : 2025-09-05 05:43:03===> API : /api/auth/checkIP ===> Message : checkIP() invoked!!
info: ===> TimeStamp : 2025-09-05 05:43:03===> API : /api/auth/checkIP ===> Message : IPs match: 103.255.182.117
info: ===> TimeStamp : 2025-09-05 05:43:03===> API : /api/auth/checkIP ===> Message : checkIPResponse() invoked!
info: ===> TimeStamp : 2025-09-05 05:43:03===> API : /api/auth/checkIP ===> Message : checkIPResponse() completed
info: ===> TimeStamp : 2025-09-05 05:43:03===> API : null ===> Message : validateRequest() invoked
info: ===> TimeStamp : 2025-09-05 05:43:03===> API : null ===> Message : fetchDBSettings()
info: ===> TimeStamp : 2025-09-05 05:43:03===> API : null ===> Message : validateRequest() Invoked!
info: ===> TimeStamp : 2025-09-05 05:43:03===> API : null ===> Message : validRequest() :: Api validated Successfully
info: ===> TimeStamp : 2025-09-05 05:43:03===> API : /api/auth/login ===> Message : loginUser() invoked!!
info: ===> TimeStamp : 2025-09-05 05:43:03===> API : /api/auth/login ===> Message : loginUser() :: Request Object :: [object Object]
info: ===> TimeStamp : 2025-09-05 05:43:03===> API : /api/auth/login ===> Message : loginUserDB() Invoked !
info: ===> TimeStamp : 2025-09-05 05:43:03===> API : /api/auth/login ===> Message : loginUserResponse() invoked!
info: ===> TimeStamp : 2025-09-05 05:43:03===> API : /api/auth/login ===> Message : loginUserResponse() completed
info: ===> TimeStamp : 2025-09-05 05:43:40===> API : null ===> Message : fetchDBSettings()
info: ===> TimeStamp : 2025-09-05 05:43:40===> API : null ===> Message : validateRequest() invoked
info: ===> TimeStamp : 2025-09-05 05:43:40===> API : null ===> Message : validateRequest() Invoked!
info: ===> TimeStamp : 2025-09-05 05:43:40===> API : null ===> Message : validRequest() :: Api validated Successfully
info: ===> TimeStamp : 2025-09-05 05:43:40===> API : /api/auth/logout ===> Message : logoutUser() invoked!!
info: ===> TimeStamp : 2025-09-05 05:43:40===> API : /api/auth/logout ===> Message : logoutUser() :: Request Object :: [object Object]
info: ===> TimeStamp : 2025-09-05 05:43:40===> API : /api/auth/logout ===> Message : logoutUserDB() Invoked !
info: ===> TimeStamp : 2025-09-05 05:43:40===> API : /api/auth/logout ===> Message : logoutUserResponse() invoked!
info: ===> TimeStamp : 2025-09-05 05:43:40===> API : /api/auth/logout ===> Message : logoutUserResponse() completed
info: ===> TimeStamp : 2025-09-05 05:43:50===> API : null ===> Message : validateRequest() invoked
info: ===> TimeStamp : 2025-09-05 05:43:50===> API : null ===> Message : fetchDBSettings()
info: ===> TimeStamp : 2025-09-05 05:43:50===> API : null ===> Message : validateRequest() Invoked!
info: ===> TimeStamp : 2025-09-05 05:43:50===> API : null ===> Message : validRequest() :: Api validated Successfully
info: ===> TimeStamp : 2025-09-05 05:43:50===> API : /api/auth/validateuser ===> Message : validateUser() :: Request Object :: [object Object]
info: ===> TimeStamp : 2025-09-05 05:43:50===> API : /api/auth/validateuser ===> Message : validateUser() invoked!!
info: ===> TimeStamp : 2025-09-05 05:43:50===> API : /api/auth/validateuser ===> Message : validateUserDB() Invoked !
info: ===> TimeStamp : 2025-09-05 05:43:50===> API : /api/auth/validateuser ===> Message : validateUserResponse() invoked!
info: ===> TimeStamp : 2025-09-05 05:43:50===> API : /api/auth/validateuser ===> Message : validateUserResponse() completed
info: ===> TimeStamp : 2025-09-05 05:43:50===> API : null ===> Message : validateRequest() invoked
info: ===> TimeStamp : 2025-09-05 05:43:50===> API : null ===> Message : fetchDBSettings()
info: ===> TimeStamp : 2025-09-05 05:43:50===> API : null ===> Message : validateRequest() Invoked!
info: ===> TimeStamp : 2025-09-05 05:43:50===> API : null ===> Message : validRequest() :: Api validated Successfully
info: ===> TimeStamp : 2025-09-05 05:43:50===> API : /api/auth/checkIP ===> Message : checkIP() invoked!!
info: ===> TimeStamp : 2025-09-05 05:43:50===> API : /api/auth/checkIP ===> Message : IPs match: 103.255.182.117
info: ===> TimeStamp : 2025-09-05 05:43:50===> API : /api/auth/checkIP ===> Message : checkIPResponse() invoked!
info: ===> TimeStamp : 2025-09-05 05:43:50===> API : /api/auth/checkIP ===> Message : checkIPResponse() completed
info: ===> TimeStamp : 2025-09-05 05:43:50===> API : null ===> Message : validateRequest() invoked
info: ===> TimeStamp : 2025-09-05 05:43:50===> API : null ===> Message : fetchDBSettings()
info: ===> TimeStamp : 2025-09-05 05:43:50===> API : null ===> Message : validateRequest() Invoked!
info: ===> TimeStamp : 2025-09-05 05:43:50===> API : null ===> Message : validRequest() :: Api validated Successfully
info: ===> TimeStamp : 2025-09-05 05:43:50===> API : /api/auth/login ===> Message : loginUser() invoked!!
info: ===> TimeStamp : 2025-09-05 05:43:50===> API : /api/auth/login ===> Message : loginUser() :: Request Object :: [object Object]
info: ===> TimeStamp : 2025-09-05 05:43:50===> API : /api/auth/login ===> Message : loginUserDB() Invoked !
info: ===> TimeStamp : 2025-09-05 05:43:50===> API : /api/auth/login ===> Message : loginUserResponse() invoked!
info: ===> TimeStamp : 2025-09-05 05:43:50===> API : /api/auth/login ===> Message : loginUserResponse() completed
info: ===> TimeStamp : 2025-09-05 05:58:33===> API : null ===> Message : validateRequest() invoked
info: ===> TimeStamp : 2025-09-05 05:58:33===> API : null ===> Message : fetchDBSettings()
info: ===> TimeStamp : 2025-09-05 05:58:33===> API : null ===> Message : validateRequest() Invoked!
info: ===> TimeStamp : 2025-09-05 05:58:33===> API : null ===> Message : validRequest() :: Api validated Successfully
info: ===> TimeStamp : 2025-09-05 05:58:33===> API : /api/auth/validateuser ===> Message : validateUser() invoked!!
info: ===> TimeStamp : 2025-09-05 05:58:33===> API : /api/auth/validateuser ===> Message : validateUser() :: Request Object :: [object Object]
info: ===> TimeStamp : 2025-09-05 05:58:33===> API : /api/auth/validateuser ===> Message : validateUserDB() Invoked !
info: ===> TimeStamp : 2025-09-05 05:58:33===> API : /api/auth/validateuser ===> Message : validateUserResponse() invoked!
info: ===> TimeStamp : 2025-09-05 05:58:33===> API : /api/auth/validateuser ===> Message : validateUserResponse() completed
info: ===> TimeStamp : 2025-09-05 05:58:33===> API : null ===> Message : validateRequest() invoked
info: ===> TimeStamp : 2025-09-05 05:58:33===> API : null ===> Message : fetchDBSettings()
info: ===> TimeStamp : 2025-09-05 05:58:33===> API : null ===> Message : validateRequest() Invoked!
info: ===> TimeStamp : 2025-09-05 05:58:33===> API : null ===> Message : validRequest() :: Api validated Successfully
info: ===> TimeStamp : 2025-09-05 05:58:33===> API : /api/auth/checkIP ===> Message : checkIP() invoked!!
info: ===> TimeStamp : 2025-09-05 05:58:33===> API : /api/auth/checkIP ===> Message : IPs match: 103.255.182.117
info: ===> TimeStamp : 2025-09-05 05:58:33===> API : /api/auth/checkIP ===> Message : checkIPResponse() invoked!
info: ===> TimeStamp : 2025-09-05 05:58:33===> API : /api/auth/checkIP ===> Message : checkIPResponse() completed
info: ===> TimeStamp : 2025-09-05 05:58:33===> API : null ===> Message : validateRequest() invoked
info: ===> TimeStamp : 2025-09-05 05:58:33===> API : null ===> Message : fetchDBSettings()
info: ===> TimeStamp : 2025-09-05 05:58:33===> API : null ===> Message : validateRequest() Invoked!
info: ===> TimeStamp : 2025-09-05 05:58:33===> API : null ===> Message : validRequest() :: Api validated Successfully
info: ===> TimeStamp : 2025-09-05 05:58:33===> API : /api/auth/login ===> Message : loginUser() invoked!!
info: ===> TimeStamp : 2025-09-05 05:58:33===> API : /api/auth/login ===> Message : loginUser() :: Request Object :: [object Object]
info: ===> TimeStamp : 2025-09-05 05:58:33===> API : /api/auth/login ===> Message : loginUserDB() Invoked !
info: ===> TimeStamp : 2025-09-05 05:58:33===> API : /api/auth/login ===> Message : loginUserResponse() invoked!
info: ===> TimeStamp : 2025-09-05 05:58:33===> API : /api/auth/login ===> Message : loginUserResponse() completed
info: ===> TimeStamp : 2025-09-05 06:01:23===> API : null ===> Message : validateRequest() invoked
info: ===> TimeStamp : 2025-09-05 06:01:23===> API : null ===> Message : fetchDBSettings()
info: ===> TimeStamp : 2025-09-05 06:01:23===> API : null ===> Message : validateRequest() Invoked!
info: ===> TimeStamp : 2025-09-05 06:01:23===> API : null ===> Message : validRequest() :: Api validated Successfully
info: ===> TimeStamp : 2025-09-05 06:01:23===> API : /api/auth/validateuser ===> Message : validateUser() invoked!!
info: ===> TimeStamp : 2025-09-05 06:01:23===> API : /api/auth/validateuser ===> Message : validateUser() :: Request Object :: [object Object]
info: ===> TimeStamp : 2025-09-05 06:01:23===> API : /api/auth/validateuser ===> Message : validateUserDB() Invoked !
info: ===> TimeStamp : 2025-09-05 06:01:23===> API : /api/auth/validateuser ===> Message : validateUserDB() :: Error :: {"code":"ER_SIGNAL_EXCEPTION","errno":1644,"sqlState":"10005","sqlMessage":"User Does Not Exist","sql":"CALL usp_validate_user('rakshali', 'rakshalai@`12')"}
info: ===> TimeStamp : 2025-09-05 06:01:23===> API : /api/auth/validateuser ===> Message : validateUserDBResult :: Error :: {"ErrorCode":10005,"ErrorMessage":"User Does Not Exist"}
info: ===> TimeStamp : 2025-09-05 06:01:23===> API : /api/auth/validateuser ===> Message : validateUserResponse() invoked!
info: ===> TimeStamp : 2025-09-05 06:01:23===> API : /api/auth/validateuser ===> Message : validateUserResponse() completed
info: ===> TimeStamp : 2025-09-05 06:01:30===> API : null ===> Message : validateRequest() invoked
info: ===> TimeStamp : 2025-09-05 06:01:30===> API : null ===> Message : fetchDBSettings()
info: ===> TimeStamp : 2025-09-05 06:01:30===> API : null ===> Message : validateRequest() Invoked!
info: ===> TimeStamp : 2025-09-05 06:01:30===> API : null ===> Message : validRequest() :: Api validated Successfully
info: ===> TimeStamp : 2025-09-05 06:01:30===> API : /api/auth/validateuser ===> Message : validateUser() invoked!!
info: ===> TimeStamp : 2025-09-05 06:01:30===> API : /api/auth/validateuser ===> Message : validateUser() :: Request Object :: [object Object]
info: ===> TimeStamp : 2025-09-05 06:01:30===> API : /api/auth/validateuser ===> Message : validateUserDB() Invoked !
info: ===> TimeStamp : 2025-09-05 06:01:30===> API : /api/auth/validateuser ===> Message : validateUserResponse() invoked!
info: ===> TimeStamp : 2025-09-05 06:01:30===> API : /api/auth/validateuser ===> Message : validateUserResponse() completed
info: ===> TimeStamp : 2025-09-05 06:01:30===> API : null ===> Message : validateRequest() invoked
info: ===> TimeStamp : 2025-09-05 06:01:30===> API : null ===> Message : fetchDBSettings()
info: ===> TimeStamp : 2025-09-05 06:01:30===> API : null ===> Message : validateRequest() Invoked!
info: ===> TimeStamp : 2025-09-05 06:01:30===> API : null ===> Message : validRequest() :: Api validated Successfully
info: ===> TimeStamp : 2025-09-05 06:01:30===> API : /api/auth/checkIP ===> Message : checkIP() invoked!!
info: ===> TimeStamp : 2025-09-05 06:01:30===> API : /api/auth/checkIP ===> Message : IPs match: 103.225.102.194
info: ===> TimeStamp : 2025-09-05 06:01:30===> API : /api/auth/checkIP ===> Message : checkIPResponse() invoked!
info: ===> TimeStamp : 2025-09-05 06:01:30===> API : /api/auth/checkIP ===> Message : checkIPResponse() completed
info: ===> TimeStamp : 2025-09-05 06:01:30===> API : null ===> Message : validateRequest() invoked
info: ===> TimeStamp : 2025-09-05 06:01:30===> API : null ===> Message : fetchDBSettings()
info: ===> TimeStamp : 2025-09-05 06:01:30===> API : null ===> Message : validateRequest() Invoked!
info: ===> TimeStamp : 2025-09-05 06:01:30===> API : null ===> Message : validRequest() :: Api validated Successfully
info: ===> TimeStamp : 2025-09-05 06:01:30===> API : /api/auth/login ===> Message : loginUser() invoked!!
info: ===> TimeStamp : 2025-09-05 06:01:30===> API : /api/auth/login ===> Message : loginUser() :: Request Object :: [object Object]
info: ===> TimeStamp : 2025-09-05 06:01:30===> API : /api/auth/login ===> Message : loginUserDB() Invoked !
info: ===> TimeStamp : 2025-09-05 06:01:30===> API : /api/auth/login ===> Message : loginUserResponse() invoked!
info: ===> TimeStamp : 2025-09-05 06:01:30===> API : /api/auth/login ===> Message : loginUserResponse() completed
info: ===> TimeStamp : 2025-09-05 06:48:19===> API : null ===> Message : validateRequest() invoked
info: ===> TimeStamp : 2025-09-05 06:48:19===> API : null ===> Message : fetchDBSettings()
info: ===> TimeStamp : 2025-09-05 06:48:19===> API : null ===> Message : validateRequest() Invoked!
info: ===> TimeStamp : 2025-09-05 06:48:19===> API : null ===> Message : validRequest() :: Api validated Successfully
info: ===> TimeStamp : 2025-09-05 06:48:19===> API : /api/auth/logout ===> Message : logoutUser() invoked!!
info: ===> TimeStamp : 2025-09-05 06:48:19===> API : /api/auth/logout ===> Message : logoutUser() :: Request Object :: [object Object]
info: ===> TimeStamp : 2025-09-05 06:48:19===> API : /api/auth/logout ===> Message : logoutUserDB() Invoked !
info: ===> TimeStamp : 2025-09-05 06:48:20===> API : /api/auth/logout ===> Message : logoutUserResponse() invoked!
info: ===> TimeStamp : 2025-09-05 06:48:20===> API : /api/auth/logout ===> Message : logoutUserResponse() completed
info: ===> TimeStamp : 2025-09-05 06:48:40===> API : null ===> Message : validateRequest() invoked
info: ===> TimeStamp : 2025-09-05 06:48:40===> API : null ===> Message : fetchDBSettings()
info: ===> TimeStamp : 2025-09-05 06:48:40===> API : null ===> Message : validateRequest() Invoked!
info: ===> TimeStamp : 2025-09-05 06:48:40===> API : null ===> Message : validRequest() :: Api validated Successfully
info: ===> TimeStamp : 2025-09-05 06:48:40===> API : /api/auth/logout ===> Message : logoutUser() invoked!!
info: ===> TimeStamp : 2025-09-05 06:48:40===> API : /api/auth/logout ===> Message : logoutUser() :: Request Object :: [object Object]
info: ===> TimeStamp : 2025-09-05 06:48:40===> API : /api/auth/logout ===> Message : logoutUserDB() Invoked !
info: ===> TimeStamp : 2025-09-05 06:48:40===> API : /api/auth/logout ===> Message : logoutUserResponse() invoked!
info: ===> TimeStamp : 2025-09-05 06:48:40===> API : /api/auth/logout ===> Message : logoutUserResponse() completed
info: ===> TimeStamp : 2025-09-05 06:48:52===> API : null ===> Message : validateRequest() invoked
info: ===> TimeStamp : 2025-09-05 06:48:52===> API : null ===> Message : fetchDBSettings()
info: ===> TimeStamp : 2025-09-05 06:48:52===> API : null ===> Message : validateRequest() Invoked!
info: ===> TimeStamp : 2025-09-05 06:48:52===> API : null ===> Message : validRequest() :: Api validated Successfully
info: ===> TimeStamp : 2025-09-05 06:48:52===> API : /api/auth/validateuser ===> Message : validateUser() invoked!!
info: ===> TimeStamp : 2025-09-05 06:48:52===> API : /api/auth/validateuser ===> Message : validateUser() :: Request Object :: [object Object]
info: ===> TimeStamp : 2025-09-05 06:48:52===> API : /api/auth/validateuser ===> Message : validateUserDB() Invoked !
info: ===> TimeStamp : 2025-09-05 06:48:53===> API : /api/auth/validateuser ===> Message : validateUserResponse() invoked!
info: ===> TimeStamp : 2025-09-05 06:48:53===> API : /api/auth/validateuser ===> Message : validateUserResponse() completed
info: ===> TimeStamp : 2025-09-05 06:48:53===> API : null ===> Message : validateRequest() invoked
info: ===> TimeStamp : 2025-09-05 06:48:53===> API : null ===> Message : fetchDBSettings()
info: ===> TimeStamp : 2025-09-05 06:48:53===> API : null ===> Message : validateRequest() Invoked!
info: ===> TimeStamp : 2025-09-05 06:48:53===> API : null ===> Message : validRequest() :: Api validated Successfully
info: ===> TimeStamp : 2025-09-05 06:48:53===> API : /api/auth/checkIP ===> Message : checkIP() invoked!!
info: ===> TimeStamp : 2025-09-05 06:48:53===> API : /api/auth/checkIP ===> Message : IPs match: 103.255.182.117
info: ===> TimeStamp : 2025-09-05 06:48:53===> API : /api/auth/checkIP ===> Message : checkIPResponse() invoked!
info: ===> TimeStamp : 2025-09-05 06:48:53===> API : /api/auth/checkIP ===> Message : checkIPResponse() completed
info: ===> TimeStamp : 2025-09-05 06:48:53===> API : null ===> Message : validateRequest() invoked
info: ===> TimeStamp : 2025-09-05 06:48:53===> API : null ===> Message : fetchDBSettings()
info: ===> TimeStamp : 2025-09-05 06:48:53===> API : null ===> Message : validateRequest() Invoked!
info: ===> TimeStamp : 2025-09-05 06:48:53===> API : null ===> Message : validRequest() :: Api validated Successfully
info: ===> TimeStamp : 2025-09-05 06:48:53===> API : /api/auth/login ===> Message : loginUser() invoked!!
info: ===> TimeStamp : 2025-09-05 06:48:53===> API : /api/auth/login ===> Message : loginUser() :: Request Object :: [object Object]
info: ===> TimeStamp : 2025-09-05 06:48:53===> API : /api/auth/login ===> Message : loginUserDB() Invoked !
info: ===> TimeStamp : 2025-09-05 06:48:53===> API : /api/auth/login ===> Message : loginUserResponse() invoked!
info: ===> TimeStamp : 2025-09-05 06:48:53===> API : /api/auth/login ===> Message : loginUserResponse() completed
info: ===> TimeStamp : 2025-09-05 06:50:59===> API : null ===> Message : validateRequest() invoked
info: ===> TimeStamp : 2025-09-05 06:50:59===> API : null ===> Message : validateRequest() Error:: Invalid Request :: 
      {"apiUri":"/"}
info: ===> TimeStamp : 2025-09-05 07:12:29===> API : null ===> Message : validateRequest() invoked
info: ===> TimeStamp : 2025-09-05 07:12:29===> API : null ===> Message : fetchDBSettings()
info: ===> TimeStamp : 2025-09-05 07:12:29===> API : null ===> Message : validateRequest() Invoked!
info: ===> TimeStamp : 2025-09-05 07:12:29===> API : null ===> Message : validRequest() :: Api validated Successfully
info: ===> TimeStamp : 2025-09-05 07:12:29===> API : /api/auth/validateuser ===> Message : validateUser() invoked!!
info: ===> TimeStamp : 2025-09-05 07:12:29===> API : /api/auth/validateuser ===> Message : validateUser() :: Request Object :: [object Object]
info: ===> TimeStamp : 2025-09-05 07:12:29===> API : /api/auth/validateuser ===> Message : validateUserDB() Invoked !
info: ===> TimeStamp : 2025-09-05 07:12:29===> API : /api/auth/validateuser ===> Message : validateUserResponse() invoked!
info: ===> TimeStamp : 2025-09-05 07:12:29===> API : /api/auth/validateuser ===> Message : validateUserResponse() completed
info: ===> TimeStamp : 2025-09-05 07:12:29===> API : null ===> Message : validateRequest() invoked
info: ===> TimeStamp : 2025-09-05 07:12:29===> API : null ===> Message : fetchDBSettings()
info: ===> TimeStamp : 2025-09-05 07:12:29===> API : null ===> Message : validateRequest() Invoked!
info: ===> TimeStamp : 2025-09-05 07:12:29===> API : null ===> Message : validRequest() :: Api validated Successfully
info: ===> TimeStamp : 2025-09-05 07:12:29===> API : /api/auth/checkIP ===> Message : checkIP() invoked!!
info: ===> TimeStamp : 2025-09-05 07:12:29===> API : /api/auth/checkIP ===> Message : IPs match: 103.225.102.194
info: ===> TimeStamp : 2025-09-05 07:12:29===> API : /api/auth/checkIP ===> Message : checkIPResponse() invoked!
info: ===> TimeStamp : 2025-09-05 07:12:29===> API : /api/auth/checkIP ===> Message : checkIPResponse() completed
info: ===> TimeStamp : 2025-09-05 07:12:29===> API : null ===> Message : validateRequest() invoked
info: ===> TimeStamp : 2025-09-05 07:12:29===> API : null ===> Message : fetchDBSettings()
info: ===> TimeStamp : 2025-09-05 07:12:29===> API : null ===> Message : validateRequest() Invoked!
info: ===> TimeStamp : 2025-09-05 07:12:29===> API : null ===> Message : validRequest() :: Api validated Successfully
info: ===> TimeStamp : 2025-09-05 07:12:29===> API : /api/auth/login ===> Message : loginUser() invoked!!
info: ===> TimeStamp : 2025-09-05 07:12:29===> API : /api/auth/login ===> Message : loginUser() :: Request Object :: [object Object]
info: ===> TimeStamp : 2025-09-05 07:12:29===> API : /api/auth/login ===> Message : loginUserDB() Invoked !
info: ===> TimeStamp : 2025-09-05 07:12:29===> API : /api/auth/login ===> Message : loginUserResponse() invoked!
info: ===> TimeStamp : 2025-09-05 07:12:29===> API : /api/auth/login ===> Message : loginUserResponse() completed
info: ===> TimeStamp : 2025-09-05 08:42:22===> API : null ===> Message : validateRequest() invoked
info: ===> TimeStamp : 2025-09-05 08:42:22===> API : null ===> Message : fetchDBSettings()
info: ===> TimeStamp : 2025-09-05 08:42:22===> API : null ===> Message : validateRequest() Invoked!
info: ===> TimeStamp : 2025-09-05 08:42:22===> API : null ===> Message : validRequest() :: Api validated Successfully
info: ===> TimeStamp : 2025-09-05 08:42:22===> API : /api/auth/validateuser ===> Message : validateUser() invoked!!
info: ===> TimeStamp : 2025-09-05 08:42:22===> API : /api/auth/validateuser ===> Message : validateUser() :: Request Object :: [object Object]
info: ===> TimeStamp : 2025-09-05 08:42:22===> API : /api/auth/validateuser ===> Message : validateUserDB() Invoked !
info: ===> TimeStamp : 2025-09-05 08:42:22===> API : /api/auth/validateuser ===> Message : validateUserResponse() invoked!
info: ===> TimeStamp : 2025-09-05 08:42:22===> API : /api/auth/validateuser ===> Message : validateUserResponse() completed
info: ===> TimeStamp : 2025-09-05 08:42:22===> API : null ===> Message : validateRequest() invoked
info: ===> TimeStamp : 2025-09-05 08:42:22===> API : null ===> Message : fetchDBSettings()
info: ===> TimeStamp : 2025-09-05 08:42:22===> API : null ===> Message : validateRequest() Invoked!
info: ===> TimeStamp : 2025-09-05 08:42:22===> API : null ===> Message : validRequest() :: Api validated Successfully
info: ===> TimeStamp : 2025-09-05 08:42:22===> API : /api/auth/checkIP ===> Message : checkIP() invoked!!
info: ===> TimeStamp : 2025-09-05 08:42:22===> API : /api/auth/checkIP ===> Message : IPs match: 103.255.182.117
info: ===> TimeStamp : 2025-09-05 08:42:22===> API : /api/auth/checkIP ===> Message : checkIPResponse() invoked!
info: ===> TimeStamp : 2025-09-05 08:42:22===> API : /api/auth/checkIP ===> Message : checkIPResponse() completed
info: ===> TimeStamp : 2025-09-05 08:42:22===> API : null ===> Message : validateRequest() invoked
info: ===> TimeStamp : 2025-09-05 08:42:22===> API : null ===> Message : fetchDBSettings()
info: ===> TimeStamp : 2025-09-05 08:42:22===> API : null ===> Message : validateRequest() Invoked!
info: ===> TimeStamp : 2025-09-05 08:42:22===> API : null ===> Message : validRequest() :: Api validated Successfully
info: ===> TimeStamp : 2025-09-05 08:42:22===> API : /api/auth/login ===> Message : loginUser() invoked!!
info: ===> TimeStamp : 2025-09-05 08:42:22===> API : /api/auth/login ===> Message : loginUser() :: Request Object :: [object Object]
info: ===> TimeStamp : 2025-09-05 08:42:22===> API : /api/auth/login ===> Message : loginUserDB() Invoked !
info: ===> TimeStamp : 2025-09-05 08:42:22===> API : /api/auth/login ===> Message : loginUserResponse() invoked!
info: ===> TimeStamp : 2025-09-05 08:42:22===> API : /api/auth/login ===> Message : loginUserResponse() completed
info: ===> TimeStamp : 2025-09-05 09:15:42===> API : null ===> Message : validateRequest() invoked
info: ===> TimeStamp : 2025-09-05 09:15:42===> API : null ===> Message : validateRequest() Error:: Invalid Request :: 
      {"apiUri":"/"}
info: ===> TimeStamp : 2025-09-05 09:15:44===> API : null ===> Message : validateRequest() invoked
info: ===> TimeStamp : 2025-09-05 09:15:44===> API : null ===> Message : validateRequest() Error:: Invalid Request :: 
      {"apiUri":"/favicon.ico"}
info: ===> TimeStamp : 2025-09-05 09:25:36===> API : null ===> Message : validateRequest() invoked
info: ===> TimeStamp : 2025-09-05 09:25:36===> API : null ===> Message : fetchDBSettings()
info: ===> TimeStamp : 2025-09-05 09:25:36===> API : null ===> Message : validateRequest() Invoked!
info: ===> TimeStamp : 2025-09-05 09:25:36===> API : null ===> Message : validRequest() :: Api validated Successfully
info: ===> TimeStamp : 2025-09-05 09:25:36===> API : /api/auth/validateuser ===> Message : validateUser() invoked!!
info: ===> TimeStamp : 2025-09-05 09:25:36===> API : /api/auth/validateuser ===> Message : validateUser() :: Request Object :: [object Object]
info: ===> TimeStamp : 2025-09-05 09:25:36===> API : /api/auth/validateuser ===> Message : validateUserDB() Invoked !
info: ===> TimeStamp : 2025-09-05 09:25:36===> API : /api/auth/validateuser ===> Message : validateUserResponse() invoked!
info: ===> TimeStamp : 2025-09-05 09:25:36===> API : /api/auth/validateuser ===> Message : validateUserResponse() completed
info: ===> TimeStamp : 2025-09-05 09:25:36===> API : null ===> Message : validateRequest() invoked
info: ===> TimeStamp : 2025-09-05 09:25:36===> API : null ===> Message : fetchDBSettings()
info: ===> TimeStamp : 2025-09-05 09:25:36===> API : null ===> Message : validateRequest() Invoked!
info: ===> TimeStamp : 2025-09-05 09:25:36===> API : null ===> Message : validRequest() :: Api validated Successfully
info: ===> TimeStamp : 2025-09-05 09:25:36===> API : /api/auth/login ===> Message : loginUser() invoked!!
info: ===> TimeStamp : 2025-09-05 09:25:36===> API : /api/auth/login ===> Message : loginUser() :: Request Object :: [object Object]
info: ===> TimeStamp : 2025-09-05 09:25:36===> API : /api/auth/login ===> Message : loginUserDB() Invoked !
info: ===> TimeStamp : 2025-09-05 09:25:37===> API : /api/auth/login ===> Message : loginUserResponse() invoked!
info: ===> TimeStamp : 2025-09-05 09:25:37===> API : /api/auth/login ===> Message : loginUserResponse() completed
info: ===> TimeStamp : 2025-09-05 10:29:23===> API : null ===> Message : validateRequest() invoked
info: ===> TimeStamp : 2025-09-05 10:29:23===> API : null ===> Message : fetchDBSettings()
info: ===> TimeStamp : 2025-09-05 10:29:23===> API : null ===> Message : validateRequest() Invoked!
info: ===> TimeStamp : 2025-09-05 10:29:23===> API : null ===> Message : validRequest() :: Api validated Successfully
info: ===> TimeStamp : 2025-09-05 10:29:23===> API : /api/auth/validateuser ===> Message : validateUser() invoked!!
info: ===> TimeStamp : 2025-09-05 10:29:23===> API : /api/auth/validateuser ===> Message : validateUser() :: Request Object :: [object Object]
info: ===> TimeStamp : 2025-09-05 10:29:23===> API : /api/auth/validateuser ===> Message : validateUserDB() Invoked !
info: ===> TimeStamp : 2025-09-05 10:29:23===> API : /api/auth/validateuser ===> Message : validateUserResponse() invoked!
info: ===> TimeStamp : 2025-09-05 10:29:23===> API : /api/auth/validateuser ===> Message : validateUserResponse() completed
info: ===> TimeStamp : 2025-09-05 10:29:23===> API : null ===> Message : validateRequest() invoked
info: ===> TimeStamp : 2025-09-05 10:29:23===> API : null ===> Message : fetchDBSettings()
info: ===> TimeStamp : 2025-09-05 10:29:23===> API : null ===> Message : validateRequest() Invoked!
info: ===> TimeStamp : 2025-09-05 10:29:23===> API : null ===> Message : validRequest() :: Api validated Successfully
info: ===> TimeStamp : 2025-09-05 10:29:23===> API : /api/auth/login ===> Message : loginUser() invoked!!
info: ===> TimeStamp : 2025-09-05 10:29:23===> API : /api/auth/login ===> Message : loginUser() :: Request Object :: [object Object]
info: ===> TimeStamp : 2025-09-05 10:29:23===> API : /api/auth/login ===> Message : loginUserDB() Invoked !
info: ===> TimeStamp : 2025-09-05 10:29:23===> API : /api/auth/login ===> Message : loginUserResponse() invoked!
info: ===> TimeStamp : 2025-09-05 10:29:23===> API : /api/auth/login ===> Message : loginUserResponse() completed
info: ===> TimeStamp : 2025-09-05 10:32:39===> API : null ===> Message : validateRequest() invoked
info: ===> TimeStamp : 2025-09-05 10:32:39===> API : null ===> Message : validateRequest() Error:: Invalid Request :: 
      {"apiUri":"/"}
info: ===> TimeStamp : 2025-09-05 11:20:44===> API : null ===> Message : validateRequest() invoked
info: ===> TimeStamp : 2025-09-05 11:20:44===> API : null ===> Message : fetchDBSettings()
info: ===> TimeStamp : 2025-09-05 11:20:44===> API : null ===> Message : validateRequest() Invoked!
info: ===> TimeStamp : 2025-09-05 11:20:44===> API : null ===> Message : validRequest() :: Api validated Successfully
info: ===> TimeStamp : 2025-09-05 11:20:44===> API : /api/auth/validateuser ===> Message : validateUser() invoked!!
info: ===> TimeStamp : 2025-09-05 11:20:44===> API : /api/auth/validateuser ===> Message : validateUser() :: Request Object :: [object Object]
info: ===> TimeStamp : 2025-09-05 11:20:44===> API : /api/auth/validateuser ===> Message : validateUserDB() Invoked !
info: ===> TimeStamp : 2025-09-05 11:20:44===> API : /api/auth/validateuser ===> Message : validateUserResponse() invoked!
info: ===> TimeStamp : 2025-09-05 11:20:44===> API : /api/auth/validateuser ===> Message : validateUserResponse() completed
info: ===> TimeStamp : 2025-09-05 11:20:44===> API : null ===> Message : validateRequest() invoked
info: ===> TimeStamp : 2025-09-05 11:20:44===> API : null ===> Message : fetchDBSettings()
info: ===> TimeStamp : 2025-09-05 11:20:44===> API : null ===> Message : validateRequest() Invoked!
info: ===> TimeStamp : 2025-09-05 11:20:44===> API : null ===> Message : validRequest() :: Api validated Successfully
info: ===> TimeStamp : 2025-09-05 11:20:44===> API : /api/auth/login ===> Message : loginUser() invoked!!
info: ===> TimeStamp : 2025-09-05 11:20:44===> API : /api/auth/login ===> Message : loginUser() :: Request Object :: [object Object]
info: ===> TimeStamp : 2025-09-05 11:20:44===> API : /api/auth/login ===> Message : loginUserDB() Invoked !
info: ===> TimeStamp : 2025-09-05 11:20:44===> API : /api/auth/login ===> Message : loginUserResponse() invoked!
info: ===> TimeStamp : 2025-09-05 11:20:44===> API : /api/auth/login ===> Message : loginUserResponse() completed
info: ===> TimeStamp : 2025-09-05 11:26:38===> API : null ===> Message : validateRequest() invoked
info: ===> TimeStamp : 2025-09-05 11:26:38===> API : null ===> Message : fetchDBSettings()
info: ===> TimeStamp : 2025-09-05 11:26:38===> API : null ===> Message : validateRequest() Invoked!
info: ===> TimeStamp : 2025-09-05 11:26:38===> API : null ===> Message : validRequest() :: Api validated Successfully
info: ===> TimeStamp : 2025-09-05 11:26:38===> API : /api/auth/validateuser ===> Message : validateUser() :: Request Object :: [object Object]
info: ===> TimeStamp : 2025-09-05 11:26:38===> API : /api/auth/validateuser ===> Message : validateUser() invoked!!
info: ===> TimeStamp : 2025-09-05 11:26:38===> API : /api/auth/validateuser ===> Message : validateUserDB() Invoked !
info: ===> TimeStamp : 2025-09-05 11:26:38===> API : /api/auth/validateuser ===> Message : validateUserResponse() invoked!
info: ===> TimeStamp : 2025-09-05 11:26:38===> API : /api/auth/validateuser ===> Message : validateUserResponse() completed
info: ===> TimeStamp : 2025-09-05 11:26:38===> API : null ===> Message : validateRequest() invoked
info: ===> TimeStamp : 2025-09-05 11:26:38===> API : null ===> Message : fetchDBSettings()
info: ===> TimeStamp : 2025-09-05 11:26:38===> API : null ===> Message : validateRequest() Invoked!
info: ===> TimeStamp : 2025-09-05 11:26:38===> API : null ===> Message : validRequest() :: Api validated Successfully
info: ===> TimeStamp : 2025-09-05 11:26:38===> API : /api/auth/login ===> Message : loginUser() invoked!!
info: ===> TimeStamp : 2025-09-05 11:26:38===> API : /api/auth/login ===> Message : loginUser() :: Request Object :: [object Object]
info: ===> TimeStamp : 2025-09-05 11:26:38===> API : /api/auth/login ===> Message : loginUserDB() Invoked !
info: ===> TimeStamp : 2025-09-05 11:26:38===> API : /api/auth/login ===> Message : loginUserResponse() invoked!
info: ===> TimeStamp : 2025-09-05 11:26:38===> API : /api/auth/login ===> Message : loginUserResponse() completed
info: ===> TimeStamp : 2025-09-05 12:47:53===> API : null ===> Message : validateRequest() invoked
info: ===> TimeStamp : 2025-09-05 12:47:53===> API : null ===> Message : fetchDBSettings()
info: ===> TimeStamp : 2025-09-05 12:47:53===> API : null ===> Message : validateRequest() Invoked!
info: ===> TimeStamp : 2025-09-05 12:47:53===> API : null ===> Message : validRequest() :: Api validated Successfully
info: ===> TimeStamp : 2025-09-05 12:47:53===> API : /api/auth/validateuser ===> Message : validateUser() invoked!!
info: ===> TimeStamp : 2025-09-05 12:47:53===> API : /api/auth/validateuser ===> Message : validateUser() :: Request Object :: [object Object]
info: ===> TimeStamp : 2025-09-05 12:47:53===> API : /api/auth/validateuser ===> Message : validateUserDB() Invoked !
info: ===> TimeStamp : 2025-09-05 12:47:53===> API : /api/auth/validateuser ===> Message : validateUserResponse() invoked!
info: ===> TimeStamp : 2025-09-05 12:47:53===> API : /api/auth/validateuser ===> Message : validateUserResponse() completed
info: ===> TimeStamp : 2025-09-05 12:47:53===> API : null ===> Message : validateRequest() invoked
info: ===> TimeStamp : 2025-09-05 12:47:53===> API : null ===> Message : fetchDBSettings()
info: ===> TimeStamp : 2025-09-05 12:47:53===> API : null ===> Message : validateRequest() Invoked!
info: ===> TimeStamp : 2025-09-05 12:47:53===> API : null ===> Message : validRequest() :: Api validated Successfully
info: ===> TimeStamp : 2025-09-05 12:47:53===> API : /api/auth/login ===> Message : loginUser() invoked!!
info: ===> TimeStamp : 2025-09-05 12:47:53===> API : /api/auth/login ===> Message : loginUser() :: Request Object :: [object Object]
info: ===> TimeStamp : 2025-09-05 12:47:53===> API : /api/auth/login ===> Message : loginUserDB() Invoked !
info: ===> TimeStamp : 2025-09-05 12:47:53===> API : /api/auth/login ===> Message : loginUserResponse() invoked!
info: ===> TimeStamp : 2025-09-05 12:47:53===> API : /api/auth/login ===> Message : loginUserResponse() completed
info: ===> TimeStamp : 2025-09-05 12:55:03===> API : null ===> Message : validateRequest() invoked
info: ===> TimeStamp : 2025-09-05 12:55:03===> API : null ===> Message : fetchDBSettings()
info: ===> TimeStamp : 2025-09-05 12:55:03===> API : null ===> Message : validateRequest() Invoked!
info: ===> TimeStamp : 2025-09-05 12:55:03===> API : null ===> Message : validRequest() :: Api validated Successfully
info: ===> TimeStamp : 2025-09-05 12:55:03===> API : /api/auth/logout ===> Message : logoutUser() invoked!!
info: ===> TimeStamp : 2025-09-05 12:55:03===> API : /api/auth/logout ===> Message : logoutUser() :: Request Object :: [object Object]
info: ===> TimeStamp : 2025-09-05 12:55:03===> API : /api/auth/logout ===> Message : logoutUserDB() Invoked !
info: ===> TimeStamp : 2025-09-05 12:55:03===> API : /api/auth/logout ===> Message : logoutUserResponse() invoked!
info: ===> TimeStamp : 2025-09-05 12:55:03===> API : /api/auth/logout ===> Message : logoutUserResponse() completed
info: ===> TimeStamp : 2025-09-05 13:06:27===> API : null ===> Message : validateRequest() invoked
info: ===> TimeStamp : 2025-09-05 13:06:27===> API : null ===> Message : fetchDBSettings()
info: ===> TimeStamp : 2025-09-05 13:06:27===> API : null ===> Message : validateRequest() Invoked!
info: ===> TimeStamp : 2025-09-05 13:06:27===> API : null ===> Message : validRequest() :: Api validated Successfully
info: ===> TimeStamp : 2025-09-05 13:06:27===> API : /api/auth/validateuser ===> Message : validateUser() invoked!!
info: ===> TimeStamp : 2025-09-05 13:06:27===> API : /api/auth/validateuser ===> Message : validateUser() :: Request Object :: [object Object]
info: ===> TimeStamp : 2025-09-05 13:06:27===> API : /api/auth/validateuser ===> Message : validateUserDB() Invoked !
info: ===> TimeStamp : 2025-09-05 13:06:27===> API : /api/auth/validateuser ===> Message : validateUserResponse() invoked!
info: ===> TimeStamp : 2025-09-05 13:06:27===> API : /api/auth/validateuser ===> Message : validateUserResponse() completed
info: ===> TimeStamp : 2025-09-05 13:06:27===> API : null ===> Message : validateRequest() invoked
info: ===> TimeStamp : 2025-09-05 13:06:27===> API : null ===> Message : fetchDBSettings()
info: ===> TimeStamp : 2025-09-05 13:06:27===> API : null ===> Message : validateRequest() Invoked!
info: ===> TimeStamp : 2025-09-05 13:06:27===> API : null ===> Message : validRequest() :: Api validated Successfully
info: ===> TimeStamp : 2025-09-05 13:06:27===> API : /api/auth/login ===> Message : loginUser() invoked!!
info: ===> TimeStamp : 2025-09-05 13:06:27===> API : /api/auth/login ===> Message : loginUser() :: Request Object :: [object Object]
info: ===> TimeStamp : 2025-09-05 13:06:27===> API : /api/auth/login ===> Message : loginUserDB() Invoked !
info: ===> TimeStamp : 2025-09-05 13:06:27===> API : /api/auth/login ===> Message : loginUserResponse() invoked!
info: ===> TimeStamp : 2025-09-05 13:06:27===> API : /api/auth/login ===> Message : loginUserResponse() completed
info: ===> TimeStamp : 2025-09-05 13:45:45===> API : null ===> Message : validateRequest() invoked
info: ===> TimeStamp : 2025-09-05 13:45:45===> API : null ===> Message : fetchDBSettings()
info: ===> TimeStamp : 2025-09-05 13:45:45===> API : null ===> Message : validateRequest() Invoked!
info: ===> TimeStamp : 2025-09-05 13:45:45===> API : null ===> Message : validRequest() :: Api validated Successfully
info: ===> TimeStamp : 2025-09-05 13:45:45===> API : /api/auth/validateuser ===> Message : validateUser() invoked!!
info: ===> TimeStamp : 2025-09-05 13:45:45===> API : /api/auth/validateuser ===> Message : validateUser() :: Request Object :: [object Object]
info: ===> TimeStamp : 2025-09-05 13:45:45===> API : /api/auth/validateuser ===> Message : validateUserDB() Invoked !
info: ===> TimeStamp : 2025-09-05 13:45:45===> API : /api/auth/validateuser ===> Message : validateUserResponse() invoked!
info: ===> TimeStamp : 2025-09-05 13:45:45===> API : /api/auth/validateuser ===> Message : validateUserResponse() completed
info: ===> TimeStamp : 2025-09-05 13:45:45===> API : null ===> Message : validateRequest() invoked
info: ===> TimeStamp : 2025-09-05 13:45:45===> API : null ===> Message : fetchDBSettings()
info: ===> TimeStamp : 2025-09-05 13:45:45===> API : null ===> Message : validateRequest() Invoked!
info: ===> TimeStamp : 2025-09-05 13:45:45===> API : null ===> Message : validRequest() :: Api validated Successfully
info: ===> TimeStamp : 2025-09-05 13:45:45===> API : /api/auth/login ===> Message : loginUser() invoked!!
info: ===> TimeStamp : 2025-09-05 13:45:45===> API : /api/auth/login ===> Message : loginUser() :: Request Object :: [object Object]
info: ===> TimeStamp : 2025-09-05 13:45:45===> API : /api/auth/login ===> Message : loginUserDB() Invoked !
info: ===> TimeStamp : 2025-09-05 13:45:45===> API : /api/auth/login ===> Message : loginUserResponse() invoked!
info: ===> TimeStamp : 2025-09-05 13:45:45===> API : /api/auth/login ===> Message : loginUserResponse() completed
info: ===> TimeStamp : 2025-09-05 13:58:10===> API : null ===> Message : validateRequest() invoked
info: ===> TimeStamp : 2025-09-05 13:58:10===> API : null ===> Message : fetchDBSettings()
info: ===> TimeStamp : 2025-09-05 13:58:10===> API : null ===> Message : validateRequest() Invoked!
info: ===> TimeStamp : 2025-09-05 13:58:10===> API : null ===> Message : validRequest() :: Api validated Successfully
info: ===> TimeStamp : 2025-09-05 13:58:10===> API : /api/auth/logout ===> Message : logoutUser() :: Request Object :: [object Object]
info: ===> TimeStamp : 2025-09-05 13:58:10===> API : /api/auth/logout ===> Message : logoutUser() invoked!!
info: ===> TimeStamp : 2025-09-05 13:58:10===> API : /api/auth/logout ===> Message : logoutUserDB() Invoked !
info: ===> TimeStamp : 2025-09-05 13:58:10===> API : /api/auth/logout ===> Message : logoutUserResponse() invoked!
info: ===> TimeStamp : 2025-09-05 13:58:10===> API : /api/auth/logout ===> Message : logoutUserResponse() completed
info: ===> TimeStamp : 2025-09-05 14:53:22===> API : null ===> Message : validateRequest() invoked
info: ===> TimeStamp : 2025-09-05 14:53:22===> API : null ===> Message : fetchDBSettings()
info: ===> TimeStamp : 2025-09-05 14:53:22===> API : null ===> Message : validateRequest() Invoked!
info: ===> TimeStamp : 2025-09-05 14:53:22===> API : null ===> Message : validRequest() :: Api validated Successfully
info: ===> TimeStamp : 2025-09-05 14:53:22===> API : /api/auth/logout ===> Message : logoutUser() invoked!!
info: ===> TimeStamp : 2025-09-05 14:53:22===> API : /api/auth/logout ===> Message : logoutUser() :: Request Object :: [object Object]
info: ===> TimeStamp : 2025-09-05 14:53:22===> API : /api/auth/logout ===> Message : logoutUserDB() Invoked !
info: ===> TimeStamp : 2025-09-05 14:53:23===> API : /api/auth/logout ===> Message : logoutUserResponse() invoked!
info: ===> TimeStamp : 2025-09-05 14:53:23===> API : /api/auth/logout ===> Message : logoutUserResponse() completed
info: ===> TimeStamp : 2025-09-05 14:53:30===> API : null ===> Message : validateRequest() invoked
info: ===> TimeStamp : 2025-09-05 14:53:30===> API : null ===> Message : fetchDBSettings()
info: ===> TimeStamp : 2025-09-05 14:53:30===> API : null ===> Message : validateRequest() Invoked!
info: ===> TimeStamp : 2025-09-05 14:53:30===> API : null ===> Message : validRequest() :: Api validated Successfully
info: ===> TimeStamp : 2025-09-05 14:53:30===> API : /api/auth/validateuser ===> Message : validateUser() invoked!!
info: ===> TimeStamp : 2025-09-05 14:53:30===> API : /api/auth/validateuser ===> Message : validateUser() :: Request Object :: [object Object]
info: ===> TimeStamp : 2025-09-05 14:53:30===> API : /api/auth/validateuser ===> Message : validateUserDB() Invoked !
info: ===> TimeStamp : 2025-09-05 14:53:30===> API : /api/auth/validateuser ===> Message : validateUserResponse() invoked!
info: ===> TimeStamp : 2025-09-05 14:53:30===> API : /api/auth/validateuser ===> Message : validateUserResponse() completed
info: ===> TimeStamp : 2025-09-05 14:53:30===> API : null ===> Message : validateRequest() invoked
info: ===> TimeStamp : 2025-09-05 14:53:30===> API : null ===> Message : fetchDBSettings()
info: ===> TimeStamp : 2025-09-05 14:53:30===> API : null ===> Message : validateRequest() Invoked!
info: ===> TimeStamp : 2025-09-05 14:53:30===> API : null ===> Message : validRequest() :: Api validated Successfully
info: ===> TimeStamp : 2025-09-05 14:53:30===> API : /api/auth/checkIP ===> Message : checkIP() invoked!!
info: ===> TimeStamp : 2025-09-05 14:53:30===> API : /api/auth/checkIP ===> Message : IPs match: 103.255.182.117
info: ===> TimeStamp : 2025-09-05 14:53:30===> API : /api/auth/checkIP ===> Message : checkIPResponse() invoked!
info: ===> TimeStamp : 2025-09-05 14:53:30===> API : /api/auth/checkIP ===> Message : checkIPResponse() completed
info: ===> TimeStamp : 2025-09-05 14:53:30===> API : null ===> Message : validateRequest() invoked
info: ===> TimeStamp : 2025-09-05 14:53:30===> API : null ===> Message : fetchDBSettings()
info: ===> TimeStamp : 2025-09-05 14:53:30===> API : null ===> Message : validateRequest() Invoked!
info: ===> TimeStamp : 2025-09-05 14:53:30===> API : null ===> Message : validRequest() :: Api validated Successfully
info: ===> TimeStamp : 2025-09-05 14:53:30===> API : /api/auth/login ===> Message : loginUser() invoked!!
info: ===> TimeStamp : 2025-09-05 14:53:30===> API : /api/auth/login ===> Message : loginUser() :: Request Object :: [object Object]
info: ===> TimeStamp : 2025-09-05 14:53:30===> API : /api/auth/login ===> Message : loginUserDB() Invoked !
info: ===> TimeStamp : 2025-09-05 14:53:30===> API : /api/auth/login ===> Message : loginUserResponse() invoked!
info: ===> TimeStamp : 2025-09-05 14:53:30===> API : /api/auth/login ===> Message : loginUserResponse() completed
info: ===> TimeStamp : 2025-09-05 14:53:40===> API : null ===> Message : validateRequest() invoked
info: ===> TimeStamp : 2025-09-05 14:53:40===> API : null ===> Message : fetchDBSettings()
info: ===> TimeStamp : 2025-09-05 14:53:40===> API : null ===> Message : validateRequest() Invoked!
info: ===> TimeStamp : 2025-09-05 14:53:40===> API : null ===> Message : validRequest() :: Api validated Successfully
info: ===> TimeStamp : 2025-09-05 14:53:40===> API : /api/auth/logout ===> Message : logoutUser() invoked!!
info: ===> TimeStamp : 2025-09-05 14:53:40===> API : /api/auth/logout ===> Message : logoutUser() :: Request Object :: [object Object]
info: ===> TimeStamp : 2025-09-05 14:53:40===> API : /api/auth/logout ===> Message : logoutUserDB() Invoked !
info: ===> TimeStamp : 2025-09-05 14:53:40===> API : /api/auth/logout ===> Message : logoutUserResponse() invoked!
info: ===> TimeStamp : 2025-09-05 14:53:40===> API : /api/auth/logout ===> Message : logoutUserResponse() completed
info: ===> TimeStamp : 2025-09-05 15:00:19===> API : null ===> Message : validateRequest() invoked
info: ===> TimeStamp : 2025-09-05 15:00:19===> API : null ===> Message : fetchDBSettings()
info: ===> TimeStamp : 2025-09-05 15:00:19===> API : null ===> Message : validateRequest() Invoked!
info: ===> TimeStamp : 2025-09-05 15:00:19===> API : null ===> Message : validRequest() :: Api validated Successfully
info: ===> TimeStamp : 2025-09-05 15:00:19===> API : /api/auth/validateuser ===> Message : validateUser() invoked!!
info: ===> TimeStamp : 2025-09-05 15:00:19===> API : /api/auth/validateuser ===> Message : validateUser() :: Request Object :: [object Object]
info: ===> TimeStamp : 2025-09-05 15:00:19===> API : /api/auth/validateuser ===> Message : validateUserDB() Invoked !
info: ===> TimeStamp : 2025-09-05 15:00:19===> API : /api/auth/validateuser ===> Message : validateUserResponse() invoked!
info: ===> TimeStamp : 2025-09-05 15:00:19===> API : /api/auth/validateuser ===> Message : validateUserResponse() completed
info: ===> TimeStamp : 2025-09-05 15:00:19===> API : null ===> Message : validateRequest() invoked
info: ===> TimeStamp : 2025-09-05 15:00:19===> API : null ===> Message : fetchDBSettings()
info: ===> TimeStamp : 2025-09-05 15:00:19===> API : null ===> Message : validateRequest() Invoked!
info: ===> TimeStamp : 2025-09-05 15:00:19===> API : null ===> Message : validRequest() :: Api validated Successfully
info: ===> TimeStamp : 2025-09-05 15:00:19===> API : /api/auth/checkIP ===> Message : checkIP() invoked!!
info: ===> TimeStamp : 2025-09-05 15:00:19===> API : /api/auth/checkIP ===> Message : IPs match: 103.225.102.194
info: ===> TimeStamp : 2025-09-05 15:00:19===> API : /api/auth/checkIP ===> Message : checkIPResponse() invoked!
info: ===> TimeStamp : 2025-09-05 15:00:19===> API : /api/auth/checkIP ===> Message : checkIPResponse() completed
info: ===> TimeStamp : 2025-09-05 15:00:19===> API : null ===> Message : validateRequest() invoked
info: ===> TimeStamp : 2025-09-05 15:00:19===> API : null ===> Message : fetchDBSettings()
info: ===> TimeStamp : 2025-09-05 15:00:19===> API : null ===> Message : validateRequest() Invoked!
info: ===> TimeStamp : 2025-09-05 15:00:19===> API : null ===> Message : validRequest() :: Api validated Successfully
info: ===> TimeStamp : 2025-09-05 15:00:19===> API : /api/auth/login ===> Message : loginUser() invoked!!
info: ===> TimeStamp : 2025-09-05 15:00:19===> API : /api/auth/login ===> Message : loginUser() :: Request Object :: [object Object]
info: ===> TimeStamp : 2025-09-05 15:00:19===> API : /api/auth/login ===> Message : loginUserDB() Invoked !
info: ===> TimeStamp : 2025-09-05 15:00:19===> API : /api/auth/login ===> Message : loginUserResponse() invoked!
info: ===> TimeStamp : 2025-09-05 15:00:19===> API : /api/auth/login ===> Message : loginUserResponse() completed
info: ===> TimeStamp : 2025-09-05 16:18:08===> API : null ===> Message : validateRequest() invoked
info: ===> TimeStamp : 2025-09-05 16:18:08===> API : null ===> Message : validateRequest() Error:: Invalid Request :: 
      {"apiUri":"/"}
info: ===> TimeStamp : 2025-09-05 16:18:17===> API : null ===> Message : validateRequest() invoked
info: ===> TimeStamp : 2025-09-05 16:18:17===> API : null ===> Message : validateRequest() Error:: Invalid Request :: 
      {"apiUri":"/"}
info: ===> TimeStamp : 2025-09-05 16:18:18===> API : null ===> Message : validateRequest() invoked
info: ===> TimeStamp : 2025-09-05 16:18:18===> API : null ===> Message : validateRequest() Error:: Invalid Request :: 
      {"apiUri":"/favicon.ico"}
info: ===> TimeStamp : 2025-09-05 16:18:26===> API : null ===> Message : validateRequest() invoked
info: ===> TimeStamp : 2025-09-05 16:18:26===> API : null ===> Message : validateRequest() Error:: Invalid Request :: 
      {"apiUri":"/favicon.ico"}
info: ===> TimeStamp : 2025-09-05 16:18:30===> API : null ===> Message : validateRequest() invoked
info: ===> TimeStamp : 2025-09-05 16:18:30===> API : null ===> Message : validateRequest() Error:: Invalid Request :: 
      {"apiUri":"/sitemap.xml"}
info: ===> TimeStamp : 2025-09-05 18:23:53===> API : null ===> Message : validateRequest() invoked
info: ===> TimeStamp : 2025-09-05 18:23:53===> API : null ===> Message : fetchDBSettings()
info: ===> TimeStamp : 2025-09-05 18:23:53===> API : null ===> Message : validateRequest() Invoked!
info: ===> TimeStamp : 2025-09-05 18:23:53===> API : null ===> Message : validRequest() :: Api validated Successfully
info: ===> TimeStamp : 2025-09-05 18:23:53===> API : /api/auth/validateuser ===> Message : validateUser() invoked!!
info: ===> TimeStamp : 2025-09-05 18:23:53===> API : /api/auth/validateuser ===> Message : validateUser() :: Request Object :: [object Object]
info: ===> TimeStamp : 2025-09-05 18:23:53===> API : /api/auth/validateuser ===> Message : validateUserDB() Invoked !
info: ===> TimeStamp : 2025-09-05 18:23:53===> API : /api/auth/validateuser ===> Message : validateUserResponse() invoked!
info: ===> TimeStamp : 2025-09-05 18:23:53===> API : /api/auth/validateuser ===> Message : validateUserResponse() completed
info: ===> TimeStamp : 2025-09-05 18:23:54===> API : null ===> Message : validateRequest() invoked
info: ===> TimeStamp : 2025-09-05 18:23:54===> API : null ===> Message : fetchDBSettings()
info: ===> TimeStamp : 2025-09-05 18:23:54===> API : null ===> Message : validateRequest() Invoked!
info: ===> TimeStamp : 2025-09-05 18:23:54===> API : null ===> Message : validRequest() :: Api validated Successfully
info: ===> TimeStamp : 2025-09-05 18:23:54===> API : /api/auth/login ===> Message : loginUser() invoked!!
info: ===> TimeStamp : 2025-09-05 18:23:54===> API : /api/auth/login ===> Message : loginUser() :: Request Object :: [object Object]
info: ===> TimeStamp : 2025-09-05 18:23:54===> API : /api/auth/login ===> Message : loginUserDB() Invoked !
info: ===> TimeStamp : 2025-09-05 18:23:54===> API : /api/auth/login ===> Message : loginUserResponse() invoked!
info: ===> TimeStamp : 2025-09-05 18:23:54===> API : /api/auth/login ===> Message : loginUserResponse() completed
info: ===> TimeStamp : 2025-09-05 18:28:19===> API : null ===> Message : validateRequest() invoked
info: ===> TimeStamp : 2025-09-05 18:28:19===> API : null ===> Message : fetchDBSettings()
info: ===> TimeStamp : 2025-09-05 18:28:19===> API : null ===> Message : validateRequest() Invoked!
info: ===> TimeStamp : 2025-09-05 18:28:19===> API : null ===> Message : validRequest() :: Api validated Successfully
info: ===> TimeStamp : 2025-09-05 18:28:19===> API : /api/auth/validateuser ===> Message : validateUser() invoked!!
info: ===> TimeStamp : 2025-09-05 18:28:19===> API : /api/auth/validateuser ===> Message : validateUser() :: Request Object :: [object Object]
info: ===> TimeStamp : 2025-09-05 18:28:19===> API : /api/auth/validateuser ===> Message : validateUserDB() Invoked !
info: ===> TimeStamp : 2025-09-05 18:28:19===> API : /api/auth/validateuser ===> Message : validateUserResponse() invoked!
info: ===> TimeStamp : 2025-09-05 18:28:19===> API : /api/auth/validateuser ===> Message : validateUserResponse() completed
info: ===> TimeStamp : 2025-09-05 18:28:19===> API : null ===> Message : fetchDBSettings()
info: ===> TimeStamp : 2025-09-05 18:28:19===> API : null ===> Message : validateRequest() invoked
info: ===> TimeStamp : 2025-09-05 18:28:19===> API : null ===> Message : validateRequest() Invoked!
info: ===> TimeStamp : 2025-09-05 18:28:19===> API : null ===> Message : validRequest() :: Api validated Successfully
info: ===> TimeStamp : 2025-09-05 18:28:19===> API : /api/auth/login ===> Message : loginUser() invoked!!
info: ===> TimeStamp : 2025-09-05 18:28:19===> API : /api/auth/login ===> Message : loginUser() :: Request Object :: [object Object]
info: ===> TimeStamp : 2025-09-05 18:28:19===> API : /api/auth/login ===> Message : loginUserDB() Invoked !
info: ===> TimeStamp : 2025-09-05 18:28:19===> API : /api/auth/login ===> Message : loginUserResponse() invoked!
info: ===> TimeStamp : 2025-09-05 18:28:19===> API : /api/auth/login ===> Message : loginUserResponse() completed
info: ===> TimeStamp : 2025-09-05 18:46:07===> API : null ===> Message : validateRequest() invoked
info: ===> TimeStamp : 2025-09-05 18:46:07===> API : null ===> Message : validateRequest() Error:: Invalid Request :: 
      {"apiUri":"/pdown"}
info: ===> TimeStamp : 2025-09-05 19:17:23===> API : null ===> Message : validateRequest() invoked
info: ===> TimeStamp : 2025-09-05 19:17:23===> API : null ===> Message : fetchDBSettings()
info: ===> TimeStamp : 2025-09-05 19:17:23===> API : null ===> Message : validateRequest() Invoked!
info: ===> TimeStamp : 2025-09-05 19:17:23===> API : null ===> Message : validRequest() :: Api validated Successfully
info: ===> TimeStamp : 2025-09-05 19:17:23===> API : /api/auth/logout ===> Message : logoutUser() invoked!!
info: ===> TimeStamp : 2025-09-05 19:17:23===> API : /api/auth/logout ===> Message : logoutUser() :: Request Object :: [object Object]
info: ===> TimeStamp : 2025-09-05 19:17:23===> API : /api/auth/logout ===> Message : logoutUserDB() Invoked !
info: ===> TimeStamp : 2025-09-05 19:17:23===> API : /api/auth/logout ===> Message : logoutUserResponse() invoked!
info: ===> TimeStamp : 2025-09-05 19:17:23===> API : /api/auth/logout ===> Message : logoutUserResponse() completed
info: ===> TimeStamp : 2025-09-05 19:20:28===> API : null ===> Message : validateRequest() invoked
info: ===> TimeStamp : 2025-09-05 19:20:28===> API : null ===> Message : fetchDBSettings()
info: ===> TimeStamp : 2025-09-05 19:20:28===> API : null ===> Message : validateRequest() Invoked!
info: ===> TimeStamp : 2025-09-05 19:20:28===> API : null ===> Message : validRequest() :: Api validated Successfully
info: ===> TimeStamp : 2025-09-05 19:20:28===> API : /api/auth/validateuser ===> Message : validateUser() invoked!!
info: ===> TimeStamp : 2025-09-05 19:20:28===> API : /api/auth/validateuser ===> Message : validateUser() :: Request Object :: [object Object]
info: ===> TimeStamp : 2025-09-05 19:20:28===> API : /api/auth/validateuser ===> Message : validateUserDB() Invoked !
info: ===> TimeStamp : 2025-09-05 19:20:28===> API : /api/auth/validateuser ===> Message : validateUserResponse() invoked!
info: ===> TimeStamp : 2025-09-05 19:20:28===> API : /api/auth/validateuser ===> Message : validateUserResponse() completed
info: ===> TimeStamp : 2025-09-05 19:20:28===> API : null ===> Message : validateRequest() invoked
info: ===> TimeStamp : 2025-09-05 19:20:28===> API : null ===> Message : fetchDBSettings()
info: ===> TimeStamp : 2025-09-05 19:20:28===> API : null ===> Message : validateRequest() Invoked!
info: ===> TimeStamp : 2025-09-05 19:20:28===> API : null ===> Message : validRequest() :: Api validated Successfully
info: ===> TimeStamp : 2025-09-05 19:20:28===> API : /api/auth/checkIP ===> Message : checkIP() invoked!!
info: ===> TimeStamp : 2025-09-05 19:20:28===> API : /api/auth/checkIP ===> Message : IPs match: 103.255.182.117
info: ===> TimeStamp : 2025-09-05 19:20:28===> API : /api/auth/checkIP ===> Message : checkIPResponse() invoked!
info: ===> TimeStamp : 2025-09-05 19:20:28===> API : /api/auth/checkIP ===> Message : checkIPResponse() completed
info: ===> TimeStamp : 2025-09-05 19:20:28===> API : null ===> Message : validateRequest() invoked
info: ===> TimeStamp : 2025-09-05 19:20:28===> API : null ===> Message : fetchDBSettings()
info: ===> TimeStamp : 2025-09-05 19:20:28===> API : null ===> Message : validateRequest() Invoked!
info: ===> TimeStamp : 2025-09-05 19:20:28===> API : null ===> Message : validRequest() :: Api validated Successfully
info: ===> TimeStamp : 2025-09-05 19:20:28===> API : /api/auth/login ===> Message : loginUser() invoked!!
info: ===> TimeStamp : 2025-09-05 19:20:28===> API : /api/auth/login ===> Message : loginUser() :: Request Object :: [object Object]
info: ===> TimeStamp : 2025-09-05 19:20:28===> API : /api/auth/login ===> Message : loginUserDB() Invoked !
info: ===> TimeStamp : 2025-09-05 19:20:28===> API : /api/auth/login ===> Message : loginUserResponse() invoked!
info: ===> TimeStamp : 2025-09-05 19:20:28===> API : /api/auth/login ===> Message : loginUserResponse() completed
info: ===> TimeStamp : 2025-09-05 19:46:58===> API : null ===> Message : validateRequest() invoked
info: ===> TimeStamp : 2025-09-05 19:46:58===> API : null ===> Message : fetchDBSettings()
info: ===> TimeStamp : 2025-09-05 19:46:58===> API : null ===> Message : validateRequest() Invoked!
info: ===> TimeStamp : 2025-09-05 19:46:58===> API : null ===> Message : validRequest() :: Api validated Successfully
info: ===> TimeStamp : 2025-09-05 19:46:58===> API : /api/auth/logout ===> Message : logoutUser() invoked!!
info: ===> TimeStamp : 2025-09-05 19:46:58===> API : /api/auth/logout ===> Message : logoutUser() :: Request Object :: [object Object]
info: ===> TimeStamp : 2025-09-05 19:46:58===> API : /api/auth/logout ===> Message : logoutUserDB() Invoked !
info: ===> TimeStamp : 2025-09-05 19:46:58===> API : /api/auth/logout ===> Message : logoutUserResponse() invoked!
info: ===> TimeStamp : 2025-09-05 19:46:58===> API : /api/auth/logout ===> Message : logoutUserResponse() completed
info: ===> TimeStamp : 2025-09-05 19:49:20===> API : null ===> Message : validateRequest() invoked
info: ===> TimeStamp : 2025-09-05 19:49:20===> API : null ===> Message : fetchDBSettings()
info: ===> TimeStamp : 2025-09-05 19:49:20===> API : null ===> Message : validateRequest() Invoked!
info: ===> TimeStamp : 2025-09-05 19:49:20===> API : null ===> Message : validRequest() :: Api validated Successfully
info: ===> TimeStamp : 2025-09-05 19:49:20===> API : /api/auth/validateuser ===> Message : validateUser() invoked!!
info: ===> TimeStamp : 2025-09-05 19:49:20===> API : /api/auth/validateuser ===> Message : validateUser() :: Request Object :: [object Object]
info: ===> TimeStamp : 2025-09-05 19:49:20===> API : /api/auth/validateuser ===> Message : validateUserDB() Invoked !
info: ===> TimeStamp : 2025-09-05 19:49:20===> API : /api/auth/validateuser ===> Message : validateUserResponse() invoked!
info: ===> TimeStamp : 2025-09-05 19:49:20===> API : /api/auth/validateuser ===> Message : validateUserResponse() completed
info: ===> TimeStamp : 2025-09-05 19:49:20===> API : null ===> Message : validateRequest() invoked
info: ===> TimeStamp : 2025-09-05 19:49:20===> API : null ===> Message : fetchDBSettings()
info: ===> TimeStamp : 2025-09-05 19:49:20===> API : null ===> Message : validateRequest() Invoked!
info: ===> TimeStamp : 2025-09-05 19:49:20===> API : null ===> Message : validRequest() :: Api validated Successfully
info: ===> TimeStamp : 2025-09-05 19:49:20===> API : /api/auth/checkIP ===> Message : checkIP() invoked!!
info: ===> TimeStamp : 2025-09-05 19:49:20===> API : /api/auth/checkIP ===> Message : IPs match: 103.225.102.194
info: ===> TimeStamp : 2025-09-05 19:49:20===> API : /api/auth/checkIP ===> Message : checkIPResponse() invoked!
info: ===> TimeStamp : 2025-09-05 19:49:20===> API : /api/auth/checkIP ===> Message : checkIPResponse() completed
info: ===> TimeStamp : 2025-09-05 19:49:21===> API : null ===> Message : validateRequest() invoked
info: ===> TimeStamp : 2025-09-05 19:49:21===> API : null ===> Message : fetchDBSettings()
info: ===> TimeStamp : 2025-09-05 19:49:21===> API : null ===> Message : validateRequest() Invoked!
info: ===> TimeStamp : 2025-09-05 19:49:21===> API : null ===> Message : validRequest() :: Api validated Successfully
info: ===> TimeStamp : 2025-09-05 19:49:21===> API : /api/auth/login ===> Message : loginUser() invoked!!
info: ===> TimeStamp : 2025-09-05 19:49:21===> API : /api/auth/login ===> Message : loginUser() :: Request Object :: [object Object]
info: ===> TimeStamp : 2025-09-05 19:49:21===> API : /api/auth/login ===> Message : loginUserDB() Invoked !
info: ===> TimeStamp : 2025-09-05 19:49:21===> API : /api/auth/login ===> Message : loginUserResponse() invoked!
info: ===> TimeStamp : 2025-09-05 19:49:21===> API : /api/auth/login ===> Message : loginUserResponse() completed
info: ===> TimeStamp : 2025-09-05 20:08:05===> API : null ===> Message : validateRequest() invoked
info: ===> TimeStamp : 2025-09-05 20:08:05===> API : null ===> Message : fetchDBSettings()
info: ===> TimeStamp : 2025-09-05 20:08:05===> API : null ===> Message : validateRequest() Invoked!
info: ===> TimeStamp : 2025-09-05 20:08:05===> API : null ===> Message : validRequest() :: Api validated Successfully
info: ===> TimeStamp : 2025-09-05 20:08:05===> API : /api/auth/validateuser ===> Message : validateUser() invoked!!
info: ===> TimeStamp : 2025-09-05 20:08:05===> API : /api/auth/validateuser ===> Message : validateUser() :: Request Object :: [object Object]
info: ===> TimeStamp : 2025-09-05 20:08:05===> API : /api/auth/validateuser ===> Message : validateUserDB() Invoked !
info: ===> TimeStamp : 2025-09-05 20:08:05===> API : /api/auth/validateuser ===> Message : validateUserResponse() invoked!
info: ===> TimeStamp : 2025-09-05 20:08:05===> API : /api/auth/validateuser ===> Message : validateUserResponse() completed
info: ===> TimeStamp : 2025-09-05 20:08:05===> API : null ===> Message : validateRequest() invoked
info: ===> TimeStamp : 2025-09-05 20:08:05===> API : null ===> Message : fetchDBSettings()
info: ===> TimeStamp : 2025-09-05 20:08:05===> API : null ===> Message : validateRequest() Invoked!
info: ===> TimeStamp : 2025-09-05 20:08:05===> API : null ===> Message : validRequest() :: Api validated Successfully
info: ===> TimeStamp : 2025-09-05 20:08:05===> API : /api/auth/login ===> Message : loginUser() invoked!!
info: ===> TimeStamp : 2025-09-05 20:08:05===> API : /api/auth/login ===> Message : loginUser() :: Request Object :: [object Object]
info: ===> TimeStamp : 2025-09-05 20:08:05===> API : /api/auth/login ===> Message : loginUserDB() Invoked !
info: ===> TimeStamp : 2025-09-05 20:08:05===> API : /api/auth/login ===> Message : loginUserResponse() invoked!
info: ===> TimeStamp : 2025-09-05 20:08:05===> API : /api/auth/login ===> Message : loginUserResponse() completed
info: ===> TimeStamp : 2025-09-05 20:13:14===> API : null ===> Message : validateRequest() invoked
info: ===> TimeStamp : 2025-09-05 20:13:14===> API : null ===> Message : fetchDBSettings()
info: ===> TimeStamp : 2025-09-05 20:13:14===> API : null ===> Message : validateRequest() Invoked!
info: ===> TimeStamp : 2025-09-05 20:13:14===> API : null ===> Message : validRequest() :: Api validated Successfully
info: ===> TimeStamp : 2025-09-05 20:13:14===> API : /api/auth/validateuser ===> Message : validateUser() invoked!!
info: ===> TimeStamp : 2025-09-05 20:13:14===> API : /api/auth/validateuser ===> Message : validateUser() :: Request Object :: [object Object]
info: ===> TimeStamp : 2025-09-05 20:13:14===> API : /api/auth/validateuser ===> Message : validateUserDB() Invoked !
info: ===> TimeStamp : 2025-09-05 20:13:14===> API : /api/auth/validateuser ===> Message : validateUserResponse() invoked!
info: ===> TimeStamp : 2025-09-05 20:13:14===> API : /api/auth/validateuser ===> Message : validateUserResponse() completed
info: ===> TimeStamp : 2025-09-05 20:13:15===> API : null ===> Message : validateRequest() invoked
info: ===> TimeStamp : 2025-09-05 20:13:15===> API : null ===> Message : fetchDBSettings()
info: ===> TimeStamp : 2025-09-05 20:13:15===> API : null ===> Message : validateRequest() Invoked!
info: ===> TimeStamp : 2025-09-05 20:13:15===> API : null ===> Message : validRequest() :: Api validated Successfully
info: ===> TimeStamp : 2025-09-05 20:13:15===> API : /api/auth/login ===> Message : loginUser() invoked!!
info: ===> TimeStamp : 2025-09-05 20:13:15===> API : /api/auth/login ===> Message : loginUser() :: Request Object :: [object Object]
info: ===> TimeStamp : 2025-09-05 20:13:15===> API : /api/auth/login ===> Message : loginUserDB() Invoked !
info: ===> TimeStamp : 2025-09-05 20:13:15===> API : /api/auth/login ===> Message : loginUserResponse() invoked!
info: ===> TimeStamp : 2025-09-05 20:13:15===> API : /api/auth/login ===> Message : loginUserResponse() completed
info: ===> TimeStamp : 2025-09-05 20:36:55===> API : null ===> Message : validateRequest() invoked
info: ===> TimeStamp : 2025-09-05 20:36:55===> API : null ===> Message : fetchDBSettings()
info: ===> TimeStamp : 2025-09-05 20:36:55===> API : null ===> Message : validateRequest() Invoked!
info: ===> TimeStamp : 2025-09-05 20:36:55===> API : null ===> Message : validRequest() :: Api validated Successfully
info: ===> TimeStamp : 2025-09-05 20:36:55===> API : /api/auth/validateuser ===> Message : validateUser() invoked!!
info: ===> TimeStamp : 2025-09-05 20:36:55===> API : /api/auth/validateuser ===> Message : validateUser() :: Request Object :: [object Object]
info: ===> TimeStamp : 2025-09-05 20:36:55===> API : /api/auth/validateuser ===> Message : validateUserDB() Invoked !
info: ===> TimeStamp : 2025-09-05 20:36:55===> API : /api/auth/validateuser ===> Message : validateUserResponse() invoked!
info: ===> TimeStamp : 2025-09-05 20:36:55===> API : /api/auth/validateuser ===> Message : validateUserResponse() completed
info: ===> TimeStamp : 2025-09-05 20:36:55===> API : null ===> Message : validateRequest() invoked
info: ===> TimeStamp : 2025-09-05 20:36:55===> API : null ===> Message : fetchDBSettings()
info: ===> TimeStamp : 2025-09-05 20:36:55===> API : null ===> Message : validateRequest() Invoked!
info: ===> TimeStamp : 2025-09-05 20:36:55===> API : null ===> Message : validRequest() :: Api validated Successfully
info: ===> TimeStamp : 2025-09-05 20:36:55===> API : /api/auth/checkIP ===> Message : checkIP() invoked!!
info: ===> TimeStamp : 2025-09-05 20:36:55===> API : /api/auth/checkIP ===> Message : IPs match: 103.225.102.194
info: ===> TimeStamp : 2025-09-05 20:36:55===> API : /api/auth/checkIP ===> Message : checkIPResponse() invoked!
info: ===> TimeStamp : 2025-09-05 20:36:55===> API : /api/auth/checkIP ===> Message : checkIPResponse() completed
info: ===> TimeStamp : 2025-09-05 20:36:55===> API : null ===> Message : validateRequest() invoked
info: ===> TimeStamp : 2025-09-05 20:36:55===> API : null ===> Message : fetchDBSettings()
info: ===> TimeStamp : 2025-09-05 20:36:55===> API : null ===> Message : validateRequest() Invoked!
info: ===> TimeStamp : 2025-09-05 20:36:55===> API : null ===> Message : validRequest() :: Api validated Successfully
info: ===> TimeStamp : 2025-09-05 20:36:55===> API : /api/auth/login ===> Message : loginUser() invoked!!
info: ===> TimeStamp : 2025-09-05 20:36:55===> API : /api/auth/login ===> Message : loginUser() :: Request Object :: [object Object]
info: ===> TimeStamp : 2025-09-05 20:36:55===> API : /api/auth/login ===> Message : loginUserDB() Invoked !
info: ===> TimeStamp : 2025-09-05 20:36:55===> API : /api/auth/login ===> Message : loginUserResponse() invoked!
info: ===> TimeStamp : 2025-09-05 20:36:55===> API : /api/auth/login ===> Message : loginUserResponse() completed
info: ===> TimeStamp : 2025-09-05 21:46:58===> API : null ===> Message : validateRequest() invoked
info: ===> TimeStamp : 2025-09-05 21:46:58===> API : null ===> Message : validateRequest() Error:: Invalid Request :: 
      {"apiUri":"/login"}
info: ===> TimeStamp : 2025-09-05 21:52:47===> API : null ===> Message : validateRequest() invoked
info: ===> TimeStamp : 2025-09-05 21:52:47===> API : null ===> Message : fetchDBSettings()
info: ===> TimeStamp : 2025-09-05 21:52:47===> API : null ===> Message : validateRequest() Invoked!
info: ===> TimeStamp : 2025-09-05 21:52:47===> API : null ===> Message : validRequest() :: Api validated Successfully
info: ===> TimeStamp : 2025-09-05 21:52:47===> API : /api/auth/logout ===> Message : logoutUser() invoked!!
info: ===> TimeStamp : 2025-09-05 21:52:47===> API : /api/auth/logout ===> Message : logoutUser() :: Request Object :: [object Object]
info: ===> TimeStamp : 2025-09-05 21:52:47===> API : /api/auth/logout ===> Message : logoutUserDB() Invoked !
info: ===> TimeStamp : 2025-09-05 21:52:47===> API : /api/auth/logout ===> Message : logoutUserResponse() invoked!
info: ===> TimeStamp : 2025-09-05 21:52:47===> API : /api/auth/logout ===> Message : logoutUserResponse() completed
info: ===> TimeStamp : 2025-09-05 21:54:06===> API : null ===> Message : validateRequest() invoked
info: ===> TimeStamp : 2025-09-05 21:54:06===> API : null ===> Message : fetchDBSettings()
info: ===> TimeStamp : 2025-09-05 21:54:06===> API : null ===> Message : validateRequest() Invoked!
info: ===> TimeStamp : 2025-09-05 21:54:06===> API : null ===> Message : validRequest() :: Api validated Successfully
info: ===> TimeStamp : 2025-09-05 21:54:06===> API : /api/auth/validateuser ===> Message : validateUser() invoked!!
info: ===> TimeStamp : 2025-09-05 21:54:06===> API : /api/auth/validateuser ===> Message : validateUser() :: Request Object :: [object Object]
info: ===> TimeStamp : 2025-09-05 21:54:06===> API : /api/auth/validateuser ===> Message : validateUserDB() Invoked !
info: ===> TimeStamp : 2025-09-05 21:54:06===> API : /api/auth/validateuser ===> Message : validateUserResponse() invoked!
info: ===> TimeStamp : 2025-09-05 21:54:06===> API : /api/auth/validateuser ===> Message : validateUserResponse() completed
info: ===> TimeStamp : 2025-09-05 21:54:06===> API : null ===> Message : validateRequest() invoked
info: ===> TimeStamp : 2025-09-05 21:54:06===> API : null ===> Message : fetchDBSettings()
info: ===> TimeStamp : 2025-09-05 21:54:06===> API : null ===> Message : validateRequest() Invoked!
info: ===> TimeStamp : 2025-09-05 21:54:06===> API : null ===> Message : validRequest() :: Api validated Successfully
info: ===> TimeStamp : 2025-09-05 21:54:06===> API : /api/auth/login ===> Message : loginUser() :: Request Object :: [object Object]
info: ===> TimeStamp : 2025-09-05 21:54:06===> API : /api/auth/login ===> Message : loginUserDB() Invoked !
info: ===> TimeStamp : 2025-09-05 21:54:06===> API : /api/auth/login ===> Message : loginUser() invoked!!
info: ===> TimeStamp : 2025-09-05 21:54:06===> API : /api/auth/login ===> Message : loginUserResponse() invoked!
info: ===> TimeStamp : 2025-09-05 21:54:06===> API : /api/auth/login ===> Message : loginUserResponse() completed
info: ===> TimeStamp : 2025-09-05 21:57:47===> API : null ===> Message : validateRequest() invoked
info: ===> TimeStamp : 2025-09-05 21:57:47===> API : null ===> Message : fetchDBSettings()
info: ===> TimeStamp : 2025-09-05 21:57:47===> API : null ===> Message : validateRequest() Invoked!
info: ===> TimeStamp : 2025-09-05 21:57:47===> API : null ===> Message : validRequest() :: Api validated Successfully
info: ===> TimeStamp : 2025-09-05 21:57:47===> API : /api/auth/logout ===> Message : logoutUser() invoked!!
info: ===> TimeStamp : 2025-09-05 21:57:47===> API : /api/auth/logout ===> Message : logoutUser() :: Request Object :: [object Object]
info: ===> TimeStamp : 2025-09-05 21:57:47===> API : /api/auth/logout ===> Message : logoutUserDB() Invoked !
info: ===> TimeStamp : 2025-09-05 21:57:47===> API : /api/auth/logout ===> Message : logoutUserResponse() invoked!
info: ===> TimeStamp : 2025-09-05 21:57:47===> API : /api/auth/logout ===> Message : logoutUserResponse() completed
info: ===> TimeStamp : 2025-09-05 21:57:55===> API : null ===> Message : validateRequest() invoked
info: ===> TimeStamp : 2025-09-05 21:57:55===> API : null ===> Message : fetchDBSettings()
info: ===> TimeStamp : 2025-09-05 21:57:55===> API : null ===> Message : validateRequest() Invoked!
info: ===> TimeStamp : 2025-09-05 21:57:55===> API : null ===> Message : validRequest() :: Api validated Successfully
info: ===> TimeStamp : 2025-09-05 21:57:55===> API : /api/auth/validateuser ===> Message : validateUser() invoked!!
info: ===> TimeStamp : 2025-09-05 21:57:55===> API : /api/auth/validateuser ===> Message : validateUser() :: Request Object :: [object Object]
info: ===> TimeStamp : 2025-09-05 21:57:55===> API : /api/auth/validateuser ===> Message : validateUserDB() Invoked !
info: ===> TimeStamp : 2025-09-05 21:57:55===> API : /api/auth/validateuser ===> Message : validateUserResponse() invoked!
info: ===> TimeStamp : 2025-09-05 21:57:55===> API : /api/auth/validateuser ===> Message : validateUserResponse() completed
info: ===> TimeStamp : 2025-09-05 21:57:55===> API : null ===> Message : validateRequest() invoked
info: ===> TimeStamp : 2025-09-05 21:57:55===> API : null ===> Message : fetchDBSettings()
info: ===> TimeStamp : 2025-09-05 21:57:55===> API : null ===> Message : validateRequest() Invoked!
info: ===> TimeStamp : 2025-09-05 21:57:55===> API : null ===> Message : validRequest() :: Api validated Successfully
info: ===> TimeStamp : 2025-09-05 21:57:55===> API : /api/auth/checkIP ===> Message : checkIP() invoked!!
info: ===> TimeStamp : 2025-09-05 21:57:55===> API : /api/auth/checkIP ===> Message : IPs match: 103.255.182.117
info: ===> TimeStamp : 2025-09-05 21:57:55===> API : /api/auth/checkIP ===> Message : checkIPResponse() invoked!
info: ===> TimeStamp : 2025-09-05 21:57:55===> API : /api/auth/checkIP ===> Message : checkIPResponse() completed
info: ===> TimeStamp : 2025-09-05 21:57:55===> API : null ===> Message : validateRequest() invoked
info: ===> TimeStamp : 2025-09-05 21:57:55===> API : null ===> Message : fetchDBSettings()
info: ===> TimeStamp : 2025-09-05 21:57:55===> API : null ===> Message : validateRequest() Invoked!
info: ===> TimeStamp : 2025-09-05 21:57:55===> API : null ===> Message : validRequest() :: Api validated Successfully
info: ===> TimeStamp : 2025-09-05 21:57:55===> API : /api/auth/login ===> Message : loginUser() invoked!!
info: ===> TimeStamp : 2025-09-05 21:57:55===> API : /api/auth/login ===> Message : loginUser() :: Request Object :: [object Object]
info: ===> TimeStamp : 2025-09-05 21:57:55===> API : /api/auth/login ===> Message : loginUserDB() Invoked !
info: ===> TimeStamp : 2025-09-05 21:57:56===> API : /api/auth/login ===> Message : loginUserResponse() invoked!
info: ===> TimeStamp : 2025-09-05 21:57:56===> API : /api/auth/login ===> Message : loginUserResponse() completed
info: ===> TimeStamp : 2025-09-05 21:58:36===> API : null ===> Message : fetchDBSettings()
info: ===> TimeStamp : 2025-09-05 21:58:36===> API : null ===> Message : validateRequest() invoked
info: ===> TimeStamp : 2025-09-05 21:58:36===> API : null ===> Message : validateRequest() Invoked!
info: ===> TimeStamp : 2025-09-05 21:58:36===> API : null ===> Message : validRequest() :: Api validated Successfully
info: ===> TimeStamp : 2025-09-05 21:58:36===> API : /api/auth/validateuser ===> Message : validateUser() invoked!!
info: ===> TimeStamp : 2025-09-05 21:58:36===> API : /api/auth/validateuser ===> Message : validateUser() :: Request Object :: [object Object]
info: ===> TimeStamp : 2025-09-05 21:58:36===> API : /api/auth/validateuser ===> Message : validateUserDB() Invoked !
info: ===> TimeStamp : 2025-09-05 21:58:36===> API : /api/auth/validateuser ===> Message : validateUserResponse() invoked!
info: ===> TimeStamp : 2025-09-05 21:58:36===> API : /api/auth/validateuser ===> Message : validateUserResponse() completed
info: ===> TimeStamp : 2025-09-05 21:58:36===> API : null ===> Message : validateRequest() invoked
info: ===> TimeStamp : 2025-09-05 21:58:36===> API : null ===> Message : fetchDBSettings()
info: ===> TimeStamp : 2025-09-05 21:58:36===> API : null ===> Message : validateRequest() Invoked!
info: ===> TimeStamp : 2025-09-05 21:58:36===> API : null ===> Message : validRequest() :: Api validated Successfully
info: ===> TimeStamp : 2025-09-05 21:58:36===> API : /api/auth/checkIP ===> Message : checkIP() invoked!!
info: ===> TimeStamp : 2025-09-05 21:58:36===> API : /api/auth/checkIP ===> Message : IPs match: 103.225.102.194
info: ===> TimeStamp : 2025-09-05 21:58:36===> API : /api/auth/checkIP ===> Message : checkIPResponse() invoked!
info: ===> TimeStamp : 2025-09-05 21:58:36===> API : /api/auth/checkIP ===> Message : checkIPResponse() completed
info: ===> TimeStamp : 2025-09-05 21:58:36===> API : null ===> Message : validateRequest() invoked
info: ===> TimeStamp : 2025-09-05 21:58:36===> API : null ===> Message : fetchDBSettings()
info: ===> TimeStamp : 2025-09-05 21:58:36===> API : null ===> Message : validateRequest() Invoked!
info: ===> TimeStamp : 2025-09-05 21:58:36===> API : null ===> Message : validRequest() :: Api validated Successfully
info: ===> TimeStamp : 2025-09-05 21:58:36===> API : /api/auth/login ===> Message : loginUser() invoked!!
info: ===> TimeStamp : 2025-09-05 21:58:36===> API : /api/auth/login ===> Message : loginUser() :: Request Object :: [object Object]
info: ===> TimeStamp : 2025-09-05 21:58:36===> API : /api/auth/login ===> Message : loginUserDB() Invoked !
info: ===> TimeStamp : 2025-09-05 21:58:36===> API : /api/auth/login ===> Message : loginUserResponse() invoked!
info: ===> TimeStamp : 2025-09-05 21:58:36===> API : /api/auth/login ===> Message : loginUserResponse() completed
info: ===> TimeStamp : 2025-09-05 22:03:52===> API : null ===> Message : validateRequest() invoked
info: ===> TimeStamp : 2025-09-05 22:03:52===> API : null ===> Message : fetchDBSettings()
info: ===> TimeStamp : 2025-09-05 22:03:52===> API : null ===> Message : validateRequest() Invoked!
info: ===> TimeStamp : 2025-09-05 22:03:52===> API : null ===> Message : validRequest() :: Api validated Successfully
info: ===> TimeStamp : 2025-09-05 22:03:52===> API : /api/auth/validateuser ===> Message : validateUser() invoked!!
info: ===> TimeStamp : 2025-09-05 22:03:52===> API : /api/auth/validateuser ===> Message : validateUser() :: Request Object :: [object Object]
info: ===> TimeStamp : 2025-09-05 22:03:52===> API : /api/auth/validateuser ===> Message : validateUserDB() Invoked !
info: ===> TimeStamp : 2025-09-05 22:03:52===> API : /api/auth/validateuser ===> Message : validateUserResponse() invoked!
info: ===> TimeStamp : 2025-09-05 22:03:52===> API : /api/auth/validateuser ===> Message : validateUserResponse() completed
info: ===> TimeStamp : 2025-09-05 22:03:53===> API : null ===> Message : validateRequest() invoked
info: ===> TimeStamp : 2025-09-05 22:03:53===> API : null ===> Message : fetchDBSettings()
info: ===> TimeStamp : 2025-09-05 22:03:53===> API : null ===> Message : validateRequest() Invoked!
info: ===> TimeStamp : 2025-09-05 22:03:53===> API : null ===> Message : validRequest() :: Api validated Successfully
info: ===> TimeStamp : 2025-09-05 22:03:53===> API : /api/auth/login ===> Message : loginUser() invoked!!
info: ===> TimeStamp : 2025-09-05 22:03:53===> API : /api/auth/login ===> Message : loginUser() :: Request Object :: [object Object]
info: ===> TimeStamp : 2025-09-05 22:03:53===> API : /api/auth/login ===> Message : loginUserDB() Invoked !
info: ===> TimeStamp : 2025-09-05 22:03:53===> API : /api/auth/login ===> Message : loginUserResponse() invoked!
info: ===> TimeStamp : 2025-09-05 22:03:53===> API : /api/auth/login ===> Message : loginUserResponse() completed
info: ===> TimeStamp : 2025-09-05 22:14:43===> API : null ===> Message : fetchDBSettings()
info: ===> TimeStamp : 2025-09-05 22:14:43===> API : null ===> Message : validateRequest() invoked
info: ===> TimeStamp : 2025-09-05 22:14:43===> API : null ===> Message : validateRequest() Invoked!
info: ===> TimeStamp : 2025-09-05 22:14:43===> API : null ===> Message : validRequest() :: Api validated Successfully
info: ===> TimeStamp : 2025-09-05 22:14:43===> API : /api/auth/validateuser ===> Message : validateUser() invoked!!
info: ===> TimeStamp : 2025-09-05 22:14:43===> API : /api/auth/validateuser ===> Message : validateUser() :: Request Object :: [object Object]
info: ===> TimeStamp : 2025-09-05 22:14:43===> API : /api/auth/validateuser ===> Message : validateUserDB() Invoked !
info: ===> TimeStamp : 2025-09-05 22:14:43===> API : /api/auth/validateuser ===> Message : validateUserResponse() invoked!
info: ===> TimeStamp : 2025-09-05 22:14:43===> API : /api/auth/validateuser ===> Message : validateUserResponse() completed
info: ===> TimeStamp : 2025-09-05 22:14:43===> API : null ===> Message : validateRequest() invoked
info: ===> TimeStamp : 2025-09-05 22:14:43===> API : null ===> Message : fetchDBSettings()
info: ===> TimeStamp : 2025-09-05 22:14:43===> API : null ===> Message : validateRequest() Invoked!
info: ===> TimeStamp : 2025-09-05 22:14:43===> API : null ===> Message : validRequest() :: Api validated Successfully
info: ===> TimeStamp : 2025-09-05 22:14:43===> API : /api/auth/login ===> Message : loginUser() invoked!!
info: ===> TimeStamp : 2025-09-05 22:14:43===> API : /api/auth/login ===> Message : loginUser() :: Request Object :: [object Object]
info: ===> TimeStamp : 2025-09-05 22:14:43===> API : /api/auth/login ===> Message : loginUserDB() Invoked !
info: ===> TimeStamp : 2025-09-05 22:14:43===> API : /api/auth/login ===> Message : loginUserResponse() invoked!
info: ===> TimeStamp : 2025-09-05 22:14:43===> API : /api/auth/login ===> Message : loginUserResponse() completed
info: ===> TimeStamp : 2025-09-05 23:25:56===> API : null ===> Message : validateRequest() invoked
info: ===> TimeStamp : 2025-09-05 23:25:56===> API : null ===> Message : fetchDBSettings()
info: ===> TimeStamp : 2025-09-05 23:25:56===> API : null ===> Message : validateRequest() Invoked!
info: ===> TimeStamp : 2025-09-05 23:25:56===> API : null ===> Message : validRequest() :: Api validated Successfully
info: ===> TimeStamp : 2025-09-05 23:25:56===> API : /api/auth/validateuser ===> Message : validateUser() :: Request Object :: [object Object]
info: ===> TimeStamp : 2025-09-05 23:25:56===> API : /api/auth/validateuser ===> Message : validateUser() invoked!!
info: ===> TimeStamp : 2025-09-05 23:25:56===> API : /api/auth/validateuser ===> Message : validateUserDB() Invoked !
info: ===> TimeStamp : 2025-09-05 23:25:56===> API : /api/auth/validateuser ===> Message : validateUserResponse() invoked!
info: ===> TimeStamp : 2025-09-05 23:25:56===> API : /api/auth/validateuser ===> Message : validateUserResponse() completed
info: ===> TimeStamp : 2025-09-05 23:25:56===> API : null ===> Message : validateRequest() invoked
info: ===> TimeStamp : 2025-09-05 23:25:56===> API : null ===> Message : fetchDBSettings()
info: ===> TimeStamp : 2025-09-05 23:25:56===> API : null ===> Message : validateRequest() Invoked!
info: ===> TimeStamp : 2025-09-05 23:25:56===> API : null ===> Message : validRequest() :: Api validated Successfully
info: ===> TimeStamp : 2025-09-05 23:25:56===> API : /api/auth/login ===> Message : loginUser() invoked!!
info: ===> TimeStamp : 2025-09-05 23:25:56===> API : /api/auth/login ===> Message : loginUser() :: Request Object :: [object Object]
info: ===> TimeStamp : 2025-09-05 23:25:56===> API : /api/auth/login ===> Message : loginUserDB() Invoked !
info: ===> TimeStamp : 2025-09-05 23:25:56===> API : /api/auth/login ===> Message : loginUserResponse() invoked!
info: ===> TimeStamp : 2025-09-05 23:25:56===> API : /api/auth/login ===> Message : loginUserResponse() completed
info: ===> TimeStamp : 2025-09-05 23:49:51===> API : null ===> Message : validateRequest() invoked
info: ===> TimeStamp : 2025-09-05 23:49:51===> API : null ===> Message : fetchDBSettings()
info: ===> TimeStamp : 2025-09-05 23:49:51===> API : null ===> Message : validateRequest() Invoked!
info: ===> TimeStamp : 2025-09-05 23:49:51===> API : null ===> Message : validRequest() :: Api validated Successfully
info: ===> TimeStamp : 2025-09-05 23:49:51===> API : /api/auth/validateuser ===> Message : validateUser() invoked!!
info: ===> TimeStamp : 2025-09-05 23:49:51===> API : /api/auth/validateuser ===> Message : validateUser() :: Request Object :: [object Object]
info: ===> TimeStamp : 2025-09-05 23:49:51===> API : /api/auth/validateuser ===> Message : validateUserDB() Invoked !
info: ===> TimeStamp : 2025-09-05 23:49:51===> API : /api/auth/validateuser ===> Message : validateUserResponse() invoked!
info: ===> TimeStamp : 2025-09-05 23:49:51===> API : /api/auth/validateuser ===> Message : validateUserResponse() completed
info: ===> TimeStamp : 2025-09-05 23:49:52===> API : null ===> Message : validateRequest() invoked
info: ===> TimeStamp : 2025-09-05 23:49:52===> API : null ===> Message : fetchDBSettings()
info: ===> TimeStamp : 2025-09-05 23:49:52===> API : null ===> Message : validateRequest() Invoked!
info: ===> TimeStamp : 2025-09-05 23:49:52===> API : null ===> Message : validRequest() :: Api validated Successfully
info: ===> TimeStamp : 2025-09-05 23:49:52===> API : /api/auth/login ===> Message : loginUser() invoked!!
info: ===> TimeStamp : 2025-09-05 23:49:52===> API : /api/auth/login ===> Message : loginUser() :: Request Object :: [object Object]
info: ===> TimeStamp : 2025-09-05 23:49:52===> API : /api/auth/login ===> Message : loginUserDB() Invoked !
info: ===> TimeStamp : 2025-09-05 23:49:52===> API : /api/auth/login ===> Message : loginUserResponse() invoked!
info: ===> TimeStamp : 2025-09-05 23:49:52===> API : /api/auth/login ===> Message : loginUserResponse() completed
info: ===> TimeStamp : 2025-09-05 23:53:07===> API : null ===> Message : validateRequest() invoked
info: ===> TimeStamp : 2025-09-05 23:53:07===> API : null ===> Message : fetchDBSettings()
info: ===> TimeStamp : 2025-09-05 23:53:07===> API : null ===> Message : validateRequest() Invoked!
info: ===> TimeStamp : 2025-09-05 23:53:07===> API : null ===> Message : validRequest() :: Api validated Successfully
info: ===> TimeStamp : 2025-09-05 23:53:07===> API : /api/auth/validateuser ===> Message : validateUser() invoked!!
info: ===> TimeStamp : 2025-09-05 23:53:07===> API : /api/auth/validateuser ===> Message : validateUser() :: Request Object :: [object Object]
info: ===> TimeStamp : 2025-09-05 23:53:07===> API : /api/auth/validateuser ===> Message : validateUserDB() Invoked !
info: ===> TimeStamp : 2025-09-05 23:53:07===> API : /api/auth/validateuser ===> Message : validateUserResponse() invoked!
info: ===> TimeStamp : 2025-09-05 23:53:07===> API : /api/auth/validateuser ===> Message : validateUserResponse() completed
info: ===> TimeStamp : 2025-09-05 23:53:07===> API : null ===> Message : validateRequest() invoked
info: ===> TimeStamp : 2025-09-05 23:53:07===> API : null ===> Message : fetchDBSettings()
info: ===> TimeStamp : 2025-09-05 23:53:07===> API : null ===> Message : validateRequest() Invoked!
info: ===> TimeStamp : 2025-09-05 23:53:07===> API : null ===> Message : validRequest() :: Api validated Successfully
info: ===> TimeStamp : 2025-09-05 23:53:07===> API : /api/auth/login ===> Message : loginUser() invoked!!
info: ===> TimeStamp : 2025-09-05 23:53:07===> API : /api/auth/login ===> Message : loginUser() :: Request Object :: [object Object]
info: ===> TimeStamp : 2025-09-05 23:53:07===> API : /api/auth/login ===> Message : loginUserDB() Invoked !
info: ===> TimeStamp : 2025-09-05 23:53:07===> API : /api/auth/login ===> Message : loginUserResponse() invoked!
info: ===> TimeStamp : 2025-09-05 23:53:07===> API : /api/auth/login ===> Message : loginUserResponse() completed
info: ===> TimeStamp : 2025-09-06 00:19:27===> API : null ===> Message : validateRequest() invoked
info: ===> TimeStamp : 2025-09-06 00:19:27===> API : null ===> Message : fetchDBSettings()
info: ===> TimeStamp : 2025-09-06 00:19:27===> API : null ===> Message : validateRequest() Invoked!
info: ===> TimeStamp : 2025-09-06 00:19:28===> API : null ===> Message : validRequest() :: Api validated Successfully
info: ===> TimeStamp : 2025-09-06 00:19:28===> API : /api/auth/validateuser ===> Message : validateUser() invoked!!
info: ===> TimeStamp : 2025-09-06 00:19:28===> API : /api/auth/validateuser ===> Message : validateUser() :: Request Object :: [object Object]
info: ===> TimeStamp : 2025-09-06 00:19:28===> API : /api/auth/validateuser ===> Message : validateUserDB() Invoked !
info: ===> TimeStamp : 2025-09-06 00:19:28===> API : /api/auth/validateuser ===> Message : validateUserResponse() invoked!
info: ===> TimeStamp : 2025-09-06 00:19:28===> API : /api/auth/validateuser ===> Message : validateUserResponse() completed
info: ===> TimeStamp : 2025-09-06 00:19:28===> API : null ===> Message : validateRequest() invoked
info: ===> TimeStamp : 2025-09-06 00:19:28===> API : null ===> Message : fetchDBSettings()
info: ===> TimeStamp : 2025-09-06 00:19:28===> API : null ===> Message : validateRequest() Invoked!
info: ===> TimeStamp : 2025-09-06 00:19:28===> API : null ===> Message : validRequest() :: Api validated Successfully
info: ===> TimeStamp : 2025-09-06 00:19:28===> API : /api/auth/login ===> Message : loginUser() invoked!!
info: ===> TimeStamp : 2025-09-06 00:19:28===> API : /api/auth/login ===> Message : loginUser() :: Request Object :: [object Object]
info: ===> TimeStamp : 2025-09-06 00:19:28===> API : /api/auth/login ===> Message : loginUserDB() Invoked !
info: ===> TimeStamp : 2025-09-06 00:19:28===> API : /api/auth/login ===> Message : loginUserResponse() invoked!
info: ===> TimeStamp : 2025-09-06 00:19:28===> API : /api/auth/login ===> Message : loginUserResponse() completed
info: ===> TimeStamp : 2025-09-06 02:49:11===> API : null ===> Message : validateRequest() invoked
info: ===> TimeStamp : 2025-09-06 02:49:11===> API : null ===> Message : fetchDBSettings()
info: ===> TimeStamp : 2025-09-06 02:49:11===> API : null ===> Message : validateRequest() Invoked!
info: ===> TimeStamp : 2025-09-06 02:49:11===> API : null ===> Message : validRequest() :: Api validated Successfully
info: ===> TimeStamp : 2025-09-06 02:49:11===> API : /api/auth/logout ===> Message : logoutUser() invoked!!
info: ===> TimeStamp : 2025-09-06 02:49:11===> API : /api/auth/logout ===> Message : logoutUser() :: Request Object :: [object Object]
info: ===> TimeStamp : 2025-09-06 02:49:11===> API : /api/auth/logout ===> Message : logoutUserDB() Invoked !
info: ===> TimeStamp : 2025-09-06 02:49:11===> API : /api/auth/logout ===> Message : logoutUserResponse() invoked!
info: ===> TimeStamp : 2025-09-06 02:49:11===> API : /api/auth/logout ===> Message : logoutUserResponse() completed
info: ===> TimeStamp : 2025-09-06 03:06:10===> API : null ===> Message : validateRequest() invoked
info: ===> TimeStamp : 2025-09-06 03:06:10===> API : null ===> Message : fetchDBSettings()
info: ===> TimeStamp : 2025-09-06 03:06:10===> API : null ===> Message : validateRequest() Invoked!
info: ===> TimeStamp : 2025-09-06 03:06:11===> API : null ===> Message : validRequest() :: Api validated Successfully
info: ===> TimeStamp : 2025-09-06 03:06:11===> API : /api/auth/logout ===> Message : logoutUser() invoked!!
info: ===> TimeStamp : 2025-09-06 03:06:11===> API : /api/auth/logout ===> Message : logoutUser() :: Request Object :: [object Object]
info: ===> TimeStamp : 2025-09-06 03:06:11===> API : /api/auth/logout ===> Message : logoutUserDB() Invoked !
info: ===> TimeStamp : 2025-09-06 03:06:11===> API : /api/auth/logout ===> Message : logoutUserResponse() invoked!
info: ===> TimeStamp : 2025-09-06 03:06:11===> API : /api/auth/logout ===> Message : logoutUserResponse() completed
info: ===> TimeStamp : 2025-09-06 03:06:21===> API : null ===> Message : validateRequest() invoked
info: ===> TimeStamp : 2025-09-06 03:06:21===> API : null ===> Message : fetchDBSettings()
info: ===> TimeStamp : 2025-09-06 03:06:21===> API : null ===> Message : validateRequest() Invoked!
info: ===> TimeStamp : 2025-09-06 03:06:21===> API : null ===> Message : validRequest() :: Api validated Successfully
info: ===> TimeStamp : 2025-09-06 03:06:21===> API : /api/auth/validateuser ===> Message : validateUser() invoked!!
info: ===> TimeStamp : 2025-09-06 03:06:21===> API : /api/auth/validateuser ===> Message : validateUser() :: Request Object :: [object Object]
info: ===> TimeStamp : 2025-09-06 03:06:21===> API : /api/auth/validateuser ===> Message : validateUserDB() Invoked !
info: ===> TimeStamp : 2025-09-06 03:06:21===> API : /api/auth/validateuser ===> Message : validateUserResponse() invoked!
info: ===> TimeStamp : 2025-09-06 03:06:21===> API : /api/auth/validateuser ===> Message : validateUserResponse() completed
info: ===> TimeStamp : 2025-09-06 03:06:21===> API : null ===> Message : validateRequest() invoked
info: ===> TimeStamp : 2025-09-06 03:06:21===> API : null ===> Message : fetchDBSettings()
info: ===> TimeStamp : 2025-09-06 03:06:21===> API : null ===> Message : validateRequest() Invoked!
info: ===> TimeStamp : 2025-09-06 03:06:21===> API : null ===> Message : validRequest() :: Api validated Successfully
info: ===> TimeStamp : 2025-09-06 03:06:21===> API : /api/auth/checkIP ===> Message : checkIP() invoked!!
info: ===> TimeStamp : 2025-09-06 03:06:21===> API : /api/auth/checkIP ===> Message : IPs match: 103.255.182.117
info: ===> TimeStamp : 2025-09-06 03:06:21===> API : /api/auth/checkIP ===> Message : checkIPResponse() invoked!
info: ===> TimeStamp : 2025-09-06 03:06:21===> API : /api/auth/checkIP ===> Message : checkIPResponse() completed
info: ===> TimeStamp : 2025-09-06 03:06:21===> API : null ===> Message : validateRequest() invoked
info: ===> TimeStamp : 2025-09-06 03:06:21===> API : null ===> Message : fetchDBSettings()
info: ===> TimeStamp : 2025-09-06 03:06:21===> API : null ===> Message : validateRequest() Invoked!
info: ===> TimeStamp : 2025-09-06 03:06:21===> API : null ===> Message : validRequest() :: Api validated Successfully
info: ===> TimeStamp : 2025-09-06 03:06:21===> API : /api/auth/login ===> Message : loginUser() invoked!!
info: ===> TimeStamp : 2025-09-06 03:06:21===> API : /api/auth/login ===> Message : loginUser() :: Request Object :: [object Object]
info: ===> TimeStamp : 2025-09-06 03:06:21===> API : /api/auth/login ===> Message : loginUserDB() Invoked !
info: ===> TimeStamp : 2025-09-06 03:06:21===> API : /api/auth/login ===> Message : loginUserResponse() invoked!
info: ===> TimeStamp : 2025-09-06 03:06:21===> API : /api/auth/login ===> Message : loginUserResponse() completed
info: ===> TimeStamp : 2025-09-06 03:07:10===> API : null ===> Message : validateRequest() invoked
info: ===> TimeStamp : 2025-09-06 03:07:10===> API : null ===> Message : fetchDBSettings()
info: ===> TimeStamp : 2025-09-06 03:07:10===> API : null ===> Message : validateRequest() Invoked!
info: ===> TimeStamp : 2025-09-06 03:07:10===> API : null ===> Message : validRequest() :: Api validated Successfully
info: ===> TimeStamp : 2025-09-06 03:07:10===> API : /api/auth/validateuser ===> Message : validateUser() invoked!!
info: ===> TimeStamp : 2025-09-06 03:07:10===> API : /api/auth/validateuser ===> Message : validateUser() :: Request Object :: [object Object]
info: ===> TimeStamp : 2025-09-06 03:07:10===> API : /api/auth/validateuser ===> Message : validateUserDB() Invoked !
info: ===> TimeStamp : 2025-09-06 03:07:10===> API : /api/auth/validateuser ===> Message : validateUserResponse() invoked!
info: ===> TimeStamp : 2025-09-06 03:07:10===> API : /api/auth/validateuser ===> Message : validateUserResponse() completed
info: ===> TimeStamp : 2025-09-06 03:07:10===> API : null ===> Message : validateRequest() invoked
info: ===> TimeStamp : 2025-09-06 03:07:10===> API : null ===> Message : fetchDBSettings()
info: ===> TimeStamp : 2025-09-06 03:07:11===> API : null ===> Message : validateRequest() Invoked!
info: ===> TimeStamp : 2025-09-06 03:07:11===> API : null ===> Message : validRequest() :: Api validated Successfully
info: ===> TimeStamp : 2025-09-06 03:07:11===> API : /api/auth/checkIP ===> Message : checkIP() invoked!!
info: ===> TimeStamp : 2025-09-06 03:07:11===> API : /api/auth/checkIP ===> Message : IPs match: 103.225.102.194
info: ===> TimeStamp : 2025-09-06 03:07:11===> API : /api/auth/checkIP ===> Message : checkIPResponse() invoked!
info: ===> TimeStamp : 2025-09-06 03:07:11===> API : /api/auth/checkIP ===> Message : checkIPResponse() completed
info: ===> TimeStamp : 2025-09-06 03:07:11===> API : null ===> Message : validateRequest() invoked
info: ===> TimeStamp : 2025-09-06 03:07:11===> API : null ===> Message : fetchDBSettings()
info: ===> TimeStamp : 2025-09-06 03:07:11===> API : null ===> Message : validateRequest() Invoked!
info: ===> TimeStamp : 2025-09-06 03:07:11===> API : null ===> Message : validRequest() :: Api validated Successfully
info: ===> TimeStamp : 2025-09-06 03:07:11===> API : /api/auth/login ===> Message : loginUser() invoked!!
info: ===> TimeStamp : 2025-09-06 03:07:11===> API : /api/auth/login ===> Message : loginUser() :: Request Object :: [object Object]
info: ===> TimeStamp : 2025-09-06 03:07:11===> API : /api/auth/login ===> Message : loginUserDB() Invoked !
info: ===> TimeStamp : 2025-09-06 03:07:11===> API : /api/auth/login ===> Message : loginUserResponse() invoked!
info: ===> TimeStamp : 2025-09-06 03:07:11===> API : /api/auth/login ===> Message : loginUserResponse() completed
info: ===> TimeStamp : 2025-09-06 05:04:47===> API : null ===> Message : fetchDBSettings()
info: ===> TimeStamp : 2025-09-06 05:04:47===> API : null ===> Message : validateRequest() invoked
info: ===> TimeStamp : 2025-09-06 05:04:47===> API : null ===> Message : validateRequest() Invoked!
info: ===> TimeStamp : 2025-09-06 05:04:47===> API : null ===> Message : validRequest() :: Api validated Successfully
info: ===> TimeStamp : 2025-09-06 05:04:47===> API : /api/auth/validateuser ===> Message : validateUser() invoked!!
info: ===> TimeStamp : 2025-09-06 05:04:47===> API : /api/auth/validateuser ===> Message : validateUser() :: Request Object :: [object Object]
info: ===> TimeStamp : 2025-09-06 05:04:47===> API : /api/auth/validateuser ===> Message : validateUserDB() Invoked !
info: ===> TimeStamp : 2025-09-06 05:04:47===> API : /api/auth/validateuser ===> Message : validateUserResponse() invoked!
info: ===> TimeStamp : 2025-09-06 05:04:47===> API : /api/auth/validateuser ===> Message : validateUserResponse() completed
info: ===> TimeStamp : 2025-09-06 05:04:47===> API : null ===> Message : validateRequest() invoked
info: ===> TimeStamp : 2025-09-06 05:04:47===> API : null ===> Message : fetchDBSettings()
info: ===> TimeStamp : 2025-09-06 05:04:47===> API : null ===> Message : validateRequest() Invoked!
info: ===> TimeStamp : 2025-09-06 05:04:47===> API : null ===> Message : validRequest() :: Api validated Successfully
info: ===> TimeStamp : 2025-09-06 05:04:47===> API : /api/auth/login ===> Message : loginUser() invoked!!
info: ===> TimeStamp : 2025-09-06 05:04:47===> API : /api/auth/login ===> Message : loginUser() :: Request Object :: [object Object]
info: ===> TimeStamp : 2025-09-06 05:04:47===> API : /api/auth/login ===> Message : loginUserDB() Invoked !
info: ===> TimeStamp : 2025-09-06 05:04:47===> API : /api/auth/login ===> Message : loginUserResponse() invoked!
info: ===> TimeStamp : 2025-09-06 05:04:47===> API : /api/auth/login ===> Message : loginUserResponse() completed
