info: ===> TimeStamp : 2025-05-31 06:50:19===> API : null ===> Message : validateRequest() invoked
info: ===> TimeStamp : 2025-05-31 06:50:19===> API : null ===> Message : fetchDBSettings()
info: ===> TimeStamp : 2025-05-31 06:50:19===> API : null ===> Message : validateRequest() Invoked!
info: ===> TimeStamp : 2025-05-31 06:50:19===> API : null ===> Message : validRequest() :: Api validated Successfully
info: ===> TimeStamp : 2025-05-31 06:50:19===> API : /api/auth/logout ===> Message : logoutUser() invoked!!
info: ===> TimeStamp : 2025-05-31 06:50:19===> API : /api/auth/logout ===> Message : logoutUser() :: Request Object :: [object Object]
info: ===> TimeStamp : 2025-05-31 06:50:19===> API : /api/auth/logout ===> Message : logoutUserDB() Invoked !
info: ===> TimeStamp : 2025-05-31 06:50:19===> API : /api/auth/logout ===> Message : logoutUserResponse() invoked!
info: ===> TimeStamp : 2025-05-31 06:50:19===> API : /api/auth/logout ===> Message : logoutUserResponse() completed
info: ===> TimeStamp : 2025-05-31 06:50:21===> API : null ===> Message : validateRequest() invoked
info: ===> TimeStamp : 2025-05-31 06:50:21===> API : null ===> Message : fetchDBSettings()
info: ===> TimeStamp : 2025-05-31 06:50:21===> API : null ===> Message : validateRequest() Invoked!
info: ===> TimeStamp : 2025-05-31 06:50:21===> API : null ===> Message : validRequest() :: Api validated Successfully
info: ===> TimeStamp : 2025-05-31 06:50:21===> API : /api/auth/validateuser ===> Message : validateUser() invoked!!
info: ===> TimeStamp : 2025-05-31 06:50:21===> API : /api/auth/validateuser ===> Message : validateUser() :: Request Object :: [object Object]
info: ===> TimeStamp : 2025-05-31 06:50:21===> API : /api/auth/validateuser ===> Message : validateUserDB() Invoked !
info: ===> TimeStamp : 2025-05-31 06:50:21===> API : /api/auth/validateuser ===> Message : validateUserResponse() invoked!
info: ===> TimeStamp : 2025-05-31 06:50:21===> API : /api/auth/validateuser ===> Message : validateUserResponse() completed
info: ===> TimeStamp : 2025-05-31 06:50:21===> API : null ===> Message : validateRequest() invoked
info: ===> TimeStamp : 2025-05-31 06:50:21===> API : null ===> Message : fetchDBSettings()
info: ===> TimeStamp : 2025-05-31 06:50:21===> API : null ===> Message : validateRequest() Invoked!
info: ===> TimeStamp : 2025-05-31 06:50:21===> API : null ===> Message : validRequest() :: Api validated Successfully
info: ===> TimeStamp : 2025-05-31 06:50:21===> API : /api/auth/checkIP ===> Message : checkIP() invoked!!
info: ===> TimeStamp : 2025-05-31 06:50:21===> API : /api/auth/checkIP ===> Message : IPs match: 103.255.182.117
info: ===> TimeStamp : 2025-05-31 06:50:21===> API : /api/auth/checkIP ===> Message : checkIPResponse() invoked!
info: ===> TimeStamp : 2025-05-31 06:50:21===> API : /api/auth/checkIP ===> Message : checkIPResponse() completed
info: ===> TimeStamp : 2025-05-31 06:50:21===> API : null ===> Message : validateRequest() invoked
info: ===> TimeStamp : 2025-05-31 06:50:21===> API : null ===> Message : fetchDBSettings()
info: ===> TimeStamp : 2025-05-31 06:50:21===> API : null ===> Message : validateRequest() Invoked!
info: ===> TimeStamp : 2025-05-31 06:50:21===> API : null ===> Message : validRequest() :: Api validated Successfully
info: ===> TimeStamp : 2025-05-31 06:50:21===> API : /api/auth/login ===> Message : loginUser() invoked!!
info: ===> TimeStamp : 2025-05-31 06:50:21===> API : /api/auth/login ===> Message : loginUser() :: Request Object :: [object Object]
info: ===> TimeStamp : 2025-05-31 06:50:21===> API : /api/auth/login ===> Message : loginUserDB() Invoked !
info: ===> TimeStamp : 2025-05-31 06:50:21===> API : /api/auth/login ===> Message : loginUserResponse() invoked!
info: ===> TimeStamp : 2025-05-31 06:50:21===> API : /api/auth/login ===> Message : loginUserResponse() completed
info: ===> TimeStamp : 2025-05-31 07:01:07===> API : null ===> Message : validateRequest() invoked
info: ===> TimeStamp : 2025-05-31 07:01:07===> API : null ===> Message : fetchDBSettings()
info: ===> TimeStamp : 2025-05-31 07:01:07===> API : null ===> Message : validateRequest() Invoked!
info: ===> TimeStamp : 2025-05-31 07:01:08===> API : null ===> Message : validRequest() :: Api validated Successfully
info: ===> TimeStamp : 2025-05-31 07:01:08===> API : /api/auth/logout ===> Message : logoutUser() :: Request Object :: [object Object]
info: ===> TimeStamp : 2025-05-31 07:01:08===> API : /api/auth/logout ===> Message : logoutUserDB() Invoked !
info: ===> TimeStamp : 2025-05-31 07:01:08===> API : /api/auth/logout ===> Message : logoutUser() invoked!!
info: ===> TimeStamp : 2025-05-31 07:01:08===> API : /api/auth/logout ===> Message : logoutUserResponse() invoked!
info: ===> TimeStamp : 2025-05-31 07:01:08===> API : /api/auth/logout ===> Message : logoutUserResponse() completed
info: ===> TimeStamp : 2025-05-31 07:01:16===> API : null ===> Message : validateRequest() invoked
info: ===> TimeStamp : 2025-05-31 07:01:16===> API : null ===> Message : fetchDBSettings()
info: ===> TimeStamp : 2025-05-31 07:01:16===> API : null ===> Message : validateRequest() Invoked!
info: ===> TimeStamp : 2025-05-31 07:01:16===> API : null ===> Message : validRequest() :: Api validated Successfully
info: ===> TimeStamp : 2025-05-31 07:01:16===> API : /api/auth/validateuser ===> Message : validateUser() invoked!!
info: ===> TimeStamp : 2025-05-31 07:01:16===> API : /api/auth/validateuser ===> Message : validateUser() :: Request Object :: [object Object]
info: ===> TimeStamp : 2025-05-31 07:01:16===> API : /api/auth/validateuser ===> Message : validateUserDB() Invoked !
info: ===> TimeStamp : 2025-05-31 07:01:16===> API : /api/auth/validateuser ===> Message : validateUserResponse() invoked!
info: ===> TimeStamp : 2025-05-31 07:01:16===> API : /api/auth/validateuser ===> Message : validateUserResponse() completed
info: ===> TimeStamp : 2025-05-31 07:01:16===> API : null ===> Message : validateRequest() invoked
info: ===> TimeStamp : 2025-05-31 07:01:16===> API : null ===> Message : fetchDBSettings()
info: ===> TimeStamp : 2025-05-31 07:01:16===> API : null ===> Message : validateRequest() Invoked!
info: ===> TimeStamp : 2025-05-31 07:01:16===> API : null ===> Message : validRequest() :: Api validated Successfully
info: ===> TimeStamp : 2025-05-31 07:01:16===> API : /api/auth/checkIP ===> Message : checkIP() invoked!!
info: ===> TimeStamp : 2025-05-31 07:01:16===> API : /api/auth/checkIP ===> Message : IPs match: 103.255.182.117
info: ===> TimeStamp : 2025-05-31 07:01:16===> API : /api/auth/checkIP ===> Message : checkIPResponse() invoked!
info: ===> TimeStamp : 2025-05-31 07:01:16===> API : /api/auth/checkIP ===> Message : checkIPResponse() completed
info: ===> TimeStamp : 2025-05-31 07:01:16===> API : null ===> Message : validateRequest() invoked
info: ===> TimeStamp : 2025-05-31 07:01:16===> API : null ===> Message : fetchDBSettings()
info: ===> TimeStamp : 2025-05-31 07:01:16===> API : null ===> Message : validateRequest() Invoked!
info: ===> TimeStamp : 2025-05-31 07:01:16===> API : null ===> Message : validRequest() :: Api validated Successfully
info: ===> TimeStamp : 2025-05-31 07:01:16===> API : /api/auth/login ===> Message : loginUser() :: Request Object :: [object Object]
info: ===> TimeStamp : 2025-05-31 07:01:16===> API : /api/auth/login ===> Message : loginUserDB() Invoked !
info: ===> TimeStamp : 2025-05-31 07:01:16===> API : /api/auth/login ===> Message : loginUser() invoked!!
info: ===> TimeStamp : 2025-05-31 07:01:16===> API : /api/auth/login ===> Message : loginUserResponse() invoked!
info: ===> TimeStamp : 2025-05-31 07:01:16===> API : /api/auth/login ===> Message : loginUserResponse() completed
info: ===> TimeStamp : 2025-05-31 07:01:34===> API : null ===> Message : validateRequest() invoked
info: ===> TimeStamp : 2025-05-31 07:01:34===> API : null ===> Message : fetchDBSettings()
info: ===> TimeStamp : 2025-05-31 07:01:34===> API : null ===> Message : validateRequest() Invoked!
info: ===> TimeStamp : 2025-05-31 07:01:34===> API : null ===> Message : validRequest() :: Api validated Successfully
info: ===> TimeStamp : 2025-05-31 07:01:34===> API : /api/auth/logout ===> Message : logoutUser() invoked!!
info: ===> TimeStamp : 2025-05-31 07:01:34===> API : /api/auth/logout ===> Message : logoutUser() :: Request Object :: [object Object]
info: ===> TimeStamp : 2025-05-31 07:01:34===> API : /api/auth/logout ===> Message : logoutUserDB() Invoked !
info: ===> TimeStamp : 2025-05-31 07:01:34===> API : /api/auth/logout ===> Message : logoutUserResponse() invoked!
info: ===> TimeStamp : 2025-05-31 07:01:34===> API : /api/auth/logout ===> Message : logoutUserResponse() completed
info: ===> TimeStamp : 2025-05-31 07:01:43===> API : null ===> Message : validateRequest() invoked
info: ===> TimeStamp : 2025-05-31 07:01:43===> API : null ===> Message : fetchDBSettings()
info: ===> TimeStamp : 2025-05-31 07:01:43===> API : null ===> Message : validateRequest() Invoked!
info: ===> TimeStamp : 2025-05-31 07:01:43===> API : null ===> Message : validRequest() :: Api validated Successfully
info: ===> TimeStamp : 2025-05-31 07:01:43===> API : /api/auth/validateuser ===> Message : validateUser() invoked!!
info: ===> TimeStamp : 2025-05-31 07:01:43===> API : /api/auth/validateuser ===> Message : validateUser() :: Request Object :: [object Object]
info: ===> TimeStamp : 2025-05-31 07:01:43===> API : /api/auth/validateuser ===> Message : validateUserDB() Invoked !
info: ===> TimeStamp : 2025-05-31 07:01:43===> API : /api/auth/validateuser ===> Message : validateUserResponse() invoked!
info: ===> TimeStamp : 2025-05-31 07:01:43===> API : /api/auth/validateuser ===> Message : validateUserResponse() completed
info: ===> TimeStamp : 2025-05-31 07:01:43===> API : null ===> Message : validateRequest() invoked
info: ===> TimeStamp : 2025-05-31 07:01:43===> API : null ===> Message : fetchDBSettings()
info: ===> TimeStamp : 2025-05-31 07:01:43===> API : null ===> Message : validateRequest() Invoked!
info: ===> TimeStamp : 2025-05-31 07:01:43===> API : null ===> Message : validRequest() :: Api validated Successfully
info: ===> TimeStamp : 2025-05-31 07:01:43===> API : /api/auth/checkIP ===> Message : checkIP() invoked!!
info: ===> TimeStamp : 2025-05-31 07:01:43===> API : /api/auth/checkIP ===> Message : IPs match: 103.255.182.117
info: ===> TimeStamp : 2025-05-31 07:01:43===> API : /api/auth/checkIP ===> Message : checkIPResponse() invoked!
info: ===> TimeStamp : 2025-05-31 07:01:43===> API : /api/auth/checkIP ===> Message : checkIPResponse() completed
info: ===> TimeStamp : 2025-05-31 07:01:43===> API : null ===> Message : validateRequest() invoked
info: ===> TimeStamp : 2025-05-31 07:01:43===> API : null ===> Message : fetchDBSettings()
info: ===> TimeStamp : 2025-05-31 07:01:43===> API : null ===> Message : validateRequest() Invoked!
info: ===> TimeStamp : 2025-05-31 07:01:43===> API : null ===> Message : validRequest() :: Api validated Successfully
info: ===> TimeStamp : 2025-05-31 07:01:43===> API : /api/auth/login ===> Message : loginUser() invoked!!
info: ===> TimeStamp : 2025-05-31 07:01:43===> API : /api/auth/login ===> Message : loginUser() :: Request Object :: [object Object]
info: ===> TimeStamp : 2025-05-31 07:01:43===> API : /api/auth/login ===> Message : loginUserDB() Invoked !
info: ===> TimeStamp : 2025-05-31 07:01:43===> API : /api/auth/login ===> Message : loginUserResponse() invoked!
info: ===> TimeStamp : 2025-05-31 07:01:43===> API : /api/auth/login ===> Message : loginUserResponse() completed
info: ===> TimeStamp : 2025-05-31 08:00:39===> API : null ===> Message : validateRequest() invoked
info: ===> TimeStamp : 2025-05-31 08:00:39===> API : null ===> Message : fetchDBSettings()
info: ===> TimeStamp : 2025-05-31 08:00:39===> API : null ===> Message : validateRequest() Invoked!
info: ===> TimeStamp : 2025-05-31 08:00:39===> API : null ===> Message : validRequest() :: Api validated Successfully
info: ===> TimeStamp : 2025-05-31 08:00:39===> API : /api/auth/validateuser ===> Message : validateUser() invoked!!
info: ===> TimeStamp : 2025-05-31 08:00:39===> API : /api/auth/validateuser ===> Message : validateUser() :: Request Object :: [object Object]
info: ===> TimeStamp : 2025-05-31 08:00:39===> API : /api/auth/validateuser ===> Message : validateUserDB() Invoked !
info: ===> TimeStamp : 2025-05-31 08:00:39===> API : /api/auth/validateuser ===> Message : validateUserResponse() invoked!
info: ===> TimeStamp : 2025-05-31 08:00:39===> API : /api/auth/validateuser ===> Message : validateUserResponse() completed
info: ===> TimeStamp : 2025-05-31 08:00:39===> API : null ===> Message : validateRequest() invoked
info: ===> TimeStamp : 2025-05-31 08:00:39===> API : null ===> Message : fetchDBSettings()
info: ===> TimeStamp : 2025-05-31 08:00:39===> API : null ===> Message : validateRequest() Invoked!
info: ===> TimeStamp : 2025-05-31 08:00:39===> API : null ===> Message : validRequest() :: Api validated Successfully
info: ===> TimeStamp : 2025-05-31 08:00:39===> API : /api/auth/login ===> Message : loginUser() invoked!!
info: ===> TimeStamp : 2025-05-31 08:00:39===> API : /api/auth/login ===> Message : loginUser() :: Request Object :: [object Object]
info: ===> TimeStamp : 2025-05-31 08:00:39===> API : /api/auth/login ===> Message : loginUserDB() Invoked !
info: ===> TimeStamp : 2025-05-31 08:00:39===> API : /api/auth/login ===> Message : loginUserResponse() invoked!
info: ===> TimeStamp : 2025-05-31 08:00:39===> API : /api/auth/login ===> Message : loginUserResponse() completed
info: ===> TimeStamp : 2025-05-31 08:25:43===> API : null ===> Message : validateRequest() invoked
info: ===> TimeStamp : 2025-05-31 08:25:43===> API : null ===> Message : fetchDBSettings()
info: ===> TimeStamp : 2025-05-31 08:25:43===> API : null ===> Message : validateRequest() Invoked!
info: ===> TimeStamp : 2025-05-31 08:25:43===> API : null ===> Message : validRequest() :: Api validated Successfully
info: ===> TimeStamp : 2025-05-31 08:25:43===> API : /api/auth/validateuser ===> Message : validateUser() invoked!!
info: ===> TimeStamp : 2025-05-31 08:25:43===> API : /api/auth/validateuser ===> Message : validateUser() :: Request Object :: [object Object]
info: ===> TimeStamp : 2025-05-31 08:25:43===> API : /api/auth/validateuser ===> Message : validateUserDB() Invoked !
info: ===> TimeStamp : 2025-05-31 08:25:43===> API : /api/auth/validateuser ===> Message : validateUserResponse() invoked!
info: ===> TimeStamp : 2025-05-31 08:25:43===> API : /api/auth/validateuser ===> Message : validateUserResponse() completed
info: ===> TimeStamp : 2025-05-31 08:25:44===> API : null ===> Message : validateRequest() invoked
info: ===> TimeStamp : 2025-05-31 08:25:44===> API : null ===> Message : fetchDBSettings()
info: ===> TimeStamp : 2025-05-31 08:25:44===> API : null ===> Message : validateRequest() Invoked!
info: ===> TimeStamp : 2025-05-31 08:25:44===> API : null ===> Message : validRequest() :: Api validated Successfully
info: ===> TimeStamp : 2025-05-31 08:25:44===> API : /api/auth/login ===> Message : loginUser() :: Request Object :: [object Object]
info: ===> TimeStamp : 2025-05-31 08:25:44===> API : /api/auth/login ===> Message : loginUser() invoked!!
info: ===> TimeStamp : 2025-05-31 08:25:44===> API : /api/auth/login ===> Message : loginUserDB() Invoked !
info: ===> TimeStamp : 2025-05-31 08:25:44===> API : /api/auth/login ===> Message : loginUserResponse() invoked!
info: ===> TimeStamp : 2025-05-31 08:25:44===> API : /api/auth/login ===> Message : loginUserResponse() completed
info: ===> TimeStamp : 2025-05-31 10:02:16===> API : null ===> Message : validateRequest() invoked
info: ===> TimeStamp : 2025-05-31 10:02:16===> API : null ===> Message : fetchDBSettings()
info: ===> TimeStamp : 2025-05-31 10:02:16===> API : null ===> Message : validateRequest() Invoked!
info: ===> TimeStamp : 2025-05-31 10:02:16===> API : null ===> Message : validRequest() :: Api validated Successfully
info: ===> TimeStamp : 2025-05-31 10:02:16===> API : /api/auth/validateuser ===> Message : validateUser() invoked!!
info: ===> TimeStamp : 2025-05-31 10:02:16===> API : /api/auth/validateuser ===> Message : validateUser() :: Request Object :: [object Object]
info: ===> TimeStamp : 2025-05-31 10:02:16===> API : /api/auth/validateuser ===> Message : validateUserDB() Invoked !
info: ===> TimeStamp : 2025-05-31 10:02:16===> API : /api/auth/validateuser ===> Message : validateUserResponse() invoked!
info: ===> TimeStamp : 2025-05-31 10:02:16===> API : /api/auth/validateuser ===> Message : validateUserResponse() completed
info: ===> TimeStamp : 2025-05-31 10:02:16===> API : null ===> Message : validateRequest() invoked
info: ===> TimeStamp : 2025-05-31 10:02:16===> API : null ===> Message : fetchDBSettings()
info: ===> TimeStamp : 2025-05-31 10:02:16===> API : null ===> Message : validateRequest() Invoked!
info: ===> TimeStamp : 2025-05-31 10:02:16===> API : null ===> Message : validRequest() :: Api validated Successfully
info: ===> TimeStamp : 2025-05-31 10:02:16===> API : /api/auth/login ===> Message : loginUser() invoked!!
info: ===> TimeStamp : 2025-05-31 10:02:16===> API : /api/auth/login ===> Message : loginUser() :: Request Object :: [object Object]
info: ===> TimeStamp : 2025-05-31 10:02:16===> API : /api/auth/login ===> Message : loginUserDB() Invoked !
info: ===> TimeStamp : 2025-05-31 10:02:16===> API : /api/auth/login ===> Message : loginUserResponse() invoked!
info: ===> TimeStamp : 2025-05-31 10:02:16===> API : /api/auth/login ===> Message : loginUserResponse() completed
info: ===> TimeStamp : 2025-05-31 10:05:36===> API : null ===> Message : validateRequest() invoked
info: ===> TimeStamp : 2025-05-31 10:05:36===> API : null ===> Message : fetchDBSettings()
info: ===> TimeStamp : 2025-05-31 10:05:37===> API : null ===> Message : validateRequest() Invoked!
info: ===> TimeStamp : 2025-05-31 10:05:37===> API : null ===> Message : validRequest() :: Api validated Successfully
info: ===> TimeStamp : 2025-05-31 10:05:37===> API : /api/auth/validateuser ===> Message : validateUser() :: Request Object :: [object Object]
info: ===> TimeStamp : 2025-05-31 10:05:37===> API : /api/auth/validateuser ===> Message : validateUser() invoked!!
info: ===> TimeStamp : 2025-05-31 10:05:37===> API : /api/auth/validateuser ===> Message : validateUserDB() Invoked !
info: ===> TimeStamp : 2025-05-31 10:05:37===> API : /api/auth/validateuser ===> Message : validateUserResponse() invoked!
info: ===> TimeStamp : 2025-05-31 10:05:37===> API : /api/auth/validateuser ===> Message : validateUserResponse() completed
info: ===> TimeStamp : 2025-05-31 10:05:37===> API : null ===> Message : validateRequest() invoked
info: ===> TimeStamp : 2025-05-31 10:05:37===> API : null ===> Message : fetchDBSettings()
info: ===> TimeStamp : 2025-05-31 10:05:37===> API : null ===> Message : validateRequest() Invoked!
info: ===> TimeStamp : 2025-05-31 10:05:37===> API : null ===> Message : validRequest() :: Api validated Successfully
info: ===> TimeStamp : 2025-05-31 10:05:37===> API : /api/auth/login ===> Message : loginUser() invoked!!
info: ===> TimeStamp : 2025-05-31 10:05:37===> API : /api/auth/login ===> Message : loginUser() :: Request Object :: [object Object]
info: ===> TimeStamp : 2025-05-31 10:05:37===> API : /api/auth/login ===> Message : loginUserDB() Invoked !
info: ===> TimeStamp : 2025-05-31 10:05:37===> API : /api/auth/login ===> Message : loginUserResponse() invoked!
info: ===> TimeStamp : 2025-05-31 10:05:37===> API : /api/auth/login ===> Message : loginUserResponse() completed
info: ===> TimeStamp : 2025-05-31 10:06:15===> API : null ===> Message : validateRequest() invoked
info: ===> TimeStamp : 2025-05-31 10:06:15===> API : null ===> Message : fetchDBSettings()
info: ===> TimeStamp : 2025-05-31 10:06:15===> API : null ===> Message : validateRequest() Invoked!
info: ===> TimeStamp : 2025-05-31 10:06:15===> API : null ===> Message : validRequest() :: Api validated Successfully
info: ===> TimeStamp : 2025-05-31 10:06:15===> API : /api/auth/validateuser ===> Message : validateUser() invoked!!
info: ===> TimeStamp : 2025-05-31 10:06:15===> API : /api/auth/validateuser ===> Message : validateUser() :: Request Object :: [object Object]
info: ===> TimeStamp : 2025-05-31 10:06:15===> API : /api/auth/validateuser ===> Message : validateUserDB() Invoked !
info: ===> TimeStamp : 2025-05-31 10:06:15===> API : /api/auth/validateuser ===> Message : validateUserResponse() invoked!
info: ===> TimeStamp : 2025-05-31 10:06:15===> API : /api/auth/validateuser ===> Message : validateUserResponse() completed
info: ===> TimeStamp : 2025-05-31 10:06:15===> API : null ===> Message : validateRequest() invoked
info: ===> TimeStamp : 2025-05-31 10:06:15===> API : null ===> Message : fetchDBSettings()
info: ===> TimeStamp : 2025-05-31 10:06:15===> API : null ===> Message : validateRequest() Invoked!
info: ===> TimeStamp : 2025-05-31 10:06:15===> API : null ===> Message : validRequest() :: Api validated Successfully
info: ===> TimeStamp : 2025-05-31 10:06:15===> API : /api/auth/login ===> Message : loginUser() invoked!!
info: ===> TimeStamp : 2025-05-31 10:06:15===> API : /api/auth/login ===> Message : loginUser() :: Request Object :: [object Object]
info: ===> TimeStamp : 2025-05-31 10:06:15===> API : /api/auth/login ===> Message : loginUserDB() Invoked !
info: ===> TimeStamp : 2025-05-31 10:06:15===> API : /api/auth/login ===> Message : loginUserResponse() invoked!
info: ===> TimeStamp : 2025-05-31 10:06:15===> API : /api/auth/login ===> Message : loginUserResponse() completed
info: ===> TimeStamp : 2025-05-31 10:39:06===> API : null ===> Message : validateRequest() invoked
info: ===> TimeStamp : 2025-05-31 10:39:06===> API : null ===> Message : fetchDBSettings()
info: ===> TimeStamp : 2025-05-31 10:39:06===> API : null ===> Message : validateRequest() Invoked!
info: ===> TimeStamp : 2025-05-31 10:39:06===> API : null ===> Message : validRequest() :: Api validated Successfully
info: ===> TimeStamp : 2025-05-31 10:39:06===> API : /api/auth/validateuser ===> Message : validateUser() invoked!!
info: ===> TimeStamp : 2025-05-31 10:39:06===> API : /api/auth/validateuser ===> Message : validateUser() :: Request Object :: [object Object]
info: ===> TimeStamp : 2025-05-31 10:39:06===> API : /api/auth/validateuser ===> Message : validateUserDB() Invoked !
info: ===> TimeStamp : 2025-05-31 10:39:06===> API : /api/auth/validateuser ===> Message : validateUserResponse() invoked!
info: ===> TimeStamp : 2025-05-31 10:39:06===> API : /api/auth/validateuser ===> Message : validateUserResponse() completed
info: ===> TimeStamp : 2025-05-31 10:39:06===> API : null ===> Message : validateRequest() invoked
info: ===> TimeStamp : 2025-05-31 10:39:06===> API : null ===> Message : fetchDBSettings()
info: ===> TimeStamp : 2025-05-31 10:39:06===> API : null ===> Message : validateRequest() Invoked!
info: ===> TimeStamp : 2025-05-31 10:39:06===> API : null ===> Message : validRequest() :: Api validated Successfully
info: ===> TimeStamp : 2025-05-31 10:39:06===> API : /api/auth/checkIP ===> Message : checkIP() invoked!!
info: ===> TimeStamp : 2025-05-31 10:39:06===> API : /api/auth/checkIP ===> Message : IPs match: 103.255.182.117
info: ===> TimeStamp : 2025-05-31 10:39:06===> API : /api/auth/checkIP ===> Message : checkIPResponse() invoked!
info: ===> TimeStamp : 2025-05-31 10:39:06===> API : /api/auth/checkIP ===> Message : checkIPResponse() completed
info: ===> TimeStamp : 2025-05-31 10:39:07===> API : null ===> Message : validateRequest() invoked
info: ===> TimeStamp : 2025-05-31 10:39:07===> API : null ===> Message : fetchDBSettings()
info: ===> TimeStamp : 2025-05-31 10:39:07===> API : null ===> Message : validateRequest() Invoked!
info: ===> TimeStamp : 2025-05-31 10:39:07===> API : null ===> Message : validRequest() :: Api validated Successfully
info: ===> TimeStamp : 2025-05-31 10:39:07===> API : /api/auth/login ===> Message : loginUser() invoked!!
info: ===> TimeStamp : 2025-05-31 10:39:07===> API : /api/auth/login ===> Message : loginUser() :: Request Object :: [object Object]
info: ===> TimeStamp : 2025-05-31 10:39:07===> API : /api/auth/login ===> Message : loginUserDB() Invoked !
info: ===> TimeStamp : 2025-05-31 10:39:07===> API : /api/auth/login ===> Message : loginUserResponse() invoked!
info: ===> TimeStamp : 2025-05-31 10:39:07===> API : /api/auth/login ===> Message : loginUserResponse() completed
info: ===> TimeStamp : 2025-05-31 10:57:17===> API : null ===> Message : validateRequest() invoked
info: ===> TimeStamp : 2025-05-31 10:57:17===> API : null ===> Message : fetchDBSettings()
info: ===> TimeStamp : 2025-05-31 10:57:17===> API : null ===> Message : validateRequest() Invoked!
info: ===> TimeStamp : 2025-05-31 10:57:17===> API : null ===> Message : validRequest() :: Api validated Successfully
info: ===> TimeStamp : 2025-05-31 10:57:17===> API : /api/auth/validateuser ===> Message : validateUser() invoked!!
info: ===> TimeStamp : 2025-05-31 10:57:17===> API : /api/auth/validateuser ===> Message : validateUser() :: Request Object :: [object Object]
info: ===> TimeStamp : 2025-05-31 10:57:17===> API : /api/auth/validateuser ===> Message : validateUserDB() Invoked !
info: ===> TimeStamp : 2025-05-31 10:57:17===> API : /api/auth/validateuser ===> Message : validateUserResponse() invoked!
info: ===> TimeStamp : 2025-05-31 10:57:17===> API : /api/auth/validateuser ===> Message : validateUserResponse() completed
info: ===> TimeStamp : 2025-05-31 10:57:17===> API : null ===> Message : validateRequest() invoked
info: ===> TimeStamp : 2025-05-31 10:57:17===> API : null ===> Message : fetchDBSettings()
info: ===> TimeStamp : 2025-05-31 10:57:17===> API : null ===> Message : validateRequest() Invoked!
info: ===> TimeStamp : 2025-05-31 10:57:17===> API : null ===> Message : validRequest() :: Api validated Successfully
info: ===> TimeStamp : 2025-05-31 10:57:17===> API : /api/auth/checkIP ===> Message : checkIP() invoked!!
info: ===> TimeStamp : 2025-05-31 10:57:17===> API : /api/auth/checkIP ===> Message : IPs match: 103.255.182.117
info: ===> TimeStamp : 2025-05-31 10:57:17===> API : /api/auth/checkIP ===> Message : checkIPResponse() invoked!
info: ===> TimeStamp : 2025-05-31 10:57:17===> API : /api/auth/checkIP ===> Message : checkIPResponse() completed
info: ===> TimeStamp : 2025-05-31 10:57:17===> API : null ===> Message : validateRequest() invoked
info: ===> TimeStamp : 2025-05-31 10:57:17===> API : null ===> Message : fetchDBSettings()
info: ===> TimeStamp : 2025-05-31 10:57:17===> API : null ===> Message : validateRequest() Invoked!
info: ===> TimeStamp : 2025-05-31 10:57:17===> API : null ===> Message : validRequest() :: Api validated Successfully
info: ===> TimeStamp : 2025-05-31 10:57:17===> API : /api/auth/login ===> Message : loginUser() invoked!!
info: ===> TimeStamp : 2025-05-31 10:57:17===> API : /api/auth/login ===> Message : loginUser() :: Request Object :: [object Object]
info: ===> TimeStamp : 2025-05-31 10:57:17===> API : /api/auth/login ===> Message : loginUserDB() Invoked !
info: ===> TimeStamp : 2025-05-31 10:57:17===> API : /api/auth/login ===> Message : loginUserResponse() invoked!
info: ===> TimeStamp : 2025-05-31 10:57:17===> API : /api/auth/login ===> Message : loginUserResponse() completed
info: ===> TimeStamp : 2025-05-31 12:09:32===> API : null ===> Message : validateRequest() invoked
info: ===> TimeStamp : 2025-05-31 12:09:32===> API : null ===> Message : fetchDBSettings()
info: ===> TimeStamp : 2025-05-31 12:09:32===> API : null ===> Message : validateRequest() Invoked!
info: ===> TimeStamp : 2025-05-31 12:09:32===> API : null ===> Message : validRequest() :: Api validated Successfully
info: ===> TimeStamp : 2025-05-31 12:09:32===> API : /api/auth/validateuser ===> Message : validateUser() invoked!!
info: ===> TimeStamp : 2025-05-31 12:09:32===> API : /api/auth/validateuser ===> Message : validateUser() :: Request Object :: [object Object]
info: ===> TimeStamp : 2025-05-31 12:09:32===> API : /api/auth/validateuser ===> Message : validateUserDB() Invoked !
info: ===> TimeStamp : 2025-05-31 12:09:32===> API : /api/auth/validateuser ===> Message : validateUserResponse() invoked!
info: ===> TimeStamp : 2025-05-31 12:09:32===> API : /api/auth/validateuser ===> Message : validateUserResponse() completed
info: ===> TimeStamp : 2025-05-31 12:09:32===> API : null ===> Message : validateRequest() invoked
info: ===> TimeStamp : 2025-05-31 12:09:32===> API : null ===> Message : fetchDBSettings()
info: ===> TimeStamp : 2025-05-31 12:09:32===> API : null ===> Message : validateRequest() Invoked!
info: ===> TimeStamp : 2025-05-31 12:09:32===> API : null ===> Message : validRequest() :: Api validated Successfully
info: ===> TimeStamp : 2025-05-31 12:09:32===> API : /api/auth/login ===> Message : loginUser() invoked!!
info: ===> TimeStamp : 2025-05-31 12:09:32===> API : /api/auth/login ===> Message : loginUser() :: Request Object :: [object Object]
info: ===> TimeStamp : 2025-05-31 12:09:32===> API : /api/auth/login ===> Message : loginUserDB() Invoked !
info: ===> TimeStamp : 2025-05-31 12:09:32===> API : /api/auth/login ===> Message : loginUserResponse() completed
info: ===> TimeStamp : 2025-05-31 12:09:32===> API : /api/auth/login ===> Message : loginUserResponse() invoked!
info: ===> TimeStamp : 2025-05-31 12:34:36===> API : null ===> Message : validateRequest() invoked
info: ===> TimeStamp : 2025-05-31 12:34:36===> API : null ===> Message : fetchDBSettings()
info: ===> TimeStamp : 2025-05-31 12:34:36===> API : null ===> Message : validateRequest() Invoked!
info: ===> TimeStamp : 2025-05-31 12:34:36===> API : null ===> Message : validRequest() :: Api validated Successfully
info: ===> TimeStamp : 2025-05-31 12:34:36===> API : /api/auth/validateuser ===> Message : validateUser() invoked!!
info: ===> TimeStamp : 2025-05-31 12:34:36===> API : /api/auth/validateuser ===> Message : validateUser() :: Request Object :: [object Object]
info: ===> TimeStamp : 2025-05-31 12:34:36===> API : /api/auth/validateuser ===> Message : validateUserDB() Invoked !
info: ===> TimeStamp : 2025-05-31 12:34:36===> API : /api/auth/validateuser ===> Message : validateUserResponse() invoked!
info: ===> TimeStamp : 2025-05-31 12:34:36===> API : /api/auth/validateuser ===> Message : validateUserResponse() completed
info: ===> TimeStamp : 2025-05-31 12:34:36===> API : null ===> Message : validateRequest() invoked
info: ===> TimeStamp : 2025-05-31 12:34:36===> API : null ===> Message : fetchDBSettings()
info: ===> TimeStamp : 2025-05-31 12:34:36===> API : null ===> Message : validateRequest() Invoked!
info: ===> TimeStamp : 2025-05-31 12:34:36===> API : null ===> Message : validRequest() :: Api validated Successfully
info: ===> TimeStamp : 2025-05-31 12:34:36===> API : /api/auth/login ===> Message : loginUser() invoked!!
info: ===> TimeStamp : 2025-05-31 12:34:36===> API : /api/auth/login ===> Message : loginUser() :: Request Object :: [object Object]
info: ===> TimeStamp : 2025-05-31 12:34:36===> API : /api/auth/login ===> Message : loginUserDB() Invoked !
info: ===> TimeStamp : 2025-05-31 12:34:36===> API : /api/auth/login ===> Message : loginUserResponse() invoked!
info: ===> TimeStamp : 2025-05-31 12:34:36===> API : /api/auth/login ===> Message : loginUserResponse() completed
info: ===> TimeStamp : 2025-05-31 13:04:20===> API : null ===> Message : validateRequest() invoked
info: ===> TimeStamp : 2025-05-31 13:04:20===> API : null ===> Message : validateRequest() Error:: Invalid Request :: 
      {"apiUri":"/"}
info: ===> TimeStamp : 2025-05-31 13:07:55===> API : null ===> Message : validateRequest() invoked
info: ===> TimeStamp : 2025-05-31 13:07:55===> API : null ===> Message : fetchDBSettings()
info: ===> TimeStamp : 2025-05-31 13:07:55===> API : null ===> Message : validateRequest() Invoked!
info: ===> TimeStamp : 2025-05-31 13:07:55===> API : null ===> Message : validRequest() :: Api validated Successfully
info: ===> TimeStamp : 2025-05-31 13:07:55===> API : /api/auth/validateuser ===> Message : validateUser() invoked!!
info: ===> TimeStamp : 2025-05-31 13:07:55===> API : /api/auth/validateuser ===> Message : validateUser() :: Request Object :: [object Object]
info: ===> TimeStamp : 2025-05-31 13:07:55===> API : /api/auth/validateuser ===> Message : validateUserDB() Invoked !
info: ===> TimeStamp : 2025-05-31 13:07:55===> API : /api/auth/validateuser ===> Message : validateUserResponse() invoked!
info: ===> TimeStamp : 2025-05-31 13:07:55===> API : /api/auth/validateuser ===> Message : validateUserResponse() completed
info: ===> TimeStamp : 2025-05-31 13:07:55===> API : null ===> Message : validateRequest() invoked
info: ===> TimeStamp : 2025-05-31 13:07:55===> API : null ===> Message : fetchDBSettings()
info: ===> TimeStamp : 2025-05-31 13:07:55===> API : null ===> Message : validateRequest() Invoked!
info: ===> TimeStamp : 2025-05-31 13:07:55===> API : null ===> Message : validRequest() :: Api validated Successfully
info: ===> TimeStamp : 2025-05-31 13:07:55===> API : /api/auth/login ===> Message : loginUser() invoked!!
info: ===> TimeStamp : 2025-05-31 13:07:55===> API : /api/auth/login ===> Message : loginUser() :: Request Object :: [object Object]
info: ===> TimeStamp : 2025-05-31 13:07:55===> API : /api/auth/login ===> Message : loginUserDB() Invoked !
info: ===> TimeStamp : 2025-05-31 13:07:55===> API : /api/auth/login ===> Message : loginUserResponse() invoked!
info: ===> TimeStamp : 2025-05-31 13:07:55===> API : /api/auth/login ===> Message : loginUserResponse() completed
info: ===> TimeStamp : 2025-05-31 14:51:31===> API : null ===> Message : validateRequest() invoked
info: ===> TimeStamp : 2025-05-31 14:51:31===> API : null ===> Message : fetchDBSettings()
info: ===> TimeStamp : 2025-05-31 14:51:31===> API : null ===> Message : validateRequest() Invoked!
info: ===> TimeStamp : 2025-05-31 14:51:31===> API : null ===> Message : validRequest() :: Api validated Successfully
info: ===> TimeStamp : 2025-05-31 14:51:31===> API : /api/auth/logout ===> Message : logoutUser() invoked!!
info: ===> TimeStamp : 2025-05-31 14:51:31===> API : /api/auth/logout ===> Message : logoutUser() :: Request Object :: [object Object]
info: ===> TimeStamp : 2025-05-31 14:51:31===> API : /api/auth/logout ===> Message : logoutUserDB() Invoked !
info: ===> TimeStamp : 2025-05-31 14:51:31===> API : /api/auth/logout ===> Message : logoutUserResponse() invoked!
info: ===> TimeStamp : 2025-05-31 14:51:31===> API : /api/auth/logout ===> Message : logoutUserResponse() completed
info: ===> TimeStamp : 2025-05-31 14:55:53===> API : null ===> Message : validateRequest() invoked
info: ===> TimeStamp : 2025-05-31 14:55:53===> API : null ===> Message : fetchDBSettings()
info: ===> TimeStamp : 2025-05-31 14:55:53===> API : null ===> Message : validateRequest() Invoked!
info: ===> TimeStamp : 2025-05-31 14:55:53===> API : null ===> Message : validRequest() :: Api validated Successfully
info: ===> TimeStamp : 2025-05-31 14:55:53===> API : /api/auth/logout ===> Message : logoutUser() invoked!!
info: ===> TimeStamp : 2025-05-31 14:55:53===> API : /api/auth/logout ===> Message : logoutUser() :: Request Object :: [object Object]
info: ===> TimeStamp : 2025-05-31 14:55:53===> API : /api/auth/logout ===> Message : logoutUserDB() Invoked !
info: ===> TimeStamp : 2025-05-31 14:55:53===> API : /api/auth/logout ===> Message : logoutUserResponse() invoked!
info: ===> TimeStamp : 2025-05-31 14:55:53===> API : /api/auth/logout ===> Message : logoutUserResponse() completed
info: ===> TimeStamp : 2025-05-31 14:56:02===> API : null ===> Message : validateRequest() invoked
info: ===> TimeStamp : 2025-05-31 14:56:02===> API : null ===> Message : fetchDBSettings()
info: ===> TimeStamp : 2025-05-31 14:56:02===> API : null ===> Message : validateRequest() Invoked!
info: ===> TimeStamp : 2025-05-31 14:56:02===> API : null ===> Message : validRequest() :: Api validated Successfully
info: ===> TimeStamp : 2025-05-31 14:56:02===> API : /api/auth/validateuser ===> Message : validateUser() invoked!!
info: ===> TimeStamp : 2025-05-31 14:56:02===> API : /api/auth/validateuser ===> Message : validateUser() :: Request Object :: [object Object]
info: ===> TimeStamp : 2025-05-31 14:56:02===> API : /api/auth/validateuser ===> Message : validateUserDB() Invoked !
info: ===> TimeStamp : 2025-05-31 14:56:02===> API : /api/auth/validateuser ===> Message : validateUserResponse() invoked!
info: ===> TimeStamp : 2025-05-31 14:56:02===> API : /api/auth/validateuser ===> Message : validateUserResponse() completed
info: ===> TimeStamp : 2025-05-31 14:56:02===> API : null ===> Message : validateRequest() invoked
info: ===> TimeStamp : 2025-05-31 14:56:02===> API : null ===> Message : fetchDBSettings()
info: ===> TimeStamp : 2025-05-31 14:56:02===> API : null ===> Message : validateRequest() Invoked!
info: ===> TimeStamp : 2025-05-31 14:56:02===> API : null ===> Message : validRequest() :: Api validated Successfully
info: ===> TimeStamp : 2025-05-31 14:56:02===> API : /api/auth/checkIP ===> Message : checkIP() invoked!!
info: ===> TimeStamp : 2025-05-31 14:56:02===> API : /api/auth/checkIP ===> Message : IPs match: 103.255.182.117
info: ===> TimeStamp : 2025-05-31 14:56:02===> API : /api/auth/checkIP ===> Message : checkIPResponse() invoked!
info: ===> TimeStamp : 2025-05-31 14:56:02===> API : /api/auth/checkIP ===> Message : checkIPResponse() completed
info: ===> TimeStamp : 2025-05-31 14:56:02===> API : null ===> Message : validateRequest() invoked
info: ===> TimeStamp : 2025-05-31 14:56:02===> API : null ===> Message : fetchDBSettings()
info: ===> TimeStamp : 2025-05-31 14:56:02===> API : null ===> Message : validateRequest() Invoked!
info: ===> TimeStamp : 2025-05-31 14:56:02===> API : null ===> Message : validRequest() :: Api validated Successfully
info: ===> TimeStamp : 2025-05-31 14:56:02===> API : /api/auth/login ===> Message : loginUser() :: Request Object :: [object Object]
info: ===> TimeStamp : 2025-05-31 14:56:02===> API : /api/auth/login ===> Message : loginUser() invoked!!
info: ===> TimeStamp : 2025-05-31 14:56:02===> API : /api/auth/login ===> Message : loginUserDB() Invoked !
info: ===> TimeStamp : 2025-05-31 14:56:02===> API : /api/auth/login ===> Message : loginUserResponse() invoked!
info: ===> TimeStamp : 2025-05-31 14:56:02===> API : /api/auth/login ===> Message : loginUserResponse() completed
info: ===> TimeStamp : 2025-05-31 14:56:22===> API : null ===> Message : validateRequest() invoked
info: ===> TimeStamp : 2025-05-31 14:56:22===> API : null ===> Message : fetchDBSettings()
info: ===> TimeStamp : 2025-05-31 14:56:22===> API : null ===> Message : validateRequest() Invoked!
info: ===> TimeStamp : 2025-05-31 14:56:22===> API : null ===> Message : validRequest() :: Api validated Successfully
info: ===> TimeStamp : 2025-05-31 14:56:22===> API : /api/auth/validateuser ===> Message : validateUser() invoked!!
info: ===> TimeStamp : 2025-05-31 14:56:22===> API : /api/auth/validateuser ===> Message : validateUser() :: Request Object :: [object Object]
info: ===> TimeStamp : 2025-05-31 14:56:22===> API : /api/auth/validateuser ===> Message : validateUserDB() Invoked !
info: ===> TimeStamp : 2025-05-31 14:56:22===> API : /api/auth/validateuser ===> Message : validateUserResponse() invoked!
info: ===> TimeStamp : 2025-05-31 14:56:22===> API : /api/auth/validateuser ===> Message : validateUserResponse() completed
info: ===> TimeStamp : 2025-05-31 14:56:22===> API : null ===> Message : validateRequest() invoked
info: ===> TimeStamp : 2025-05-31 14:56:22===> API : null ===> Message : fetchDBSettings()
info: ===> TimeStamp : 2025-05-31 14:56:22===> API : null ===> Message : validateRequest() Invoked!
info: ===> TimeStamp : 2025-05-31 14:56:22===> API : null ===> Message : validRequest() :: Api validated Successfully
info: ===> TimeStamp : 2025-05-31 14:56:22===> API : /api/auth/checkIP ===> Message : checkIP() invoked!!
info: ===> TimeStamp : 2025-05-31 14:56:22===> API : /api/auth/checkIP ===> Message : IPs match: 103.255.182.117
info: ===> TimeStamp : 2025-05-31 14:56:22===> API : /api/auth/checkIP ===> Message : checkIPResponse() invoked!
info: ===> TimeStamp : 2025-05-31 14:56:22===> API : /api/auth/checkIP ===> Message : checkIPResponse() completed
info: ===> TimeStamp : 2025-05-31 14:56:22===> API : null ===> Message : validateRequest() invoked
info: ===> TimeStamp : 2025-05-31 14:56:22===> API : null ===> Message : fetchDBSettings()
info: ===> TimeStamp : 2025-05-31 14:56:22===> API : null ===> Message : validateRequest() Invoked!
info: ===> TimeStamp : 2025-05-31 14:56:22===> API : null ===> Message : validRequest() :: Api validated Successfully
info: ===> TimeStamp : 2025-05-31 14:56:22===> API : /api/auth/login ===> Message : loginUser() invoked!!
info: ===> TimeStamp : 2025-05-31 14:56:22===> API : /api/auth/login ===> Message : loginUser() :: Request Object :: [object Object]
info: ===> TimeStamp : 2025-05-31 14:56:22===> API : /api/auth/login ===> Message : loginUserDB() Invoked !
info: ===> TimeStamp : 2025-05-31 14:56:22===> API : /api/auth/login ===> Message : loginUserResponse() invoked!
info: ===> TimeStamp : 2025-05-31 14:56:22===> API : /api/auth/login ===> Message : loginUserResponse() completed
info: ===> TimeStamp : 2025-05-31 15:43:17===> API : null ===> Message : validateRequest() invoked
info: ===> TimeStamp : 2025-05-31 15:43:17===> API : null ===> Message : validateRequest() Error:: Invalid Request :: 
      {"apiUri":"/"}
info: ===> TimeStamp : 2025-05-31 15:53:44===> API : null ===> Message : validateRequest() invoked
info: ===> TimeStamp : 2025-05-31 15:53:44===> API : null ===> Message : fetchDBSettings()
info: ===> TimeStamp : 2025-05-31 15:53:44===> API : null ===> Message : validateRequest() Invoked!
info: ===> TimeStamp : 2025-05-31 15:53:44===> API : null ===> Message : validRequest() :: Api validated Successfully
info: ===> TimeStamp : 2025-05-31 15:53:44===> API : /api/auth/validateuser ===> Message : validateUser() :: Request Object :: [object Object]
info: ===> TimeStamp : 2025-05-31 15:53:44===> API : /api/auth/validateuser ===> Message : validateUser() invoked!!
info: ===> TimeStamp : 2025-05-31 15:53:44===> API : /api/auth/validateuser ===> Message : validateUserDB() Invoked !
info: ===> TimeStamp : 2025-05-31 15:53:44===> API : /api/auth/validateuser ===> Message : validateUserResponse() invoked!
info: ===> TimeStamp : 2025-05-31 15:53:44===> API : /api/auth/validateuser ===> Message : validateUserResponse() completed
info: ===> TimeStamp : 2025-05-31 15:53:44===> API : null ===> Message : validateRequest() invoked
info: ===> TimeStamp : 2025-05-31 15:53:44===> API : null ===> Message : fetchDBSettings()
info: ===> TimeStamp : 2025-05-31 15:53:44===> API : null ===> Message : validateRequest() Invoked!
info: ===> TimeStamp : 2025-05-31 15:53:44===> API : null ===> Message : validRequest() :: Api validated Successfully
info: ===> TimeStamp : 2025-05-31 15:53:44===> API : /api/auth/login ===> Message : loginUser() invoked!!
info: ===> TimeStamp : 2025-05-31 15:53:44===> API : /api/auth/login ===> Message : loginUser() :: Request Object :: [object Object]
info: ===> TimeStamp : 2025-05-31 15:53:44===> API : /api/auth/login ===> Message : loginUserDB() Invoked !
info: ===> TimeStamp : 2025-05-31 15:53:44===> API : /api/auth/login ===> Message : loginUserResponse() invoked!
info: ===> TimeStamp : 2025-05-31 15:53:44===> API : /api/auth/login ===> Message : loginUserResponse() completed
info: ===> TimeStamp : 2025-05-31 16:26:45===> API : null ===> Message : validateRequest() invoked
info: ===> TimeStamp : 2025-05-31 16:26:45===> API : null ===> Message : fetchDBSettings()
info: ===> TimeStamp : 2025-05-31 16:26:45===> API : null ===> Message : validateRequest() Invoked!
info: ===> TimeStamp : 2025-05-31 16:26:45===> API : null ===> Message : validRequest() :: Api validated Successfully
info: ===> TimeStamp : 2025-05-31 16:26:45===> API : /api/auth/validateuser ===> Message : validateUser() invoked!!
info: ===> TimeStamp : 2025-05-31 16:26:45===> API : /api/auth/validateuser ===> Message : validateUser() :: Request Object :: [object Object]
info: ===> TimeStamp : 2025-05-31 16:26:45===> API : /api/auth/validateuser ===> Message : validateUserDB() Invoked !
info: ===> TimeStamp : 2025-05-31 16:26:45===> API : /api/auth/validateuser ===> Message : validateUserResponse() invoked!
info: ===> TimeStamp : 2025-05-31 16:26:45===> API : /api/auth/validateuser ===> Message : validateUserResponse() completed
info: ===> TimeStamp : 2025-05-31 16:26:45===> API : null ===> Message : validateRequest() invoked
info: ===> TimeStamp : 2025-05-31 16:26:45===> API : null ===> Message : fetchDBSettings()
info: ===> TimeStamp : 2025-05-31 16:26:45===> API : null ===> Message : validateRequest() Invoked!
info: ===> TimeStamp : 2025-05-31 16:26:45===> API : null ===> Message : validRequest() :: Api validated Successfully
info: ===> TimeStamp : 2025-05-31 16:26:45===> API : /api/auth/login ===> Message : loginUser() invoked!!
info: ===> TimeStamp : 2025-05-31 16:26:45===> API : /api/auth/login ===> Message : loginUser() :: Request Object :: [object Object]
info: ===> TimeStamp : 2025-05-31 16:26:45===> API : /api/auth/login ===> Message : loginUserDB() Invoked !
info: ===> TimeStamp : 2025-05-31 16:26:45===> API : /api/auth/login ===> Message : loginUserResponse() invoked!
info: ===> TimeStamp : 2025-05-31 16:26:45===> API : /api/auth/login ===> Message : loginUserResponse() completed
info: ===> TimeStamp : 2025-05-31 16:26:52===> API : null ===> Message : fetchDBSettings()
info: ===> TimeStamp : 2025-05-31 16:26:52===> API : null ===> Message : validateRequest() invoked
info: ===> TimeStamp : 2025-05-31 16:26:52===> API : null ===> Message : validateRequest() Invoked!
info: ===> TimeStamp : 2025-05-31 16:26:52===> API : null ===> Message : validRequest() :: Api validated Successfully
info: ===> TimeStamp : 2025-05-31 16:26:52===> API : /api/auth/logout ===> Message : logoutUser() invoked!!
info: ===> TimeStamp : 2025-05-31 16:26:52===> API : /api/auth/logout ===> Message : logoutUser() :: Request Object :: [object Object]
info: ===> TimeStamp : 2025-05-31 16:26:52===> API : /api/auth/logout ===> Message : logoutUserDB() Invoked !
info: ===> TimeStamp : 2025-05-31 16:26:52===> API : /api/auth/logout ===> Message : logoutUserResponse() invoked!
info: ===> TimeStamp : 2025-05-31 16:26:52===> API : /api/auth/logout ===> Message : logoutUserResponse() completed
info: ===> TimeStamp : 2025-05-31 16:27:05===> API : null ===> Message : validateRequest() invoked
info: ===> TimeStamp : 2025-05-31 16:27:05===> API : null ===> Message : fetchDBSettings()
info: ===> TimeStamp : 2025-05-31 16:27:05===> API : null ===> Message : validateRequest() Invoked!
info: ===> TimeStamp : 2025-05-31 16:27:05===> API : null ===> Message : validRequest() :: Api validated Successfully
info: ===> TimeStamp : 2025-05-31 16:27:05===> API : /api/auth/validateuser ===> Message : validateUser() invoked!!
info: ===> TimeStamp : 2025-05-31 16:27:05===> API : /api/auth/validateuser ===> Message : validateUser() :: Request Object :: [object Object]
info: ===> TimeStamp : 2025-05-31 16:27:05===> API : /api/auth/validateuser ===> Message : validateUserDB() Invoked !
info: ===> TimeStamp : 2025-05-31 16:27:05===> API : /api/auth/validateuser ===> Message : validateUserResponse() invoked!
info: ===> TimeStamp : 2025-05-31 16:27:05===> API : /api/auth/validateuser ===> Message : validateUserResponse() completed
info: ===> TimeStamp : 2025-05-31 16:27:06===> API : null ===> Message : validateRequest() invoked
info: ===> TimeStamp : 2025-05-31 16:27:06===> API : null ===> Message : fetchDBSettings()
info: ===> TimeStamp : 2025-05-31 16:27:06===> API : null ===> Message : validateRequest() Invoked!
info: ===> TimeStamp : 2025-05-31 16:27:06===> API : null ===> Message : validRequest() :: Api validated Successfully
info: ===> TimeStamp : 2025-05-31 16:27:06===> API : /api/auth/login ===> Message : loginUser() invoked!!
info: ===> TimeStamp : 2025-05-31 16:27:06===> API : /api/auth/login ===> Message : loginUser() :: Request Object :: [object Object]
info: ===> TimeStamp : 2025-05-31 16:27:06===> API : /api/auth/login ===> Message : loginUserDB() Invoked !
info: ===> TimeStamp : 2025-05-31 16:27:06===> API : /api/auth/login ===> Message : loginUserResponse() invoked!
info: ===> TimeStamp : 2025-05-31 16:27:06===> API : /api/auth/login ===> Message : loginUserResponse() completed
info: ===> TimeStamp : 2025-05-31 16:37:34===> API : null ===> Message : validateRequest() invoked
info: ===> TimeStamp : 2025-05-31 16:37:34===> API : null ===> Message : fetchDBSettings()
info: ===> TimeStamp : 2025-05-31 16:37:34===> API : null ===> Message : validateRequest() Invoked!
info: ===> TimeStamp : 2025-05-31 16:37:34===> API : null ===> Message : validRequest() :: Api validated Successfully
info: ===> TimeStamp : 2025-05-31 16:37:34===> API : /api/auth/validateuser ===> Message : validateUser() invoked!!
info: ===> TimeStamp : 2025-05-31 16:37:34===> API : /api/auth/validateuser ===> Message : validateUser() :: Request Object :: [object Object]
info: ===> TimeStamp : 2025-05-31 16:37:34===> API : /api/auth/validateuser ===> Message : validateUserDB() Invoked !
info: ===> TimeStamp : 2025-05-31 16:37:34===> API : /api/auth/validateuser ===> Message : validateUserResponse() invoked!
info: ===> TimeStamp : 2025-05-31 16:37:34===> API : /api/auth/validateuser ===> Message : validateUserResponse() completed
info: ===> TimeStamp : 2025-05-31 16:37:34===> API : null ===> Message : validateRequest() invoked
info: ===> TimeStamp : 2025-05-31 16:37:34===> API : null ===> Message : fetchDBSettings()
info: ===> TimeStamp : 2025-05-31 16:37:34===> API : null ===> Message : validateRequest() Invoked!
info: ===> TimeStamp : 2025-05-31 16:37:34===> API : null ===> Message : validRequest() :: Api validated Successfully
info: ===> TimeStamp : 2025-05-31 16:37:34===> API : /api/auth/login ===> Message : loginUser() invoked!!
info: ===> TimeStamp : 2025-05-31 16:37:34===> API : /api/auth/login ===> Message : loginUser() :: Request Object :: [object Object]
info: ===> TimeStamp : 2025-05-31 16:37:34===> API : /api/auth/login ===> Message : loginUserDB() Invoked !
info: ===> TimeStamp : 2025-05-31 16:37:34===> API : /api/auth/login ===> Message : loginUserResponse() invoked!
info: ===> TimeStamp : 2025-05-31 16:37:34===> API : /api/auth/login ===> Message : loginUserResponse() completed
info: ===> TimeStamp : 2025-05-31 17:52:31===> API : null ===> Message : fetchDBSettings()
info: ===> TimeStamp : 2025-05-31 17:52:31===> API : null ===> Message : validateRequest() invoked
info: ===> TimeStamp : 2025-05-31 17:52:31===> API : null ===> Message : validateRequest() Invoked!
info: ===> TimeStamp : 2025-05-31 17:52:31===> API : null ===> Message : validRequest() :: Api validated Successfully
info: ===> TimeStamp : 2025-05-31 17:52:31===> API : /api/auth/validateuser ===> Message : validateUser() invoked!!
info: ===> TimeStamp : 2025-05-31 17:52:31===> API : /api/auth/validateuser ===> Message : validateUser() :: Request Object :: [object Object]
info: ===> TimeStamp : 2025-05-31 17:52:31===> API : /api/auth/validateuser ===> Message : validateUserDB() Invoked !
info: ===> TimeStamp : 2025-05-31 17:52:31===> API : /api/auth/validateuser ===> Message : validateUserResponse() invoked!
info: ===> TimeStamp : 2025-05-31 17:52:31===> API : /api/auth/validateuser ===> Message : validateUserResponse() completed
info: ===> TimeStamp : 2025-05-31 17:52:31===> API : null ===> Message : validateRequest() invoked
info: ===> TimeStamp : 2025-05-31 17:52:31===> API : null ===> Message : fetchDBSettings()
info: ===> TimeStamp : 2025-05-31 17:52:31===> API : null ===> Message : validateRequest() Invoked!
info: ===> TimeStamp : 2025-05-31 17:52:31===> API : null ===> Message : validRequest() :: Api validated Successfully
info: ===> TimeStamp : 2025-05-31 17:52:31===> API : /api/auth/login ===> Message : loginUser() invoked!!
info: ===> TimeStamp : 2025-05-31 17:52:31===> API : /api/auth/login ===> Message : loginUser() :: Request Object :: [object Object]
info: ===> TimeStamp : 2025-05-31 17:52:31===> API : /api/auth/login ===> Message : loginUserDB() Invoked !
info: ===> TimeStamp : 2025-05-31 17:52:31===> API : /api/auth/login ===> Message : loginUserResponse() invoked!
info: ===> TimeStamp : 2025-05-31 17:52:31===> API : /api/auth/login ===> Message : loginUserResponse() completed
info: ===> TimeStamp : 2025-05-31 18:44:40===> API : null ===> Message : validateRequest() invoked
info: ===> TimeStamp : 2025-05-31 18:44:40===> API : null ===> Message : validateRequest() Error:: Invalid Request :: 
      {"apiUri":"/pdown"}
info: ===> TimeStamp : 2025-05-31 18:51:56===> API : null ===> Message : fetchDBSettings()
info: ===> TimeStamp : 2025-05-31 18:51:56===> API : null ===> Message : validateRequest() invoked
info: ===> TimeStamp : 2025-05-31 18:51:56===> API : null ===> Message : validateRequest() Invoked!
info: ===> TimeStamp : 2025-05-31 18:51:56===> API : null ===> Message : validRequest() :: Api validated Successfully
info: ===> TimeStamp : 2025-05-31 18:51:56===> API : /api/auth/validateuser ===> Message : validateUser() invoked!!
info: ===> TimeStamp : 2025-05-31 18:51:56===> API : /api/auth/validateuser ===> Message : validateUser() :: Request Object :: [object Object]
info: ===> TimeStamp : 2025-05-31 18:51:56===> API : /api/auth/validateuser ===> Message : validateUserDB() Invoked !
info: ===> TimeStamp : 2025-05-31 18:51:56===> API : /api/auth/validateuser ===> Message : validateUserResponse() invoked!
info: ===> TimeStamp : 2025-05-31 18:51:56===> API : /api/auth/validateuser ===> Message : validateUserResponse() completed
info: ===> TimeStamp : 2025-05-31 18:51:56===> API : null ===> Message : validateRequest() invoked
info: ===> TimeStamp : 2025-05-31 18:51:56===> API : null ===> Message : fetchDBSettings()
info: ===> TimeStamp : 2025-05-31 18:51:56===> API : null ===> Message : validateRequest() Invoked!
info: ===> TimeStamp : 2025-05-31 18:51:56===> API : null ===> Message : validRequest() :: Api validated Successfully
info: ===> TimeStamp : 2025-05-31 18:51:56===> API : /api/auth/login ===> Message : loginUser() invoked!!
info: ===> TimeStamp : 2025-05-31 18:51:56===> API : /api/auth/login ===> Message : loginUser() :: Request Object :: [object Object]
info: ===> TimeStamp : 2025-05-31 18:51:56===> API : /api/auth/login ===> Message : loginUserDB() Invoked !
info: ===> TimeStamp : 2025-05-31 18:51:56===> API : /api/auth/login ===> Message : loginUserResponse() invoked!
info: ===> TimeStamp : 2025-05-31 18:51:56===> API : /api/auth/login ===> Message : loginUserResponse() completed
info: ===> TimeStamp : 2025-05-31 19:03:39===> API : null ===> Message : validateRequest() invoked
info: ===> TimeStamp : 2025-05-31 19:03:39===> API : null ===> Message : fetchDBSettings()
info: ===> TimeStamp : 2025-05-31 19:03:39===> API : null ===> Message : validateRequest() Invoked!
info: ===> TimeStamp : 2025-05-31 19:03:39===> API : null ===> Message : validRequest() :: Api validated Successfully
info: ===> TimeStamp : 2025-05-31 19:03:39===> API : /api/auth/validateuser ===> Message : validateUser() :: Request Object :: [object Object]
info: ===> TimeStamp : 2025-05-31 19:03:39===> API : /api/auth/validateuser ===> Message : validateUser() invoked!!
info: ===> TimeStamp : 2025-05-31 19:03:39===> API : /api/auth/validateuser ===> Message : validateUserDB() Invoked !
info: ===> TimeStamp : 2025-05-31 19:03:39===> API : /api/auth/validateuser ===> Message : validateUserResponse() invoked!
info: ===> TimeStamp : 2025-05-31 19:03:39===> API : /api/auth/validateuser ===> Message : validateUserResponse() completed
info: ===> TimeStamp : 2025-05-31 19:03:39===> API : null ===> Message : validateRequest() invoked
info: ===> TimeStamp : 2025-05-31 19:03:39===> API : null ===> Message : fetchDBSettings()
info: ===> TimeStamp : 2025-05-31 19:03:39===> API : null ===> Message : validateRequest() Invoked!
info: ===> TimeStamp : 2025-05-31 19:03:39===> API : null ===> Message : validRequest() :: Api validated Successfully
info: ===> TimeStamp : 2025-05-31 19:03:39===> API : /api/auth/checkIP ===> Message : checkIP() invoked!!
info: ===> TimeStamp : 2025-05-31 19:03:39===> API : /api/auth/checkIP ===> Message : IPs match: 103.255.182.117
info: ===> TimeStamp : 2025-05-31 19:03:39===> API : /api/auth/checkIP ===> Message : checkIPResponse() invoked!
info: ===> TimeStamp : 2025-05-31 19:03:39===> API : /api/auth/checkIP ===> Message : checkIPResponse() completed
info: ===> TimeStamp : 2025-05-31 19:03:39===> API : null ===> Message : validateRequest() invoked
info: ===> TimeStamp : 2025-05-31 19:03:39===> API : null ===> Message : fetchDBSettings()
info: ===> TimeStamp : 2025-05-31 19:03:39===> API : null ===> Message : validateRequest() Invoked!
info: ===> TimeStamp : 2025-05-31 19:03:39===> API : null ===> Message : validRequest() :: Api validated Successfully
info: ===> TimeStamp : 2025-05-31 19:03:39===> API : /api/auth/login ===> Message : loginUser() invoked!!
info: ===> TimeStamp : 2025-05-31 19:03:39===> API : /api/auth/login ===> Message : loginUser() :: Request Object :: [object Object]
info: ===> TimeStamp : 2025-05-31 19:03:39===> API : /api/auth/login ===> Message : loginUserDB() Invoked !
info: ===> TimeStamp : 2025-05-31 19:03:39===> API : /api/auth/login ===> Message : loginUserResponse() invoked!
info: ===> TimeStamp : 2025-05-31 19:03:39===> API : /api/auth/login ===> Message : loginUserResponse() completed
info: ===> TimeStamp : 2025-05-31 19:19:23===> API : null ===> Message : validateRequest() invoked
info: ===> TimeStamp : 2025-05-31 19:19:23===> API : null ===> Message : fetchDBSettings()
info: ===> TimeStamp : 2025-05-31 19:19:23===> API : null ===> Message : validateRequest() Invoked!
info: ===> TimeStamp : 2025-05-31 19:19:23===> API : null ===> Message : validRequest() :: Api validated Successfully
info: ===> TimeStamp : 2025-05-31 19:19:23===> API : /api/auth/validateuser ===> Message : validateUser() invoked!!
info: ===> TimeStamp : 2025-05-31 19:19:23===> API : /api/auth/validateuser ===> Message : validateUser() :: Request Object :: [object Object]
info: ===> TimeStamp : 2025-05-31 19:19:23===> API : /api/auth/validateuser ===> Message : validateUserDB() Invoked !
info: ===> TimeStamp : 2025-05-31 19:19:23===> API : /api/auth/validateuser ===> Message : validateUserResponse() invoked!
info: ===> TimeStamp : 2025-05-31 19:19:23===> API : /api/auth/validateuser ===> Message : validateUserResponse() completed
info: ===> TimeStamp : 2025-05-31 19:19:23===> API : null ===> Message : validateRequest() invoked
info: ===> TimeStamp : 2025-05-31 19:19:23===> API : null ===> Message : fetchDBSettings()
info: ===> TimeStamp : 2025-05-31 19:19:23===> API : null ===> Message : validateRequest() Invoked!
info: ===> TimeStamp : 2025-05-31 19:19:23===> API : null ===> Message : validRequest() :: Api validated Successfully
info: ===> TimeStamp : 2025-05-31 19:19:23===> API : /api/auth/checkIP ===> Message : checkIP() invoked!!
info: ===> TimeStamp : 2025-05-31 19:19:23===> API : /api/auth/checkIP ===> Message : IPs match: 103.255.182.117
info: ===> TimeStamp : 2025-05-31 19:19:23===> API : /api/auth/checkIP ===> Message : checkIPResponse() invoked!
info: ===> TimeStamp : 2025-05-31 19:19:23===> API : /api/auth/checkIP ===> Message : checkIPResponse() completed
info: ===> TimeStamp : 2025-05-31 19:19:23===> API : null ===> Message : validateRequest() invoked
info: ===> TimeStamp : 2025-05-31 19:19:23===> API : null ===> Message : fetchDBSettings()
info: ===> TimeStamp : 2025-05-31 19:19:23===> API : null ===> Message : validateRequest() Invoked!
info: ===> TimeStamp : 2025-05-31 19:19:23===> API : null ===> Message : validRequest() :: Api validated Successfully
info: ===> TimeStamp : 2025-05-31 19:19:23===> API : /api/auth/login ===> Message : loginUser() invoked!!
info: ===> TimeStamp : 2025-05-31 19:19:23===> API : /api/auth/login ===> Message : loginUser() :: Request Object :: [object Object]
info: ===> TimeStamp : 2025-05-31 19:19:23===> API : /api/auth/login ===> Message : loginUserDB() Invoked !
info: ===> TimeStamp : 2025-05-31 19:19:23===> API : /api/auth/login ===> Message : loginUserResponse() invoked!
info: ===> TimeStamp : 2025-05-31 19:19:23===> API : /api/auth/login ===> Message : loginUserResponse() completed
info: ===> TimeStamp : 2025-05-31 19:24:04===> API : null ===> Message : validateRequest() invoked
info: ===> TimeStamp : 2025-05-31 19:24:04===> API : null ===> Message : fetchDBSettings()
info: ===> TimeStamp : 2025-05-31 19:24:04===> API : null ===> Message : validateRequest() Invoked!
info: ===> TimeStamp : 2025-05-31 19:24:04===> API : null ===> Message : validRequest() :: Api validated Successfully
info: ===> TimeStamp : 2025-05-31 19:24:04===> API : /api/auth/validateuser ===> Message : validateUser() invoked!!
info: ===> TimeStamp : 2025-05-31 19:24:04===> API : /api/auth/validateuser ===> Message : validateUser() :: Request Object :: [object Object]
info: ===> TimeStamp : 2025-05-31 19:24:04===> API : /api/auth/validateuser ===> Message : validateUserDB() Invoked !
info: ===> TimeStamp : 2025-05-31 19:24:04===> API : /api/auth/validateuser ===> Message : validateUserResponse() invoked!
info: ===> TimeStamp : 2025-05-31 19:24:04===> API : /api/auth/validateuser ===> Message : validateUserResponse() completed
info: ===> TimeStamp : 2025-05-31 19:24:05===> API : null ===> Message : validateRequest() invoked
info: ===> TimeStamp : 2025-05-31 19:24:05===> API : null ===> Message : fetchDBSettings()
info: ===> TimeStamp : 2025-05-31 19:24:05===> API : null ===> Message : validateRequest() Invoked!
info: ===> TimeStamp : 2025-05-31 19:24:05===> API : null ===> Message : validRequest() :: Api validated Successfully
info: ===> TimeStamp : 2025-05-31 19:24:05===> API : /api/auth/login ===> Message : loginUser() invoked!!
info: ===> TimeStamp : 2025-05-31 19:24:05===> API : /api/auth/login ===> Message : loginUser() :: Request Object :: [object Object]
info: ===> TimeStamp : 2025-05-31 19:24:05===> API : /api/auth/login ===> Message : loginUserDB() Invoked !
info: ===> TimeStamp : 2025-05-31 19:24:05===> API : /api/auth/login ===> Message : loginUserResponse() invoked!
info: ===> TimeStamp : 2025-05-31 19:24:05===> API : /api/auth/login ===> Message : loginUserResponse() completed
info: ===> TimeStamp : 2025-05-31 19:44:42===> API : null ===> Message : validateRequest() invoked
info: ===> TimeStamp : 2025-05-31 19:44:42===> API : null ===> Message : fetchDBSettings()
info: ===> TimeStamp : 2025-05-31 19:44:42===> API : null ===> Message : validateRequest() Invoked!
info: ===> TimeStamp : 2025-05-31 19:44:42===> API : null ===> Message : validRequest() :: Api validated Successfully
info: ===> TimeStamp : 2025-05-31 19:44:42===> API : /api/auth/validateuser ===> Message : validateUser() invoked!!
info: ===> TimeStamp : 2025-05-31 19:44:42===> API : /api/auth/validateuser ===> Message : validateUser() :: Request Object :: [object Object]
info: ===> TimeStamp : 2025-05-31 19:44:43===> API : /api/auth/validateuser ===> Message : validateUserDB() Invoked !
info: ===> TimeStamp : 2025-05-31 19:44:43===> API : /api/auth/validateuser ===> Message : validateUserResponse() invoked!
info: ===> TimeStamp : 2025-05-31 19:44:43===> API : /api/auth/validateuser ===> Message : validateUserResponse() completed
info: ===> TimeStamp : 2025-05-31 19:44:43===> API : null ===> Message : validateRequest() invoked
info: ===> TimeStamp : 2025-05-31 19:44:43===> API : null ===> Message : fetchDBSettings()
info: ===> TimeStamp : 2025-05-31 19:44:43===> API : null ===> Message : validateRequest() Invoked!
info: ===> TimeStamp : 2025-05-31 19:44:43===> API : null ===> Message : validRequest() :: Api validated Successfully
info: ===> TimeStamp : 2025-05-31 19:44:43===> API : /api/auth/login ===> Message : loginUser() :: Request Object :: [object Object]
info: ===> TimeStamp : 2025-05-31 19:44:43===> API : /api/auth/login ===> Message : loginUser() invoked!!
info: ===> TimeStamp : 2025-05-31 19:44:43===> API : /api/auth/login ===> Message : loginUserDB() Invoked !
info: ===> TimeStamp : 2025-05-31 19:44:43===> API : /api/auth/login ===> Message : loginUserResponse() invoked!
info: ===> TimeStamp : 2025-05-31 19:44:43===> API : /api/auth/login ===> Message : loginUserResponse() completed
info: ===> TimeStamp : 2025-05-31 20:04:04===> API : null ===> Message : validateRequest() invoked
info: ===> TimeStamp : 2025-05-31 20:04:04===> API : null ===> Message : validateRequest() Error:: Invalid Request :: 
      {"apiUri":"/"}
info: ===> TimeStamp : 2025-05-31 20:04:06===> API : null ===> Message : validateRequest() invoked
info: ===> TimeStamp : 2025-05-31 20:04:06===> API : null ===> Message : validateRequest() Error:: Invalid Request :: 
      {"apiUri":"/favicon.ico"}
info: ===> TimeStamp : 2025-05-31 20:04:16===> API : null ===> Message : validateRequest() invoked
info: ===> TimeStamp : 2025-05-31 20:04:16===> API : null ===> Message : validateRequest() Error:: Invalid Request :: 
      {"apiUri":"/favicon.ico"}
info: ===> TimeStamp : 2025-05-31 20:16:12===> API : null ===> Message : validateRequest() invoked
info: ===> TimeStamp : 2025-05-31 20:16:12===> API : null ===> Message : fetchDBSettings()
info: ===> TimeStamp : 2025-05-31 20:16:12===> API : null ===> Message : validateRequest() Invoked!
info: ===> TimeStamp : 2025-05-31 20:16:12===> API : null ===> Message : validRequest() :: Api validated Successfully
info: ===> TimeStamp : 2025-05-31 20:16:12===> API : /api/auth/validateuser ===> Message : validateUser() invoked!!
info: ===> TimeStamp : 2025-05-31 20:16:12===> API : /api/auth/validateuser ===> Message : validateUserDB() Invoked !
info: ===> TimeStamp : 2025-05-31 20:16:12===> API : /api/auth/validateuser ===> Message : validateUser() :: Request Object :: [object Object]
info: ===> TimeStamp : 2025-05-31 20:16:12===> API : /api/auth/validateuser ===> Message : validateUserResponse() invoked!
info: ===> TimeStamp : 2025-05-31 20:16:12===> API : /api/auth/validateuser ===> Message : validateUserResponse() completed
info: ===> TimeStamp : 2025-05-31 20:16:12===> API : null ===> Message : validateRequest() invoked
info: ===> TimeStamp : 2025-05-31 20:16:12===> API : null ===> Message : fetchDBSettings()
info: ===> TimeStamp : 2025-05-31 20:16:12===> API : null ===> Message : validateRequest() Invoked!
info: ===> TimeStamp : 2025-05-31 20:16:12===> API : null ===> Message : validRequest() :: Api validated Successfully
info: ===> TimeStamp : 2025-05-31 20:16:12===> API : /api/auth/login ===> Message : loginUser() invoked!!
info: ===> TimeStamp : 2025-05-31 20:16:12===> API : /api/auth/login ===> Message : loginUser() :: Request Object :: [object Object]
info: ===> TimeStamp : 2025-05-31 20:16:12===> API : /api/auth/login ===> Message : loginUserDB() Invoked !
info: ===> TimeStamp : 2025-05-31 20:16:12===> API : /api/auth/login ===> Message : loginUserResponse() invoked!
info: ===> TimeStamp : 2025-05-31 20:16:12===> API : /api/auth/login ===> Message : loginUserResponse() completed
info: ===> TimeStamp : 2025-05-31 20:17:27===> API : null ===> Message : validateRequest() invoked
info: ===> TimeStamp : 2025-05-31 20:17:27===> API : null ===> Message : fetchDBSettings()
info: ===> TimeStamp : 2025-05-31 20:17:27===> API : null ===> Message : validateRequest() Invoked!
info: ===> TimeStamp : 2025-05-31 20:17:27===> API : null ===> Message : validRequest() :: Api validated Successfully
info: ===> TimeStamp : 2025-05-31 20:17:27===> API : /api/auth/validateuser ===> Message : validateUser() invoked!!
info: ===> TimeStamp : 2025-05-31 20:17:27===> API : /api/auth/validateuser ===> Message : validateUser() :: Request Object :: [object Object]
info: ===> TimeStamp : 2025-05-31 20:17:27===> API : /api/auth/validateuser ===> Message : validateUserDB() Invoked !
info: ===> TimeStamp : 2025-05-31 20:17:27===> API : /api/auth/validateuser ===> Message : validateUserResponse() invoked!
info: ===> TimeStamp : 2025-05-31 20:17:27===> API : /api/auth/validateuser ===> Message : validateUserResponse() completed
info: ===> TimeStamp : 2025-05-31 20:17:27===> API : null ===> Message : validateRequest() invoked
info: ===> TimeStamp : 2025-05-31 20:17:27===> API : null ===> Message : fetchDBSettings()
info: ===> TimeStamp : 2025-05-31 20:17:27===> API : null ===> Message : validateRequest() Invoked!
info: ===> TimeStamp : 2025-05-31 20:17:27===> API : null ===> Message : validRequest() :: Api validated Successfully
info: ===> TimeStamp : 2025-05-31 20:17:27===> API : /api/auth/checkIP ===> Message : checkIP() invoked!!
info: ===> TimeStamp : 2025-05-31 20:17:27===> API : /api/auth/checkIP ===> Message : IPs match: 103.255.182.117
info: ===> TimeStamp : 2025-05-31 20:17:27===> API : /api/auth/checkIP ===> Message : checkIPResponse() invoked!
info: ===> TimeStamp : 2025-05-31 20:17:27===> API : /api/auth/checkIP ===> Message : checkIPResponse() completed
info: ===> TimeStamp : 2025-05-31 20:17:27===> API : null ===> Message : validateRequest() invoked
info: ===> TimeStamp : 2025-05-31 20:17:27===> API : null ===> Message : fetchDBSettings()
info: ===> TimeStamp : 2025-05-31 20:17:27===> API : null ===> Message : validateRequest() Invoked!
info: ===> TimeStamp : 2025-05-31 20:17:27===> API : null ===> Message : validRequest() :: Api validated Successfully
info: ===> TimeStamp : 2025-05-31 20:17:27===> API : /api/auth/login ===> Message : loginUser() invoked!!
info: ===> TimeStamp : 2025-05-31 20:17:27===> API : /api/auth/login ===> Message : loginUser() :: Request Object :: [object Object]
info: ===> TimeStamp : 2025-05-31 20:17:27===> API : /api/auth/login ===> Message : loginUserDB() Invoked !
info: ===> TimeStamp : 2025-05-31 20:17:27===> API : /api/auth/login ===> Message : loginUserResponse() invoked!
info: ===> TimeStamp : 2025-05-31 20:17:27===> API : /api/auth/login ===> Message : loginUserResponse() completed
info: ===> TimeStamp : 2025-05-31 20:55:45===> API : null ===> Message : validateRequest() invoked
info: ===> TimeStamp : 2025-05-31 20:55:45===> API : null ===> Message : fetchDBSettings()
info: ===> TimeStamp : 2025-05-31 20:55:45===> API : null ===> Message : validateRequest() Invoked!
info: ===> TimeStamp : 2025-05-31 20:55:45===> API : null ===> Message : validRequest() :: Api validated Successfully
info: ===> TimeStamp : 2025-05-31 20:55:45===> API : /api/auth/validateuser ===> Message : validateUser() invoked!!
info: ===> TimeStamp : 2025-05-31 20:55:45===> API : /api/auth/validateuser ===> Message : validateUser() :: Request Object :: [object Object]
info: ===> TimeStamp : 2025-05-31 20:55:45===> API : /api/auth/validateuser ===> Message : validateUserDB() Invoked !
info: ===> TimeStamp : 2025-05-31 20:55:45===> API : /api/auth/validateuser ===> Message : validateUserResponse() invoked!
info: ===> TimeStamp : 2025-05-31 20:55:45===> API : /api/auth/validateuser ===> Message : validateUserResponse() completed
info: ===> TimeStamp : 2025-05-31 20:55:45===> API : null ===> Message : validateRequest() invoked
info: ===> TimeStamp : 2025-05-31 20:55:45===> API : null ===> Message : fetchDBSettings()
info: ===> TimeStamp : 2025-05-31 20:55:45===> API : null ===> Message : validateRequest() Invoked!
info: ===> TimeStamp : 2025-05-31 20:55:45===> API : null ===> Message : validRequest() :: Api validated Successfully
info: ===> TimeStamp : 2025-05-31 20:55:45===> API : /api/auth/checkIP ===> Message : checkIP() invoked!!
info: ===> TimeStamp : 2025-05-31 20:55:45===> API : /api/auth/checkIP ===> Message : IPs match: 103.255.182.117
info: ===> TimeStamp : 2025-05-31 20:55:45===> API : /api/auth/checkIP ===> Message : checkIPResponse() invoked!
info: ===> TimeStamp : 2025-05-31 20:55:45===> API : /api/auth/checkIP ===> Message : checkIPResponse() completed
info: ===> TimeStamp : 2025-05-31 20:55:45===> API : null ===> Message : validateRequest() invoked
info: ===> TimeStamp : 2025-05-31 20:55:45===> API : null ===> Message : fetchDBSettings()
info: ===> TimeStamp : 2025-05-31 20:55:45===> API : null ===> Message : validateRequest() Invoked!
info: ===> TimeStamp : 2025-05-31 20:55:45===> API : null ===> Message : validRequest() :: Api validated Successfully
info: ===> TimeStamp : 2025-05-31 20:55:45===> API : /api/auth/login ===> Message : loginUser() :: Request Object :: [object Object]
info: ===> TimeStamp : 2025-05-31 20:55:45===> API : /api/auth/login ===> Message : loginUser() invoked!!
info: ===> TimeStamp : 2025-05-31 20:55:45===> API : /api/auth/login ===> Message : loginUserDB() Invoked !
info: ===> TimeStamp : 2025-05-31 20:55:45===> API : /api/auth/login ===> Message : loginUserResponse() invoked!
info: ===> TimeStamp : 2025-05-31 20:55:45===> API : /api/auth/login ===> Message : loginUserResponse() completed
info: ===> TimeStamp : 2025-05-31 20:56:06===> API : null ===> Message : validateRequest() invoked
info: ===> TimeStamp : 2025-05-31 20:56:06===> API : null ===> Message : fetchDBSettings()
info: ===> TimeStamp : 2025-05-31 20:56:06===> API : null ===> Message : validateRequest() Invoked!
info: ===> TimeStamp : 2025-05-31 20:56:06===> API : null ===> Message : validRequest() :: Api validated Successfully
info: ===> TimeStamp : 2025-05-31 20:56:06===> API : /api/auth/validateuser ===> Message : validateUser() invoked!!
info: ===> TimeStamp : 2025-05-31 20:56:06===> API : /api/auth/validateuser ===> Message : validateUser() :: Request Object :: [object Object]
info: ===> TimeStamp : 2025-05-31 20:56:06===> API : /api/auth/validateuser ===> Message : validateUserDB() Invoked !
info: ===> TimeStamp : 2025-05-31 20:56:06===> API : /api/auth/validateuser ===> Message : validateUserResponse() invoked!
info: ===> TimeStamp : 2025-05-31 20:56:06===> API : /api/auth/validateuser ===> Message : validateUserResponse() completed
info: ===> TimeStamp : 2025-05-31 20:56:06===> API : null ===> Message : validateRequest() invoked
info: ===> TimeStamp : 2025-05-31 20:56:06===> API : null ===> Message : fetchDBSettings()
info: ===> TimeStamp : 2025-05-31 20:56:06===> API : null ===> Message : validateRequest() Invoked!
info: ===> TimeStamp : 2025-05-31 20:56:06===> API : /api/auth/checkIP ===> Message : checkIP() invoked!!
info: ===> TimeStamp : 2025-05-31 20:56:06===> API : null ===> Message : validRequest() :: Api validated Successfully
info: ===> TimeStamp : 2025-05-31 20:56:06===> API : /api/auth/checkIP ===> Message : IPs match: 103.255.182.117
info: ===> TimeStamp : 2025-05-31 20:56:06===> API : /api/auth/checkIP ===> Message : checkIPResponse() invoked!
info: ===> TimeStamp : 2025-05-31 20:56:06===> API : /api/auth/checkIP ===> Message : checkIPResponse() completed
info: ===> TimeStamp : 2025-05-31 20:56:06===> API : null ===> Message : validateRequest() invoked
info: ===> TimeStamp : 2025-05-31 20:56:06===> API : null ===> Message : fetchDBSettings()
info: ===> TimeStamp : 2025-05-31 20:56:06===> API : null ===> Message : validateRequest() Invoked!
info: ===> TimeStamp : 2025-05-31 20:56:06===> API : null ===> Message : validRequest() :: Api validated Successfully
info: ===> TimeStamp : 2025-05-31 20:56:06===> API : /api/auth/login ===> Message : loginUser() invoked!!
info: ===> TimeStamp : 2025-05-31 20:56:06===> API : /api/auth/login ===> Message : loginUser() :: Request Object :: [object Object]
info: ===> TimeStamp : 2025-05-31 20:56:06===> API : /api/auth/login ===> Message : loginUserDB() Invoked !
info: ===> TimeStamp : 2025-05-31 20:56:06===> API : /api/auth/login ===> Message : loginUserResponse() invoked!
info: ===> TimeStamp : 2025-05-31 20:56:06===> API : /api/auth/login ===> Message : loginUserResponse() completed
info: ===> TimeStamp : 2025-05-31 21:02:43===> API : null ===> Message : validateRequest() invoked
info: ===> TimeStamp : 2025-05-31 21:02:43===> API : null ===> Message : fetchDBSettings()
info: ===> TimeStamp : 2025-05-31 21:02:43===> API : null ===> Message : validateRequest() Invoked!
info: ===> TimeStamp : 2025-05-31 21:02:43===> API : null ===> Message : validRequest() :: Api validated Successfully
info: ===> TimeStamp : 2025-05-31 21:02:43===> API : /api/auth/validateuser ===> Message : validateUser() invoked!!
info: ===> TimeStamp : 2025-05-31 21:02:43===> API : /api/auth/validateuser ===> Message : validateUser() :: Request Object :: [object Object]
info: ===> TimeStamp : 2025-05-31 21:02:43===> API : /api/auth/validateuser ===> Message : validateUserDB() Invoked !
info: ===> TimeStamp : 2025-05-31 21:02:43===> API : /api/auth/validateuser ===> Message : validateUserResponse() invoked!
info: ===> TimeStamp : 2025-05-31 21:02:43===> API : /api/auth/validateuser ===> Message : validateUserResponse() completed
info: ===> TimeStamp : 2025-05-31 21:02:43===> API : null ===> Message : validateRequest() invoked
info: ===> TimeStamp : 2025-05-31 21:02:43===> API : null ===> Message : fetchDBSettings()
info: ===> TimeStamp : 2025-05-31 21:02:43===> API : null ===> Message : validateRequest() Invoked!
info: ===> TimeStamp : 2025-05-31 21:02:43===> API : null ===> Message : validRequest() :: Api validated Successfully
info: ===> TimeStamp : 2025-05-31 21:02:43===> API : /api/auth/checkIP ===> Message : checkIP() invoked!!
info: ===> TimeStamp : 2025-05-31 21:02:43===> API : /api/auth/checkIP ===> Message : IPs match: 103.255.182.117
info: ===> TimeStamp : 2025-05-31 21:02:43===> API : /api/auth/checkIP ===> Message : checkIPResponse() invoked!
info: ===> TimeStamp : 2025-05-31 21:02:43===> API : /api/auth/checkIP ===> Message : checkIPResponse() completed
info: ===> TimeStamp : 2025-05-31 21:02:43===> API : null ===> Message : validateRequest() invoked
info: ===> TimeStamp : 2025-05-31 21:02:43===> API : null ===> Message : fetchDBSettings()
info: ===> TimeStamp : 2025-05-31 21:02:43===> API : null ===> Message : validateRequest() Invoked!
info: ===> TimeStamp : 2025-05-31 21:02:43===> API : null ===> Message : validRequest() :: Api validated Successfully
info: ===> TimeStamp : 2025-05-31 21:02:43===> API : /api/auth/login ===> Message : loginUser() invoked!!
info: ===> TimeStamp : 2025-05-31 21:02:43===> API : /api/auth/login ===> Message : loginUser() :: Request Object :: [object Object]
info: ===> TimeStamp : 2025-05-31 21:02:43===> API : /api/auth/login ===> Message : loginUserDB() Invoked !
info: ===> TimeStamp : 2025-05-31 21:02:43===> API : /api/auth/login ===> Message : loginUserResponse() invoked!
info: ===> TimeStamp : 2025-05-31 21:02:43===> API : /api/auth/login ===> Message : loginUserResponse() completed
info: ===> TimeStamp : 2025-05-31 21:12:41===> API : null ===> Message : validateRequest() invoked
info: ===> TimeStamp : 2025-05-31 21:12:41===> API : null ===> Message : fetchDBSettings()
info: ===> TimeStamp : 2025-05-31 21:12:41===> API : null ===> Message : validateRequest() Invoked!
info: ===> TimeStamp : 2025-05-31 21:12:41===> API : null ===> Message : validRequest() :: Api validated Successfully
info: ===> TimeStamp : 2025-05-31 21:12:41===> API : /api/auth/logout ===> Message : logoutUser() :: Request Object :: [object Object]
info: ===> TimeStamp : 2025-05-31 21:12:41===> API : /api/auth/logout ===> Message : logoutUser() invoked!!
info: ===> TimeStamp : 2025-05-31 21:12:41===> API : /api/auth/logout ===> Message : logoutUserDB() Invoked !
info: ===> TimeStamp : 2025-05-31 21:12:41===> API : /api/auth/logout ===> Message : logoutUserResponse() invoked!
info: ===> TimeStamp : 2025-05-31 21:12:41===> API : /api/auth/logout ===> Message : logoutUserResponse() completed
info: ===> TimeStamp : 2025-05-31 21:12:53===> API : null ===> Message : validateRequest() invoked
info: ===> TimeStamp : 2025-05-31 21:12:53===> API : null ===> Message : fetchDBSettings()
info: ===> TimeStamp : 2025-05-31 21:12:53===> API : null ===> Message : validateRequest() Invoked!
info: ===> TimeStamp : 2025-05-31 21:12:53===> API : null ===> Message : validRequest() :: Api validated Successfully
info: ===> TimeStamp : 2025-05-31 21:12:53===> API : /api/auth/validateuser ===> Message : validateUser() invoked!!
info: ===> TimeStamp : 2025-05-31 21:12:53===> API : /api/auth/validateuser ===> Message : validateUser() :: Request Object :: [object Object]
info: ===> TimeStamp : 2025-05-31 21:12:53===> API : /api/auth/validateuser ===> Message : validateUserDB() Invoked !
info: ===> TimeStamp : 2025-05-31 21:12:53===> API : /api/auth/validateuser ===> Message : validateUserResponse() invoked!
info: ===> TimeStamp : 2025-05-31 21:12:53===> API : /api/auth/validateuser ===> Message : validateUserResponse() completed
info: ===> TimeStamp : 2025-05-31 21:12:53===> API : null ===> Message : validateRequest() invoked
info: ===> TimeStamp : 2025-05-31 21:12:53===> API : null ===> Message : fetchDBSettings()
info: ===> TimeStamp : 2025-05-31 21:12:53===> API : null ===> Message : validateRequest() Invoked!
info: ===> TimeStamp : 2025-05-31 21:12:53===> API : null ===> Message : validRequest() :: Api validated Successfully
info: ===> TimeStamp : 2025-05-31 21:12:53===> API : /api/auth/login ===> Message : loginUser() invoked!!
info: ===> TimeStamp : 2025-05-31 21:12:53===> API : /api/auth/login ===> Message : loginUser() :: Request Object :: [object Object]
info: ===> TimeStamp : 2025-05-31 21:12:53===> API : /api/auth/login ===> Message : loginUserDB() Invoked !
info: ===> TimeStamp : 2025-05-31 21:12:53===> API : /api/auth/login ===> Message : loginUserResponse() invoked!
info: ===> TimeStamp : 2025-05-31 21:12:53===> API : /api/auth/login ===> Message : loginUserResponse() completed
info: ===> TimeStamp : 2025-05-31 21:21:31===> API : null ===> Message : validateRequest() invoked
info: ===> TimeStamp : 2025-05-31 21:21:31===> API : null ===> Message : fetchDBSettings()
info: ===> TimeStamp : 2025-05-31 21:21:31===> API : null ===> Message : validateRequest() Invoked!
info: ===> TimeStamp : 2025-05-31 21:21:31===> API : null ===> Message : validRequest() :: Api validated Successfully
info: ===> TimeStamp : 2025-05-31 21:21:31===> API : /api/auth/validateuser ===> Message : validateUser() invoked!!
info: ===> TimeStamp : 2025-05-31 21:21:31===> API : /api/auth/validateuser ===> Message : validateUser() :: Request Object :: [object Object]
info: ===> TimeStamp : 2025-05-31 21:21:31===> API : /api/auth/validateuser ===> Message : validateUserDB() Invoked !
info: ===> TimeStamp : 2025-05-31 21:21:31===> API : /api/auth/validateuser ===> Message : validateUserResponse() invoked!
info: ===> TimeStamp : 2025-05-31 21:21:31===> API : /api/auth/validateuser ===> Message : validateUserResponse() completed
info: ===> TimeStamp : 2025-05-31 21:21:31===> API : null ===> Message : validateRequest() invoked
info: ===> TimeStamp : 2025-05-31 21:21:31===> API : null ===> Message : fetchDBSettings()
info: ===> TimeStamp : 2025-05-31 21:21:31===> API : null ===> Message : validateRequest() Invoked!
info: ===> TimeStamp : 2025-05-31 21:21:32===> API : null ===> Message : validRequest() :: Api validated Successfully
info: ===> TimeStamp : 2025-05-31 21:21:32===> API : /api/auth/login ===> Message : loginUser() invoked!!
info: ===> TimeStamp : 2025-05-31 21:21:32===> API : /api/auth/login ===> Message : loginUser() :: Request Object :: [object Object]
info: ===> TimeStamp : 2025-05-31 21:21:32===> API : /api/auth/login ===> Message : loginUserDB() Invoked !
info: ===> TimeStamp : 2025-05-31 21:21:32===> API : /api/auth/login ===> Message : loginUserResponse() invoked!
info: ===> TimeStamp : 2025-05-31 21:21:32===> API : /api/auth/login ===> Message : loginUserResponse() completed
info: ===> TimeStamp : 2025-05-31 21:22:06===> API : null ===> Message : validateRequest() invoked
info: ===> TimeStamp : 2025-05-31 21:22:06===> API : null ===> Message : fetchDBSettings()
info: ===> TimeStamp : 2025-05-31 21:22:06===> API : null ===> Message : validateRequest() Invoked!
info: ===> TimeStamp : 2025-05-31 21:22:06===> API : null ===> Message : validRequest() :: Api validated Successfully
info: ===> TimeStamp : 2025-05-31 21:22:06===> API : /api/auth/validateuser ===> Message : validateUser() invoked!!
info: ===> TimeStamp : 2025-05-31 21:22:06===> API : /api/auth/validateuser ===> Message : validateUser() :: Request Object :: [object Object]
info: ===> TimeStamp : 2025-05-31 21:22:06===> API : /api/auth/validateuser ===> Message : validateUserDB() Invoked !
info: ===> TimeStamp : 2025-05-31 21:22:06===> API : /api/auth/validateuser ===> Message : validateUserResponse() invoked!
info: ===> TimeStamp : 2025-05-31 21:22:06===> API : /api/auth/validateuser ===> Message : validateUserResponse() completed
info: ===> TimeStamp : 2025-05-31 21:22:07===> API : null ===> Message : validateRequest() invoked
info: ===> TimeStamp : 2025-05-31 21:22:07===> API : null ===> Message : fetchDBSettings()
info: ===> TimeStamp : 2025-05-31 21:22:07===> API : null ===> Message : validateRequest() Invoked!
info: ===> TimeStamp : 2025-05-31 21:22:07===> API : null ===> Message : validRequest() :: Api validated Successfully
info: ===> TimeStamp : 2025-05-31 21:22:07===> API : /api/auth/login ===> Message : loginUser() invoked!!
info: ===> TimeStamp : 2025-05-31 21:22:07===> API : /api/auth/login ===> Message : loginUser() :: Request Object :: [object Object]
info: ===> TimeStamp : 2025-05-31 21:22:07===> API : /api/auth/login ===> Message : loginUserDB() Invoked !
info: ===> TimeStamp : 2025-05-31 21:22:07===> API : /api/auth/login ===> Message : loginUserResponse() invoked!
info: ===> TimeStamp : 2025-05-31 21:22:07===> API : /api/auth/login ===> Message : loginUserResponse() completed
info: ===> TimeStamp : 2025-05-31 21:37:44===> API : null ===> Message : validateRequest() invoked
info: ===> TimeStamp : 2025-05-31 21:37:44===> API : null ===> Message : fetchDBSettings()
info: ===> TimeStamp : 2025-05-31 21:37:44===> API : null ===> Message : validateRequest() Invoked!
info: ===> TimeStamp : 2025-05-31 21:37:44===> API : null ===> Message : validRequest() :: Api validated Successfully
info: ===> TimeStamp : 2025-05-31 21:37:44===> API : /api/auth/logout ===> Message : logoutUser() invoked!!
info: ===> TimeStamp : 2025-05-31 21:37:44===> API : /api/auth/logout ===> Message : logoutUser() :: Request Object :: [object Object]
info: ===> TimeStamp : 2025-05-31 21:37:44===> API : /api/auth/logout ===> Message : logoutUserDB() Invoked !
info: ===> TimeStamp : 2025-05-31 21:37:44===> API : /api/auth/logout ===> Message : logoutUserResponse() invoked!
info: ===> TimeStamp : 2025-05-31 21:37:44===> API : /api/auth/logout ===> Message : logoutUserResponse() completed
info: ===> TimeStamp : 2025-05-31 21:38:31===> API : null ===> Message : validateRequest() invoked
info: ===> TimeStamp : 2025-05-31 21:38:31===> API : null ===> Message : fetchDBSettings()
info: ===> TimeStamp : 2025-05-31 21:38:31===> API : null ===> Message : validateRequest() Invoked!
info: ===> TimeStamp : 2025-05-31 21:38:31===> API : null ===> Message : validRequest() :: Api validated Successfully
info: ===> TimeStamp : 2025-05-31 21:38:31===> API : /api/auth/logout ===> Message : logoutUser() invoked!!
info: ===> TimeStamp : 2025-05-31 21:38:31===> API : /api/auth/logout ===> Message : logoutUser() :: Request Object :: [object Object]
info: ===> TimeStamp : 2025-05-31 21:38:31===> API : /api/auth/logout ===> Message : logoutUserDB() Invoked !
info: ===> TimeStamp : 2025-05-31 21:38:31===> API : /api/auth/logout ===> Message : logoutUserResponse() invoked!
info: ===> TimeStamp : 2025-05-31 21:38:31===> API : /api/auth/logout ===> Message : logoutUserResponse() completed
info: ===> TimeStamp : 2025-05-31 21:38:34===> API : null ===> Message : validateRequest() invoked
info: ===> TimeStamp : 2025-05-31 21:38:34===> API : null ===> Message : fetchDBSettings()
info: ===> TimeStamp : 2025-05-31 21:38:34===> API : null ===> Message : validateRequest() Invoked!
info: ===> TimeStamp : 2025-05-31 21:38:34===> API : null ===> Message : validRequest() :: Api validated Successfully
info: ===> TimeStamp : 2025-05-31 21:38:34===> API : /api/auth/validateuser ===> Message : validateUser() invoked!!
info: ===> TimeStamp : 2025-05-31 21:38:34===> API : /api/auth/validateuser ===> Message : validateUser() :: Request Object :: [object Object]
info: ===> TimeStamp : 2025-05-31 21:38:34===> API : /api/auth/validateuser ===> Message : validateUserDB() Invoked !
info: ===> TimeStamp : 2025-05-31 21:38:34===> API : /api/auth/validateuser ===> Message : validateUserResponse() invoked!
info: ===> TimeStamp : 2025-05-31 21:38:34===> API : /api/auth/validateuser ===> Message : validateUserResponse() completed
info: ===> TimeStamp : 2025-05-31 21:38:34===> API : null ===> Message : validateRequest() invoked
info: ===> TimeStamp : 2025-05-31 21:38:34===> API : null ===> Message : fetchDBSettings()
info: ===> TimeStamp : 2025-05-31 21:38:34===> API : null ===> Message : validateRequest() Invoked!
info: ===> TimeStamp : 2025-05-31 21:38:34===> API : null ===> Message : validRequest() :: Api validated Successfully
info: ===> TimeStamp : 2025-05-31 21:38:34===> API : /api/auth/checkIP ===> Message : checkIP() invoked!!
info: ===> TimeStamp : 2025-05-31 21:38:34===> API : /api/auth/checkIP ===> Message : IPs match: 103.255.182.117
info: ===> TimeStamp : 2025-05-31 21:38:34===> API : /api/auth/checkIP ===> Message : checkIPResponse() invoked!
info: ===> TimeStamp : 2025-05-31 21:38:34===> API : /api/auth/checkIP ===> Message : checkIPResponse() completed
info: ===> TimeStamp : 2025-05-31 21:38:34===> API : null ===> Message : validateRequest() invoked
info: ===> TimeStamp : 2025-05-31 21:38:34===> API : null ===> Message : fetchDBSettings()
info: ===> TimeStamp : 2025-05-31 21:38:34===> API : null ===> Message : validateRequest() Invoked!
info: ===> TimeStamp : 2025-05-31 21:38:34===> API : null ===> Message : validRequest() :: Api validated Successfully
info: ===> TimeStamp : 2025-05-31 21:38:34===> API : /api/auth/login ===> Message : loginUser() invoked!!
info: ===> TimeStamp : 2025-05-31 21:38:34===> API : /api/auth/login ===> Message : loginUser() :: Request Object :: [object Object]
info: ===> TimeStamp : 2025-05-31 21:38:34===> API : /api/auth/login ===> Message : loginUserDB() Invoked !
info: ===> TimeStamp : 2025-05-31 21:38:34===> API : /api/auth/login ===> Message : loginUserResponse() invoked!
info: ===> TimeStamp : 2025-05-31 21:38:34===> API : /api/auth/login ===> Message : loginUserResponse() completed
info: ===> TimeStamp : 2025-05-31 21:38:46===> API : null ===> Message : validateRequest() invoked
info: ===> TimeStamp : 2025-05-31 21:38:46===> API : null ===> Message : fetchDBSettings()
info: ===> TimeStamp : 2025-05-31 21:38:46===> API : null ===> Message : validateRequest() Invoked!
info: ===> TimeStamp : 2025-05-31 21:38:46===> API : null ===> Message : validRequest() :: Api validated Successfully
info: ===> TimeStamp : 2025-05-31 21:38:46===> API : /api/auth/validateuser ===> Message : validateUser() invoked!!
info: ===> TimeStamp : 2025-05-31 21:38:46===> API : /api/auth/validateuser ===> Message : validateUser() :: Request Object :: [object Object]
info: ===> TimeStamp : 2025-05-31 21:38:46===> API : /api/auth/validateuser ===> Message : validateUserDB() Invoked !
info: ===> TimeStamp : 2025-05-31 21:38:46===> API : /api/auth/validateuser ===> Message : validateUserResponse() invoked!
info: ===> TimeStamp : 2025-05-31 21:38:46===> API : /api/auth/validateuser ===> Message : validateUserResponse() completed
info: ===> TimeStamp : 2025-05-31 21:38:46===> API : null ===> Message : fetchDBSettings()
info: ===> TimeStamp : 2025-05-31 21:38:46===> API : null ===> Message : validateRequest() invoked
info: ===> TimeStamp : 2025-05-31 21:38:46===> API : null ===> Message : validateRequest() Invoked!
info: ===> TimeStamp : 2025-05-31 21:38:46===> API : null ===> Message : validRequest() :: Api validated Successfully
info: ===> TimeStamp : 2025-05-31 21:38:46===> API : /api/auth/checkIP ===> Message : checkIP() invoked!!
info: ===> TimeStamp : 2025-05-31 21:38:46===> API : /api/auth/checkIP ===> Message : IPs match: 103.255.182.117
info: ===> TimeStamp : 2025-05-31 21:38:46===> API : /api/auth/checkIP ===> Message : checkIPResponse() invoked!
info: ===> TimeStamp : 2025-05-31 21:38:46===> API : /api/auth/checkIP ===> Message : checkIPResponse() completed
info: ===> TimeStamp : 2025-05-31 21:38:46===> API : null ===> Message : validateRequest() invoked
info: ===> TimeStamp : 2025-05-31 21:38:46===> API : null ===> Message : fetchDBSettings()
info: ===> TimeStamp : 2025-05-31 21:38:46===> API : null ===> Message : validateRequest() Invoked!
info: ===> TimeStamp : 2025-05-31 21:38:46===> API : null ===> Message : validRequest() :: Api validated Successfully
info: ===> TimeStamp : 2025-05-31 21:38:46===> API : /api/auth/login ===> Message : loginUser() invoked!!
info: ===> TimeStamp : 2025-05-31 21:38:46===> API : /api/auth/login ===> Message : loginUser() :: Request Object :: [object Object]
info: ===> TimeStamp : 2025-05-31 21:38:46===> API : /api/auth/login ===> Message : loginUserDB() Invoked !
info: ===> TimeStamp : 2025-05-31 21:38:46===> API : /api/auth/login ===> Message : loginUserResponse() invoked!
info: ===> TimeStamp : 2025-05-31 21:38:46===> API : /api/auth/login ===> Message : loginUserResponse() completed
info: ===> TimeStamp : 2025-05-31 22:04:28===> API : null ===> Message : validateRequest() invoked
info: ===> TimeStamp : 2025-05-31 22:04:28===> API : null ===> Message : fetchDBSettings()
info: ===> TimeStamp : 2025-05-31 22:04:28===> API : null ===> Message : validateRequest() Invoked!
info: ===> TimeStamp : 2025-05-31 22:04:28===> API : null ===> Message : validRequest() :: Api validated Successfully
info: ===> TimeStamp : 2025-05-31 22:04:28===> API : /api/auth/validateuser ===> Message : validateUser() invoked!!
info: ===> TimeStamp : 2025-05-31 22:04:28===> API : /api/auth/validateuser ===> Message : validateUser() :: Request Object :: [object Object]
info: ===> TimeStamp : 2025-05-31 22:04:28===> API : /api/auth/validateuser ===> Message : validateUserDB() Invoked !
info: ===> TimeStamp : 2025-05-31 22:04:28===> API : /api/auth/validateuser ===> Message : validateUserResponse() invoked!
info: ===> TimeStamp : 2025-05-31 22:04:28===> API : /api/auth/validateuser ===> Message : validateUserResponse() completed
info: ===> TimeStamp : 2025-05-31 22:04:28===> API : null ===> Message : validateRequest() invoked
info: ===> TimeStamp : 2025-05-31 22:04:28===> API : null ===> Message : fetchDBSettings()
info: ===> TimeStamp : 2025-05-31 22:04:28===> API : null ===> Message : validateRequest() Invoked!
info: ===> TimeStamp : 2025-05-31 22:04:28===> API : null ===> Message : validRequest() :: Api validated Successfully
info: ===> TimeStamp : 2025-05-31 22:04:28===> API : /api/auth/login ===> Message : loginUser() invoked!!
info: ===> TimeStamp : 2025-05-31 22:04:28===> API : /api/auth/login ===> Message : loginUser() :: Request Object :: [object Object]
info: ===> TimeStamp : 2025-05-31 22:04:28===> API : /api/auth/login ===> Message : loginUserDB() Invoked !
info: ===> TimeStamp : 2025-05-31 22:04:28===> API : /api/auth/login ===> Message : loginUserResponse() invoked!
info: ===> TimeStamp : 2025-05-31 22:04:28===> API : /api/auth/login ===> Message : loginUserResponse() completed
info: ===> TimeStamp : 2025-05-31 22:30:23===> API : null ===> Message : validateRequest() invoked
info: ===> TimeStamp : 2025-05-31 22:30:23===> API : null ===> Message : fetchDBSettings()
info: ===> TimeStamp : 2025-05-31 22:30:23===> API : null ===> Message : validateRequest() Invoked!
info: ===> TimeStamp : 2025-05-31 22:30:23===> API : null ===> Message : validRequest() :: Api validated Successfully
info: ===> TimeStamp : 2025-05-31 22:30:23===> API : /api/auth/validateuser ===> Message : validateUser() invoked!!
info: ===> TimeStamp : 2025-05-31 22:30:23===> API : /api/auth/validateuser ===> Message : validateUser() :: Request Object :: [object Object]
info: ===> TimeStamp : 2025-05-31 22:30:23===> API : /api/auth/validateuser ===> Message : validateUserDB() Invoked !
info: ===> TimeStamp : 2025-05-31 22:30:23===> API : /api/auth/validateuser ===> Message : validateUserResponse() invoked!
info: ===> TimeStamp : 2025-05-31 22:30:23===> API : /api/auth/validateuser ===> Message : validateUserResponse() completed
info: ===> TimeStamp : 2025-05-31 22:30:23===> API : null ===> Message : validateRequest() invoked
info: ===> TimeStamp : 2025-05-31 22:30:23===> API : null ===> Message : fetchDBSettings()
info: ===> TimeStamp : 2025-05-31 22:30:23===> API : null ===> Message : validateRequest() Invoked!
info: ===> TimeStamp : 2025-05-31 22:30:23===> API : null ===> Message : validRequest() :: Api validated Successfully
info: ===> TimeStamp : 2025-05-31 22:30:23===> API : /api/auth/checkIP ===> Message : checkIP() invoked!!
info: ===> TimeStamp : 2025-05-31 22:30:23===> API : /api/auth/checkIP ===> Message : IPs match: 103.255.182.117
info: ===> TimeStamp : 2025-05-31 22:30:23===> API : /api/auth/checkIP ===> Message : checkIPResponse() invoked!
info: ===> TimeStamp : 2025-05-31 22:30:23===> API : /api/auth/checkIP ===> Message : checkIPResponse() completed
info: ===> TimeStamp : 2025-05-31 22:30:23===> API : null ===> Message : validateRequest() invoked
info: ===> TimeStamp : 2025-05-31 22:30:23===> API : null ===> Message : fetchDBSettings()
info: ===> TimeStamp : 2025-05-31 22:30:23===> API : null ===> Message : validateRequest() Invoked!
info: ===> TimeStamp : 2025-05-31 22:30:23===> API : null ===> Message : validRequest() :: Api validated Successfully
info: ===> TimeStamp : 2025-05-31 22:30:23===> API : /api/auth/login ===> Message : loginUser() :: Request Object :: [object Object]
info: ===> TimeStamp : 2025-05-31 22:30:23===> API : /api/auth/login ===> Message : loginUserDB() Invoked !
info: ===> TimeStamp : 2025-05-31 22:30:23===> API : /api/auth/login ===> Message : loginUser() invoked!!
info: ===> TimeStamp : 2025-05-31 22:30:23===> API : /api/auth/login ===> Message : loginUserResponse() invoked!
info: ===> TimeStamp : 2025-05-31 22:30:23===> API : /api/auth/login ===> Message : loginUserResponse() completed
info: ===> TimeStamp : 2025-05-31 22:41:12===> API : null ===> Message : validateRequest() invoked
info: ===> TimeStamp : 2025-05-31 22:41:12===> API : null ===> Message : fetchDBSettings()
info: ===> TimeStamp : 2025-05-31 22:41:12===> API : null ===> Message : validateRequest() Invoked!
info: ===> TimeStamp : 2025-05-31 22:41:12===> API : null ===> Message : validRequest() :: Api validated Successfully
info: ===> TimeStamp : 2025-05-31 22:41:12===> API : /api/auth/validateuser ===> Message : validateUser() invoked!!
info: ===> TimeStamp : 2025-05-31 22:41:12===> API : /api/auth/validateuser ===> Message : validateUser() :: Request Object :: [object Object]
info: ===> TimeStamp : 2025-05-31 22:41:12===> API : /api/auth/validateuser ===> Message : validateUserDB() Invoked !
info: ===> TimeStamp : 2025-05-31 22:41:12===> API : /api/auth/validateuser ===> Message : validateUserResponse() invoked!
info: ===> TimeStamp : 2025-05-31 22:41:12===> API : /api/auth/validateuser ===> Message : validateUserResponse() completed
info: ===> TimeStamp : 2025-05-31 22:41:12===> API : null ===> Message : validateRequest() invoked
info: ===> TimeStamp : 2025-05-31 22:41:12===> API : null ===> Message : fetchDBSettings()
info: ===> TimeStamp : 2025-05-31 22:41:12===> API : null ===> Message : validateRequest() Invoked!
info: ===> TimeStamp : 2025-05-31 22:41:12===> API : null ===> Message : validRequest() :: Api validated Successfully
info: ===> TimeStamp : 2025-05-31 22:41:12===> API : /api/auth/checkIP ===> Message : checkIP() invoked!!
info: ===> TimeStamp : 2025-05-31 22:41:12===> API : /api/auth/checkIP ===> Message : IPs match: 103.255.182.117
info: ===> TimeStamp : 2025-05-31 22:41:12===> API : /api/auth/checkIP ===> Message : checkIPResponse() invoked!
info: ===> TimeStamp : 2025-05-31 22:41:12===> API : /api/auth/checkIP ===> Message : checkIPResponse() completed
info: ===> TimeStamp : 2025-05-31 22:41:13===> API : null ===> Message : validateRequest() invoked
info: ===> TimeStamp : 2025-05-31 22:41:13===> API : null ===> Message : fetchDBSettings()
info: ===> TimeStamp : 2025-05-31 22:41:13===> API : null ===> Message : validateRequest() Invoked!
info: ===> TimeStamp : 2025-05-31 22:41:13===> API : null ===> Message : validRequest() :: Api validated Successfully
info: ===> TimeStamp : 2025-05-31 22:41:13===> API : /api/auth/login ===> Message : loginUser() invoked!!
info: ===> TimeStamp : 2025-05-31 22:41:13===> API : /api/auth/login ===> Message : loginUser() :: Request Object :: [object Object]
info: ===> TimeStamp : 2025-05-31 22:41:13===> API : /api/auth/login ===> Message : loginUserDB() Invoked !
info: ===> TimeStamp : 2025-05-31 22:41:13===> API : /api/auth/login ===> Message : loginUserResponse() invoked!
info: ===> TimeStamp : 2025-05-31 22:41:13===> API : /api/auth/login ===> Message : loginUserResponse() completed
info: ===> TimeStamp : 2025-05-31 23:34:55===> API : null ===> Message : fetchDBSettings()
info: ===> TimeStamp : 2025-05-31 23:34:55===> API : null ===> Message : validateRequest() invoked
info: ===> TimeStamp : 2025-05-31 23:34:55===> API : null ===> Message : validateRequest() Invoked!
info: ===> TimeStamp : 2025-05-31 23:34:55===> API : null ===> Message : validRequest() :: Api validated Successfully
info: ===> TimeStamp : 2025-05-31 23:34:55===> API : /api/auth/validateuser ===> Message : validateUser() :: Request Object :: [object Object]
info: ===> TimeStamp : 2025-05-31 23:34:55===> API : /api/auth/validateuser ===> Message : validateUser() invoked!!
info: ===> TimeStamp : 2025-05-31 23:34:55===> API : /api/auth/validateuser ===> Message : validateUserDB() Invoked !
info: ===> TimeStamp : 2025-05-31 23:34:55===> API : /api/auth/validateuser ===> Message : validateUserResponse() invoked!
info: ===> TimeStamp : 2025-05-31 23:34:55===> API : /api/auth/validateuser ===> Message : validateUserResponse() completed
info: ===> TimeStamp : 2025-05-31 23:34:55===> API : null ===> Message : validateRequest() invoked
info: ===> TimeStamp : 2025-05-31 23:34:55===> API : null ===> Message : fetchDBSettings()
info: ===> TimeStamp : 2025-05-31 23:34:55===> API : null ===> Message : validateRequest() Invoked!
info: ===> TimeStamp : 2025-05-31 23:34:56===> API : null ===> Message : validRequest() :: Api validated Successfully
info: ===> TimeStamp : 2025-05-31 23:34:56===> API : /api/auth/login ===> Message : loginUser() invoked!!
info: ===> TimeStamp : 2025-05-31 23:34:56===> API : /api/auth/login ===> Message : loginUser() :: Request Object :: [object Object]
info: ===> TimeStamp : 2025-05-31 23:34:56===> API : /api/auth/login ===> Message : loginUserDB() Invoked !
info: ===> TimeStamp : 2025-05-31 23:34:56===> API : /api/auth/login ===> Message : loginUserResponse() invoked!
info: ===> TimeStamp : 2025-05-31 23:34:56===> API : /api/auth/login ===> Message : loginUserResponse() completed
info: ===> TimeStamp : 2025-05-31 23:49:52===> API : null ===> Message : validateRequest() invoked
info: ===> TimeStamp : 2025-05-31 23:49:52===> API : null ===> Message : fetchDBSettings()
info: ===> TimeStamp : 2025-05-31 23:49:52===> API : null ===> Message : validateRequest() Invoked!
info: ===> TimeStamp : 2025-05-31 23:49:52===> API : null ===> Message : validRequest() :: Api validated Successfully
info: ===> TimeStamp : 2025-05-31 23:49:52===> API : /api/auth/validateuser ===> Message : validateUser() invoked!!
info: ===> TimeStamp : 2025-05-31 23:49:52===> API : /api/auth/validateuser ===> Message : validateUser() :: Request Object :: [object Object]
info: ===> TimeStamp : 2025-05-31 23:49:52===> API : /api/auth/validateuser ===> Message : validateUserDB() Invoked !
info: ===> TimeStamp : 2025-05-31 23:49:52===> API : /api/auth/validateuser ===> Message : validateUserResponse() invoked!
info: ===> TimeStamp : 2025-05-31 23:49:52===> API : /api/auth/validateuser ===> Message : validateUserResponse() completed
info: ===> TimeStamp : 2025-05-31 23:49:52===> API : null ===> Message : validateRequest() invoked
info: ===> TimeStamp : 2025-05-31 23:49:52===> API : null ===> Message : fetchDBSettings()
info: ===> TimeStamp : 2025-05-31 23:49:52===> API : null ===> Message : validateRequest() Invoked!
info: ===> TimeStamp : 2025-05-31 23:49:52===> API : null ===> Message : validRequest() :: Api validated Successfully
info: ===> TimeStamp : 2025-05-31 23:49:52===> API : /api/auth/login ===> Message : loginUser() invoked!!
info: ===> TimeStamp : 2025-05-31 23:49:52===> API : /api/auth/login ===> Message : loginUser() :: Request Object :: [object Object]
info: ===> TimeStamp : 2025-05-31 23:49:52===> API : /api/auth/login ===> Message : loginUserDB() Invoked !
info: ===> TimeStamp : 2025-05-31 23:49:53===> API : /api/auth/login ===> Message : loginUserResponse() invoked!
info: ===> TimeStamp : 2025-05-31 23:49:53===> API : /api/auth/login ===> Message : loginUserResponse() completed
info: ===> TimeStamp : 2025-06-01 01:26:38===> API : null ===> Message : validateRequest() invoked
info: ===> TimeStamp : 2025-06-01 01:26:38===> API : null ===> Message : fetchDBSettings()
info: ===> TimeStamp : 2025-06-01 01:26:38===> API : null ===> Message : validateRequest() Invoked!
info: ===> TimeStamp : 2025-06-01 01:26:38===> API : null ===> Message : validRequest() :: Api validated Successfully
info: ===> TimeStamp : 2025-06-01 01:26:38===> API : /api/auth/validateuser ===> Message : validateUser() invoked!!
info: ===> TimeStamp : 2025-06-01 01:26:38===> API : /api/auth/validateuser ===> Message : validateUser() :: Request Object :: [object Object]
info: ===> TimeStamp : 2025-06-01 01:26:38===> API : /api/auth/validateuser ===> Message : validateUserDB() Invoked !
info: ===> TimeStamp : 2025-06-01 01:26:38===> API : /api/auth/validateuser ===> Message : validateUserResponse() invoked!
info: ===> TimeStamp : 2025-06-01 01:26:38===> API : /api/auth/validateuser ===> Message : validateUserResponse() completed
info: ===> TimeStamp : 2025-06-01 01:26:38===> API : null ===> Message : validateRequest() invoked
info: ===> TimeStamp : 2025-06-01 01:26:38===> API : null ===> Message : fetchDBSettings()
info: ===> TimeStamp : 2025-06-01 01:26:38===> API : null ===> Message : validateRequest() Invoked!
info: ===> TimeStamp : 2025-06-01 01:26:38===> API : null ===> Message : validRequest() :: Api validated Successfully
info: ===> TimeStamp : 2025-06-01 01:26:38===> API : /api/auth/login ===> Message : loginUser() invoked!!
info: ===> TimeStamp : 2025-06-01 01:26:38===> API : /api/auth/login ===> Message : loginUser() :: Request Object :: [object Object]
info: ===> TimeStamp : 2025-06-01 01:26:38===> API : /api/auth/login ===> Message : loginUserDB() Invoked !
info: ===> TimeStamp : 2025-06-01 01:26:38===> API : /api/auth/login ===> Message : loginUserResponse() invoked!
info: ===> TimeStamp : 2025-06-01 01:26:38===> API : /api/auth/login ===> Message : loginUserResponse() completed
info: ===> TimeStamp : 2025-06-01 02:41:30===> API : null ===> Message : validateRequest() invoked
info: ===> TimeStamp : 2025-06-01 02:41:30===> API : null ===> Message : fetchDBSettings()
info: ===> TimeStamp : 2025-06-01 02:41:30===> API : null ===> Message : validateRequest() Invoked!
info: ===> TimeStamp : 2025-06-01 02:41:30===> API : null ===> Message : validRequest() :: Api validated Successfully
info: ===> TimeStamp : 2025-06-01 02:41:30===> API : /api/auth/validateuser ===> Message : validateUser() invoked!!
info: ===> TimeStamp : 2025-06-01 02:41:30===> API : /api/auth/validateuser ===> Message : validateUser() :: Request Object :: [object Object]
info: ===> TimeStamp : 2025-06-01 02:41:30===> API : /api/auth/validateuser ===> Message : validateUserDB() Invoked !
info: ===> TimeStamp : 2025-06-01 02:41:30===> API : /api/auth/validateuser ===> Message : validateUserResponse() invoked!
info: ===> TimeStamp : 2025-06-01 02:41:30===> API : /api/auth/validateuser ===> Message : validateUserResponse() completed
info: ===> TimeStamp : 2025-06-01 02:41:30===> API : null ===> Message : validateRequest() invoked
info: ===> TimeStamp : 2025-06-01 02:41:30===> API : null ===> Message : fetchDBSettings()
info: ===> TimeStamp : 2025-06-01 02:41:30===> API : null ===> Message : validateRequest() Invoked!
info: ===> TimeStamp : 2025-06-01 02:41:30===> API : null ===> Message : validRequest() :: Api validated Successfully
info: ===> TimeStamp : 2025-06-01 02:41:30===> API : /api/auth/login ===> Message : loginUser() invoked!!
info: ===> TimeStamp : 2025-06-01 02:41:30===> API : /api/auth/login ===> Message : loginUser() :: Request Object :: [object Object]
info: ===> TimeStamp : 2025-06-01 02:41:30===> API : /api/auth/login ===> Message : loginUserDB() Invoked !
info: ===> TimeStamp : 2025-06-01 02:41:30===> API : /api/auth/login ===> Message : loginUserResponse() invoked!
info: ===> TimeStamp : 2025-06-01 02:41:30===> API : /api/auth/login ===> Message : loginUserResponse() completed
info: ===> TimeStamp : 2025-06-01 02:49:02===> API : null ===> Message : validateRequest() invoked
info: ===> TimeStamp : 2025-06-01 02:49:02===> API : null ===> Message : fetchDBSettings()
info: ===> TimeStamp : 2025-06-01 02:49:02===> API : null ===> Message : validateRequest() Invoked!
info: ===> TimeStamp : 2025-06-01 02:49:02===> API : null ===> Message : validRequest() :: Api validated Successfully
info: ===> TimeStamp : 2025-06-01 02:49:02===> API : /api/auth/logout ===> Message : logoutUser() :: Request Object :: [object Object]
info: ===> TimeStamp : 2025-06-01 02:49:02===> API : /api/auth/logout ===> Message : logoutUser() invoked!!
info: ===> TimeStamp : 2025-06-01 02:49:02===> API : /api/auth/logout ===> Message : logoutUserDB() Invoked !
info: ===> TimeStamp : 2025-06-01 02:49:02===> API : /api/auth/logout ===> Message : logoutUserResponse() invoked!
info: ===> TimeStamp : 2025-06-01 02:49:02===> API : /api/auth/logout ===> Message : logoutUserResponse() completed
info: ===> TimeStamp : 2025-06-01 03:02:30===> API : null ===> Message : validateRequest() invoked
info: ===> TimeStamp : 2025-06-01 03:02:30===> API : null ===> Message : fetchDBSettings()
info: ===> TimeStamp : 2025-06-01 03:02:30===> API : null ===> Message : validateRequest() Invoked!
info: ===> TimeStamp : 2025-06-01 03:02:30===> API : null ===> Message : validRequest() :: Api validated Successfully
info: ===> TimeStamp : 2025-06-01 03:02:30===> API : /api/auth/validateuser ===> Message : validateUser() invoked!!
info: ===> TimeStamp : 2025-06-01 03:02:30===> API : /api/auth/validateuser ===> Message : validateUser() :: Request Object :: [object Object]
info: ===> TimeStamp : 2025-06-01 03:02:30===> API : /api/auth/validateuser ===> Message : validateUserDB() Invoked !
info: ===> TimeStamp : 2025-06-01 03:02:30===> API : /api/auth/validateuser ===> Message : validateUserResponse() invoked!
info: ===> TimeStamp : 2025-06-01 03:02:30===> API : /api/auth/validateuser ===> Message : validateUserResponse() completed
info: ===> TimeStamp : 2025-06-01 03:02:30===> API : null ===> Message : validateRequest() invoked
info: ===> TimeStamp : 2025-06-01 03:02:30===> API : null ===> Message : fetchDBSettings()
info: ===> TimeStamp : 2025-06-01 03:02:30===> API : null ===> Message : validateRequest() Invoked!
info: ===> TimeStamp : 2025-06-01 03:02:30===> API : null ===> Message : validRequest() :: Api validated Successfully
info: ===> TimeStamp : 2025-06-01 03:02:30===> API : /api/auth/checkIP ===> Message : checkIP() invoked!!
info: ===> TimeStamp : 2025-06-01 03:02:30===> API : /api/auth/checkIP ===> Message : IPs match: 103.255.182.117
info: ===> TimeStamp : 2025-06-01 03:02:30===> API : /api/auth/checkIP ===> Message : checkIPResponse() invoked!
info: ===> TimeStamp : 2025-06-01 03:02:30===> API : /api/auth/checkIP ===> Message : checkIPResponse() completed
info: ===> TimeStamp : 2025-06-01 03:02:30===> API : null ===> Message : validateRequest() invoked
info: ===> TimeStamp : 2025-06-01 03:02:30===> API : null ===> Message : fetchDBSettings()
info: ===> TimeStamp : 2025-06-01 03:02:30===> API : null ===> Message : validateRequest() Invoked!
info: ===> TimeStamp : 2025-06-01 03:02:30===> API : null ===> Message : validRequest() :: Api validated Successfully
info: ===> TimeStamp : 2025-06-01 03:02:30===> API : /api/auth/login ===> Message : loginUser() invoked!!
info: ===> TimeStamp : 2025-06-01 03:02:30===> API : /api/auth/login ===> Message : loginUser() :: Request Object :: [object Object]
info: ===> TimeStamp : 2025-06-01 03:02:30===> API : /api/auth/login ===> Message : loginUserDB() Invoked !
info: ===> TimeStamp : 2025-06-01 03:02:31===> API : /api/auth/login ===> Message : loginUserResponse() invoked!
info: ===> TimeStamp : 2025-06-01 03:02:31===> API : /api/auth/login ===> Message : loginUserResponse() completed
