info: ===> TimeStamp : 2025-03-08 05:55:45===> API : null ===> Message : validateRequest() invoked
info: ===> TimeStamp : 2025-03-08 05:55:45===> API : null ===> Message : fetchDBSettings()
info: ===> TimeStamp : 2025-03-08 05:55:45===> API : null ===> Message : validateRequest() Invoked!
info: ===> TimeStamp : 2025-03-08 05:55:45===> API : null ===> Message : validRequest() :: Api validated Successfully
info: ===> TimeStamp : 2025-03-08 05:55:45===> API : /api/auth/validateuser ===> Message : validateUser() invoked!!
info: ===> TimeStamp : 2025-03-08 05:55:45===> API : /api/auth/validateuser ===> Message : validateUser() :: Request Object :: [object Object]
info: ===> TimeStamp : 2025-03-08 05:55:45===> API : /api/auth/validateuser ===> Message : validateUserDB() Invoked !
info: ===> TimeStamp : 2025-03-08 05:55:45===> API : /api/auth/validateuser ===> Message : validateUserResponse() invoked!
info: ===> TimeStamp : 2025-03-08 05:55:45===> API : /api/auth/validateuser ===> Message : validateUserResponse() completed
info: ===> TimeStamp : 2025-03-08 05:55:45===> API : null ===> Message : validateRequest() invoked
info: ===> TimeStamp : 2025-03-08 05:55:45===> API : null ===> Message : fetchDBSettings()
info: ===> TimeStamp : 2025-03-08 05:55:45===> API : null ===> Message : validateRequest() Invoked!
info: ===> TimeStamp : 2025-03-08 05:55:45===> API : null ===> Message : validRequest() :: Api validated Successfully
info: ===> TimeStamp : 2025-03-08 05:55:45===> API : /api/auth/login ===> Message : loginUser() invoked!!
info: ===> TimeStamp : 2025-03-08 05:55:45===> API : /api/auth/login ===> Message : loginUser() :: Request Object :: [object Object]
info: ===> TimeStamp : 2025-03-08 05:55:45===> API : /api/auth/login ===> Message : loginUserDB() Invoked !
info: ===> TimeStamp : 2025-03-08 05:55:45===> API : /api/auth/login ===> Message : loginUserResponse() invoked!
info: ===> TimeStamp : 2025-03-08 05:55:45===> API : /api/auth/login ===> Message : loginUserResponse() completed
info: ===> TimeStamp : 2025-03-08 06:24:30===> API : null ===> Message : validateRequest() invoked
info: ===> TimeStamp : 2025-03-08 06:24:30===> API : null ===> Message : fetchDBSettings()
info: ===> TimeStamp : 2025-03-08 06:24:30===> API : null ===> Message : validateRequest() Invoked!
info: ===> TimeStamp : 2025-03-08 06:24:30===> API : null ===> Message : validRequest() :: Api validated Successfully
info: ===> TimeStamp : 2025-03-08 06:24:30===> API : /api/auth/validateuser ===> Message : validateUser() invoked!!
info: ===> TimeStamp : 2025-03-08 06:24:30===> API : /api/auth/validateuser ===> Message : validateUser() :: Request Object :: [object Object]
info: ===> TimeStamp : 2025-03-08 06:24:30===> API : /api/auth/validateuser ===> Message : validateUserDB() Invoked !
info: ===> TimeStamp : 2025-03-08 06:24:30===> API : /api/auth/validateuser ===> Message : validateUserResponse() invoked!
info: ===> TimeStamp : 2025-03-08 06:24:30===> API : /api/auth/validateuser ===> Message : validateUserResponse() completed
info: ===> TimeStamp : 2025-03-08 06:24:30===> API : null ===> Message : validateRequest() invoked
info: ===> TimeStamp : 2025-03-08 06:24:30===> API : null ===> Message : fetchDBSettings()
info: ===> TimeStamp : 2025-03-08 06:24:30===> API : null ===> Message : validateRequest() Invoked!
info: ===> TimeStamp : 2025-03-08 06:24:30===> API : null ===> Message : validRequest() :: Api validated Successfully
info: ===> TimeStamp : 2025-03-08 06:24:30===> API : /api/auth/checkIP ===> Message : checkIP() invoked!!
info: ===> TimeStamp : 2025-03-08 06:24:30===> API : /api/auth/checkIP ===> Message : IPs match: 103.225.102.162
info: ===> TimeStamp : 2025-03-08 06:24:30===> API : /api/auth/checkIP ===> Message : checkIPResponse() invoked!
info: ===> TimeStamp : 2025-03-08 06:24:30===> API : /api/auth/checkIP ===> Message : checkIPResponse() completed
info: ===> TimeStamp : 2025-03-08 06:24:30===> API : null ===> Message : validateRequest() invoked
info: ===> TimeStamp : 2025-03-08 06:24:30===> API : null ===> Message : fetchDBSettings()
info: ===> TimeStamp : 2025-03-08 06:24:30===> API : null ===> Message : validateRequest() Invoked!
info: ===> TimeStamp : 2025-03-08 06:24:30===> API : null ===> Message : validRequest() :: Api validated Successfully
info: ===> TimeStamp : 2025-03-08 06:24:30===> API : /api/auth/login ===> Message : loginUser() invoked!!
info: ===> TimeStamp : 2025-03-08 06:24:30===> API : /api/auth/login ===> Message : loginUser() :: Request Object :: [object Object]
info: ===> TimeStamp : 2025-03-08 06:24:30===> API : /api/auth/login ===> Message : loginUserDB() Invoked !
info: ===> TimeStamp : 2025-03-08 06:24:30===> API : /api/auth/login ===> Message : loginUserResponse() invoked!
info: ===> TimeStamp : 2025-03-08 06:24:30===> API : /api/auth/login ===> Message : loginUserResponse() completed
info: ===> TimeStamp : 2025-03-08 06:55:23===> API : null ===> Message : validateRequest() invoked
info: ===> TimeStamp : 2025-03-08 06:55:23===> API : null ===> Message : fetchDBSettings()
info: ===> TimeStamp : 2025-03-08 06:55:23===> API : null ===> Message : validateRequest() Invoked!
info: ===> TimeStamp : 2025-03-08 06:55:23===> API : null ===> Message : validRequest() :: Api validated Successfully
info: ===> TimeStamp : 2025-03-08 06:55:23===> API : /api/auth/logout ===> Message : logoutUser() :: Request Object :: [object Object]
info: ===> TimeStamp : 2025-03-08 06:55:23===> API : /api/auth/logout ===> Message : logoutUser() invoked!!
info: ===> TimeStamp : 2025-03-08 06:55:23===> API : /api/auth/logout ===> Message : logoutUserDB() Invoked !
info: ===> TimeStamp : 2025-03-08 06:55:23===> API : /api/auth/logout ===> Message : logoutUserResponse() invoked!
info: ===> TimeStamp : 2025-03-08 06:55:23===> API : /api/auth/logout ===> Message : logoutUserResponse() completed
info: ===> TimeStamp : 2025-03-08 06:55:25===> API : null ===> Message : validateRequest() invoked
info: ===> TimeStamp : 2025-03-08 06:55:25===> API : null ===> Message : fetchDBSettings()
info: ===> TimeStamp : 2025-03-08 06:55:25===> API : null ===> Message : validateRequest() Invoked!
info: ===> TimeStamp : 2025-03-08 06:55:25===> API : null ===> Message : validRequest() :: Api validated Successfully
info: ===> TimeStamp : 2025-03-08 06:55:25===> API : /api/auth/validateuser ===> Message : validateUser() invoked!!
info: ===> TimeStamp : 2025-03-08 06:55:25===> API : /api/auth/validateuser ===> Message : validateUser() :: Request Object :: [object Object]
info: ===> TimeStamp : 2025-03-08 06:55:25===> API : /api/auth/validateuser ===> Message : validateUserDB() Invoked !
info: ===> TimeStamp : 2025-03-08 06:55:25===> API : /api/auth/validateuser ===> Message : validateUserResponse() invoked!
info: ===> TimeStamp : 2025-03-08 06:55:25===> API : /api/auth/validateuser ===> Message : validateUserResponse() completed
info: ===> TimeStamp : 2025-03-08 06:55:25===> API : null ===> Message : validateRequest() invoked
info: ===> TimeStamp : 2025-03-08 06:55:25===> API : null ===> Message : fetchDBSettings()
info: ===> TimeStamp : 2025-03-08 06:55:26===> API : null ===> Message : validateRequest() Invoked!
info: ===> TimeStamp : 2025-03-08 06:55:26===> API : null ===> Message : validRequest() :: Api validated Successfully
info: ===> TimeStamp : 2025-03-08 06:55:26===> API : /api/auth/checkIP ===> Message : checkIP() invoked!!
info: ===> TimeStamp : 2025-03-08 06:55:26===> API : /api/auth/checkIP ===> Message : IPs match: 103.225.102.162
info: ===> TimeStamp : 2025-03-08 06:55:26===> API : /api/auth/checkIP ===> Message : checkIPResponse() invoked!
info: ===> TimeStamp : 2025-03-08 06:55:26===> API : /api/auth/checkIP ===> Message : checkIPResponse() completed
info: ===> TimeStamp : 2025-03-08 06:55:26===> API : null ===> Message : validateRequest() invoked
info: ===> TimeStamp : 2025-03-08 06:55:26===> API : null ===> Message : fetchDBSettings()
info: ===> TimeStamp : 2025-03-08 06:55:26===> API : null ===> Message : validateRequest() Invoked!
info: ===> TimeStamp : 2025-03-08 06:55:26===> API : null ===> Message : validRequest() :: Api validated Successfully
info: ===> TimeStamp : 2025-03-08 06:55:26===> API : /api/auth/login ===> Message : loginUser() invoked!!
info: ===> TimeStamp : 2025-03-08 06:55:26===> API : /api/auth/login ===> Message : loginUser() :: Request Object :: [object Object]
info: ===> TimeStamp : 2025-03-08 06:55:26===> API : /api/auth/login ===> Message : loginUserDB() Invoked !
info: ===> TimeStamp : 2025-03-08 06:55:26===> API : /api/auth/login ===> Message : loginUserResponse() invoked!
info: ===> TimeStamp : 2025-03-08 06:55:26===> API : /api/auth/login ===> Message : loginUserResponse() completed
info: ===> TimeStamp : 2025-03-08 06:55:32===> API : null ===> Message : validateRequest() invoked
info: ===> TimeStamp : 2025-03-08 06:55:32===> API : null ===> Message : fetchDBSettings()
info: ===> TimeStamp : 2025-03-08 06:55:33===> API : null ===> Message : validateRequest() Invoked!
info: ===> TimeStamp : 2025-03-08 06:55:33===> API : null ===> Message : validRequest() :: Api validated Successfully
info: ===> TimeStamp : 2025-03-08 06:55:33===> API : /api/auth/logout ===> Message : logoutUser() invoked!!
info: ===> TimeStamp : 2025-03-08 06:55:33===> API : /api/auth/logout ===> Message : logoutUser() :: Request Object :: [object Object]
info: ===> TimeStamp : 2025-03-08 06:55:33===> API : /api/auth/logout ===> Message : logoutUserDB() Invoked !
info: ===> TimeStamp : 2025-03-08 06:55:33===> API : /api/auth/logout ===> Message : logoutUserResponse() invoked!
info: ===> TimeStamp : 2025-03-08 06:55:33===> API : /api/auth/logout ===> Message : logoutUserResponse() completed
info: ===> TimeStamp : 2025-03-08 06:55:37===> API : null ===> Message : validateRequest() invoked
info: ===> TimeStamp : 2025-03-08 06:55:37===> API : null ===> Message : fetchDBSettings()
info: ===> TimeStamp : 2025-03-08 06:55:37===> API : null ===> Message : validateRequest() Invoked!
info: ===> TimeStamp : 2025-03-08 06:55:37===> API : null ===> Message : validRequest() :: Api validated Successfully
info: ===> TimeStamp : 2025-03-08 06:55:37===> API : /api/auth/validateuser ===> Message : validateUser() invoked!!
info: ===> TimeStamp : 2025-03-08 06:55:37===> API : /api/auth/validateuser ===> Message : validateUser() :: Request Object :: [object Object]
info: ===> TimeStamp : 2025-03-08 06:55:37===> API : /api/auth/validateuser ===> Message : validateUserDB() Invoked !
info: ===> TimeStamp : 2025-03-08 06:55:37===> API : /api/auth/validateuser ===> Message : validateUserResponse() invoked!
info: ===> TimeStamp : 2025-03-08 06:55:37===> API : /api/auth/validateuser ===> Message : validateUserResponse() completed
info: ===> TimeStamp : 2025-03-08 06:55:37===> API : null ===> Message : validateRequest() invoked
info: ===> TimeStamp : 2025-03-08 06:55:37===> API : null ===> Message : fetchDBSettings()
info: ===> TimeStamp : 2025-03-08 06:55:37===> API : null ===> Message : validateRequest() Invoked!
info: ===> TimeStamp : 2025-03-08 06:55:37===> API : null ===> Message : validRequest() :: Api validated Successfully
info: ===> TimeStamp : 2025-03-08 06:55:37===> API : /api/auth/checkIP ===> Message : checkIP() invoked!!
info: ===> TimeStamp : 2025-03-08 06:55:37===> API : /api/auth/checkIP ===> Message : IPs match: 103.255.182.117
info: ===> TimeStamp : 2025-03-08 06:55:37===> API : /api/auth/checkIP ===> Message : checkIPResponse() invoked!
info: ===> TimeStamp : 2025-03-08 06:55:37===> API : /api/auth/checkIP ===> Message : checkIPResponse() completed
info: ===> TimeStamp : 2025-03-08 06:55:37===> API : null ===> Message : validateRequest() invoked
info: ===> TimeStamp : 2025-03-08 06:55:37===> API : null ===> Message : fetchDBSettings()
info: ===> TimeStamp : 2025-03-08 06:55:37===> API : null ===> Message : validateRequest() Invoked!
info: ===> TimeStamp : 2025-03-08 06:55:37===> API : null ===> Message : validRequest() :: Api validated Successfully
info: ===> TimeStamp : 2025-03-08 06:55:37===> API : /api/auth/login ===> Message : loginUser() invoked!!
info: ===> TimeStamp : 2025-03-08 06:55:37===> API : /api/auth/login ===> Message : loginUser() :: Request Object :: [object Object]
info: ===> TimeStamp : 2025-03-08 06:55:37===> API : /api/auth/login ===> Message : loginUserDB() Invoked !
info: ===> TimeStamp : 2025-03-08 06:55:37===> API : /api/auth/login ===> Message : loginUserResponse() invoked!
info: ===> TimeStamp : 2025-03-08 06:55:37===> API : /api/auth/login ===> Message : loginUserResponse() completed
info: ===> TimeStamp : 2025-03-08 07:49:48===> API : null ===> Message : validateRequest() invoked
info: ===> TimeStamp : 2025-03-08 07:49:48===> API : null ===> Message : fetchDBSettings()
info: ===> TimeStamp : 2025-03-08 07:49:48===> API : null ===> Message : validateRequest() Invoked!
info: ===> TimeStamp : 2025-03-08 07:49:48===> API : null ===> Message : validRequest() :: Api validated Successfully
info: ===> TimeStamp : 2025-03-08 07:49:48===> API : /api/auth/validateuser ===> Message : validateUser() invoked!!
info: ===> TimeStamp : 2025-03-08 07:49:48===> API : /api/auth/validateuser ===> Message : validateUser() :: Request Object :: [object Object]
info: ===> TimeStamp : 2025-03-08 07:49:48===> API : /api/auth/validateuser ===> Message : validateUserDB() Invoked !
info: ===> TimeStamp : 2025-03-08 07:49:48===> API : /api/auth/validateuser ===> Message : validateUserResponse() invoked!
info: ===> TimeStamp : 2025-03-08 07:49:48===> API : /api/auth/validateuser ===> Message : validateUserResponse() completed
info: ===> TimeStamp : 2025-03-08 07:49:48===> API : null ===> Message : validateRequest() invoked
info: ===> TimeStamp : 2025-03-08 07:49:48===> API : null ===> Message : fetchDBSettings()
info: ===> TimeStamp : 2025-03-08 07:49:48===> API : null ===> Message : validateRequest() Invoked!
info: ===> TimeStamp : 2025-03-08 07:49:48===> API : null ===> Message : validRequest() :: Api validated Successfully
info: ===> TimeStamp : 2025-03-08 07:49:48===> API : /api/auth/login ===> Message : loginUser() invoked!!
info: ===> TimeStamp : 2025-03-08 07:49:48===> API : /api/auth/login ===> Message : loginUser() :: Request Object :: [object Object]
info: ===> TimeStamp : 2025-03-08 07:49:48===> API : /api/auth/login ===> Message : loginUserDB() Invoked !
info: ===> TimeStamp : 2025-03-08 07:49:48===> API : /api/auth/login ===> Message : loginUserResponse() invoked!
info: ===> TimeStamp : 2025-03-08 07:49:48===> API : /api/auth/login ===> Message : loginUserResponse() completed
info: ===> TimeStamp : 2025-03-08 10:30:31===> API : null ===> Message : validateRequest() invoked
info: ===> TimeStamp : 2025-03-08 10:30:31===> API : null ===> Message : fetchDBSettings()
info: ===> TimeStamp : 2025-03-08 10:30:31===> API : null ===> Message : validateRequest() Invoked!
info: ===> TimeStamp : 2025-03-08 10:30:31===> API : null ===> Message : validRequest() :: Api validated Successfully
info: ===> TimeStamp : 2025-03-08 10:30:31===> API : /api/auth/validateuser ===> Message : validateUser() :: Request Object :: [object Object]
info: ===> TimeStamp : 2025-03-08 10:30:31===> API : /api/auth/validateuser ===> Message : validateUser() invoked!!
info: ===> TimeStamp : 2025-03-08 10:30:31===> API : /api/auth/validateuser ===> Message : validateUserDB() Invoked !
info: ===> TimeStamp : 2025-03-08 10:30:31===> API : /api/auth/validateuser ===> Message : validateUserResponse() invoked!
info: ===> TimeStamp : 2025-03-08 10:30:31===> API : /api/auth/validateuser ===> Message : validateUserResponse() completed
info: ===> TimeStamp : 2025-03-08 10:30:31===> API : null ===> Message : validateRequest() invoked
info: ===> TimeStamp : 2025-03-08 10:30:31===> API : null ===> Message : fetchDBSettings()
info: ===> TimeStamp : 2025-03-08 10:30:31===> API : null ===> Message : validateRequest() Invoked!
info: ===> TimeStamp : 2025-03-08 10:30:31===> API : null ===> Message : validRequest() :: Api validated Successfully
info: ===> TimeStamp : 2025-03-08 10:30:31===> API : /api/auth/login ===> Message : loginUser() invoked!!
info: ===> TimeStamp : 2025-03-08 10:30:31===> API : /api/auth/login ===> Message : loginUser() :: Request Object :: [object Object]
info: ===> TimeStamp : 2025-03-08 10:30:31===> API : /api/auth/login ===> Message : loginUserDB() Invoked !
info: ===> TimeStamp : 2025-03-08 10:30:31===> API : /api/auth/login ===> Message : loginUserResponse() invoked!
info: ===> TimeStamp : 2025-03-08 10:30:31===> API : /api/auth/login ===> Message : loginUserResponse() completed
info: ===> TimeStamp : 2025-03-08 10:40:16===> API : null ===> Message : validateRequest() invoked
info: ===> TimeStamp : 2025-03-08 10:40:16===> API : null ===> Message : fetchDBSettings()
info: ===> TimeStamp : 2025-03-08 10:40:16===> API : null ===> Message : validateRequest() Invoked!
info: ===> TimeStamp : 2025-03-08 10:40:16===> API : /api/auth/validateuser ===> Message : validateUser() invoked!!
info: ===> TimeStamp : 2025-03-08 10:40:16===> API : null ===> Message : validRequest() :: Api validated Successfully
info: ===> TimeStamp : 2025-03-08 10:40:16===> API : /api/auth/validateuser ===> Message : validateUser() :: Request Object :: [object Object]
info: ===> TimeStamp : 2025-03-08 10:40:16===> API : /api/auth/validateuser ===> Message : validateUserDB() Invoked !
info: ===> TimeStamp : 2025-03-08 10:40:16===> API : /api/auth/validateuser ===> Message : validateUserResponse() invoked!
info: ===> TimeStamp : 2025-03-08 10:40:16===> API : /api/auth/validateuser ===> Message : validateUserResponse() completed
info: ===> TimeStamp : 2025-03-08 10:40:16===> API : null ===> Message : validateRequest() invoked
info: ===> TimeStamp : 2025-03-08 10:40:16===> API : null ===> Message : fetchDBSettings()
info: ===> TimeStamp : 2025-03-08 10:40:16===> API : null ===> Message : validateRequest() Invoked!
info: ===> TimeStamp : 2025-03-08 10:40:16===> API : null ===> Message : validRequest() :: Api validated Successfully
info: ===> TimeStamp : 2025-03-08 10:40:16===> API : /api/auth/login ===> Message : loginUser() invoked!!
info: ===> TimeStamp : 2025-03-08 10:40:16===> API : /api/auth/login ===> Message : loginUserDB() Invoked !
info: ===> TimeStamp : 2025-03-08 10:40:16===> API : /api/auth/login ===> Message : loginUser() :: Request Object :: [object Object]
info: ===> TimeStamp : 2025-03-08 10:40:16===> API : /api/auth/login ===> Message : loginUserResponse() invoked!
info: ===> TimeStamp : 2025-03-08 10:40:16===> API : /api/auth/login ===> Message : loginUserResponse() completed
info: ===> TimeStamp : 2025-03-08 11:03:09===> API : null ===> Message : validateRequest() invoked
info: ===> TimeStamp : 2025-03-08 11:03:09===> API : null ===> Message : fetchDBSettings()
info: ===> TimeStamp : 2025-03-08 11:03:09===> API : null ===> Message : validateRequest() Invoked!
info: ===> TimeStamp : 2025-03-08 11:03:09===> API : null ===> Message : validRequest() :: Api validated Successfully
info: ===> TimeStamp : 2025-03-08 11:03:09===> API : /api/auth/validateuser ===> Message : validateUser() invoked!!
info: ===> TimeStamp : 2025-03-08 11:03:09===> API : /api/auth/validateuser ===> Message : validateUser() :: Request Object :: [object Object]
info: ===> TimeStamp : 2025-03-08 11:03:09===> API : /api/auth/validateuser ===> Message : validateUserDB() Invoked !
info: ===> TimeStamp : 2025-03-08 11:03:09===> API : /api/auth/validateuser ===> Message : validateUserResponse() invoked!
info: ===> TimeStamp : 2025-03-08 11:03:09===> API : /api/auth/validateuser ===> Message : validateUserResponse() completed
info: ===> TimeStamp : 2025-03-08 11:03:09===> API : null ===> Message : validateRequest() invoked
info: ===> TimeStamp : 2025-03-08 11:03:09===> API : null ===> Message : fetchDBSettings()
info: ===> TimeStamp : 2025-03-08 11:03:09===> API : null ===> Message : validateRequest() Invoked!
info: ===> TimeStamp : 2025-03-08 11:03:09===> API : null ===> Message : validRequest() :: Api validated Successfully
info: ===> TimeStamp : 2025-03-08 11:03:09===> API : /api/auth/login ===> Message : loginUser() invoked!!
info: ===> TimeStamp : 2025-03-08 11:03:09===> API : /api/auth/login ===> Message : loginUser() :: Request Object :: [object Object]
info: ===> TimeStamp : 2025-03-08 11:03:09===> API : /api/auth/login ===> Message : loginUserDB() Invoked !
info: ===> TimeStamp : 2025-03-08 11:03:09===> API : /api/auth/login ===> Message : loginUserResponse() invoked!
info: ===> TimeStamp : 2025-03-08 11:03:09===> API : /api/auth/login ===> Message : loginUserResponse() completed
info: ===> TimeStamp : 2025-03-08 12:37:46===> API : null ===> Message : validateRequest() invoked
info: ===> TimeStamp : 2025-03-08 12:37:46===> API : null ===> Message : fetchDBSettings()
info: ===> TimeStamp : 2025-03-08 12:37:46===> API : null ===> Message : validateRequest() Invoked!
info: ===> TimeStamp : 2025-03-08 12:37:46===> API : null ===> Message : validRequest() :: Api validated Successfully
info: ===> TimeStamp : 2025-03-08 12:37:46===> API : /api/auth/validateuser ===> Message : validateUser() invoked!!
info: ===> TimeStamp : 2025-03-08 12:37:46===> API : /api/auth/validateuser ===> Message : validateUser() :: Request Object :: [object Object]
info: ===> TimeStamp : 2025-03-08 12:37:46===> API : /api/auth/validateuser ===> Message : validateUserDB() Invoked !
info: ===> TimeStamp : 2025-03-08 12:37:46===> API : /api/auth/validateuser ===> Message : validateUserResponse() invoked!
info: ===> TimeStamp : 2025-03-08 12:37:46===> API : /api/auth/validateuser ===> Message : validateUserResponse() completed
info: ===> TimeStamp : 2025-03-08 12:37:46===> API : null ===> Message : validateRequest() invoked
info: ===> TimeStamp : 2025-03-08 12:37:46===> API : null ===> Message : fetchDBSettings()
info: ===> TimeStamp : 2025-03-08 12:37:46===> API : null ===> Message : validateRequest() Invoked!
info: ===> TimeStamp : 2025-03-08 12:37:46===> API : null ===> Message : validRequest() :: Api validated Successfully
info: ===> TimeStamp : 2025-03-08 12:37:46===> API : /api/auth/login ===> Message : loginUser() invoked!!
info: ===> TimeStamp : 2025-03-08 12:37:46===> API : /api/auth/login ===> Message : loginUser() :: Request Object :: [object Object]
info: ===> TimeStamp : 2025-03-08 12:37:46===> API : /api/auth/login ===> Message : loginUserDB() Invoked !
info: ===> TimeStamp : 2025-03-08 12:37:46===> API : /api/auth/login ===> Message : loginUserResponse() invoked!
info: ===> TimeStamp : 2025-03-08 12:37:46===> API : /api/auth/login ===> Message : loginUserResponse() completed
info: ===> TimeStamp : 2025-03-08 12:42:43===> API : null ===> Message : validateRequest() invoked
info: ===> TimeStamp : 2025-03-08 12:42:43===> API : null ===> Message : fetchDBSettings()
info: ===> TimeStamp : 2025-03-08 12:42:43===> API : null ===> Message : validateRequest() Invoked!
info: ===> TimeStamp : 2025-03-08 12:42:43===> API : null ===> Message : validRequest() :: Api validated Successfully
info: ===> TimeStamp : 2025-03-08 12:42:43===> API : /api/auth/validateuser ===> Message : validateUser() invoked!!
info: ===> TimeStamp : 2025-03-08 12:42:43===> API : /api/auth/validateuser ===> Message : validateUser() :: Request Object :: [object Object]
info: ===> TimeStamp : 2025-03-08 12:42:43===> API : /api/auth/validateuser ===> Message : validateUserDB() Invoked !
info: ===> TimeStamp : 2025-03-08 12:42:43===> API : /api/auth/validateuser ===> Message : validateUserResponse() invoked!
info: ===> TimeStamp : 2025-03-08 12:42:43===> API : /api/auth/validateuser ===> Message : validateUserResponse() completed
info: ===> TimeStamp : 2025-03-08 12:42:43===> API : null ===> Message : validateRequest() invoked
info: ===> TimeStamp : 2025-03-08 12:42:43===> API : null ===> Message : fetchDBSettings()
info: ===> TimeStamp : 2025-03-08 12:42:43===> API : null ===> Message : validateRequest() Invoked!
info: ===> TimeStamp : 2025-03-08 12:42:43===> API : null ===> Message : validRequest() :: Api validated Successfully
info: ===> TimeStamp : 2025-03-08 12:42:43===> API : /api/auth/login ===> Message : loginUser() invoked!!
info: ===> TimeStamp : 2025-03-08 12:42:43===> API : /api/auth/login ===> Message : loginUser() :: Request Object :: [object Object]
info: ===> TimeStamp : 2025-03-08 12:42:43===> API : /api/auth/login ===> Message : loginUserDB() Invoked !
info: ===> TimeStamp : 2025-03-08 12:42:43===> API : /api/auth/login ===> Message : loginUserResponse() invoked!
info: ===> TimeStamp : 2025-03-08 12:42:43===> API : /api/auth/login ===> Message : loginUserResponse() completed
info: ===> TimeStamp : 2025-03-08 12:43:00===> API : null ===> Message : validateRequest() invoked
info: ===> TimeStamp : 2025-03-08 12:43:00===> API : null ===> Message : fetchDBSettings()
info: ===> TimeStamp : 2025-03-08 12:43:00===> API : null ===> Message : validateRequest() Invoked!
info: ===> TimeStamp : 2025-03-08 12:43:00===> API : null ===> Message : validRequest() :: Api validated Successfully
info: ===> TimeStamp : 2025-03-08 12:43:00===> API : /api/auth/validateuser ===> Message : validateUser() :: Request Object :: [object Object]
info: ===> TimeStamp : 2025-03-08 12:43:00===> API : /api/auth/validateuser ===> Message : validateUser() invoked!!
info: ===> TimeStamp : 2025-03-08 12:43:00===> API : /api/auth/validateuser ===> Message : validateUserDB() Invoked !
info: ===> TimeStamp : 2025-03-08 12:43:00===> API : /api/auth/validateuser ===> Message : validateUserResponse() invoked!
info: ===> TimeStamp : 2025-03-08 12:43:00===> API : /api/auth/validateuser ===> Message : validateUserResponse() completed
info: ===> TimeStamp : 2025-03-08 12:43:00===> API : null ===> Message : validateRequest() invoked
info: ===> TimeStamp : 2025-03-08 12:43:00===> API : null ===> Message : fetchDBSettings()
info: ===> TimeStamp : 2025-03-08 12:43:00===> API : null ===> Message : validateRequest() Invoked!
info: ===> TimeStamp : 2025-03-08 12:43:00===> API : null ===> Message : validRequest() :: Api validated Successfully
info: ===> TimeStamp : 2025-03-08 12:43:00===> API : /api/auth/login ===> Message : loginUser() invoked!!
info: ===> TimeStamp : 2025-03-08 12:43:00===> API : /api/auth/login ===> Message : loginUser() :: Request Object :: [object Object]
info: ===> TimeStamp : 2025-03-08 12:43:00===> API : /api/auth/login ===> Message : loginUserDB() Invoked !
info: ===> TimeStamp : 2025-03-08 12:43:00===> API : null ===> Message : validateRequest() invoked
info: ===> TimeStamp : 2025-03-08 12:43:00===> API : null ===> Message : fetchDBSettings()
info: ===> TimeStamp : 2025-03-08 12:43:00===> API : null ===> Message : validateRequest() Invoked!
info: ===> TimeStamp : 2025-03-08 12:43:00===> API : /api/auth/login ===> Message : loginUserResponse() invoked!
info: ===> TimeStamp : 2025-03-08 12:43:00===> API : /api/auth/login ===> Message : loginUserResponse() completed
info: ===> TimeStamp : 2025-03-08 12:43:00===> API : null ===> Message : validRequest() :: Api validated Successfully
info: ===> TimeStamp : 2025-03-08 12:43:00===> API : /api/auth/validateuser ===> Message : validateUser() invoked!!
info: ===> TimeStamp : 2025-03-08 12:43:00===> API : /api/auth/validateuser ===> Message : validateUser() :: Request Object :: [object Object]
info: ===> TimeStamp : 2025-03-08 12:43:00===> API : /api/auth/validateuser ===> Message : validateUserDB() Invoked !
info: ===> TimeStamp : 2025-03-08 12:43:00===> API : /api/auth/validateuser ===> Message : validateUserResponse() invoked!
info: ===> TimeStamp : 2025-03-08 12:43:00===> API : /api/auth/validateuser ===> Message : validateUserResponse() completed
info: ===> TimeStamp : 2025-03-08 12:43:00===> API : null ===> Message : fetchDBSettings()
info: ===> TimeStamp : 2025-03-08 12:43:00===> API : null ===> Message : validateRequest() invoked
info: ===> TimeStamp : 2025-03-08 12:43:00===> API : null ===> Message : validateRequest() Invoked!
info: ===> TimeStamp : 2025-03-08 12:43:00===> API : null ===> Message : validRequest() :: Api validated Successfully
info: ===> TimeStamp : 2025-03-08 12:43:00===> API : /api/auth/login ===> Message : loginUser() invoked!!
info: ===> TimeStamp : 2025-03-08 12:43:00===> API : /api/auth/login ===> Message : loginUser() :: Request Object :: [object Object]
info: ===> TimeStamp : 2025-03-08 12:43:00===> API : /api/auth/login ===> Message : loginUserDB() Invoked !
info: ===> TimeStamp : 2025-03-08 12:43:00===> API : /api/auth/login ===> Message : loginUserResponse() invoked!
info: ===> TimeStamp : 2025-03-08 12:43:00===> API : /api/auth/login ===> Message : loginUserResponse() completed
info: ===> TimeStamp : 2025-03-08 12:46:42===> API : null ===> Message : validateRequest() invoked
info: ===> TimeStamp : 2025-03-08 12:46:42===> API : null ===> Message : fetchDBSettings()
info: ===> TimeStamp : 2025-03-08 12:46:43===> API : null ===> Message : validateRequest() Invoked!
info: ===> TimeStamp : 2025-03-08 12:46:43===> API : /api/auth/validateuser ===> Message : validateUser() invoked!!
info: ===> TimeStamp : 2025-03-08 12:46:43===> API : /api/auth/validateuser ===> Message : validateUser() :: Request Object :: [object Object]
info: ===> TimeStamp : 2025-03-08 12:46:43===> API : null ===> Message : validRequest() :: Api validated Successfully
info: ===> TimeStamp : 2025-03-08 12:46:43===> API : /api/auth/validateuser ===> Message : validateUserDB() Invoked !
info: ===> TimeStamp : 2025-03-08 12:46:43===> API : /api/auth/validateuser ===> Message : validateUserResponse() invoked!
info: ===> TimeStamp : 2025-03-08 12:46:43===> API : /api/auth/validateuser ===> Message : validateUserResponse() completed
info: ===> TimeStamp : 2025-03-08 12:46:43===> API : null ===> Message : validateRequest() invoked
info: ===> TimeStamp : 2025-03-08 12:46:43===> API : null ===> Message : fetchDBSettings()
info: ===> TimeStamp : 2025-03-08 12:46:43===> API : null ===> Message : validateRequest() Invoked!
info: ===> TimeStamp : 2025-03-08 12:46:43===> API : null ===> Message : validRequest() :: Api validated Successfully
info: ===> TimeStamp : 2025-03-08 12:46:43===> API : /api/auth/login ===> Message : loginUser() invoked!!
info: ===> TimeStamp : 2025-03-08 12:46:43===> API : /api/auth/login ===> Message : loginUser() :: Request Object :: [object Object]
info: ===> TimeStamp : 2025-03-08 12:46:43===> API : /api/auth/login ===> Message : loginUserDB() Invoked !
info: ===> TimeStamp : 2025-03-08 12:46:43===> API : /api/auth/login ===> Message : loginUserResponse() invoked!
info: ===> TimeStamp : 2025-03-08 12:46:43===> API : /api/auth/login ===> Message : loginUserResponse() completed
info: ===> TimeStamp : 2025-03-08 12:59:28===> API : null ===> Message : validateRequest() invoked
info: ===> TimeStamp : 2025-03-08 12:59:28===> API : null ===> Message : validateRequest() Error:: Invalid Request :: 
      {"apiUri":"/"}
info: ===> TimeStamp : 2025-03-08 13:18:53===> API : null ===> Message : validateRequest() invoked
info: ===> TimeStamp : 2025-03-08 13:18:53===> API : null ===> Message : fetchDBSettings()
info: ===> TimeStamp : 2025-03-08 13:18:53===> API : null ===> Message : validateRequest() Invoked!
info: ===> TimeStamp : 2025-03-08 13:18:53===> API : null ===> Message : validRequest() :: Api validated Successfully
info: ===> TimeStamp : 2025-03-08 13:18:53===> API : /api/auth/validateuser ===> Message : validateUser() invoked!!
info: ===> TimeStamp : 2025-03-08 13:18:53===> API : /api/auth/validateuser ===> Message : validateUser() :: Request Object :: [object Object]
info: ===> TimeStamp : 2025-03-08 13:18:53===> API : /api/auth/validateuser ===> Message : validateUserDB() Invoked !
info: ===> TimeStamp : 2025-03-08 13:18:53===> API : /api/auth/validateuser ===> Message : validateUserResponse() invoked!
info: ===> TimeStamp : 2025-03-08 13:18:53===> API : /api/auth/validateuser ===> Message : validateUserResponse() completed
info: ===> TimeStamp : 2025-03-08 13:18:53===> API : null ===> Message : validateRequest() invoked
info: ===> TimeStamp : 2025-03-08 13:18:53===> API : null ===> Message : fetchDBSettings()
info: ===> TimeStamp : 2025-03-08 13:18:53===> API : null ===> Message : validateRequest() Invoked!
info: ===> TimeStamp : 2025-03-08 13:18:53===> API : null ===> Message : validRequest() :: Api validated Successfully
info: ===> TimeStamp : 2025-03-08 13:18:53===> API : /api/auth/login ===> Message : loginUser() invoked!!
info: ===> TimeStamp : 2025-03-08 13:18:53===> API : /api/auth/login ===> Message : loginUser() :: Request Object :: [object Object]
info: ===> TimeStamp : 2025-03-08 13:18:53===> API : /api/auth/login ===> Message : loginUserDB() Invoked !
info: ===> TimeStamp : 2025-03-08 13:18:53===> API : /api/auth/login ===> Message : loginUserResponse() invoked!
info: ===> TimeStamp : 2025-03-08 13:18:53===> API : /api/auth/login ===> Message : loginUserResponse() completed
info: ===> TimeStamp : 2025-03-08 14:46:05===> API : null ===> Message : validateRequest() invoked
info: ===> TimeStamp : 2025-03-08 14:46:05===> API : null ===> Message : fetchDBSettings()
info: ===> TimeStamp : 2025-03-08 14:46:05===> API : null ===> Message : validateRequest() Invoked!
info: ===> TimeStamp : 2025-03-08 14:46:05===> API : null ===> Message : validRequest() :: Api validated Successfully
info: ===> TimeStamp : 2025-03-08 14:46:05===> API : /api/auth/logout ===> Message : logoutUser() invoked!!
info: ===> TimeStamp : 2025-03-08 14:46:05===> API : /api/auth/logout ===> Message : logoutUser() :: Request Object :: [object Object]
info: ===> TimeStamp : 2025-03-08 14:46:05===> API : /api/auth/logout ===> Message : logoutUserDB() Invoked !
info: ===> TimeStamp : 2025-03-08 14:46:05===> API : /api/auth/logout ===> Message : logoutUserResponse() invoked!
info: ===> TimeStamp : 2025-03-08 14:46:05===> API : /api/auth/logout ===> Message : logoutUserResponse() completed
info: ===> TimeStamp : 2025-03-08 14:46:16===> API : null ===> Message : validateRequest() invoked
info: ===> TimeStamp : 2025-03-08 14:46:16===> API : null ===> Message : fetchDBSettings()
info: ===> TimeStamp : 2025-03-08 14:46:16===> API : null ===> Message : validateRequest() Invoked!
info: ===> TimeStamp : 2025-03-08 14:46:16===> API : null ===> Message : validRequest() :: Api validated Successfully
info: ===> TimeStamp : 2025-03-08 14:46:16===> API : /api/auth/validateuser ===> Message : validateUser() invoked!!
info: ===> TimeStamp : 2025-03-08 14:46:16===> API : /api/auth/validateuser ===> Message : validateUser() :: Request Object :: [object Object]
info: ===> TimeStamp : 2025-03-08 14:46:16===> API : /api/auth/validateuser ===> Message : validateUserDB() Invoked !
info: ===> TimeStamp : 2025-03-08 14:46:16===> API : /api/auth/validateuser ===> Message : validateUserResponse() invoked!
info: ===> TimeStamp : 2025-03-08 14:46:16===> API : /api/auth/validateuser ===> Message : validateUserResponse() completed
info: ===> TimeStamp : 2025-03-08 14:46:16===> API : null ===> Message : validateRequest() invoked
info: ===> TimeStamp : 2025-03-08 14:46:16===> API : null ===> Message : fetchDBSettings()
info: ===> TimeStamp : 2025-03-08 14:46:16===> API : null ===> Message : validateRequest() Invoked!
info: ===> TimeStamp : 2025-03-08 14:46:16===> API : null ===> Message : validRequest() :: Api validated Successfully
info: ===> TimeStamp : 2025-03-08 14:46:16===> API : /api/auth/checkIP ===> Message : checkIP() invoked!!
info: ===> TimeStamp : 2025-03-08 14:46:16===> API : /api/auth/checkIP ===> Message : IPs match: 103.225.102.162
info: ===> TimeStamp : 2025-03-08 14:46:16===> API : /api/auth/checkIP ===> Message : checkIPResponse() invoked!
info: ===> TimeStamp : 2025-03-08 14:46:16===> API : /api/auth/checkIP ===> Message : checkIPResponse() completed
info: ===> TimeStamp : 2025-03-08 14:46:16===> API : null ===> Message : validateRequest() invoked
info: ===> TimeStamp : 2025-03-08 14:46:16===> API : null ===> Message : fetchDBSettings()
info: ===> TimeStamp : 2025-03-08 14:46:16===> API : null ===> Message : validateRequest() Invoked!
info: ===> TimeStamp : 2025-03-08 14:46:16===> API : null ===> Message : validRequest() :: Api validated Successfully
info: ===> TimeStamp : 2025-03-08 14:46:16===> API : /api/auth/login ===> Message : loginUser() invoked!!
info: ===> TimeStamp : 2025-03-08 14:46:16===> API : /api/auth/login ===> Message : loginUser() :: Request Object :: [object Object]
info: ===> TimeStamp : 2025-03-08 14:46:16===> API : /api/auth/login ===> Message : loginUserDB() Invoked !
info: ===> TimeStamp : 2025-03-08 14:46:16===> API : /api/auth/login ===> Message : loginUserResponse() invoked!
info: ===> TimeStamp : 2025-03-08 14:46:16===> API : /api/auth/login ===> Message : loginUserResponse() completed
info: ===> TimeStamp : 2025-03-08 14:46:27===> API : null ===> Message : validateRequest() invoked
info: ===> TimeStamp : 2025-03-08 14:46:27===> API : null ===> Message : fetchDBSettings()
info: ===> TimeStamp : 2025-03-08 14:46:27===> API : null ===> Message : validateRequest() Invoked!
info: ===> TimeStamp : 2025-03-08 14:46:28===> API : null ===> Message : validRequest() :: Api validated Successfully
info: ===> TimeStamp : 2025-03-08 14:46:28===> API : /api/auth/logout ===> Message : logoutUser() invoked!!
info: ===> TimeStamp : 2025-03-08 14:46:28===> API : /api/auth/logout ===> Message : logoutUser() :: Request Object :: [object Object]
info: ===> TimeStamp : 2025-03-08 14:46:28===> API : /api/auth/logout ===> Message : logoutUserDB() Invoked !
info: ===> TimeStamp : 2025-03-08 14:46:28===> API : /api/auth/logout ===> Message : logoutUserResponse() invoked!
info: ===> TimeStamp : 2025-03-08 14:46:28===> API : /api/auth/logout ===> Message : logoutUserResponse() completed
info: ===> TimeStamp : 2025-03-08 14:46:32===> API : null ===> Message : validateRequest() invoked
info: ===> TimeStamp : 2025-03-08 14:46:32===> API : null ===> Message : fetchDBSettings()
info: ===> TimeStamp : 2025-03-08 14:46:32===> API : null ===> Message : validateRequest() Invoked!
info: ===> TimeStamp : 2025-03-08 14:46:32===> API : null ===> Message : validRequest() :: Api validated Successfully
info: ===> TimeStamp : 2025-03-08 14:46:32===> API : /api/auth/validateuser ===> Message : validateUser() invoked!!
info: ===> TimeStamp : 2025-03-08 14:46:32===> API : /api/auth/validateuser ===> Message : validateUser() :: Request Object :: [object Object]
info: ===> TimeStamp : 2025-03-08 14:46:32===> API : /api/auth/validateuser ===> Message : validateUserDB() Invoked !
info: ===> TimeStamp : 2025-03-08 14:46:32===> API : /api/auth/validateuser ===> Message : validateUserResponse() invoked!
info: ===> TimeStamp : 2025-03-08 14:46:32===> API : /api/auth/validateuser ===> Message : validateUserResponse() completed
info: ===> TimeStamp : 2025-03-08 14:46:32===> API : null ===> Message : validateRequest() invoked
info: ===> TimeStamp : 2025-03-08 14:46:32===> API : null ===> Message : fetchDBSettings()
info: ===> TimeStamp : 2025-03-08 14:46:32===> API : null ===> Message : validateRequest() Invoked!
info: ===> TimeStamp : 2025-03-08 14:46:32===> API : null ===> Message : validRequest() :: Api validated Successfully
info: ===> TimeStamp : 2025-03-08 14:46:32===> API : /api/auth/checkIP ===> Message : checkIP() invoked!!
info: ===> TimeStamp : 2025-03-08 14:46:32===> API : /api/auth/checkIP ===> Message : IPs match: 103.255.182.117
info: ===> TimeStamp : 2025-03-08 14:46:32===> API : /api/auth/checkIP ===> Message : checkIPResponse() invoked!
info: ===> TimeStamp : 2025-03-08 14:46:32===> API : /api/auth/checkIP ===> Message : checkIPResponse() completed
info: ===> TimeStamp : 2025-03-08 14:46:32===> API : null ===> Message : validateRequest() invoked
info: ===> TimeStamp : 2025-03-08 14:46:32===> API : null ===> Message : fetchDBSettings()
info: ===> TimeStamp : 2025-03-08 14:46:32===> API : null ===> Message : validateRequest() Invoked!
info: ===> TimeStamp : 2025-03-08 14:46:32===> API : null ===> Message : validRequest() :: Api validated Successfully
info: ===> TimeStamp : 2025-03-08 14:46:32===> API : /api/auth/login ===> Message : loginUser() invoked!!
info: ===> TimeStamp : 2025-03-08 14:46:32===> API : /api/auth/login ===> Message : loginUserDB() Invoked !
info: ===> TimeStamp : 2025-03-08 14:46:32===> API : /api/auth/login ===> Message : loginUser() :: Request Object :: [object Object]
info: ===> TimeStamp : 2025-03-08 14:46:32===> API : /api/auth/login ===> Message : loginUserResponse() invoked!
info: ===> TimeStamp : 2025-03-08 14:46:32===> API : /api/auth/login ===> Message : loginUserResponse() completed
info: ===> TimeStamp : 2025-03-08 15:17:10===> API : null ===> Message : validateRequest() invoked
info: ===> TimeStamp : 2025-03-08 15:17:10===> API : null ===> Message : fetchDBSettings()
info: ===> TimeStamp : 2025-03-08 15:17:10===> API : null ===> Message : validateRequest() Invoked!
info: ===> TimeStamp : 2025-03-08 15:17:11===> API : null ===> Message : validRequest() :: Api validated Successfully
info: ===> TimeStamp : 2025-03-08 15:17:11===> API : /api/auth/validateuser ===> Message : validateUser() invoked!!
info: ===> TimeStamp : 2025-03-08 15:17:11===> API : /api/auth/validateuser ===> Message : validateUser() :: Request Object :: [object Object]
info: ===> TimeStamp : 2025-03-08 15:17:11===> API : /api/auth/validateuser ===> Message : validateUserDB() Invoked !
info: ===> TimeStamp : 2025-03-08 15:17:11===> API : /api/auth/validateuser ===> Message : validateUserResponse() invoked!
info: ===> TimeStamp : 2025-03-08 15:17:11===> API : /api/auth/validateuser ===> Message : validateUserResponse() completed
info: ===> TimeStamp : 2025-03-08 15:17:11===> API : null ===> Message : validateRequest() invoked
info: ===> TimeStamp : 2025-03-08 15:17:11===> API : null ===> Message : fetchDBSettings()
info: ===> TimeStamp : 2025-03-08 15:17:11===> API : null ===> Message : validateRequest() Invoked!
info: ===> TimeStamp : 2025-03-08 15:17:11===> API : null ===> Message : validRequest() :: Api validated Successfully
info: ===> TimeStamp : 2025-03-08 15:17:11===> API : /api/auth/login ===> Message : loginUser() :: Request Object :: [object Object]
info: ===> TimeStamp : 2025-03-08 15:17:11===> API : /api/auth/login ===> Message : loginUser() invoked!!
info: ===> TimeStamp : 2025-03-08 15:17:11===> API : /api/auth/login ===> Message : loginUserDB() Invoked !
info: ===> TimeStamp : 2025-03-08 15:17:11===> API : /api/auth/login ===> Message : loginUserResponse() invoked!
info: ===> TimeStamp : 2025-03-08 15:17:11===> API : /api/auth/login ===> Message : loginUserResponse() completed
info: ===> TimeStamp : 2025-03-08 15:18:58===> API : null ===> Message : validateRequest() invoked
info: ===> TimeStamp : 2025-03-08 15:18:58===> API : null ===> Message : fetchDBSettings()
info: ===> TimeStamp : 2025-03-08 15:18:58===> API : null ===> Message : validateRequest() Invoked!
info: ===> TimeStamp : 2025-03-08 15:18:58===> API : null ===> Message : validRequest() :: Api validated Successfully
info: ===> TimeStamp : 2025-03-08 15:18:58===> API : /api/auth/validateuser ===> Message : validateUser() invoked!!
info: ===> TimeStamp : 2025-03-08 15:18:58===> API : /api/auth/validateuser ===> Message : validateUser() :: Request Object :: [object Object]
info: ===> TimeStamp : 2025-03-08 15:18:58===> API : /api/auth/validateuser ===> Message : validateUserDB() Invoked !
info: ===> TimeStamp : 2025-03-08 15:18:58===> API : /api/auth/validateuser ===> Message : validateUserResponse() invoked!
info: ===> TimeStamp : 2025-03-08 15:18:58===> API : /api/auth/validateuser ===> Message : validateUserResponse() completed
info: ===> TimeStamp : 2025-03-08 15:18:58===> API : null ===> Message : validateRequest() invoked
info: ===> TimeStamp : 2025-03-08 15:18:58===> API : null ===> Message : fetchDBSettings()
info: ===> TimeStamp : 2025-03-08 15:18:58===> API : null ===> Message : validateRequest() Invoked!
info: ===> TimeStamp : 2025-03-08 15:18:58===> API : null ===> Message : validRequest() :: Api validated Successfully
info: ===> TimeStamp : 2025-03-08 15:18:58===> API : /api/auth/login ===> Message : loginUser() invoked!!
info: ===> TimeStamp : 2025-03-08 15:18:58===> API : /api/auth/login ===> Message : loginUser() :: Request Object :: [object Object]
info: ===> TimeStamp : 2025-03-08 15:18:58===> API : /api/auth/login ===> Message : loginUserDB() Invoked !
info: ===> TimeStamp : 2025-03-08 15:18:59===> API : /api/auth/login ===> Message : loginUserResponse() invoked!
info: ===> TimeStamp : 2025-03-08 15:18:59===> API : /api/auth/login ===> Message : loginUserResponse() completed
info: ===> TimeStamp : 2025-03-08 15:23:49===> API : null ===> Message : validateRequest() invoked
info: ===> TimeStamp : 2025-03-08 15:23:49===> API : null ===> Message : fetchDBSettings()
info: ===> TimeStamp : 2025-03-08 15:23:49===> API : null ===> Message : validateRequest() Invoked!
info: ===> TimeStamp : 2025-03-08 15:23:49===> API : /api/auth/validateuser ===> Message : validateUser() invoked!!
info: ===> TimeStamp : 2025-03-08 15:23:49===> API : null ===> Message : validRequest() :: Api validated Successfully
info: ===> TimeStamp : 2025-03-08 15:23:49===> API : /api/auth/validateuser ===> Message : validateUser() :: Request Object :: [object Object]
info: ===> TimeStamp : 2025-03-08 15:23:49===> API : /api/auth/validateuser ===> Message : validateUserDB() Invoked !
info: ===> TimeStamp : 2025-03-08 15:23:49===> API : /api/auth/validateuser ===> Message : validateUserResponse() invoked!
info: ===> TimeStamp : 2025-03-08 15:23:49===> API : /api/auth/validateuser ===> Message : validateUserResponse() completed
info: ===> TimeStamp : 2025-03-08 15:23:49===> API : null ===> Message : validateRequest() invoked
info: ===> TimeStamp : 2025-03-08 15:23:49===> API : null ===> Message : fetchDBSettings()
info: ===> TimeStamp : 2025-03-08 15:23:49===> API : null ===> Message : validateRequest() Invoked!
info: ===> TimeStamp : 2025-03-08 15:23:49===> API : null ===> Message : validRequest() :: Api validated Successfully
info: ===> TimeStamp : 2025-03-08 15:23:49===> API : /api/auth/login ===> Message : loginUser() invoked!!
info: ===> TimeStamp : 2025-03-08 15:23:49===> API : /api/auth/login ===> Message : loginUser() :: Request Object :: [object Object]
info: ===> TimeStamp : 2025-03-08 15:23:49===> API : /api/auth/login ===> Message : loginUserDB() Invoked !
info: ===> TimeStamp : 2025-03-08 15:23:49===> API : /api/auth/login ===> Message : loginUserResponse() invoked!
info: ===> TimeStamp : 2025-03-08 15:23:49===> API : /api/auth/login ===> Message : loginUserResponse() completed
info: ===> TimeStamp : 2025-03-08 15:39:17===> API : null ===> Message : validateRequest() invoked
info: ===> TimeStamp : 2025-03-08 15:39:17===> API : null ===> Message : fetchDBSettings()
info: ===> TimeStamp : 2025-03-08 15:39:17===> API : null ===> Message : validateRequest() Invoked!
info: ===> TimeStamp : 2025-03-08 15:39:18===> API : null ===> Message : validRequest() :: Api validated Successfully
info: ===> TimeStamp : 2025-03-08 15:39:18===> API : /api/auth/validateuser ===> Message : validateUser() invoked!!
info: ===> TimeStamp : 2025-03-08 15:39:18===> API : /api/auth/validateuser ===> Message : validateUser() :: Request Object :: [object Object]
info: ===> TimeStamp : 2025-03-08 15:39:18===> API : /api/auth/validateuser ===> Message : validateUserDB() Invoked !
info: ===> TimeStamp : 2025-03-08 15:39:18===> API : /api/auth/validateuser ===> Message : validateUserDBResult :: Error :: {"ErrorCode":10005,"ErrorMessage":"User Does Not Exist"}
info: ===> TimeStamp : 2025-03-08 15:39:18===> API : /api/auth/validateuser ===> Message : validateUserDB() :: Error :: {"code":"ER_SIGNAL_EXCEPTION","errno":1644,"sqlState":"10005","sqlMessage":"User Does Not Exist","sql":"CALL usp_validate_user('prateek', 'Prsteek@1234#')"}
info: ===> TimeStamp : 2025-03-08 15:39:18===> API : /api/auth/validateuser ===> Message : validateUserResponse() invoked!
info: ===> TimeStamp : 2025-03-08 15:39:18===> API : /api/auth/validateuser ===> Message : validateUserResponse() completed
info: ===> TimeStamp : 2025-03-08 15:39:29===> API : null ===> Message : validateRequest() invoked
info: ===> TimeStamp : 2025-03-08 15:39:29===> API : null ===> Message : fetchDBSettings()
info: ===> TimeStamp : 2025-03-08 15:39:29===> API : null ===> Message : validateRequest() Invoked!
info: ===> TimeStamp : 2025-03-08 15:39:29===> API : null ===> Message : validRequest() :: Api validated Successfully
info: ===> TimeStamp : 2025-03-08 15:39:29===> API : /api/auth/validateuser ===> Message : validateUser() invoked!!
info: ===> TimeStamp : 2025-03-08 15:39:29===> API : /api/auth/validateuser ===> Message : validateUser() :: Request Object :: [object Object]
info: ===> TimeStamp : 2025-03-08 15:39:29===> API : /api/auth/validateuser ===> Message : validateUserDB() Invoked !
info: ===> TimeStamp : 2025-03-08 15:39:29===> API : /api/auth/validateuser ===> Message : validateUserDB() :: Error :: {"code":"ER_SIGNAL_EXCEPTION","errno":1644,"sqlState":"10005","sqlMessage":"User Does Not Exist","sql":"CALL usp_validate_user('prateek123', 'Prsteek@1234#')"}
info: ===> TimeStamp : 2025-03-08 15:39:29===> API : /api/auth/validateuser ===> Message : validateUserDBResult :: Error :: {"ErrorCode":10005,"ErrorMessage":"User Does Not Exist"}
info: ===> TimeStamp : 2025-03-08 15:39:29===> API : /api/auth/validateuser ===> Message : validateUserResponse() invoked!
info: ===> TimeStamp : 2025-03-08 15:39:29===> API : /api/auth/validateuser ===> Message : validateUserResponse() completed
info: ===> TimeStamp : 2025-03-08 15:39:56===> API : null ===> Message : validateRequest() invoked
info: ===> TimeStamp : 2025-03-08 15:39:56===> API : null ===> Message : fetchDBSettings()
info: ===> TimeStamp : 2025-03-08 15:39:56===> API : null ===> Message : validateRequest() Invoked!
info: ===> TimeStamp : 2025-03-08 15:39:56===> API : null ===> Message : validRequest() :: Api validated Successfully
info: ===> TimeStamp : 2025-03-08 15:39:56===> API : /api/auth/validateuser ===> Message : validateUser() invoked!!
info: ===> TimeStamp : 2025-03-08 15:39:56===> API : /api/auth/validateuser ===> Message : validateUser() :: Request Object :: [object Object]
info: ===> TimeStamp : 2025-03-08 15:39:56===> API : /api/auth/validateuser ===> Message : validateUserDB() Invoked !
info: ===> TimeStamp : 2025-03-08 15:39:56===> API : /api/auth/validateuser ===> Message : validateUserDB() :: Error :: {"code":"ER_SIGNAL_EXCEPTION","errno":1644,"sqlState":"10005","sqlMessage":"User Does Not Exist","sql":"CALL usp_validate_user('prateek123', 'Prsteek@1234#')"}
info: ===> TimeStamp : 2025-03-08 15:39:56===> API : /api/auth/validateuser ===> Message : validateUserResponse() invoked!
info: ===> TimeStamp : 2025-03-08 15:39:56===> API : /api/auth/validateuser ===> Message : validateUserDBResult :: Error :: {"ErrorCode":10005,"ErrorMessage":"User Does Not Exist"}
info: ===> TimeStamp : 2025-03-08 15:39:56===> API : /api/auth/validateuser ===> Message : validateUserResponse() completed
info: ===> TimeStamp : 2025-03-08 15:40:11===> API : null ===> Message : validateRequest() invoked
info: ===> TimeStamp : 2025-03-08 15:40:11===> API : null ===> Message : fetchDBSettings()
info: ===> TimeStamp : 2025-03-08 15:40:11===> API : null ===> Message : validateRequest() Invoked!
info: ===> TimeStamp : 2025-03-08 15:40:11===> API : null ===> Message : validRequest() :: Api validated Successfully
info: ===> TimeStamp : 2025-03-08 15:40:11===> API : /api/auth/validateuser ===> Message : validateUser() invoked!!
info: ===> TimeStamp : 2025-03-08 15:40:11===> API : /api/auth/validateuser ===> Message : validateUser() :: Request Object :: [object Object]
info: ===> TimeStamp : 2025-03-08 15:40:11===> API : /api/auth/validateuser ===> Message : validateUserDB() Invoked !
info: ===> TimeStamp : 2025-03-08 15:40:11===> API : /api/auth/validateuser ===> Message : validateUserDB() :: Error :: {"code":"ER_SIGNAL_EXCEPTION","errno":1644,"sqlState":"10005","sqlMessage":"User Does Not Exist","sql":"CALL usp_validate_user('prateek123', 'Prsteek@1234#')"}
info: ===> TimeStamp : 2025-03-08 15:40:11===> API : /api/auth/validateuser ===> Message : validateUserDBResult :: Error :: {"ErrorCode":10005,"ErrorMessage":"User Does Not Exist"}
info: ===> TimeStamp : 2025-03-08 15:40:11===> API : /api/auth/validateuser ===> Message : validateUserResponse() invoked!
info: ===> TimeStamp : 2025-03-08 15:40:11===> API : /api/auth/validateuser ===> Message : validateUserResponse() completed
info: ===> TimeStamp : 2025-03-08 15:40:28===> API : null ===> Message : validateRequest() invoked
info: ===> TimeStamp : 2025-03-08 15:40:28===> API : null ===> Message : fetchDBSettings()
info: ===> TimeStamp : 2025-03-08 15:40:28===> API : null ===> Message : validateRequest() Invoked!
info: ===> TimeStamp : 2025-03-08 15:40:28===> API : null ===> Message : validRequest() :: Api validated Successfully
info: ===> TimeStamp : 2025-03-08 15:40:28===> API : /api/auth/validateuser ===> Message : validateUser() invoked!!
info: ===> TimeStamp : 2025-03-08 15:40:28===> API : /api/auth/validateuser ===> Message : validateUser() :: Request Object :: [object Object]
info: ===> TimeStamp : 2025-03-08 15:40:28===> API : /api/auth/validateuser ===> Message : validateUserDB() Invoked !
info: ===> TimeStamp : 2025-03-08 15:40:28===> API : /api/auth/validateuser ===> Message : validateUserResponse() invoked!
info: ===> TimeStamp : 2025-03-08 15:40:28===> API : /api/auth/validateuser ===> Message : validateUserResponse() completed
info: ===> TimeStamp : 2025-03-08 15:40:28===> API : null ===> Message : validateRequest() invoked
info: ===> TimeStamp : 2025-03-08 15:40:28===> API : null ===> Message : fetchDBSettings()
info: ===> TimeStamp : 2025-03-08 15:40:28===> API : null ===> Message : validateRequest() Invoked!
info: ===> TimeStamp : 2025-03-08 15:40:28===> API : null ===> Message : validRequest() :: Api validated Successfully
info: ===> TimeStamp : 2025-03-08 15:40:28===> API : /api/auth/login ===> Message : loginUser() invoked!!
info: ===> TimeStamp : 2025-03-08 15:40:28===> API : /api/auth/login ===> Message : loginUser() :: Request Object :: [object Object]
info: ===> TimeStamp : 2025-03-08 15:40:28===> API : /api/auth/login ===> Message : loginUserDB() Invoked !
info: ===> TimeStamp : 2025-03-08 15:40:28===> API : /api/auth/login ===> Message : loginUserResponse() invoked!
info: ===> TimeStamp : 2025-03-08 15:40:28===> API : /api/auth/login ===> Message : loginUserResponse() completed
info: ===> TimeStamp : 2025-03-08 15:48:34===> API : null ===> Message : validateRequest() invoked
info: ===> TimeStamp : 2025-03-08 15:48:34===> API : null ===> Message : fetchDBSettings()
info: ===> TimeStamp : 2025-03-08 15:48:34===> API : null ===> Message : validateRequest() Invoked!
info: ===> TimeStamp : 2025-03-08 15:48:34===> API : null ===> Message : validRequest() :: Api validated Successfully
info: ===> TimeStamp : 2025-03-08 15:48:34===> API : /api/auth/logout ===> Message : logoutUser() invoked!!
info: ===> TimeStamp : 2025-03-08 15:48:34===> API : /api/auth/logout ===> Message : logoutUser() :: Request Object :: [object Object]
info: ===> TimeStamp : 2025-03-08 15:48:34===> API : /api/auth/logout ===> Message : logoutUserDB() Invoked !
info: ===> TimeStamp : 2025-03-08 15:48:34===> API : /api/auth/logout ===> Message : logoutUserResponse() invoked!
info: ===> TimeStamp : 2025-03-08 15:48:34===> API : /api/auth/logout ===> Message : logoutUserResponse() completed
info: ===> TimeStamp : 2025-03-08 15:50:36===> API : null ===> Message : validateRequest() invoked
info: ===> TimeStamp : 2025-03-08 15:50:36===> API : null ===> Message : fetchDBSettings()
info: ===> TimeStamp : 2025-03-08 15:50:36===> API : null ===> Message : validateRequest() Invoked!
info: ===> TimeStamp : 2025-03-08 15:50:36===> API : null ===> Message : validRequest() :: Api validated Successfully
info: ===> TimeStamp : 2025-03-08 15:50:36===> API : /api/auth/validateuser ===> Message : validateUser() invoked!!
info: ===> TimeStamp : 2025-03-08 15:50:36===> API : /api/auth/validateuser ===> Message : validateUser() :: Request Object :: [object Object]
info: ===> TimeStamp : 2025-03-08 15:50:36===> API : /api/auth/validateuser ===> Message : validateUserDB() Invoked !
info: ===> TimeStamp : 2025-03-08 15:50:36===> API : /api/auth/validateuser ===> Message : validateUserDB() :: Error :: {"code":"ER_SIGNAL_EXCEPTION","errno":1644,"sqlState":"10005","sqlMessage":"User Does Not Exist","sql":"CALL usp_validate_user('account', 'sccpunt123')"}
info: ===> TimeStamp : 2025-03-08 15:50:36===> API : /api/auth/validateuser ===> Message : validateUserDBResult :: Error :: {"ErrorCode":10005,"ErrorMessage":"User Does Not Exist"}
info: ===> TimeStamp : 2025-03-08 15:50:36===> API : /api/auth/validateuser ===> Message : validateUserResponse() invoked!
info: ===> TimeStamp : 2025-03-08 15:50:36===> API : /api/auth/validateuser ===> Message : validateUserResponse() completed
info: ===> TimeStamp : 2025-03-08 15:50:59===> API : null ===> Message : validateRequest() invoked
info: ===> TimeStamp : 2025-03-08 15:50:59===> API : null ===> Message : fetchDBSettings()
info: ===> TimeStamp : 2025-03-08 15:50:59===> API : null ===> Message : validateRequest() Invoked!
info: ===> TimeStamp : 2025-03-08 15:50:59===> API : null ===> Message : validRequest() :: Api validated Successfully
info: ===> TimeStamp : 2025-03-08 15:50:59===> API : /api/auth/validateuser ===> Message : validateUser() invoked!!
info: ===> TimeStamp : 2025-03-08 15:50:59===> API : /api/auth/validateuser ===> Message : validateUser() :: Request Object :: [object Object]
info: ===> TimeStamp : 2025-03-08 15:50:59===> API : /api/auth/validateuser ===> Message : validateUserDB() Invoked !
info: ===> TimeStamp : 2025-03-08 15:50:59===> API : /api/auth/validateuser ===> Message : validateUserResponse() invoked!
info: ===> TimeStamp : 2025-03-08 15:50:59===> API : /api/auth/validateuser ===> Message : validateUserResponse() completed
info: ===> TimeStamp : 2025-03-08 15:50:59===> API : null ===> Message : validateRequest() invoked
info: ===> TimeStamp : 2025-03-08 15:50:59===> API : null ===> Message : fetchDBSettings()
info: ===> TimeStamp : 2025-03-08 15:50:59===> API : null ===> Message : validateRequest() Invoked!
info: ===> TimeStamp : 2025-03-08 15:51:00===> API : null ===> Message : validRequest() :: Api validated Successfully
info: ===> TimeStamp : 2025-03-08 15:51:00===> API : /api/auth/login ===> Message : loginUser() invoked!!
info: ===> TimeStamp : 2025-03-08 15:51:00===> API : /api/auth/login ===> Message : loginUser() :: Request Object :: [object Object]
info: ===> TimeStamp : 2025-03-08 15:51:00===> API : /api/auth/login ===> Message : loginUserDB() Invoked !
info: ===> TimeStamp : 2025-03-08 15:51:00===> API : /api/auth/login ===> Message : loginUserResponse() invoked!
info: ===> TimeStamp : 2025-03-08 15:51:00===> API : /api/auth/login ===> Message : loginUserResponse() completed
info: ===> TimeStamp : 2025-03-08 15:52:20===> API : null ===> Message : validateRequest() invoked
info: ===> TimeStamp : 2025-03-08 15:52:20===> API : null ===> Message : fetchDBSettings()
info: ===> TimeStamp : 2025-03-08 15:52:20===> API : null ===> Message : validateRequest() Invoked!
info: ===> TimeStamp : 2025-03-08 15:52:20===> API : null ===> Message : validRequest() :: Api validated Successfully
info: ===> TimeStamp : 2025-03-08 15:52:20===> API : /api/auth/logout ===> Message : logoutUser() invoked!!
info: ===> TimeStamp : 2025-03-08 15:52:20===> API : /api/auth/logout ===> Message : logoutUser() :: Request Object :: [object Object]
info: ===> TimeStamp : 2025-03-08 15:52:20===> API : /api/auth/logout ===> Message : logoutUserDB() Invoked !
info: ===> TimeStamp : 2025-03-08 15:52:20===> API : /api/auth/logout ===> Message : logoutUserResponse() invoked!
info: ===> TimeStamp : 2025-03-08 15:52:20===> API : /api/auth/logout ===> Message : logoutUserResponse() completed
info: ===> TimeStamp : 2025-03-08 15:52:43===> API : null ===> Message : validateRequest() invoked
info: ===> TimeStamp : 2025-03-08 15:52:43===> API : null ===> Message : fetchDBSettings()
info: ===> TimeStamp : 2025-03-08 15:52:43===> API : null ===> Message : validateRequest() Invoked!
info: ===> TimeStamp : 2025-03-08 15:52:43===> API : null ===> Message : validRequest() :: Api validated Successfully
info: ===> TimeStamp : 2025-03-08 15:52:43===> API : /api/auth/validateuser ===> Message : validateUser() invoked!!
info: ===> TimeStamp : 2025-03-08 15:52:43===> API : /api/auth/validateuser ===> Message : validateUser() :: Request Object :: [object Object]
info: ===> TimeStamp : 2025-03-08 15:52:43===> API : /api/auth/validateuser ===> Message : validateUserDB() Invoked !
info: ===> TimeStamp : 2025-03-08 15:52:43===> API : /api/auth/validateuser ===> Message : validateUserResponse() invoked!
info: ===> TimeStamp : 2025-03-08 15:52:43===> API : /api/auth/validateuser ===> Message : validateUserResponse() completed
info: ===> TimeStamp : 2025-03-08 15:52:43===> API : null ===> Message : validateRequest() invoked
info: ===> TimeStamp : 2025-03-08 15:52:43===> API : null ===> Message : fetchDBSettings()
info: ===> TimeStamp : 2025-03-08 15:52:43===> API : null ===> Message : validateRequest() Invoked!
info: ===> TimeStamp : 2025-03-08 15:52:43===> API : null ===> Message : validRequest() :: Api validated Successfully
info: ===> TimeStamp : 2025-03-08 15:52:43===> API : /api/auth/login ===> Message : loginUser() invoked!!
info: ===> TimeStamp : 2025-03-08 15:52:43===> API : /api/auth/login ===> Message : loginUser() :: Request Object :: [object Object]
info: ===> TimeStamp : 2025-03-08 15:52:43===> API : /api/auth/login ===> Message : loginUserDB() Invoked !
info: ===> TimeStamp : 2025-03-08 15:52:43===> API : /api/auth/login ===> Message : loginUserResponse() invoked!
info: ===> TimeStamp : 2025-03-08 15:52:43===> API : /api/auth/login ===> Message : loginUserResponse() completed
info: ===> TimeStamp : 2025-03-08 16:05:39===> API : null ===> Message : validateRequest() invoked
info: ===> TimeStamp : 2025-03-08 16:05:39===> API : null ===> Message : fetchDBSettings()
info: ===> TimeStamp : 2025-03-08 16:05:39===> API : null ===> Message : validateRequest() Invoked!
info: ===> TimeStamp : 2025-03-08 16:05:39===> API : null ===> Message : validRequest() :: Api validated Successfully
info: ===> TimeStamp : 2025-03-08 16:05:39===> API : /api/auth/validateuser ===> Message : validateUser() invoked!!
info: ===> TimeStamp : 2025-03-08 16:05:39===> API : /api/auth/validateuser ===> Message : validateUser() :: Request Object :: [object Object]
info: ===> TimeStamp : 2025-03-08 16:05:39===> API : /api/auth/validateuser ===> Message : validateUserDB() Invoked !
info: ===> TimeStamp : 2025-03-08 16:05:40===> API : /api/auth/validateuser ===> Message : validateUserResponse() invoked!
info: ===> TimeStamp : 2025-03-08 16:05:40===> API : /api/auth/validateuser ===> Message : validateUserResponse() completed
info: ===> TimeStamp : 2025-03-08 16:05:40===> API : null ===> Message : validateRequest() invoked
info: ===> TimeStamp : 2025-03-08 16:05:40===> API : null ===> Message : fetchDBSettings()
info: ===> TimeStamp : 2025-03-08 16:05:40===> API : null ===> Message : validateRequest() Invoked!
info: ===> TimeStamp : 2025-03-08 16:05:40===> API : null ===> Message : validRequest() :: Api validated Successfully
info: ===> TimeStamp : 2025-03-08 16:05:40===> API : /api/auth/login ===> Message : loginUser() invoked!!
info: ===> TimeStamp : 2025-03-08 16:05:40===> API : /api/auth/login ===> Message : loginUser() :: Request Object :: [object Object]
info: ===> TimeStamp : 2025-03-08 16:05:40===> API : /api/auth/login ===> Message : loginUserDB() Invoked !
info: ===> TimeStamp : 2025-03-08 16:05:40===> API : /api/auth/login ===> Message : loginUserResponse() invoked!
info: ===> TimeStamp : 2025-03-08 16:05:40===> API : /api/auth/login ===> Message : loginUserResponse() completed
info: ===> TimeStamp : 2025-03-08 16:06:29===> API : null ===> Message : validateRequest() invoked
info: ===> TimeStamp : 2025-03-08 16:06:29===> API : null ===> Message : fetchDBSettings()
info: ===> TimeStamp : 2025-03-08 16:06:29===> API : null ===> Message : validateRequest() Invoked!
info: ===> TimeStamp : 2025-03-08 16:06:29===> API : null ===> Message : validRequest() :: Api validated Successfully
info: ===> TimeStamp : 2025-03-08 16:06:29===> API : /api/auth/validateuser ===> Message : validateUser() invoked!!
info: ===> TimeStamp : 2025-03-08 16:06:29===> API : /api/auth/validateuser ===> Message : validateUser() :: Request Object :: [object Object]
info: ===> TimeStamp : 2025-03-08 16:06:29===> API : /api/auth/validateuser ===> Message : validateUserDB() Invoked !
info: ===> TimeStamp : 2025-03-08 16:06:29===> API : /api/auth/validateuser ===> Message : validateUserResponse() invoked!
info: ===> TimeStamp : 2025-03-08 16:06:29===> API : /api/auth/validateuser ===> Message : validateUserResponse() completed
info: ===> TimeStamp : 2025-03-08 16:06:29===> API : null ===> Message : validateRequest() invoked
info: ===> TimeStamp : 2025-03-08 16:06:29===> API : null ===> Message : fetchDBSettings()
info: ===> TimeStamp : 2025-03-08 16:06:29===> API : null ===> Message : validateRequest() Invoked!
info: ===> TimeStamp : 2025-03-08 16:06:29===> API : null ===> Message : validRequest() :: Api validated Successfully
info: ===> TimeStamp : 2025-03-08 16:06:29===> API : /api/auth/login ===> Message : loginUser() invoked!!
info: ===> TimeStamp : 2025-03-08 16:06:29===> API : /api/auth/login ===> Message : loginUser() :: Request Object :: [object Object]
info: ===> TimeStamp : 2025-03-08 16:06:29===> API : /api/auth/login ===> Message : loginUserDB() Invoked !
info: ===> TimeStamp : 2025-03-08 16:06:29===> API : /api/auth/login ===> Message : loginUserResponse() invoked!
info: ===> TimeStamp : 2025-03-08 16:06:29===> API : /api/auth/login ===> Message : loginUserResponse() completed
info: ===> TimeStamp : 2025-03-08 16:06:52===> API : null ===> Message : validateRequest() invoked
info: ===> TimeStamp : 2025-03-08 16:06:52===> API : null ===> Message : fetchDBSettings()
info: ===> TimeStamp : 2025-03-08 16:06:52===> API : null ===> Message : validateRequest() Invoked!
info: ===> TimeStamp : 2025-03-08 16:06:52===> API : null ===> Message : validRequest() :: Api validated Successfully
info: ===> TimeStamp : 2025-03-08 16:06:52===> API : /api/auth/validateuser ===> Message : validateUser() invoked!!
info: ===> TimeStamp : 2025-03-08 16:06:52===> API : /api/auth/validateuser ===> Message : validateUser() :: Request Object :: [object Object]
info: ===> TimeStamp : 2025-03-08 16:06:52===> API : /api/auth/validateuser ===> Message : validateUserDB() Invoked !
info: ===> TimeStamp : 2025-03-08 16:06:52===> API : /api/auth/validateuser ===> Message : validateUserResponse() invoked!
info: ===> TimeStamp : 2025-03-08 16:06:52===> API : /api/auth/validateuser ===> Message : validateUserResponse() completed
info: ===> TimeStamp : 2025-03-08 16:06:52===> API : null ===> Message : validateRequest() invoked
info: ===> TimeStamp : 2025-03-08 16:06:52===> API : null ===> Message : fetchDBSettings()
info: ===> TimeStamp : 2025-03-08 16:06:52===> API : null ===> Message : validateRequest() Invoked!
info: ===> TimeStamp : 2025-03-08 16:06:52===> API : null ===> Message : validRequest() :: Api validated Successfully
info: ===> TimeStamp : 2025-03-08 16:06:52===> API : /api/auth/login ===> Message : loginUser() invoked!!
info: ===> TimeStamp : 2025-03-08 16:06:52===> API : /api/auth/login ===> Message : loginUser() :: Request Object :: [object Object]
info: ===> TimeStamp : 2025-03-08 16:06:52===> API : /api/auth/login ===> Message : loginUserDB() Invoked !
info: ===> TimeStamp : 2025-03-08 16:06:52===> API : /api/auth/login ===> Message : loginUserResponse() invoked!
info: ===> TimeStamp : 2025-03-08 16:06:52===> API : /api/auth/login ===> Message : loginUserResponse() completed
info: ===> TimeStamp : 2025-03-08 16:17:12===> API : null ===> Message : validateRequest() invoked
info: ===> TimeStamp : 2025-03-08 16:17:12===> API : null ===> Message : fetchDBSettings()
info: ===> TimeStamp : 2025-03-08 16:17:13===> API : null ===> Message : validateRequest() Invoked!
info: ===> TimeStamp : 2025-03-08 16:17:13===> API : null ===> Message : validRequest() :: Api validated Successfully
info: ===> TimeStamp : 2025-03-08 16:17:13===> API : /api/auth/logout ===> Message : logoutUser() :: Request Object :: [object Object]
info: ===> TimeStamp : 2025-03-08 16:17:13===> API : /api/auth/logout ===> Message : logoutUser() invoked!!
info: ===> TimeStamp : 2025-03-08 16:17:13===> API : /api/auth/logout ===> Message : logoutUserDB() Invoked !
info: ===> TimeStamp : 2025-03-08 16:17:13===> API : /api/auth/logout ===> Message : logoutUserResponse() invoked!
info: ===> TimeStamp : 2025-03-08 16:17:13===> API : /api/auth/logout ===> Message : logoutUserResponse() completed
info: ===> TimeStamp : 2025-03-08 16:17:24===> API : null ===> Message : validateRequest() invoked
info: ===> TimeStamp : 2025-03-08 16:17:24===> API : null ===> Message : fetchDBSettings()
info: ===> TimeStamp : 2025-03-08 16:17:24===> API : null ===> Message : validateRequest() Invoked!
info: ===> TimeStamp : 2025-03-08 16:17:24===> API : null ===> Message : validRequest() :: Api validated Successfully
info: ===> TimeStamp : 2025-03-08 16:17:24===> API : /api/auth/validateuser ===> Message : validateUser() invoked!!
info: ===> TimeStamp : 2025-03-08 16:17:24===> API : /api/auth/validateuser ===> Message : validateUser() :: Request Object :: [object Object]
info: ===> TimeStamp : 2025-03-08 16:17:24===> API : /api/auth/validateuser ===> Message : validateUserDB() Invoked !
info: ===> TimeStamp : 2025-03-08 16:17:24===> API : /api/auth/validateuser ===> Message : validateUserResponse() invoked!
info: ===> TimeStamp : 2025-03-08 16:17:24===> API : /api/auth/validateuser ===> Message : validateUserResponse() completed
info: ===> TimeStamp : 2025-03-08 16:29:04===> API : null ===> Message : validateRequest() invoked
info: ===> TimeStamp : 2025-03-08 16:29:04===> API : null ===> Message : fetchDBSettings()
info: ===> TimeStamp : 2025-03-08 16:29:04===> API : null ===> Message : validateRequest() Invoked!
info: ===> TimeStamp : 2025-03-08 16:29:04===> API : null ===> Message : validRequest() :: Api validated Successfully
info: ===> TimeStamp : 2025-03-08 16:29:04===> API : /api/auth/logout ===> Message : logoutUser() :: Request Object :: [object Object]
info: ===> TimeStamp : 2025-03-08 16:29:04===> API : /api/auth/logout ===> Message : logoutUser() invoked!!
info: ===> TimeStamp : 2025-03-08 16:29:04===> API : /api/auth/logout ===> Message : logoutUserDB() Invoked !
info: ===> TimeStamp : 2025-03-08 16:29:04===> API : /api/auth/logout ===> Message : logoutUserResponse() invoked!
info: ===> TimeStamp : 2025-03-08 16:29:04===> API : /api/auth/logout ===> Message : logoutUserResponse() completed
info: ===> TimeStamp : 2025-03-08 16:46:00===> API : null ===> Message : validateRequest() invoked
info: ===> TimeStamp : 2025-03-08 16:46:00===> API : null ===> Message : fetchDBSettings()
info: ===> TimeStamp : 2025-03-08 16:46:00===> API : null ===> Message : validateRequest() Invoked!
info: ===> TimeStamp : 2025-03-08 16:46:00===> API : null ===> Message : validRequest() :: Api validated Successfully
info: ===> TimeStamp : 2025-03-08 16:46:00===> API : /api/auth/validateuser ===> Message : validateUser() invoked!!
info: ===> TimeStamp : 2025-03-08 16:46:00===> API : /api/auth/validateuser ===> Message : validateUser() :: Request Object :: [object Object]
info: ===> TimeStamp : 2025-03-08 16:46:00===> API : /api/auth/validateuser ===> Message : validateUserDB() Invoked !
info: ===> TimeStamp : 2025-03-08 16:46:00===> API : /api/auth/validateuser ===> Message : validateUserResponse() invoked!
info: ===> TimeStamp : 2025-03-08 16:46:00===> API : /api/auth/validateuser ===> Message : validateUserResponse() completed
info: ===> TimeStamp : 2025-03-08 16:46:00===> API : null ===> Message : validateRequest() invoked
info: ===> TimeStamp : 2025-03-08 16:46:00===> API : null ===> Message : fetchDBSettings()
info: ===> TimeStamp : 2025-03-08 16:46:00===> API : null ===> Message : validateRequest() Invoked!
info: ===> TimeStamp : 2025-03-08 16:46:00===> API : null ===> Message : validRequest() :: Api validated Successfully
info: ===> TimeStamp : 2025-03-08 16:46:00===> API : /api/auth/login ===> Message : loginUser() invoked!!
info: ===> TimeStamp : 2025-03-08 16:46:00===> API : /api/auth/login ===> Message : loginUser() :: Request Object :: [object Object]
info: ===> TimeStamp : 2025-03-08 16:46:00===> API : /api/auth/login ===> Message : loginUserDB() Invoked !
info: ===> TimeStamp : 2025-03-08 16:46:00===> API : /api/auth/login ===> Message : loginUserResponse() invoked!
info: ===> TimeStamp : 2025-03-08 16:46:00===> API : /api/auth/login ===> Message : loginUserResponse() completed
info: ===> TimeStamp : 2025-03-08 16:55:41===> API : null ===> Message : validateRequest() invoked
info: ===> TimeStamp : 2025-03-08 16:55:41===> API : null ===> Message : fetchDBSettings()
info: ===> TimeStamp : 2025-03-08 16:55:41===> API : null ===> Message : validateRequest() Invoked!
info: ===> TimeStamp : 2025-03-08 16:55:41===> API : null ===> Message : validRequest() :: Api validated Successfully
info: ===> TimeStamp : 2025-03-08 16:55:41===> API : /api/auth/validateuser ===> Message : validateUser() invoked!!
info: ===> TimeStamp : 2025-03-08 16:55:41===> API : /api/auth/validateuser ===> Message : validateUser() :: Request Object :: [object Object]
info: ===> TimeStamp : 2025-03-08 16:55:41===> API : /api/auth/validateuser ===> Message : validateUserDB() Invoked !
info: ===> TimeStamp : 2025-03-08 16:55:41===> API : /api/auth/validateuser ===> Message : validateUserResponse() invoked!
info: ===> TimeStamp : 2025-03-08 16:55:41===> API : /api/auth/validateuser ===> Message : validateUserResponse() completed
info: ===> TimeStamp : 2025-03-08 16:55:41===> API : null ===> Message : validateRequest() invoked
info: ===> TimeStamp : 2025-03-08 16:55:41===> API : null ===> Message : fetchDBSettings()
info: ===> TimeStamp : 2025-03-08 16:55:41===> API : null ===> Message : validateRequest() Invoked!
info: ===> TimeStamp : 2025-03-08 16:55:41===> API : null ===> Message : validRequest() :: Api validated Successfully
info: ===> TimeStamp : 2025-03-08 16:55:41===> API : /api/auth/login ===> Message : loginUser() :: Request Object :: [object Object]
info: ===> TimeStamp : 2025-03-08 16:55:41===> API : /api/auth/login ===> Message : loginUser() invoked!!
info: ===> TimeStamp : 2025-03-08 16:55:41===> API : /api/auth/login ===> Message : loginUserDB() Invoked !
info: ===> TimeStamp : 2025-03-08 16:55:41===> API : /api/auth/login ===> Message : loginUserResponse() invoked!
info: ===> TimeStamp : 2025-03-08 16:55:41===> API : /api/auth/login ===> Message : loginUserResponse() completed
info: ===> TimeStamp : 2025-03-08 16:57:50===> API : null ===> Message : fetchDBSettings()
info: ===> TimeStamp : 2025-03-08 16:57:50===> API : null ===> Message : validateRequest() invoked
info: ===> TimeStamp : 2025-03-08 16:57:50===> API : null ===> Message : validateRequest() Invoked!
info: ===> TimeStamp : 2025-03-08 16:57:51===> API : null ===> Message : validRequest() :: Api validated Successfully
info: ===> TimeStamp : 2025-03-08 16:57:51===> API : /api/auth/validateuser ===> Message : validateUser() invoked!!
info: ===> TimeStamp : 2025-03-08 16:57:51===> API : /api/auth/validateuser ===> Message : validateUser() :: Request Object :: [object Object]
info: ===> TimeStamp : 2025-03-08 16:57:51===> API : /api/auth/validateuser ===> Message : validateUserDB() Invoked !
info: ===> TimeStamp : 2025-03-08 16:57:51===> API : /api/auth/validateuser ===> Message : validateUserResponse() invoked!
info: ===> TimeStamp : 2025-03-08 16:57:51===> API : /api/auth/validateuser ===> Message : validateUserResponse() completed
info: ===> TimeStamp : 2025-03-08 16:57:51===> API : null ===> Message : validateRequest() invoked
info: ===> TimeStamp : 2025-03-08 16:57:51===> API : null ===> Message : fetchDBSettings()
info: ===> TimeStamp : 2025-03-08 16:57:51===> API : null ===> Message : validateRequest() Invoked!
info: ===> TimeStamp : 2025-03-08 16:57:51===> API : null ===> Message : validRequest() :: Api validated Successfully
info: ===> TimeStamp : 2025-03-08 16:57:51===> API : /api/auth/login ===> Message : loginUser() invoked!!
info: ===> TimeStamp : 2025-03-08 16:57:51===> API : /api/auth/login ===> Message : loginUser() :: Request Object :: [object Object]
info: ===> TimeStamp : 2025-03-08 16:57:51===> API : /api/auth/login ===> Message : loginUserDB() Invoked !
info: ===> TimeStamp : 2025-03-08 16:57:51===> API : /api/auth/login ===> Message : loginUserResponse() invoked!
info: ===> TimeStamp : 2025-03-08 16:57:51===> API : /api/auth/login ===> Message : loginUserResponse() completed
info: ===> TimeStamp : 2025-03-08 17:23:05===> API : null ===> Message : validateRequest() invoked
info: ===> TimeStamp : 2025-03-08 17:23:05===> API : null ===> Message : fetchDBSettings()
info: ===> TimeStamp : 2025-03-08 17:23:05===> API : null ===> Message : validateRequest() Invoked!
info: ===> TimeStamp : 2025-03-08 17:23:05===> API : null ===> Message : validRequest() :: Api validated Successfully
info: ===> TimeStamp : 2025-03-08 17:23:05===> API : /api/auth/validateuser ===> Message : validateUser() invoked!!
info: ===> TimeStamp : 2025-03-08 17:23:05===> API : /api/auth/validateuser ===> Message : validateUser() :: Request Object :: [object Object]
info: ===> TimeStamp : 2025-03-08 17:23:05===> API : /api/auth/validateuser ===> Message : validateUserDB() Invoked !
info: ===> TimeStamp : 2025-03-08 17:23:05===> API : /api/auth/validateuser ===> Message : validateUserResponse() invoked!
info: ===> TimeStamp : 2025-03-08 17:23:05===> API : /api/auth/validateuser ===> Message : validateUserResponse() completed
info: ===> TimeStamp : 2025-03-08 17:23:05===> API : null ===> Message : validateRequest() invoked
info: ===> TimeStamp : 2025-03-08 17:23:05===> API : null ===> Message : fetchDBSettings()
info: ===> TimeStamp : 2025-03-08 17:23:05===> API : null ===> Message : validateRequest() Invoked!
info: ===> TimeStamp : 2025-03-08 17:23:05===> API : /api/auth/login ===> Message : loginUser() invoked!!
info: ===> TimeStamp : 2025-03-08 17:23:05===> API : /api/auth/login ===> Message : loginUser() :: Request Object :: [object Object]
info: ===> TimeStamp : 2025-03-08 17:23:05===> API : null ===> Message : validRequest() :: Api validated Successfully
info: ===> TimeStamp : 2025-03-08 17:23:05===> API : /api/auth/login ===> Message : loginUserDB() Invoked !
info: ===> TimeStamp : 2025-03-08 17:23:05===> API : /api/auth/login ===> Message : loginUserResponse() invoked!
info: ===> TimeStamp : 2025-03-08 17:23:05===> API : /api/auth/login ===> Message : loginUserResponse() completed
info: ===> TimeStamp : 2025-03-08 17:45:52===> API : null ===> Message : validateRequest() invoked
info: ===> TimeStamp : 2025-03-08 17:45:52===> API : null ===> Message : fetchDBSettings()
info: ===> TimeStamp : 2025-03-08 17:45:52===> API : null ===> Message : validateRequest() Invoked!
info: ===> TimeStamp : 2025-03-08 17:45:53===> API : null ===> Message : validRequest() :: Api validated Successfully
info: ===> TimeStamp : 2025-03-08 17:45:53===> API : /api/auth/validateuser ===> Message : validateUser() invoked!!
info: ===> TimeStamp : 2025-03-08 17:45:53===> API : /api/auth/validateuser ===> Message : validateUser() :: Request Object :: [object Object]
info: ===> TimeStamp : 2025-03-08 17:45:53===> API : /api/auth/validateuser ===> Message : validateUserDB() Invoked !
info: ===> TimeStamp : 2025-03-08 17:45:53===> API : /api/auth/validateuser ===> Message : validateUserResponse() invoked!
info: ===> TimeStamp : 2025-03-08 17:45:53===> API : /api/auth/validateuser ===> Message : validateUserResponse() completed
info: ===> TimeStamp : 2025-03-08 17:45:53===> API : null ===> Message : validateRequest() invoked
info: ===> TimeStamp : 2025-03-08 17:45:53===> API : null ===> Message : fetchDBSettings()
info: ===> TimeStamp : 2025-03-08 17:45:53===> API : null ===> Message : validateRequest() Invoked!
info: ===> TimeStamp : 2025-03-08 17:45:53===> API : null ===> Message : validRequest() :: Api validated Successfully
info: ===> TimeStamp : 2025-03-08 17:45:53===> API : /api/auth/login ===> Message : loginUser() invoked!!
info: ===> TimeStamp : 2025-03-08 17:45:53===> API : /api/auth/login ===> Message : loginUser() :: Request Object :: [object Object]
info: ===> TimeStamp : 2025-03-08 17:45:53===> API : /api/auth/login ===> Message : loginUserDB() Invoked !
info: ===> TimeStamp : 2025-03-08 17:45:53===> API : /api/auth/login ===> Message : loginUserResponse() invoked!
info: ===> TimeStamp : 2025-03-08 17:45:53===> API : /api/auth/login ===> Message : loginUserResponse() completed
info: ===> TimeStamp : 2025-03-08 18:23:50===> API : null ===> Message : validateRequest() invoked
info: ===> TimeStamp : 2025-03-08 18:23:50===> API : null ===> Message : fetchDBSettings()
info: ===> TimeStamp : 2025-03-08 18:23:50===> API : null ===> Message : validateRequest() Invoked!
info: ===> TimeStamp : 2025-03-08 18:23:50===> API : null ===> Message : validRequest() :: Api validated Successfully
info: ===> TimeStamp : 2025-03-08 18:23:50===> API : /api/auth/validateuser ===> Message : validateUser() invoked!!
info: ===> TimeStamp : 2025-03-08 18:23:50===> API : /api/auth/validateuser ===> Message : validateUser() :: Request Object :: [object Object]
info: ===> TimeStamp : 2025-03-08 18:23:50===> API : /api/auth/validateuser ===> Message : validateUserDB() Invoked !
info: ===> TimeStamp : 2025-03-08 18:23:50===> API : /api/auth/validateuser ===> Message : validateUserResponse() invoked!
info: ===> TimeStamp : 2025-03-08 18:23:50===> API : /api/auth/validateuser ===> Message : validateUserResponse() completed
info: ===> TimeStamp : 2025-03-08 18:23:50===> API : null ===> Message : validateRequest() invoked
info: ===> TimeStamp : 2025-03-08 18:23:50===> API : null ===> Message : fetchDBSettings()
info: ===> TimeStamp : 2025-03-08 18:23:50===> API : null ===> Message : validateRequest() Invoked!
info: ===> TimeStamp : 2025-03-08 18:23:50===> API : null ===> Message : validRequest() :: Api validated Successfully
info: ===> TimeStamp : 2025-03-08 18:23:50===> API : /api/auth/login ===> Message : loginUser() invoked!!
info: ===> TimeStamp : 2025-03-08 18:23:50===> API : /api/auth/login ===> Message : loginUser() :: Request Object :: [object Object]
info: ===> TimeStamp : 2025-03-08 18:23:50===> API : /api/auth/login ===> Message : loginUserDB() Invoked !
info: ===> TimeStamp : 2025-03-08 18:23:50===> API : /api/auth/login ===> Message : loginUserResponse() invoked!
info: ===> TimeStamp : 2025-03-08 18:23:50===> API : /api/auth/login ===> Message : loginUserResponse() completed
info: ===> TimeStamp : 2025-03-08 18:36:02===> API : null ===> Message : validateRequest() invoked
info: ===> TimeStamp : 2025-03-08 18:36:02===> API : null ===> Message : fetchDBSettings()
info: ===> TimeStamp : 2025-03-08 18:36:02===> API : null ===> Message : validateRequest() Invoked!
info: ===> TimeStamp : 2025-03-08 18:36:02===> API : null ===> Message : validRequest() :: Api validated Successfully
info: ===> TimeStamp : 2025-03-08 18:36:02===> API : /api/auth/validateuser ===> Message : validateUser() :: Request Object :: [object Object]
info: ===> TimeStamp : 2025-03-08 18:36:02===> API : /api/auth/validateuser ===> Message : validateUser() invoked!!
info: ===> TimeStamp : 2025-03-08 18:36:02===> API : /api/auth/validateuser ===> Message : validateUserDB() Invoked !
info: ===> TimeStamp : 2025-03-08 18:36:02===> API : /api/auth/validateuser ===> Message : validateUserResponse() invoked!
info: ===> TimeStamp : 2025-03-08 18:36:02===> API : /api/auth/validateuser ===> Message : validateUserResponse() completed
info: ===> TimeStamp : 2025-03-08 18:36:02===> API : null ===> Message : validateRequest() invoked
info: ===> TimeStamp : 2025-03-08 18:36:02===> API : null ===> Message : fetchDBSettings()
info: ===> TimeStamp : 2025-03-08 18:36:02===> API : null ===> Message : validateRequest() Invoked!
info: ===> TimeStamp : 2025-03-08 18:36:02===> API : null ===> Message : validRequest() :: Api validated Successfully
info: ===> TimeStamp : 2025-03-08 18:36:02===> API : /api/auth/login ===> Message : loginUser() invoked!!
info: ===> TimeStamp : 2025-03-08 18:36:02===> API : /api/auth/login ===> Message : loginUser() :: Request Object :: [object Object]
info: ===> TimeStamp : 2025-03-08 18:36:02===> API : /api/auth/login ===> Message : loginUserDB() Invoked !
info: ===> TimeStamp : 2025-03-08 18:36:02===> API : /api/auth/login ===> Message : loginUserResponse() invoked!
info: ===> TimeStamp : 2025-03-08 18:36:02===> API : /api/auth/login ===> Message : loginUserResponse() completed
info: ===> TimeStamp : 2025-03-08 18:40:52===> API : null ===> Message : validateRequest() invoked
info: ===> TimeStamp : 2025-03-08 18:40:52===> API : null ===> Message : fetchDBSettings()
info: ===> TimeStamp : 2025-03-08 18:40:52===> API : null ===> Message : validateRequest() Invoked!
info: ===> TimeStamp : 2025-03-08 18:40:52===> API : null ===> Message : validRequest() :: Api validated Successfully
info: ===> TimeStamp : 2025-03-08 18:40:52===> API : /api/auth/validateuser ===> Message : validateUser() invoked!!
info: ===> TimeStamp : 2025-03-08 18:40:52===> API : /api/auth/validateuser ===> Message : validateUser() :: Request Object :: [object Object]
info: ===> TimeStamp : 2025-03-08 18:40:52===> API : /api/auth/validateuser ===> Message : validateUserDB() Invoked !
info: ===> TimeStamp : 2025-03-08 18:40:52===> API : /api/auth/validateuser ===> Message : validateUserResponse() invoked!
info: ===> TimeStamp : 2025-03-08 18:40:52===> API : /api/auth/validateuser ===> Message : validateUserResponse() completed
info: ===> TimeStamp : 2025-03-08 18:40:52===> API : null ===> Message : validateRequest() invoked
info: ===> TimeStamp : 2025-03-08 18:40:52===> API : null ===> Message : fetchDBSettings()
info: ===> TimeStamp : 2025-03-08 18:40:52===> API : null ===> Message : validateRequest() Invoked!
info: ===> TimeStamp : 2025-03-08 18:40:52===> API : null ===> Message : validRequest() :: Api validated Successfully
info: ===> TimeStamp : 2025-03-08 18:40:52===> API : /api/auth/login ===> Message : loginUser() invoked!!
info: ===> TimeStamp : 2025-03-08 18:40:52===> API : /api/auth/login ===> Message : loginUser() :: Request Object :: [object Object]
info: ===> TimeStamp : 2025-03-08 18:40:52===> API : /api/auth/login ===> Message : loginUserDB() Invoked !
info: ===> TimeStamp : 2025-03-08 18:40:52===> API : /api/auth/login ===> Message : loginUserResponse() invoked!
info: ===> TimeStamp : 2025-03-08 18:40:52===> API : /api/auth/login ===> Message : loginUserResponse() completed
info: ===> TimeStamp : 2025-03-08 18:41:22===> API : null ===> Message : validateRequest() invoked
info: ===> TimeStamp : 2025-03-08 18:41:22===> API : null ===> Message : validateRequest() Error:: Invalid Request :: 
      {"apiUri":"/"}
info: ===> TimeStamp : 2025-03-08 18:41:26===> API : null ===> Message : validateRequest() invoked
info: ===> TimeStamp : 2025-03-08 18:41:26===> API : null ===> Message : validateRequest() Error:: Invalid Request :: 
      {"apiUri":"/"}
info: ===> TimeStamp : 2025-03-08 18:41:27===> API : null ===> Message : validateRequest() invoked
info: ===> TimeStamp : 2025-03-08 18:41:27===> API : null ===> Message : validateRequest() Error:: Invalid Request :: 
      {"apiUri":"/actuator/env"}
info: ===> TimeStamp : 2025-03-08 18:41:27===> API : null ===> Message : validateRequest() invoked
info: ===> TimeStamp : 2025-03-08 18:41:27===> API : null ===> Message : validateRequest() Error:: Invalid Request :: 
      {"apiUri":"/php-cgi/php-cgi.exe"}
info: ===> TimeStamp : 2025-03-08 18:41:28===> API : null ===> Message : validateRequest() invoked
info: ===> TimeStamp : 2025-03-08 18:41:28===> API : null ===> Message : validateRequest() Error:: Invalid Request :: 
      {"apiUri":"/server"}
info: ===> TimeStamp : 2025-03-08 18:41:29===> API : null ===> Message : validateRequest() invoked
info: ===> TimeStamp : 2025-03-08 18:41:29===> API : null ===> Message : validateRequest() Error:: Invalid Request :: 
      {"apiUri":"/.vscode/sftp.json"}
info: ===> TimeStamp : 2025-03-08 18:41:29===> API : null ===> Message : validateRequest() invoked
info: ===> TimeStamp : 2025-03-08 18:41:29===> API : null ===> Message : validateRequest() Error:: Invalid Request :: 
      {"apiUri":"/about"}
info: ===> TimeStamp : 2025-03-08 18:41:30===> API : null ===> Message : validateRequest() invoked
info: ===> TimeStamp : 2025-03-08 18:41:30===> API : null ===> Message : validateRequest() Error:: Invalid Request :: 
      {"apiUri":"/debug/default/view"}
info: ===> TimeStamp : 2025-03-08 18:41:30===> API : null ===> Message : validateRequest() invoked
info: ===> TimeStamp : 2025-03-08 18:41:30===> API : null ===> Message : validateRequest() Error:: Invalid Request :: 
      {"apiUri":"/v2/_catalog"}
info: ===> TimeStamp : 2025-03-08 18:41:31===> API : null ===> Message : validateRequest() invoked
info: ===> TimeStamp : 2025-03-08 18:41:31===> API : null ===> Message : validateRequest() Error:: Invalid Request :: 
      {"apiUri":"/ecp/Current/exporttool/microsoft.exchange.ediscovery.exporttool.application"}
info: ===> TimeStamp : 2025-03-08 18:41:32===> API : null ===> Message : validateRequest() invoked
info: ===> TimeStamp : 2025-03-08 18:41:32===> API : null ===> Message : validateRequest() Error:: Invalid Request :: 
      {"apiUri":"/server-status"}
info: ===> TimeStamp : 2025-03-08 18:41:32===> API : null ===> Message : validateRequest() invoked
info: ===> TimeStamp : 2025-03-08 18:41:32===> API : null ===> Message : validateRequest() Error:: Invalid Request :: 
      {"apiUri":"/login.action"}
info: ===> TimeStamp : 2025-03-08 18:41:33===> API : null ===> Message : validateRequest() invoked
info: ===> TimeStamp : 2025-03-08 18:41:33===> API : null ===> Message : validateRequest() Error:: Invalid Request :: 
      {"apiUri":"/_all_dbs"}
info: ===> TimeStamp : 2025-03-08 18:41:33===> API : null ===> Message : validateRequest() invoked
info: ===> TimeStamp : 2025-03-08 18:41:33===> API : null ===> Message : validateRequest() Error:: Invalid Request :: 
      {"apiUri":"/.DS_Store"}
info: ===> TimeStamp : 2025-03-08 18:41:34===> API : null ===> Message : validateRequest() invoked
info: ===> TimeStamp : 2025-03-08 18:41:34===> API : null ===> Message : validateRequest() Error:: Invalid Request :: 
      {"apiUri":"/.env"}
info: ===> TimeStamp : 2025-03-08 18:41:35===> API : null ===> Message : validateRequest() invoked
info: ===> TimeStamp : 2025-03-08 18:41:35===> API : null ===> Message : validateRequest() Error:: Invalid Request :: 
      {"apiUri":"/.git/config"}
info: ===> TimeStamp : 2025-03-08 18:41:35===> API : null ===> Message : validateRequest() invoked
info: ===> TimeStamp : 2025-03-08 18:41:35===> API : null ===> Message : validateRequest() Error:: Invalid Request :: 
      {"apiUri":"/s/535313e27313e273e233/_/;/META-INF/maven/com.atlassian.jira/jira-webapp-dist/pom.properties"}
info: ===> TimeStamp : 2025-03-08 18:41:36===> API : null ===> Message : validateRequest() invoked
info: ===> TimeStamp : 2025-03-08 18:41:36===> API : null ===> Message : validateRequest() Error:: Invalid Request :: 
      {"apiUri":"/config.json"}
info: ===> TimeStamp : 2025-03-08 18:41:36===> API : null ===> Message : validateRequest() invoked
info: ===> TimeStamp : 2025-03-08 18:41:36===> API : null ===> Message : validateRequest() Error:: Invalid Request :: 
      {"apiUri":"/telescope/requests"}
info: ===> TimeStamp : 2025-03-08 18:41:37===> API : null ===> Message : validateRequest() invoked
info: ===> TimeStamp : 2025-03-08 18:41:37===> API : null ===> Message : validateRequest() Error:: Invalid Request :: 
      {"apiUri":"/info.php"}
info: ===> TimeStamp : 2025-03-08 18:41:38===> API : null ===> Message : validateRequest() invoked
info: ===> TimeStamp : 2025-03-08 18:41:38===> API : null ===> Message : validateRequest() Error:: Invalid Request :: 
      {"apiUri":"/"}
info: ===> TimeStamp : 2025-03-08 18:41:52===> API : null ===> Message : validateRequest() invoked
info: ===> TimeStamp : 2025-03-08 18:41:52===> API : null ===> Message : fetchDBSettings()
info: ===> TimeStamp : 2025-03-08 18:41:52===> API : null ===> Message : validateRequest() Invoked!
info: ===> TimeStamp : 2025-03-08 18:41:52===> API : null ===> Message : validRequest() :: Api validated Successfully
info: ===> TimeStamp : 2025-03-08 18:41:52===> API : /api/auth/validateuser ===> Message : validateUser() invoked!!
info: ===> TimeStamp : 2025-03-08 18:41:52===> API : /api/auth/validateuser ===> Message : validateUser() :: Request Object :: [object Object]
info: ===> TimeStamp : 2025-03-08 18:41:52===> API : /api/auth/validateuser ===> Message : validateUserDB() Invoked !
info: ===> TimeStamp : 2025-03-08 18:41:52===> API : /api/auth/validateuser ===> Message : validateUserResponse() invoked!
info: ===> TimeStamp : 2025-03-08 18:41:52===> API : /api/auth/validateuser ===> Message : validateUserResponse() completed
info: ===> TimeStamp : 2025-03-08 18:41:52===> API : null ===> Message : validateRequest() invoked
info: ===> TimeStamp : 2025-03-08 18:41:52===> API : null ===> Message : fetchDBSettings()
info: ===> TimeStamp : 2025-03-08 18:41:52===> API : null ===> Message : validateRequest() Invoked!
info: ===> TimeStamp : 2025-03-08 18:41:52===> API : null ===> Message : validRequest() :: Api validated Successfully
info: ===> TimeStamp : 2025-03-08 18:41:52===> API : /api/auth/login ===> Message : loginUser() invoked!!
info: ===> TimeStamp : 2025-03-08 18:41:52===> API : /api/auth/login ===> Message : loginUser() :: Request Object :: [object Object]
info: ===> TimeStamp : 2025-03-08 18:41:52===> API : /api/auth/login ===> Message : loginUserDB() Invoked !
info: ===> TimeStamp : 2025-03-08 18:41:53===> API : /api/auth/login ===> Message : loginUserResponse() invoked!
info: ===> TimeStamp : 2025-03-08 18:41:53===> API : /api/auth/login ===> Message : loginUserResponse() completed
info: ===> TimeStamp : 2025-03-08 18:43:57===> API : null ===> Message : validateRequest() invoked
info: ===> TimeStamp : 2025-03-08 18:43:57===> API : null ===> Message : validateRequest() Error:: Invalid Request :: 
      {"apiUri":"/"}
info: ===> TimeStamp : 2025-03-08 18:43:59===> API : null ===> Message : validateRequest() invoked
info: ===> TimeStamp : 2025-03-08 18:43:59===> API : null ===> Message : validateRequest() Error:: Invalid Request :: 
      {"apiUri":"/favicon.ico"}
info: ===> TimeStamp : 2025-03-08 18:44:14===> API : null ===> Message : validateRequest() invoked
info: ===> TimeStamp : 2025-03-08 18:44:14===> API : null ===> Message : validateRequest() Error:: Invalid Request :: 
      {"apiUri":"/favicon.ico"}
info: ===> TimeStamp : 2025-03-08 18:45:19===> API : null ===> Message : validateRequest() invoked
info: ===> TimeStamp : 2025-03-08 18:45:19===> API : null ===> Message : fetchDBSettings()
info: ===> TimeStamp : 2025-03-08 18:45:19===> API : null ===> Message : validateRequest() Invoked!
info: ===> TimeStamp : 2025-03-08 18:45:19===> API : null ===> Message : validRequest() :: Api validated Successfully
info: ===> TimeStamp : 2025-03-08 18:45:19===> API : /api/auth/validateuser ===> Message : validateUser() invoked!!
info: ===> TimeStamp : 2025-03-08 18:45:19===> API : /api/auth/validateuser ===> Message : validateUser() :: Request Object :: [object Object]
info: ===> TimeStamp : 2025-03-08 18:45:19===> API : /api/auth/validateuser ===> Message : validateUserDB() Invoked !
info: ===> TimeStamp : 2025-03-08 18:45:19===> API : /api/auth/validateuser ===> Message : validateUserResponse() invoked!
info: ===> TimeStamp : 2025-03-08 18:45:19===> API : /api/auth/validateuser ===> Message : validateUserResponse() completed
info: ===> TimeStamp : 2025-03-08 18:45:19===> API : null ===> Message : validateRequest() invoked
info: ===> TimeStamp : 2025-03-08 18:45:19===> API : null ===> Message : fetchDBSettings()
info: ===> TimeStamp : 2025-03-08 18:45:19===> API : null ===> Message : validateRequest() Invoked!
info: ===> TimeStamp : 2025-03-08 18:45:19===> API : null ===> Message : validRequest() :: Api validated Successfully
info: ===> TimeStamp : 2025-03-08 18:45:19===> API : /api/auth/login ===> Message : loginUser() invoked!!
info: ===> TimeStamp : 2025-03-08 18:45:19===> API : /api/auth/login ===> Message : loginUser() :: Request Object :: [object Object]
info: ===> TimeStamp : 2025-03-08 18:45:19===> API : /api/auth/login ===> Message : loginUserDB() Invoked !
info: ===> TimeStamp : 2025-03-08 18:45:19===> API : /api/auth/login ===> Message : loginUserResponse() invoked!
info: ===> TimeStamp : 2025-03-08 18:45:19===> API : /api/auth/login ===> Message : loginUserResponse() completed
info: ===> TimeStamp : 2025-03-08 19:33:59===> API : null ===> Message : validateRequest() invoked
info: ===> TimeStamp : 2025-03-08 19:33:59===> API : null ===> Message : fetchDBSettings()
info: ===> TimeStamp : 2025-03-08 19:33:59===> API : null ===> Message : validateRequest() Invoked!
info: ===> TimeStamp : 2025-03-08 19:33:59===> API : null ===> Message : validRequest() :: Api validated Successfully
info: ===> TimeStamp : 2025-03-08 19:33:59===> API : /api/auth/validateuser ===> Message : validateUser() :: Request Object :: [object Object]
info: ===> TimeStamp : 2025-03-08 19:33:59===> API : /api/auth/validateuser ===> Message : validateUser() invoked!!
info: ===> TimeStamp : 2025-03-08 19:33:59===> API : /api/auth/validateuser ===> Message : validateUserDB() Invoked !
info: ===> TimeStamp : 2025-03-08 19:33:59===> API : /api/auth/validateuser ===> Message : validateUserResponse() invoked!
info: ===> TimeStamp : 2025-03-08 19:33:59===> API : /api/auth/validateuser ===> Message : validateUserResponse() completed
info: ===> TimeStamp : 2025-03-08 19:33:59===> API : null ===> Message : validateRequest() invoked
info: ===> TimeStamp : 2025-03-08 19:33:59===> API : null ===> Message : fetchDBSettings()
info: ===> TimeStamp : 2025-03-08 19:33:59===> API : null ===> Message : validateRequest() Invoked!
info: ===> TimeStamp : 2025-03-08 19:33:59===> API : null ===> Message : validRequest() :: Api validated Successfully
info: ===> TimeStamp : 2025-03-08 19:33:59===> API : /api/auth/login ===> Message : loginUser() invoked!!
info: ===> TimeStamp : 2025-03-08 19:33:59===> API : /api/auth/login ===> Message : loginUser() :: Request Object :: [object Object]
info: ===> TimeStamp : 2025-03-08 19:33:59===> API : /api/auth/login ===> Message : loginUserDB() Invoked !
info: ===> TimeStamp : 2025-03-08 19:33:59===> API : /api/auth/login ===> Message : loginUserResponse() invoked!
info: ===> TimeStamp : 2025-03-08 19:33:59===> API : /api/auth/login ===> Message : loginUserResponse() completed
info: ===> TimeStamp : 2025-03-08 19:44:07===> API : null ===> Message : validateRequest() invoked
info: ===> TimeStamp : 2025-03-08 19:44:07===> API : null ===> Message : fetchDBSettings()
info: ===> TimeStamp : 2025-03-08 19:44:07===> API : null ===> Message : validateRequest() Invoked!
info: ===> TimeStamp : 2025-03-08 19:44:07===> API : null ===> Message : validRequest() :: Api validated Successfully
info: ===> TimeStamp : 2025-03-08 19:44:07===> API : /api/auth/validateuser ===> Message : validateUser() invoked!!
info: ===> TimeStamp : 2025-03-08 19:44:07===> API : /api/auth/validateuser ===> Message : validateUser() :: Request Object :: [object Object]
info: ===> TimeStamp : 2025-03-08 19:44:07===> API : /api/auth/validateuser ===> Message : validateUserDB() Invoked !
info: ===> TimeStamp : 2025-03-08 19:44:07===> API : /api/auth/validateuser ===> Message : validateUserResponse() invoked!
info: ===> TimeStamp : 2025-03-08 19:44:07===> API : /api/auth/validateuser ===> Message : validateUserResponse() completed
info: ===> TimeStamp : 2025-03-08 19:44:07===> API : null ===> Message : validateRequest() invoked
info: ===> TimeStamp : 2025-03-08 19:44:07===> API : null ===> Message : fetchDBSettings()
info: ===> TimeStamp : 2025-03-08 19:44:07===> API : null ===> Message : validateRequest() Invoked!
info: ===> TimeStamp : 2025-03-08 19:44:07===> API : /api/auth/login ===> Message : loginUser() invoked!!
info: ===> TimeStamp : 2025-03-08 19:44:07===> API : /api/auth/login ===> Message : loginUser() :: Request Object :: [object Object]
info: ===> TimeStamp : 2025-03-08 19:44:07===> API : null ===> Message : validRequest() :: Api validated Successfully
info: ===> TimeStamp : 2025-03-08 19:44:07===> API : /api/auth/login ===> Message : loginUserDB() Invoked !
info: ===> TimeStamp : 2025-03-08 19:44:08===> API : /api/auth/login ===> Message : loginUserResponse() invoked!
info: ===> TimeStamp : 2025-03-08 19:44:08===> API : /api/auth/login ===> Message : loginUserResponse() completed
info: ===> TimeStamp : 2025-03-08 19:54:33===> API : null ===> Message : validateRequest() invoked
info: ===> TimeStamp : 2025-03-08 19:54:33===> API : null ===> Message : fetchDBSettings()
info: ===> TimeStamp : 2025-03-08 19:54:33===> API : null ===> Message : validateRequest() Invoked!
info: ===> TimeStamp : 2025-03-08 19:54:33===> API : null ===> Message : validRequest() :: Api validated Successfully
info: ===> TimeStamp : 2025-03-08 19:54:33===> API : /api/auth/validateuser ===> Message : validateUser() invoked!!
info: ===> TimeStamp : 2025-03-08 19:54:33===> API : /api/auth/validateuser ===> Message : validateUser() :: Request Object :: [object Object]
info: ===> TimeStamp : 2025-03-08 19:54:33===> API : /api/auth/validateuser ===> Message : validateUserDB() Invoked !
info: ===> TimeStamp : 2025-03-08 19:54:33===> API : /api/auth/validateuser ===> Message : validateUserResponse() invoked!
info: ===> TimeStamp : 2025-03-08 19:54:33===> API : /api/auth/validateuser ===> Message : validateUserResponse() completed
info: ===> TimeStamp : 2025-03-08 19:54:33===> API : null ===> Message : validateRequest() invoked
info: ===> TimeStamp : 2025-03-08 19:54:33===> API : null ===> Message : fetchDBSettings()
info: ===> TimeStamp : 2025-03-08 19:54:34===> API : null ===> Message : validateRequest() Invoked!
info: ===> TimeStamp : 2025-03-08 19:54:34===> API : null ===> Message : validRequest() :: Api validated Successfully
info: ===> TimeStamp : 2025-03-08 19:54:34===> API : /api/auth/login ===> Message : loginUser() invoked!!
info: ===> TimeStamp : 2025-03-08 19:54:34===> API : /api/auth/login ===> Message : loginUser() :: Request Object :: [object Object]
info: ===> TimeStamp : 2025-03-08 19:54:34===> API : /api/auth/login ===> Message : loginUserDB() Invoked !
info: ===> TimeStamp : 2025-03-08 19:54:34===> API : /api/auth/login ===> Message : loginUserResponse() invoked!
info: ===> TimeStamp : 2025-03-08 19:54:34===> API : /api/auth/login ===> Message : loginUserResponse() completed
info: ===> TimeStamp : 2025-03-08 20:11:43===> API : null ===> Message : validateRequest() invoked
info: ===> TimeStamp : 2025-03-08 20:11:43===> API : null ===> Message : fetchDBSettings()
info: ===> TimeStamp : 2025-03-08 20:11:43===> API : null ===> Message : validateRequest() Invoked!
info: ===> TimeStamp : 2025-03-08 20:11:43===> API : null ===> Message : validRequest() :: Api validated Successfully
info: ===> TimeStamp : 2025-03-08 20:11:43===> API : /api/auth/logout ===> Message : logoutUser() invoked!!
info: ===> TimeStamp : 2025-03-08 20:11:43===> API : /api/auth/logout ===> Message : logoutUser() :: Request Object :: [object Object]
info: ===> TimeStamp : 2025-03-08 20:11:43===> API : /api/auth/logout ===> Message : logoutUserDB() Invoked !
info: ===> TimeStamp : 2025-03-08 20:11:43===> API : /api/auth/logout ===> Message : logoutUserResponse() invoked!
info: ===> TimeStamp : 2025-03-08 20:11:43===> API : /api/auth/logout ===> Message : logoutUserResponse() completed
info: ===> TimeStamp : 2025-03-08 20:11:49===> API : null ===> Message : fetchDBSettings()
info: ===> TimeStamp : 2025-03-08 20:11:49===> API : null ===> Message : validateRequest() invoked
info: ===> TimeStamp : 2025-03-08 20:11:49===> API : null ===> Message : validateRequest() Invoked!
info: ===> TimeStamp : 2025-03-08 20:11:49===> API : null ===> Message : validRequest() :: Api validated Successfully
info: ===> TimeStamp : 2025-03-08 20:11:49===> API : /api/auth/logout ===> Message : logoutUser() invoked!!
info: ===> TimeStamp : 2025-03-08 20:11:49===> API : /api/auth/logout ===> Message : logoutUser() :: Request Object :: [object Object]
info: ===> TimeStamp : 2025-03-08 20:11:49===> API : /api/auth/logout ===> Message : logoutUserDB() Invoked !
info: ===> TimeStamp : 2025-03-08 20:11:49===> API : /api/auth/logout ===> Message : logoutUserResponse() invoked!
info: ===> TimeStamp : 2025-03-08 20:11:49===> API : /api/auth/logout ===> Message : logoutUserResponse() completed
info: ===> TimeStamp : 2025-03-08 20:11:53===> API : null ===> Message : validateRequest() invoked
info: ===> TimeStamp : 2025-03-08 20:11:53===> API : null ===> Message : fetchDBSettings()
info: ===> TimeStamp : 2025-03-08 20:11:53===> API : null ===> Message : validateRequest() Invoked!
info: ===> TimeStamp : 2025-03-08 20:11:53===> API : null ===> Message : validRequest() :: Api validated Successfully
info: ===> TimeStamp : 2025-03-08 20:11:53===> API : /api/auth/validateuser ===> Message : validateUser() invoked!!
info: ===> TimeStamp : 2025-03-08 20:11:53===> API : /api/auth/validateuser ===> Message : validateUser() :: Request Object :: [object Object]
info: ===> TimeStamp : 2025-03-08 20:11:53===> API : /api/auth/validateuser ===> Message : validateUserDB() Invoked !
info: ===> TimeStamp : 2025-03-08 20:11:53===> API : /api/auth/validateuser ===> Message : validateUserResponse() invoked!
info: ===> TimeStamp : 2025-03-08 20:11:53===> API : /api/auth/validateuser ===> Message : validateUserResponse() completed
info: ===> TimeStamp : 2025-03-08 20:11:53===> API : null ===> Message : validateRequest() invoked
info: ===> TimeStamp : 2025-03-08 20:11:53===> API : null ===> Message : fetchDBSettings()
info: ===> TimeStamp : 2025-03-08 20:11:53===> API : null ===> Message : validateRequest() Invoked!
info: ===> TimeStamp : 2025-03-08 20:11:53===> API : null ===> Message : validRequest() :: Api validated Successfully
info: ===> TimeStamp : 2025-03-08 20:11:53===> API : /api/auth/checkIP ===> Message : checkIP() invoked!!
info: ===> TimeStamp : 2025-03-08 20:11:53===> API : /api/auth/checkIP ===> Message : IPs match: 103.255.182.117
info: ===> TimeStamp : 2025-03-08 20:11:53===> API : /api/auth/checkIP ===> Message : checkIPResponse() invoked!
info: ===> TimeStamp : 2025-03-08 20:11:53===> API : /api/auth/checkIP ===> Message : checkIPResponse() completed
info: ===> TimeStamp : 2025-03-08 20:11:53===> API : null ===> Message : validateRequest() invoked
info: ===> TimeStamp : 2025-03-08 20:11:53===> API : null ===> Message : fetchDBSettings()
info: ===> TimeStamp : 2025-03-08 20:11:53===> API : null ===> Message : validateRequest() Invoked!
info: ===> TimeStamp : 2025-03-08 20:11:53===> API : null ===> Message : validRequest() :: Api validated Successfully
info: ===> TimeStamp : 2025-03-08 20:11:53===> API : /api/auth/login ===> Message : loginUser() invoked!!
info: ===> TimeStamp : 2025-03-08 20:11:53===> API : /api/auth/login ===> Message : loginUser() :: Request Object :: [object Object]
info: ===> TimeStamp : 2025-03-08 20:11:53===> API : /api/auth/login ===> Message : loginUserDB() Invoked !
info: ===> TimeStamp : 2025-03-08 20:11:53===> API : /api/auth/login ===> Message : loginUserResponse() invoked!
info: ===> TimeStamp : 2025-03-08 20:11:53===> API : /api/auth/login ===> Message : loginUserResponse() completed
info: ===> TimeStamp : 2025-03-08 20:14:37===> API : null ===> Message : validateRequest() invoked
info: ===> TimeStamp : 2025-03-08 20:14:37===> API : null ===> Message : fetchDBSettings()
info: ===> TimeStamp : 2025-03-08 20:14:37===> API : null ===> Message : validateRequest() Invoked!
info: ===> TimeStamp : 2025-03-08 20:14:37===> API : null ===> Message : validRequest() :: Api validated Successfully
info: ===> TimeStamp : 2025-03-08 20:14:37===> API : /api/auth/logout ===> Message : logoutUser() invoked!!
info: ===> TimeStamp : 2025-03-08 20:14:37===> API : /api/auth/logout ===> Message : logoutUser() :: Request Object :: [object Object]
info: ===> TimeStamp : 2025-03-08 20:14:37===> API : /api/auth/logout ===> Message : logoutUserDB() Invoked !
info: ===> TimeStamp : 2025-03-08 20:14:37===> API : /api/auth/logout ===> Message : logoutUserResponse() invoked!
info: ===> TimeStamp : 2025-03-08 20:14:37===> API : /api/auth/logout ===> Message : logoutUserResponse() completed
info: ===> TimeStamp : 2025-03-08 20:14:42===> API : null ===> Message : validateRequest() invoked
info: ===> TimeStamp : 2025-03-08 20:14:42===> API : null ===> Message : fetchDBSettings()
info: ===> TimeStamp : 2025-03-08 20:14:42===> API : null ===> Message : validateRequest() Invoked!
info: ===> TimeStamp : 2025-03-08 20:14:42===> API : null ===> Message : validRequest() :: Api validated Successfully
info: ===> TimeStamp : 2025-03-08 20:14:42===> API : /api/auth/validateuser ===> Message : validateUser() invoked!!
info: ===> TimeStamp : 2025-03-08 20:14:42===> API : /api/auth/validateuser ===> Message : validateUser() :: Request Object :: [object Object]
info: ===> TimeStamp : 2025-03-08 20:14:42===> API : /api/auth/validateuser ===> Message : validateUserDB() Invoked !
info: ===> TimeStamp : 2025-03-08 20:14:42===> API : /api/auth/validateuser ===> Message : validateUserResponse() invoked!
info: ===> TimeStamp : 2025-03-08 20:14:42===> API : /api/auth/validateuser ===> Message : validateUserResponse() completed
info: ===> TimeStamp : 2025-03-08 20:14:42===> API : null ===> Message : validateRequest() invoked
info: ===> TimeStamp : 2025-03-08 20:14:42===> API : null ===> Message : fetchDBSettings()
info: ===> TimeStamp : 2025-03-08 20:14:42===> API : null ===> Message : validateRequest() Invoked!
info: ===> TimeStamp : 2025-03-08 20:14:42===> API : null ===> Message : validRequest() :: Api validated Successfully
info: ===> TimeStamp : 2025-03-08 20:14:42===> API : /api/auth/checkIP ===> Message : checkIP() invoked!!
info: ===> TimeStamp : 2025-03-08 20:14:42===> API : /api/auth/checkIP ===> Message : IPs match: 103.225.102.162
info: ===> TimeStamp : 2025-03-08 20:14:42===> API : /api/auth/checkIP ===> Message : checkIPResponse() invoked!
info: ===> TimeStamp : 2025-03-08 20:14:42===> API : /api/auth/checkIP ===> Message : checkIPResponse() completed
info: ===> TimeStamp : 2025-03-08 20:14:42===> API : null ===> Message : validateRequest() invoked
info: ===> TimeStamp : 2025-03-08 20:14:42===> API : null ===> Message : fetchDBSettings()
info: ===> TimeStamp : 2025-03-08 20:14:42===> API : null ===> Message : validateRequest() Invoked!
info: ===> TimeStamp : 2025-03-08 20:14:42===> API : null ===> Message : validRequest() :: Api validated Successfully
info: ===> TimeStamp : 2025-03-08 20:14:42===> API : /api/auth/login ===> Message : loginUser() invoked!!
info: ===> TimeStamp : 2025-03-08 20:14:42===> API : /api/auth/login ===> Message : loginUser() :: Request Object :: [object Object]
info: ===> TimeStamp : 2025-03-08 20:14:42===> API : /api/auth/login ===> Message : loginUserDB() Invoked !
info: ===> TimeStamp : 2025-03-08 20:14:43===> API : /api/auth/login ===> Message : loginUserResponse() invoked!
info: ===> TimeStamp : 2025-03-08 20:14:43===> API : /api/auth/login ===> Message : loginUserResponse() completed
info: ===> TimeStamp : 2025-03-08 20:14:50===> API : null ===> Message : validateRequest() invoked
info: ===> TimeStamp : 2025-03-08 20:14:50===> API : null ===> Message : fetchDBSettings()
info: ===> TimeStamp : 2025-03-08 20:14:50===> API : null ===> Message : validateRequest() Invoked!
info: ===> TimeStamp : 2025-03-08 20:14:50===> API : null ===> Message : validRequest() :: Api validated Successfully
info: ===> TimeStamp : 2025-03-08 20:14:50===> API : /api/auth/validateuser ===> Message : validateUser() invoked!!
info: ===> TimeStamp : 2025-03-08 20:14:50===> API : /api/auth/validateuser ===> Message : validateUser() :: Request Object :: [object Object]
info: ===> TimeStamp : 2025-03-08 20:14:50===> API : /api/auth/validateuser ===> Message : validateUserDB() Invoked !
info: ===> TimeStamp : 2025-03-08 20:14:50===> API : /api/auth/validateuser ===> Message : validateUserResponse() invoked!
info: ===> TimeStamp : 2025-03-08 20:14:50===> API : /api/auth/validateuser ===> Message : validateUserResponse() completed
info: ===> TimeStamp : 2025-03-08 20:14:50===> API : null ===> Message : validateRequest() invoked
info: ===> TimeStamp : 2025-03-08 20:14:50===> API : null ===> Message : fetchDBSettings()
info: ===> TimeStamp : 2025-03-08 20:14:50===> API : null ===> Message : validateRequest() Invoked!
info: ===> TimeStamp : 2025-03-08 20:14:50===> API : null ===> Message : validRequest() :: Api validated Successfully
info: ===> TimeStamp : 2025-03-08 20:14:50===> API : /api/auth/checkIP ===> Message : checkIP() invoked!!
info: ===> TimeStamp : 2025-03-08 20:14:50===> API : /api/auth/checkIP ===> Message : IPs match: 103.255.182.117
info: ===> TimeStamp : 2025-03-08 20:14:50===> API : /api/auth/checkIP ===> Message : checkIPResponse() invoked!
info: ===> TimeStamp : 2025-03-08 20:14:50===> API : /api/auth/checkIP ===> Message : checkIPResponse() completed
info: ===> TimeStamp : 2025-03-08 20:14:50===> API : null ===> Message : validateRequest() invoked
info: ===> TimeStamp : 2025-03-08 20:14:50===> API : null ===> Message : fetchDBSettings()
info: ===> TimeStamp : 2025-03-08 20:14:50===> API : null ===> Message : validateRequest() Invoked!
info: ===> TimeStamp : 2025-03-08 20:14:50===> API : null ===> Message : validRequest() :: Api validated Successfully
info: ===> TimeStamp : 2025-03-08 20:14:50===> API : /api/auth/login ===> Message : loginUser() invoked!!
info: ===> TimeStamp : 2025-03-08 20:14:50===> API : /api/auth/login ===> Message : loginUser() :: Request Object :: [object Object]
info: ===> TimeStamp : 2025-03-08 20:14:50===> API : /api/auth/login ===> Message : loginUserDB() Invoked !
info: ===> TimeStamp : 2025-03-08 20:14:50===> API : /api/auth/login ===> Message : loginUserResponse() invoked!
info: ===> TimeStamp : 2025-03-08 20:14:50===> API : /api/auth/login ===> Message : loginUserResponse() completed
info: ===> TimeStamp : 2025-03-08 20:36:26===> API : null ===> Message : fetchDBSettings()
info: ===> TimeStamp : 2025-03-08 20:36:26===> API : null ===> Message : validateRequest() invoked
info: ===> TimeStamp : 2025-03-08 20:36:26===> API : null ===> Message : validateRequest() Invoked!
info: ===> TimeStamp : 2025-03-08 20:36:26===> API : null ===> Message : validRequest() :: Api validated Successfully
info: ===> TimeStamp : 2025-03-08 20:36:26===> API : /api/auth/validateuser ===> Message : validateUser() invoked!!
info: ===> TimeStamp : 2025-03-08 20:36:26===> API : /api/auth/validateuser ===> Message : validateUser() :: Request Object :: [object Object]
info: ===> TimeStamp : 2025-03-08 20:36:26===> API : /api/auth/validateuser ===> Message : validateUserDB() Invoked !
info: ===> TimeStamp : 2025-03-08 20:36:26===> API : /api/auth/validateuser ===> Message : validateUserResponse() invoked!
info: ===> TimeStamp : 2025-03-08 20:36:26===> API : /api/auth/validateuser ===> Message : validateUserResponse() completed
info: ===> TimeStamp : 2025-03-08 20:36:26===> API : null ===> Message : validateRequest() invoked
info: ===> TimeStamp : 2025-03-08 20:36:26===> API : null ===> Message : fetchDBSettings()
info: ===> TimeStamp : 2025-03-08 20:36:26===> API : null ===> Message : validateRequest() Invoked!
info: ===> TimeStamp : 2025-03-08 20:36:26===> API : null ===> Message : validRequest() :: Api validated Successfully
info: ===> TimeStamp : 2025-03-08 20:36:26===> API : /api/auth/login ===> Message : loginUser() invoked!!
info: ===> TimeStamp : 2025-03-08 20:36:26===> API : /api/auth/login ===> Message : loginUser() :: Request Object :: [object Object]
info: ===> TimeStamp : 2025-03-08 20:36:26===> API : /api/auth/login ===> Message : loginUserDB() Invoked !
info: ===> TimeStamp : 2025-03-08 20:36:26===> API : /api/auth/login ===> Message : loginUserResponse() invoked!
info: ===> TimeStamp : 2025-03-08 20:36:26===> API : /api/auth/login ===> Message : loginUserResponse() completed
info: ===> TimeStamp : 2025-03-08 21:07:06===> API : null ===> Message : validateRequest() invoked
info: ===> TimeStamp : 2025-03-08 21:07:06===> API : null ===> Message : fetchDBSettings()
info: ===> TimeStamp : 2025-03-08 21:07:06===> API : null ===> Message : validateRequest() Invoked!
info: ===> TimeStamp : 2025-03-08 21:07:06===> API : null ===> Message : validRequest() :: Api validated Successfully
info: ===> TimeStamp : 2025-03-08 21:07:06===> API : /api/auth/validateuser ===> Message : validateUser() invoked!!
info: ===> TimeStamp : 2025-03-08 21:07:06===> API : /api/auth/validateuser ===> Message : validateUser() :: Request Object :: [object Object]
info: ===> TimeStamp : 2025-03-08 21:07:06===> API : /api/auth/validateuser ===> Message : validateUserDB() Invoked !
info: ===> TimeStamp : 2025-03-08 21:07:06===> API : /api/auth/validateuser ===> Message : validateUserResponse() invoked!
info: ===> TimeStamp : 2025-03-08 21:07:06===> API : /api/auth/validateuser ===> Message : validateUserResponse() completed
info: ===> TimeStamp : 2025-03-08 21:07:06===> API : null ===> Message : validateRequest() invoked
info: ===> TimeStamp : 2025-03-08 21:07:06===> API : null ===> Message : fetchDBSettings()
info: ===> TimeStamp : 2025-03-08 21:07:06===> API : null ===> Message : validateRequest() Invoked!
info: ===> TimeStamp : 2025-03-08 21:07:06===> API : null ===> Message : validRequest() :: Api validated Successfully
info: ===> TimeStamp : 2025-03-08 21:07:06===> API : /api/auth/checkIP ===> Message : checkIP() invoked!!
info: ===> TimeStamp : 2025-03-08 21:07:06===> API : /api/auth/checkIP ===> Message : IPs match: 103.225.102.162
info: ===> TimeStamp : 2025-03-08 21:07:06===> API : /api/auth/checkIP ===> Message : checkIPResponse() invoked!
info: ===> TimeStamp : 2025-03-08 21:07:06===> API : /api/auth/checkIP ===> Message : checkIPResponse() completed
info: ===> TimeStamp : 2025-03-08 21:07:06===> API : null ===> Message : validateRequest() invoked
info: ===> TimeStamp : 2025-03-08 21:07:06===> API : null ===> Message : fetchDBSettings()
info: ===> TimeStamp : 2025-03-08 21:07:06===> API : null ===> Message : validateRequest() Invoked!
info: ===> TimeStamp : 2025-03-08 21:07:06===> API : null ===> Message : validRequest() :: Api validated Successfully
info: ===> TimeStamp : 2025-03-08 21:07:06===> API : /api/auth/login ===> Message : loginUser() invoked!!
info: ===> TimeStamp : 2025-03-08 21:07:06===> API : /api/auth/login ===> Message : loginUser() :: Request Object :: [object Object]
info: ===> TimeStamp : 2025-03-08 21:07:06===> API : /api/auth/login ===> Message : loginUserDB() Invoked !
info: ===> TimeStamp : 2025-03-08 21:07:07===> API : /api/auth/login ===> Message : loginUserResponse() invoked!
info: ===> TimeStamp : 2025-03-08 21:07:07===> API : /api/auth/login ===> Message : loginUserResponse() completed
info: ===> TimeStamp : 2025-03-08 21:38:52===> API : null ===> Message : validateRequest() invoked
info: ===> TimeStamp : 2025-03-08 21:38:52===> API : null ===> Message : fetchDBSettings()
info: ===> TimeStamp : 2025-03-08 21:38:52===> API : null ===> Message : validateRequest() Invoked!
info: ===> TimeStamp : 2025-03-08 21:38:52===> API : null ===> Message : validRequest() :: Api validated Successfully
info: ===> TimeStamp : 2025-03-08 21:38:52===> API : /api/auth/validateuser ===> Message : validateUser() invoked!!
info: ===> TimeStamp : 2025-03-08 21:38:52===> API : /api/auth/validateuser ===> Message : validateUser() :: Request Object :: [object Object]
info: ===> TimeStamp : 2025-03-08 21:38:52===> API : /api/auth/validateuser ===> Message : validateUserDB() Invoked !
info: ===> TimeStamp : 2025-03-08 21:38:52===> API : /api/auth/validateuser ===> Message : validateUserResponse() invoked!
info: ===> TimeStamp : 2025-03-08 21:38:52===> API : /api/auth/validateuser ===> Message : validateUserResponse() completed
info: ===> TimeStamp : 2025-03-08 21:38:52===> API : null ===> Message : validateRequest() invoked
info: ===> TimeStamp : 2025-03-08 21:38:52===> API : null ===> Message : fetchDBSettings()
info: ===> TimeStamp : 2025-03-08 21:38:52===> API : null ===> Message : validateRequest() Invoked!
info: ===> TimeStamp : 2025-03-08 21:38:52===> API : null ===> Message : validRequest() :: Api validated Successfully
info: ===> TimeStamp : 2025-03-08 21:38:52===> API : /api/auth/login ===> Message : loginUser() invoked!!
info: ===> TimeStamp : 2025-03-08 21:38:52===> API : /api/auth/login ===> Message : loginUser() :: Request Object :: [object Object]
info: ===> TimeStamp : 2025-03-08 21:38:52===> API : /api/auth/login ===> Message : loginUserDB() Invoked !
info: ===> TimeStamp : 2025-03-08 21:38:52===> API : /api/auth/login ===> Message : loginUserResponse() invoked!
info: ===> TimeStamp : 2025-03-08 21:38:52===> API : /api/auth/login ===> Message : loginUserResponse() completed
info: ===> TimeStamp : 2025-03-08 21:44:44===> API : null ===> Message : validateRequest() invoked
info: ===> TimeStamp : 2025-03-08 21:44:44===> API : null ===> Message : fetchDBSettings()
info: ===> TimeStamp : 2025-03-08 21:44:44===> API : null ===> Message : validateRequest() Invoked!
info: ===> TimeStamp : 2025-03-08 21:44:44===> API : null ===> Message : validRequest() :: Api validated Successfully
info: ===> TimeStamp : 2025-03-08 21:44:44===> API : /api/auth/logout ===> Message : logoutUser() invoked!!
info: ===> TimeStamp : 2025-03-08 21:44:44===> API : /api/auth/logout ===> Message : logoutUser() :: Request Object :: [object Object]
info: ===> TimeStamp : 2025-03-08 21:44:44===> API : /api/auth/logout ===> Message : logoutUserDB() Invoked !
info: ===> TimeStamp : 2025-03-08 21:44:44===> API : /api/auth/logout ===> Message : logoutUserResponse() invoked!
info: ===> TimeStamp : 2025-03-08 21:44:44===> API : /api/auth/logout ===> Message : logoutUserResponse() completed
info: ===> TimeStamp : 2025-03-08 21:45:00===> API : null ===> Message : validateRequest() invoked
info: ===> TimeStamp : 2025-03-08 21:45:00===> API : null ===> Message : fetchDBSettings()
info: ===> TimeStamp : 2025-03-08 21:45:00===> API : null ===> Message : validateRequest() Invoked!
info: ===> TimeStamp : 2025-03-08 21:45:00===> API : null ===> Message : validRequest() :: Api validated Successfully
info: ===> TimeStamp : 2025-03-08 21:45:00===> API : /api/auth/logout ===> Message : logoutUser() invoked!!
info: ===> TimeStamp : 2025-03-08 21:45:00===> API : /api/auth/logout ===> Message : logoutUser() :: Request Object :: [object Object]
info: ===> TimeStamp : 2025-03-08 21:45:00===> API : /api/auth/logout ===> Message : logoutUserDB() Invoked !
info: ===> TimeStamp : 2025-03-08 21:45:00===> API : /api/auth/logout ===> Message : logoutUserResponse() invoked!
info: ===> TimeStamp : 2025-03-08 21:45:00===> API : /api/auth/logout ===> Message : logoutUserResponse() completed
info: ===> TimeStamp : 2025-03-08 21:45:03===> API : null ===> Message : validateRequest() invoked
info: ===> TimeStamp : 2025-03-08 21:45:03===> API : null ===> Message : fetchDBSettings()
info: ===> TimeStamp : 2025-03-08 21:45:03===> API : null ===> Message : validateRequest() Invoked!
info: ===> TimeStamp : 2025-03-08 21:45:03===> API : null ===> Message : validRequest() :: Api validated Successfully
info: ===> TimeStamp : 2025-03-08 21:45:03===> API : /api/auth/validateuser ===> Message : validateUser() invoked!!
info: ===> TimeStamp : 2025-03-08 21:45:03===> API : /api/auth/validateuser ===> Message : validateUser() :: Request Object :: [object Object]
info: ===> TimeStamp : 2025-03-08 21:45:03===> API : /api/auth/validateuser ===> Message : validateUserDB() Invoked !
info: ===> TimeStamp : 2025-03-08 21:45:03===> API : /api/auth/validateuser ===> Message : validateUserResponse() invoked!
info: ===> TimeStamp : 2025-03-08 21:45:03===> API : /api/auth/validateuser ===> Message : validateUserResponse() completed
info: ===> TimeStamp : 2025-03-08 21:45:03===> API : null ===> Message : validateRequest() invoked
info: ===> TimeStamp : 2025-03-08 21:45:03===> API : null ===> Message : fetchDBSettings()
info: ===> TimeStamp : 2025-03-08 21:45:03===> API : null ===> Message : validateRequest() Invoked!
info: ===> TimeStamp : 2025-03-08 21:45:03===> API : null ===> Message : validRequest() :: Api validated Successfully
info: ===> TimeStamp : 2025-03-08 21:45:03===> API : /api/auth/checkIP ===> Message : checkIP() invoked!!
info: ===> TimeStamp : 2025-03-08 21:45:03===> API : /api/auth/checkIP ===> Message : IPs match: 103.225.102.162
info: ===> TimeStamp : 2025-03-08 21:45:03===> API : /api/auth/checkIP ===> Message : checkIPResponse() invoked!
info: ===> TimeStamp : 2025-03-08 21:45:03===> API : /api/auth/checkIP ===> Message : checkIPResponse() completed
info: ===> TimeStamp : 2025-03-08 21:45:04===> API : null ===> Message : validateRequest() invoked
info: ===> TimeStamp : 2025-03-08 21:45:04===> API : null ===> Message : fetchDBSettings()
info: ===> TimeStamp : 2025-03-08 21:45:04===> API : null ===> Message : validateRequest() Invoked!
info: ===> TimeStamp : 2025-03-08 21:45:04===> API : null ===> Message : validRequest() :: Api validated Successfully
info: ===> TimeStamp : 2025-03-08 21:45:04===> API : /api/auth/login ===> Message : loginUser() invoked!!
info: ===> TimeStamp : 2025-03-08 21:45:04===> API : /api/auth/login ===> Message : loginUser() :: Request Object :: [object Object]
info: ===> TimeStamp : 2025-03-08 21:45:04===> API : /api/auth/login ===> Message : loginUserDB() Invoked !
info: ===> TimeStamp : 2025-03-08 21:45:04===> API : /api/auth/login ===> Message : loginUserResponse() invoked!
info: ===> TimeStamp : 2025-03-08 21:45:04===> API : /api/auth/login ===> Message : loginUserResponse() completed
info: ===> TimeStamp : 2025-03-08 21:45:07===> API : null ===> Message : validateRequest() invoked
info: ===> TimeStamp : 2025-03-08 21:45:07===> API : null ===> Message : fetchDBSettings()
info: ===> TimeStamp : 2025-03-08 21:45:07===> API : null ===> Message : validateRequest() Invoked!
info: ===> TimeStamp : 2025-03-08 21:45:07===> API : null ===> Message : validRequest() :: Api validated Successfully
info: ===> TimeStamp : 2025-03-08 21:45:07===> API : /api/auth/validateuser ===> Message : validateUser() invoked!!
info: ===> TimeStamp : 2025-03-08 21:45:07===> API : /api/auth/validateuser ===> Message : validateUser() :: Request Object :: [object Object]
info: ===> TimeStamp : 2025-03-08 21:45:07===> API : /api/auth/validateuser ===> Message : validateUserDB() Invoked !
info: ===> TimeStamp : 2025-03-08 21:45:07===> API : /api/auth/validateuser ===> Message : validateUserResponse() invoked!
info: ===> TimeStamp : 2025-03-08 21:45:07===> API : /api/auth/validateuser ===> Message : validateUserResponse() completed
info: ===> TimeStamp : 2025-03-08 21:45:07===> API : null ===> Message : validateRequest() invoked
info: ===> TimeStamp : 2025-03-08 21:45:07===> API : null ===> Message : fetchDBSettings()
info: ===> TimeStamp : 2025-03-08 21:45:07===> API : null ===> Message : validateRequest() Invoked!
info: ===> TimeStamp : 2025-03-08 21:45:07===> API : null ===> Message : validRequest() :: Api validated Successfully
info: ===> TimeStamp : 2025-03-08 21:45:07===> API : /api/auth/checkIP ===> Message : checkIP() invoked!!
info: ===> TimeStamp : 2025-03-08 21:45:07===> API : /api/auth/checkIP ===> Message : IPs match: 103.255.182.117
info: ===> TimeStamp : 2025-03-08 21:45:07===> API : /api/auth/checkIP ===> Message : checkIPResponse() invoked!
info: ===> TimeStamp : 2025-03-08 21:45:07===> API : /api/auth/checkIP ===> Message : checkIPResponse() completed
info: ===> TimeStamp : 2025-03-08 21:45:07===> API : null ===> Message : validateRequest() invoked
info: ===> TimeStamp : 2025-03-08 21:45:07===> API : null ===> Message : fetchDBSettings()
info: ===> TimeStamp : 2025-03-08 21:45:07===> API : null ===> Message : validateRequest() Invoked!
info: ===> TimeStamp : 2025-03-08 21:45:07===> API : null ===> Message : validRequest() :: Api validated Successfully
info: ===> TimeStamp : 2025-03-08 21:45:07===> API : /api/auth/login ===> Message : loginUser() invoked!!
info: ===> TimeStamp : 2025-03-08 21:45:07===> API : /api/auth/login ===> Message : loginUser() :: Request Object :: [object Object]
info: ===> TimeStamp : 2025-03-08 21:45:07===> API : /api/auth/login ===> Message : loginUserDB() Invoked !
info: ===> TimeStamp : 2025-03-08 21:45:07===> API : /api/auth/login ===> Message : loginUserResponse() invoked!
info: ===> TimeStamp : 2025-03-08 21:45:07===> API : /api/auth/login ===> Message : loginUserResponse() completed
info: ===> TimeStamp : 2025-03-08 21:45:13===> API : null ===> Message : fetchDBSettings()
info: ===> TimeStamp : 2025-03-08 21:45:13===> API : null ===> Message : validateRequest() invoked
info: ===> TimeStamp : 2025-03-08 21:45:13===> API : null ===> Message : validateRequest() Invoked!
info: ===> TimeStamp : 2025-03-08 21:45:13===> API : null ===> Message : validRequest() :: Api validated Successfully
info: ===> TimeStamp : 2025-03-08 21:45:13===> API : /api/auth/logout ===> Message : logoutUser() invoked!!
info: ===> TimeStamp : 2025-03-08 21:45:13===> API : /api/auth/logout ===> Message : logoutUser() :: Request Object :: [object Object]
info: ===> TimeStamp : 2025-03-08 21:45:13===> API : /api/auth/logout ===> Message : logoutUserDB() Invoked !
info: ===> TimeStamp : 2025-03-08 21:45:13===> API : /api/auth/logout ===> Message : logoutUserResponse() invoked!
info: ===> TimeStamp : 2025-03-08 21:45:13===> API : /api/auth/logout ===> Message : logoutUserResponse() completed
info: ===> TimeStamp : 2025-03-08 21:45:34===> API : null ===> Message : validateRequest() invoked
info: ===> TimeStamp : 2025-03-08 21:45:34===> API : null ===> Message : fetchDBSettings()
info: ===> TimeStamp : 2025-03-08 21:45:34===> API : null ===> Message : validateRequest() Invoked!
info: ===> TimeStamp : 2025-03-08 21:45:34===> API : null ===> Message : validRequest() :: Api validated Successfully
info: ===> TimeStamp : 2025-03-08 21:45:34===> API : /api/auth/validateuser ===> Message : validateUser() invoked!!
info: ===> TimeStamp : 2025-03-08 21:45:34===> API : /api/auth/validateuser ===> Message : validateUser() :: Request Object :: [object Object]
info: ===> TimeStamp : 2025-03-08 21:45:34===> API : /api/auth/validateuser ===> Message : validateUserDB() Invoked !
info: ===> TimeStamp : 2025-03-08 21:45:34===> API : /api/auth/validateuser ===> Message : validateUserResponse() invoked!
info: ===> TimeStamp : 2025-03-08 21:45:34===> API : /api/auth/validateuser ===> Message : validateUserResponse() completed
info: ===> TimeStamp : 2025-03-08 21:45:34===> API : null ===> Message : validateRequest() invoked
info: ===> TimeStamp : 2025-03-08 21:45:34===> API : null ===> Message : fetchDBSettings()
info: ===> TimeStamp : 2025-03-08 21:45:34===> API : null ===> Message : validateRequest() Invoked!
info: ===> TimeStamp : 2025-03-08 21:45:34===> API : null ===> Message : validRequest() :: Api validated Successfully
info: ===> TimeStamp : 2025-03-08 21:45:34===> API : /api/auth/checkIP ===> Message : checkIP() invoked!!
info: ===> TimeStamp : 2025-03-08 21:45:34===> API : /api/auth/checkIP ===> Message : IPs match: 103.255.182.117
info: ===> TimeStamp : 2025-03-08 21:45:34===> API : /api/auth/checkIP ===> Message : checkIPResponse() invoked!
info: ===> TimeStamp : 2025-03-08 21:45:34===> API : /api/auth/checkIP ===> Message : checkIPResponse() completed
info: ===> TimeStamp : 2025-03-08 21:45:35===> API : null ===> Message : validateRequest() invoked
info: ===> TimeStamp : 2025-03-08 21:45:35===> API : null ===> Message : fetchDBSettings()
info: ===> TimeStamp : 2025-03-08 21:45:35===> API : null ===> Message : validateRequest() Invoked!
info: ===> TimeStamp : 2025-03-08 21:45:35===> API : null ===> Message : validRequest() :: Api validated Successfully
info: ===> TimeStamp : 2025-03-08 21:45:35===> API : /api/auth/login ===> Message : loginUser() invoked!!
info: ===> TimeStamp : 2025-03-08 21:45:35===> API : /api/auth/login ===> Message : loginUser() :: Request Object :: [object Object]
info: ===> TimeStamp : 2025-03-08 21:45:35===> API : /api/auth/login ===> Message : loginUserDB() Invoked !
info: ===> TimeStamp : 2025-03-08 21:45:35===> API : /api/auth/login ===> Message : loginUserResponse() invoked!
info: ===> TimeStamp : 2025-03-08 21:45:35===> API : /api/auth/login ===> Message : loginUserResponse() completed
info: ===> TimeStamp : 2025-03-08 21:49:52===> API : null ===> Message : validateRequest() invoked
info: ===> TimeStamp : 2025-03-08 21:49:52===> API : null ===> Message : fetchDBSettings()
info: ===> TimeStamp : 2025-03-08 21:49:52===> API : null ===> Message : validateRequest() Invoked!
info: ===> TimeStamp : 2025-03-08 21:49:53===> API : /api/auth/validateuser ===> Message : validateUser() invoked!!
info: ===> TimeStamp : 2025-03-08 21:49:53===> API : /api/auth/validateuser ===> Message : validateUser() :: Request Object :: [object Object]
info: ===> TimeStamp : 2025-03-08 21:49:53===> API : null ===> Message : validRequest() :: Api validated Successfully
info: ===> TimeStamp : 2025-03-08 21:49:53===> API : /api/auth/validateuser ===> Message : validateUserDB() Invoked !
info: ===> TimeStamp : 2025-03-08 21:49:53===> API : /api/auth/validateuser ===> Message : validateUserResponse() invoked!
info: ===> TimeStamp : 2025-03-08 21:49:53===> API : /api/auth/validateuser ===> Message : validateUserResponse() completed
info: ===> TimeStamp : 2025-03-08 21:49:53===> API : null ===> Message : validateRequest() invoked
info: ===> TimeStamp : 2025-03-08 21:49:53===> API : null ===> Message : fetchDBSettings()
info: ===> TimeStamp : 2025-03-08 21:49:53===> API : null ===> Message : validateRequest() Invoked!
info: ===> TimeStamp : 2025-03-08 21:49:53===> API : null ===> Message : validRequest() :: Api validated Successfully
info: ===> TimeStamp : 2025-03-08 21:49:53===> API : /api/auth/login ===> Message : loginUser() invoked!!
info: ===> TimeStamp : 2025-03-08 21:49:53===> API : /api/auth/login ===> Message : loginUser() :: Request Object :: [object Object]
info: ===> TimeStamp : 2025-03-08 21:49:53===> API : /api/auth/login ===> Message : loginUserDB() Invoked !
info: ===> TimeStamp : 2025-03-08 21:49:53===> API : /api/auth/login ===> Message : loginUserResponse() invoked!
info: ===> TimeStamp : 2025-03-08 21:49:53===> API : /api/auth/login ===> Message : loginUserResponse() completed
info: ===> TimeStamp : 2025-03-08 21:55:34===> API : null ===> Message : validateRequest() invoked
info: ===> TimeStamp : 2025-03-08 21:55:34===> API : null ===> Message : fetchDBSettings()
info: ===> TimeStamp : 2025-03-08 21:55:34===> API : null ===> Message : validateRequest() Invoked!
info: ===> TimeStamp : 2025-03-08 21:55:35===> API : null ===> Message : validateRequest() :: Error :: Helper {"code":"ER_SIGNAL_EXCEPTION","errno":1644,"sqlState":"10003","sqlMessage":"Invalid User Credentials","sql":"CALL usp_validate_request(\n              '/api/auth/logout',\n              'eyJhbGciOiJIUzI1NiIsInR5cCI6IkpXVCJ9.eyJ0aW1lIjoiU2F0IE1hciAwOCAyMDI1IDE1OjM3OjA2IEdNVCswMDAwIChDb29yZGluYXRlZCBVbml2ZXJzYWwgVGltZSkiLCJ1c2VySWQiOjE5LCJpYXQiOjE3NDE0NDgyMjZ9.xziKIheaLYs2vNpPe1BwByauDcoiS33NfVbg2GyqeHc')"}
info: ===> TimeStamp : 2025-03-08 21:55:35===> API : null ===> Message : validateRequest() :: Error :: PP {"ErrorCode":10003,"ErrorMessage":"Invalid User Credentials"}
info: ===> TimeStamp : 2025-03-08 21:56:24===> API : null ===> Message : validateRequest() invoked
info: ===> TimeStamp : 2025-03-08 21:56:24===> API : null ===> Message : fetchDBSettings()
info: ===> TimeStamp : 2025-03-08 21:56:24===> API : null ===> Message : validateRequest() Invoked!
info: ===> TimeStamp : 2025-03-08 21:56:24===> API : null ===> Message : validRequest() :: Api validated Successfully
info: ===> TimeStamp : 2025-03-08 21:56:24===> API : /api/auth/validateuser ===> Message : validateUser() :: Request Object :: [object Object]
info: ===> TimeStamp : 2025-03-08 21:56:24===> API : /api/auth/validateuser ===> Message : validateUserDB() Invoked !
info: ===> TimeStamp : 2025-03-08 21:56:24===> API : /api/auth/validateuser ===> Message : validateUser() invoked!!
info: ===> TimeStamp : 2025-03-08 21:56:24===> API : /api/auth/validateuser ===> Message : validateUserResponse() invoked!
info: ===> TimeStamp : 2025-03-08 21:56:24===> API : /api/auth/validateuser ===> Message : validateUserResponse() completed
info: ===> TimeStamp : 2025-03-08 21:56:24===> API : null ===> Message : validateRequest() invoked
info: ===> TimeStamp : 2025-03-08 21:56:24===> API : null ===> Message : fetchDBSettings()
info: ===> TimeStamp : 2025-03-08 21:56:24===> API : null ===> Message : validateRequest() Invoked!
info: ===> TimeStamp : 2025-03-08 21:56:24===> API : null ===> Message : validRequest() :: Api validated Successfully
info: ===> TimeStamp : 2025-03-08 21:56:24===> API : /api/auth/checkIP ===> Message : checkIP() invoked!!
info: ===> TimeStamp : 2025-03-08 21:56:24===> API : /api/auth/checkIP ===> Message : IPs match: 103.225.102.162
info: ===> TimeStamp : 2025-03-08 21:56:24===> API : /api/auth/checkIP ===> Message : checkIPResponse() invoked!
info: ===> TimeStamp : 2025-03-08 21:56:24===> API : /api/auth/checkIP ===> Message : checkIPResponse() completed
info: ===> TimeStamp : 2025-03-08 21:56:24===> API : null ===> Message : validateRequest() invoked
info: ===> TimeStamp : 2025-03-08 21:56:24===> API : null ===> Message : fetchDBSettings()
info: ===> TimeStamp : 2025-03-08 21:56:24===> API : null ===> Message : validateRequest() Invoked!
info: ===> TimeStamp : 2025-03-08 21:56:24===> API : null ===> Message : validRequest() :: Api validated Successfully
info: ===> TimeStamp : 2025-03-08 21:56:24===> API : /api/auth/login ===> Message : loginUser() invoked!!
info: ===> TimeStamp : 2025-03-08 21:56:24===> API : /api/auth/login ===> Message : loginUser() :: Request Object :: [object Object]
info: ===> TimeStamp : 2025-03-08 21:56:24===> API : /api/auth/login ===> Message : loginUserDB() Invoked !
info: ===> TimeStamp : 2025-03-08 21:56:24===> API : /api/auth/login ===> Message : loginUserResponse() invoked!
info: ===> TimeStamp : 2025-03-08 21:56:24===> API : /api/auth/login ===> Message : loginUserResponse() completed
info: ===> TimeStamp : 2025-03-08 22:05:12===> API : null ===> Message : validateRequest() invoked
info: ===> TimeStamp : 2025-03-08 22:05:12===> API : null ===> Message : fetchDBSettings()
info: ===> TimeStamp : 2025-03-08 22:05:12===> API : null ===> Message : validateRequest() Invoked!
info: ===> TimeStamp : 2025-03-08 22:05:12===> API : null ===> Message : validRequest() :: Api validated Successfully
info: ===> TimeStamp : 2025-03-08 22:05:12===> API : /api/auth/validateuser ===> Message : validateUser() invoked!!
info: ===> TimeStamp : 2025-03-08 22:05:12===> API : /api/auth/validateuser ===> Message : validateUser() :: Request Object :: [object Object]
info: ===> TimeStamp : 2025-03-08 22:05:12===> API : /api/auth/validateuser ===> Message : validateUserDB() Invoked !
info: ===> TimeStamp : 2025-03-08 22:05:12===> API : /api/auth/validateuser ===> Message : validateUserResponse() invoked!
info: ===> TimeStamp : 2025-03-08 22:05:12===> API : /api/auth/validateuser ===> Message : validateUserResponse() completed
info: ===> TimeStamp : 2025-03-08 22:05:12===> API : null ===> Message : validateRequest() invoked
info: ===> TimeStamp : 2025-03-08 22:05:12===> API : null ===> Message : fetchDBSettings()
info: ===> TimeStamp : 2025-03-08 22:05:13===> API : null ===> Message : validateRequest() Invoked!
info: ===> TimeStamp : 2025-03-08 22:05:13===> API : null ===> Message : validRequest() :: Api validated Successfully
info: ===> TimeStamp : 2025-03-08 22:05:13===> API : /api/auth/login ===> Message : loginUser() invoked!!
info: ===> TimeStamp : 2025-03-08 22:05:13===> API : /api/auth/login ===> Message : loginUser() :: Request Object :: [object Object]
info: ===> TimeStamp : 2025-03-08 22:05:13===> API : /api/auth/login ===> Message : loginUserDB() Invoked !
info: ===> TimeStamp : 2025-03-08 22:05:13===> API : /api/auth/login ===> Message : loginUserResponse() invoked!
info: ===> TimeStamp : 2025-03-08 22:05:13===> API : /api/auth/login ===> Message : loginUserResponse() completed
info: ===> TimeStamp : 2025-03-08 22:08:47===> API : null ===> Message : validateRequest() invoked
info: ===> TimeStamp : 2025-03-08 22:08:47===> API : null ===> Message : fetchDBSettings()
info: ===> TimeStamp : 2025-03-08 22:08:47===> API : null ===> Message : validateRequest() Invoked!
info: ===> TimeStamp : 2025-03-08 22:08:47===> API : null ===> Message : validRequest() :: Api validated Successfully
info: ===> TimeStamp : 2025-03-08 22:08:47===> API : /api/auth/validateuser ===> Message : validateUser() invoked!!
info: ===> TimeStamp : 2025-03-08 22:08:47===> API : /api/auth/validateuser ===> Message : validateUser() :: Request Object :: [object Object]
info: ===> TimeStamp : 2025-03-08 22:08:47===> API : /api/auth/validateuser ===> Message : validateUserDB() Invoked !
info: ===> TimeStamp : 2025-03-08 22:08:48===> API : /api/auth/validateuser ===> Message : validateUserResponse() invoked!
info: ===> TimeStamp : 2025-03-08 22:08:48===> API : /api/auth/validateuser ===> Message : validateUserResponse() completed
info: ===> TimeStamp : 2025-03-08 22:08:48===> API : null ===> Message : validateRequest() invoked
info: ===> TimeStamp : 2025-03-08 22:08:48===> API : null ===> Message : fetchDBSettings()
info: ===> TimeStamp : 2025-03-08 22:08:48===> API : null ===> Message : validateRequest() Invoked!
info: ===> TimeStamp : 2025-03-08 22:08:48===> API : null ===> Message : validRequest() :: Api validated Successfully
info: ===> TimeStamp : 2025-03-08 22:08:48===> API : /api/auth/login ===> Message : loginUser() invoked!!
info: ===> TimeStamp : 2025-03-08 22:08:48===> API : /api/auth/login ===> Message : loginUser() :: Request Object :: [object Object]
info: ===> TimeStamp : 2025-03-08 22:08:48===> API : /api/auth/login ===> Message : loginUserDB() Invoked !
info: ===> TimeStamp : 2025-03-08 22:08:48===> API : /api/auth/login ===> Message : loginUserResponse() invoked!
info: ===> TimeStamp : 2025-03-08 22:08:48===> API : /api/auth/login ===> Message : loginUserResponse() completed
info: ===> TimeStamp : 2025-03-08 22:39:48===> API : null ===> Message : validateRequest() invoked
info: ===> TimeStamp : 2025-03-08 22:39:48===> API : null ===> Message : fetchDBSettings()
info: ===> TimeStamp : 2025-03-08 22:39:48===> API : null ===> Message : validateRequest() Invoked!
info: ===> TimeStamp : 2025-03-08 22:39:49===> API : null ===> Message : validRequest() :: Api validated Successfully
info: ===> TimeStamp : 2025-03-08 22:39:49===> API : /api/auth/validateuser ===> Message : validateUser() invoked!!
info: ===> TimeStamp : 2025-03-08 22:39:49===> API : /api/auth/validateuser ===> Message : validateUser() :: Request Object :: [object Object]
info: ===> TimeStamp : 2025-03-08 22:39:49===> API : /api/auth/validateuser ===> Message : validateUserDB() Invoked !
info: ===> TimeStamp : 2025-03-08 22:39:50===> API : /api/auth/validateuser ===> Message : validateUserResponse() invoked!
info: ===> TimeStamp : 2025-03-08 22:39:50===> API : /api/auth/validateuser ===> Message : validateUserResponse() completed
info: ===> TimeStamp : 2025-03-08 22:39:50===> API : null ===> Message : validateRequest() invoked
info: ===> TimeStamp : 2025-03-08 22:39:50===> API : null ===> Message : fetchDBSettings()
info: ===> TimeStamp : 2025-03-08 22:39:50===> API : null ===> Message : validateRequest() Invoked!
info: ===> TimeStamp : 2025-03-08 22:39:50===> API : null ===> Message : validRequest() :: Api validated Successfully
info: ===> TimeStamp : 2025-03-08 22:39:50===> API : /api/auth/login ===> Message : loginUser() invoked!!
info: ===> TimeStamp : 2025-03-08 22:39:50===> API : /api/auth/login ===> Message : loginUser() :: Request Object :: [object Object]
info: ===> TimeStamp : 2025-03-08 22:39:50===> API : /api/auth/login ===> Message : loginUserDB() Invoked !
info: ===> TimeStamp : 2025-03-08 22:39:50===> API : /api/auth/login ===> Message : loginUserResponse() invoked!
info: ===> TimeStamp : 2025-03-08 22:39:50===> API : /api/auth/login ===> Message : loginUserResponse() completed
info: ===> TimeStamp : 2025-03-08 23:05:41===> API : null ===> Message : validateRequest() invoked
info: ===> TimeStamp : 2025-03-08 23:05:41===> API : null ===> Message : fetchDBSettings()
info: ===> TimeStamp : 2025-03-08 23:05:41===> API : null ===> Message : validateRequest() Invoked!
info: ===> TimeStamp : 2025-03-08 23:05:41===> API : null ===> Message : validRequest() :: Api validated Successfully
info: ===> TimeStamp : 2025-03-08 23:05:41===> API : /api/auth/validateuser ===> Message : validateUser() :: Request Object :: [object Object]
info: ===> TimeStamp : 2025-03-08 23:05:41===> API : /api/auth/validateuser ===> Message : validateUser() invoked!!
info: ===> TimeStamp : 2025-03-08 23:05:41===> API : /api/auth/validateuser ===> Message : validateUserDB() Invoked !
info: ===> TimeStamp : 2025-03-08 23:05:41===> API : /api/auth/validateuser ===> Message : validateUserResponse() invoked!
info: ===> TimeStamp : 2025-03-08 23:05:41===> API : /api/auth/validateuser ===> Message : validateUserResponse() completed
info: ===> TimeStamp : 2025-03-08 23:05:41===> API : null ===> Message : validateRequest() invoked
info: ===> TimeStamp : 2025-03-08 23:05:41===> API : null ===> Message : fetchDBSettings()
info: ===> TimeStamp : 2025-03-08 23:05:41===> API : null ===> Message : validateRequest() Invoked!
info: ===> TimeStamp : 2025-03-08 23:05:41===> API : null ===> Message : validRequest() :: Api validated Successfully
info: ===> TimeStamp : 2025-03-08 23:05:41===> API : /api/auth/login ===> Message : loginUser() :: Request Object :: [object Object]
info: ===> TimeStamp : 2025-03-08 23:05:41===> API : /api/auth/login ===> Message : loginUser() invoked!!
info: ===> TimeStamp : 2025-03-08 23:05:41===> API : /api/auth/login ===> Message : loginUserDB() Invoked !
info: ===> TimeStamp : 2025-03-08 23:05:41===> API : /api/auth/login ===> Message : loginUserResponse() invoked!
info: ===> TimeStamp : 2025-03-08 23:05:41===> API : /api/auth/login ===> Message : loginUserResponse() completed
info: ===> TimeStamp : 2025-03-09 00:44:52===> API : null ===> Message : validateRequest() invoked
info: ===> TimeStamp : 2025-03-09 00:44:52===> API : null ===> Message : validateRequest() Error:: Invalid Request :: 
      {"apiUri":"/"}
info: ===> TimeStamp : 2025-03-09 00:44:56===> API : null ===> Message : validateRequest() invoked
info: ===> TimeStamp : 2025-03-09 00:44:56===> API : null ===> Message : validateRequest() Error:: Invalid Request :: 
      {"apiUri":"/favicon.ico"}
info: ===> TimeStamp : 2025-03-09 00:45:31===> API : null ===> Message : validateRequest() invoked
info: ===> TimeStamp : 2025-03-09 00:45:31===> API : null ===> Message : validateRequest() Error:: Invalid Request :: 
      {"apiUri":"/favicon.ico"}
info: ===> TimeStamp : 2025-03-09 00:55:40===> API : null ===> Message : validateRequest() invoked
info: ===> TimeStamp : 2025-03-09 00:55:40===> API : null ===> Message : fetchDBSettings()
info: ===> TimeStamp : 2025-03-09 00:55:40===> API : null ===> Message : validateRequest() Invoked!
info: ===> TimeStamp : 2025-03-09 00:55:40===> API : null ===> Message : validRequest() :: Api validated Successfully
info: ===> TimeStamp : 2025-03-09 00:55:40===> API : /api/auth/validateuser ===> Message : validateUser() invoked!!
info: ===> TimeStamp : 2025-03-09 00:55:40===> API : /api/auth/validateuser ===> Message : validateUser() :: Request Object :: [object Object]
info: ===> TimeStamp : 2025-03-09 00:55:40===> API : /api/auth/validateuser ===> Message : validateUserDB() Invoked !
info: ===> TimeStamp : 2025-03-09 00:55:40===> API : /api/auth/validateuser ===> Message : validateUserResponse() invoked!
info: ===> TimeStamp : 2025-03-09 00:55:40===> API : /api/auth/validateuser ===> Message : validateUserResponse() completed
info: ===> TimeStamp : 2025-03-09 00:55:40===> API : null ===> Message : validateRequest() invoked
info: ===> TimeStamp : 2025-03-09 00:55:40===> API : null ===> Message : fetchDBSettings()
info: ===> TimeStamp : 2025-03-09 00:55:40===> API : null ===> Message : validateRequest() Invoked!
info: ===> TimeStamp : 2025-03-09 00:55:40===> API : null ===> Message : validRequest() :: Api validated Successfully
info: ===> TimeStamp : 2025-03-09 00:55:40===> API : /api/auth/checkIP ===> Message : checkIP() invoked!!
info: ===> TimeStamp : 2025-03-09 00:55:40===> API : /api/auth/checkIP ===> Message : IPs match: 103.225.102.162
info: ===> TimeStamp : 2025-03-09 00:55:40===> API : /api/auth/checkIP ===> Message : checkIPResponse() invoked!
info: ===> TimeStamp : 2025-03-09 00:55:40===> API : /api/auth/checkIP ===> Message : checkIPResponse() completed
info: ===> TimeStamp : 2025-03-09 00:55:40===> API : null ===> Message : validateRequest() invoked
info: ===> TimeStamp : 2025-03-09 00:55:40===> API : null ===> Message : fetchDBSettings()
info: ===> TimeStamp : 2025-03-09 00:55:40===> API : null ===> Message : validateRequest() Invoked!
info: ===> TimeStamp : 2025-03-09 00:55:40===> API : null ===> Message : validRequest() :: Api validated Successfully
info: ===> TimeStamp : 2025-03-09 00:55:40===> API : /api/auth/login ===> Message : loginUser() invoked!!
info: ===> TimeStamp : 2025-03-09 00:55:40===> API : /api/auth/login ===> Message : loginUser() :: Request Object :: [object Object]
info: ===> TimeStamp : 2025-03-09 00:55:40===> API : /api/auth/login ===> Message : loginUserDB() Invoked !
info: ===> TimeStamp : 2025-03-09 00:55:40===> API : /api/auth/login ===> Message : loginUserResponse() invoked!
info: ===> TimeStamp : 2025-03-09 00:55:40===> API : /api/auth/login ===> Message : loginUserResponse() completed
info: ===> TimeStamp : 2025-03-09 00:57:03===> API : null ===> Message : validateRequest() invoked
info: ===> TimeStamp : 2025-03-09 00:57:03===> API : null ===> Message : fetchDBSettings()
info: ===> TimeStamp : 2025-03-09 00:57:03===> API : null ===> Message : validateRequest() Invoked!
info: ===> TimeStamp : 2025-03-09 00:57:03===> API : null ===> Message : validRequest() :: Api validated Successfully
info: ===> TimeStamp : 2025-03-09 00:57:03===> API : /api/auth/validateuser ===> Message : validateUser() invoked!!
info: ===> TimeStamp : 2025-03-09 00:57:03===> API : /api/auth/validateuser ===> Message : validateUser() :: Request Object :: [object Object]
info: ===> TimeStamp : 2025-03-09 00:57:03===> API : /api/auth/validateuser ===> Message : validateUserDB() Invoked !
info: ===> TimeStamp : 2025-03-09 00:57:03===> API : /api/auth/validateuser ===> Message : validateUserResponse() invoked!
info: ===> TimeStamp : 2025-03-09 00:57:03===> API : /api/auth/validateuser ===> Message : validateUserResponse() completed
info: ===> TimeStamp : 2025-03-09 00:57:03===> API : null ===> Message : validateRequest() invoked
info: ===> TimeStamp : 2025-03-09 00:57:03===> API : null ===> Message : fetchDBSettings()
info: ===> TimeStamp : 2025-03-09 00:57:03===> API : null ===> Message : validateRequest() Invoked!
info: ===> TimeStamp : 2025-03-09 00:57:03===> API : null ===> Message : validRequest() :: Api validated Successfully
info: ===> TimeStamp : 2025-03-09 00:57:03===> API : /api/auth/checkIP ===> Message : checkIP() invoked!!
info: ===> TimeStamp : 2025-03-09 00:57:03===> API : /api/auth/checkIP ===> Message : IPs match: 103.225.102.162
info: ===> TimeStamp : 2025-03-09 00:57:03===> API : /api/auth/checkIP ===> Message : checkIPResponse() invoked!
info: ===> TimeStamp : 2025-03-09 00:57:03===> API : /api/auth/checkIP ===> Message : checkIPResponse() completed
info: ===> TimeStamp : 2025-03-09 00:57:03===> API : null ===> Message : validateRequest() invoked
info: ===> TimeStamp : 2025-03-09 00:57:03===> API : null ===> Message : fetchDBSettings()
info: ===> TimeStamp : 2025-03-09 00:57:03===> API : null ===> Message : validateRequest() Invoked!
info: ===> TimeStamp : 2025-03-09 00:57:03===> API : null ===> Message : validRequest() :: Api validated Successfully
info: ===> TimeStamp : 2025-03-09 00:57:03===> API : /api/auth/login ===> Message : loginUser() invoked!!
info: ===> TimeStamp : 2025-03-09 00:57:03===> API : /api/auth/login ===> Message : loginUser() :: Request Object :: [object Object]
info: ===> TimeStamp : 2025-03-09 00:57:03===> API : /api/auth/login ===> Message : loginUserDB() Invoked !
info: ===> TimeStamp : 2025-03-09 00:57:03===> API : /api/auth/login ===> Message : loginUserResponse() invoked!
info: ===> TimeStamp : 2025-03-09 00:57:03===> API : /api/auth/login ===> Message : loginUserResponse() completed
info: ===> TimeStamp : 2025-03-09 02:36:51===> API : null ===> Message : validateRequest() invoked
info: ===> TimeStamp : 2025-03-09 02:36:51===> API : null ===> Message : fetchDBSettings()
info: ===> TimeStamp : 2025-03-09 02:36:51===> API : null ===> Message : validateRequest() Invoked!
info: ===> TimeStamp : 2025-03-09 02:36:51===> API : null ===> Message : validRequest() :: Api validated Successfully
info: ===> TimeStamp : 2025-03-09 02:36:51===> API : /api/auth/logout ===> Message : logoutUser() invoked!!
info: ===> TimeStamp : 2025-03-09 02:36:51===> API : /api/auth/logout ===> Message : logoutUser() :: Request Object :: [object Object]
info: ===> TimeStamp : 2025-03-09 02:36:51===> API : /api/auth/logout ===> Message : logoutUserDB() Invoked !
info: ===> TimeStamp : 2025-03-09 02:36:52===> API : /api/auth/logout ===> Message : logoutUserResponse() invoked!
info: ===> TimeStamp : 2025-03-09 02:36:52===> API : /api/auth/logout ===> Message : logoutUserResponse() completed
info: ===> TimeStamp : 2025-03-09 03:07:17===> API : null ===> Message : validateRequest() invoked
info: ===> TimeStamp : 2025-03-09 03:07:17===> API : null ===> Message : fetchDBSettings()
info: ===> TimeStamp : 2025-03-09 03:07:17===> API : null ===> Message : validateRequest() Invoked!
info: ===> TimeStamp : 2025-03-09 03:07:17===> API : null ===> Message : validRequest() :: Api validated Successfully
info: ===> TimeStamp : 2025-03-09 03:07:17===> API : /api/auth/validateuser ===> Message : validateUser() invoked!!
info: ===> TimeStamp : 2025-03-09 03:07:17===> API : /api/auth/validateuser ===> Message : validateUser() :: Request Object :: [object Object]
info: ===> TimeStamp : 2025-03-09 03:07:17===> API : /api/auth/validateuser ===> Message : validateUserDB() Invoked !
info: ===> TimeStamp : 2025-03-09 03:07:17===> API : /api/auth/validateuser ===> Message : validateUserResponse() invoked!
info: ===> TimeStamp : 2025-03-09 03:07:17===> API : /api/auth/validateuser ===> Message : validateUserResponse() completed
info: ===> TimeStamp : 2025-03-09 03:07:17===> API : null ===> Message : validateRequest() invoked
info: ===> TimeStamp : 2025-03-09 03:07:17===> API : null ===> Message : fetchDBSettings()
info: ===> TimeStamp : 2025-03-09 03:07:17===> API : null ===> Message : validateRequest() Invoked!
info: ===> TimeStamp : 2025-03-09 03:07:17===> API : null ===> Message : validRequest() :: Api validated Successfully
info: ===> TimeStamp : 2025-03-09 03:07:17===> API : /api/auth/checkIP ===> Message : checkIP() invoked!!
info: ===> TimeStamp : 2025-03-09 03:07:17===> API : /api/auth/checkIP ===> Message : IPs match: 103.225.102.162
info: ===> TimeStamp : 2025-03-09 03:07:17===> API : /api/auth/checkIP ===> Message : checkIPResponse() invoked!
info: ===> TimeStamp : 2025-03-09 03:07:17===> API : /api/auth/checkIP ===> Message : checkIPResponse() completed
info: ===> TimeStamp : 2025-03-09 03:07:17===> API : null ===> Message : validateRequest() invoked
info: ===> TimeStamp : 2025-03-09 03:07:17===> API : null ===> Message : fetchDBSettings()
info: ===> TimeStamp : 2025-03-09 03:07:17===> API : null ===> Message : validateRequest() Invoked!
info: ===> TimeStamp : 2025-03-09 03:07:17===> API : null ===> Message : validRequest() :: Api validated Successfully
info: ===> TimeStamp : 2025-03-09 03:07:17===> API : /api/auth/login ===> Message : loginUser() invoked!!
info: ===> TimeStamp : 2025-03-09 03:07:17===> API : /api/auth/login ===> Message : loginUser() :: Request Object :: [object Object]
info: ===> TimeStamp : 2025-03-09 03:07:17===> API : /api/auth/login ===> Message : loginUserDB() Invoked !
info: ===> TimeStamp : 2025-03-09 03:07:17===> API : /api/auth/login ===> Message : loginUserResponse() invoked!
info: ===> TimeStamp : 2025-03-09 03:07:17===> API : /api/auth/login ===> Message : loginUserResponse() completed
info: ===> TimeStamp : 2025-03-09 04:31:04===> API : null ===> Message : validateRequest() invoked
info: ===> TimeStamp : 2025-03-09 04:31:04===> API : null ===> Message : fetchDBSettings()
info: ===> TimeStamp : 2025-03-09 04:31:04===> API : null ===> Message : validateRequest() Invoked!
info: ===> TimeStamp : 2025-03-09 04:31:04===> API : null ===> Message : validRequest() :: Api validated Successfully
info: ===> TimeStamp : 2025-03-09 04:31:04===> API : /api/auth/validateuser ===> Message : validateUser() :: Request Object :: [object Object]
info: ===> TimeStamp : 2025-03-09 04:31:04===> API : /api/auth/validateuser ===> Message : validateUser() invoked!!
info: ===> TimeStamp : 2025-03-09 04:31:04===> API : /api/auth/validateuser ===> Message : validateUserDB() Invoked !
info: ===> TimeStamp : 2025-03-09 04:31:04===> API : /api/auth/validateuser ===> Message : validateUserResponse() invoked!
info: ===> TimeStamp : 2025-03-09 04:31:04===> API : /api/auth/validateuser ===> Message : validateUserResponse() completed
info: ===> TimeStamp : 2025-03-09 04:31:04===> API : null ===> Message : validateRequest() invoked
info: ===> TimeStamp : 2025-03-09 04:31:04===> API : null ===> Message : fetchDBSettings()
info: ===> TimeStamp : 2025-03-09 04:31:04===> API : null ===> Message : validateRequest() Invoked!
info: ===> TimeStamp : 2025-03-09 04:31:04===> API : null ===> Message : validRequest() :: Api validated Successfully
info: ===> TimeStamp : 2025-03-09 04:31:05===> API : /api/auth/checkIP ===> Message : checkIP() invoked!!
info: ===> TimeStamp : 2025-03-09 04:31:05===> API : /api/auth/checkIP ===> Message : IPs match: 103.255.182.117
info: ===> TimeStamp : 2025-03-09 04:31:05===> API : /api/auth/checkIP ===> Message : checkIPResponse() invoked!
info: ===> TimeStamp : 2025-03-09 04:31:05===> API : /api/auth/checkIP ===> Message : checkIPResponse() completed
info: ===> TimeStamp : 2025-03-09 04:31:05===> API : null ===> Message : validateRequest() invoked
info: ===> TimeStamp : 2025-03-09 04:31:05===> API : null ===> Message : fetchDBSettings()
info: ===> TimeStamp : 2025-03-09 04:31:05===> API : null ===> Message : validateRequest() Invoked!
info: ===> TimeStamp : 2025-03-09 04:31:05===> API : null ===> Message : validRequest() :: Api validated Successfully
info: ===> TimeStamp : 2025-03-09 04:31:05===> API : /api/auth/login ===> Message : loginUser() invoked!!
info: ===> TimeStamp : 2025-03-09 04:31:05===> API : /api/auth/login ===> Message : loginUser() :: Request Object :: [object Object]
info: ===> TimeStamp : 2025-03-09 04:31:05===> API : /api/auth/login ===> Message : loginUserDB() Invoked !
info: ===> TimeStamp : 2025-03-09 04:31:05===> API : /api/auth/login ===> Message : loginUserResponse() invoked!
info: ===> TimeStamp : 2025-03-09 04:31:05===> API : /api/auth/login ===> Message : loginUserResponse() completed
