info: ===> TimeStamp : 2025-01-15 06:00:45===> API : null ===> Message : validateRequest() invoked
info: ===> TimeStamp : 2025-01-15 06:00:45===> API : null ===> Message : fetchDBSettings()
info: ===> TimeStamp : 2025-01-15 06:00:45===> API : null ===> Message : validateRequest() Invoked!
info: ===> TimeStamp : 2025-01-15 06:00:45===> API : null ===> Message : validRequest() :: Api validated Successfully
info: ===> TimeStamp : 2025-01-15 06:00:45===> API : /api/auth/validateuser ===> Message : validateUser() invoked!!
info: ===> TimeStamp : 2025-01-15 06:00:45===> API : /api/auth/validateuser ===> Message : validateUser() :: Request Object :: [object Object]
info: ===> TimeStamp : 2025-01-15 06:00:45===> API : /api/auth/validateuser ===> Message : validateUserDB() Invoked !
info: ===> TimeStamp : 2025-01-15 06:00:45===> API : /api/auth/validateuser ===> Message : validateUserResponse() invoked!
info: ===> TimeStamp : 2025-01-15 06:00:45===> API : /api/auth/validateuser ===> Message : validateUserResponse() completed
info: ===> TimeStamp : 2025-01-15 06:00:45===> API : null ===> Message : validateRequest() invoked
info: ===> TimeStamp : 2025-01-15 06:00:45===> API : null ===> Message : fetchDBSettings()
info: ===> TimeStamp : 2025-01-15 06:00:45===> API : null ===> Message : validateRequest() Invoked!
info: ===> TimeStamp : 2025-01-15 06:00:45===> API : null ===> Message : validRequest() :: Api validated Successfully
info: ===> TimeStamp : 2025-01-15 06:00:45===> API : /api/auth/checkIP ===> Message : checkIP() invoked!!
info: ===> TimeStamp : 2025-01-15 06:00:45===> API : /api/auth/checkIP ===> Message : IPs match: 103.255.182.117
info: ===> TimeStamp : 2025-01-15 06:00:45===> API : /api/auth/checkIP ===> Message : checkIPResponse() invoked!
info: ===> TimeStamp : 2025-01-15 06:00:45===> API : /api/auth/checkIP ===> Message : checkIPResponse() completed
info: ===> TimeStamp : 2025-01-15 06:00:45===> API : null ===> Message : validateRequest() invoked
info: ===> TimeStamp : 2025-01-15 06:00:45===> API : null ===> Message : fetchDBSettings()
info: ===> TimeStamp : 2025-01-15 06:00:45===> API : null ===> Message : validateRequest() Invoked!
info: ===> TimeStamp : 2025-01-15 06:00:45===> API : null ===> Message : validRequest() :: Api validated Successfully
info: ===> TimeStamp : 2025-01-15 06:00:45===> API : /api/auth/login ===> Message : loginUser() invoked!!
info: ===> TimeStamp : 2025-01-15 06:00:45===> API : /api/auth/login ===> Message : loginUser() :: Request Object :: [object Object]
info: ===> TimeStamp : 2025-01-15 06:00:45===> API : /api/auth/login ===> Message : loginUserDB() Invoked !
info: ===> TimeStamp : 2025-01-15 06:00:45===> API : /api/auth/login ===> Message : loginUserResponse() invoked!
info: ===> TimeStamp : 2025-01-15 06:00:45===> API : /api/auth/login ===> Message : loginUserResponse() completed
info: ===> TimeStamp : 2025-01-15 06:08:33===> API : null ===> Message : validateRequest() invoked
info: ===> TimeStamp : 2025-01-15 06:08:33===> API : null ===> Message : fetchDBSettings()
info: ===> TimeStamp : 2025-01-15 06:08:33===> API : null ===> Message : validateRequest() Invoked!
info: ===> TimeStamp : 2025-01-15 06:08:33===> API : null ===> Message : validRequest() :: Api validated Successfully
info: ===> TimeStamp : 2025-01-15 06:08:33===> API : /api/auth/validateuser ===> Message : validateUser() invoked!!
info: ===> TimeStamp : 2025-01-15 06:08:33===> API : /api/auth/validateuser ===> Message : validateUser() :: Request Object :: [object Object]
info: ===> TimeStamp : 2025-01-15 06:08:33===> API : /api/auth/validateuser ===> Message : validateUserDB() Invoked !
info: ===> TimeStamp : 2025-01-15 06:08:33===> API : /api/auth/validateuser ===> Message : validateUserResponse() invoked!
info: ===> TimeStamp : 2025-01-15 06:08:33===> API : /api/auth/validateuser ===> Message : validateUserResponse() completed
info: ===> TimeStamp : 2025-01-15 06:08:33===> API : null ===> Message : validateRequest() invoked
info: ===> TimeStamp : 2025-01-15 06:08:33===> API : null ===> Message : fetchDBSettings()
info: ===> TimeStamp : 2025-01-15 06:08:33===> API : null ===> Message : validateRequest() Invoked!
info: ===> TimeStamp : 2025-01-15 06:08:33===> API : null ===> Message : validRequest() :: Api validated Successfully
info: ===> TimeStamp : 2025-01-15 06:08:33===> API : /api/auth/checkIP ===> Message : checkIP() invoked!!
info: ===> TimeStamp : 2025-01-15 06:08:33===> API : /api/auth/checkIP ===> Message : IPs match: 103.255.182.117
info: ===> TimeStamp : 2025-01-15 06:08:33===> API : /api/auth/checkIP ===> Message : checkIPResponse() invoked!
info: ===> TimeStamp : 2025-01-15 06:08:33===> API : /api/auth/checkIP ===> Message : checkIPResponse() completed
info: ===> TimeStamp : 2025-01-15 06:08:33===> API : null ===> Message : validateRequest() invoked
info: ===> TimeStamp : 2025-01-15 06:08:33===> API : null ===> Message : fetchDBSettings()
info: ===> TimeStamp : 2025-01-15 06:08:33===> API : null ===> Message : validateRequest() Invoked!
info: ===> TimeStamp : 2025-01-15 06:08:33===> API : null ===> Message : validRequest() :: Api validated Successfully
info: ===> TimeStamp : 2025-01-15 06:08:33===> API : /api/auth/login ===> Message : loginUser() invoked!!
info: ===> TimeStamp : 2025-01-15 06:08:33===> API : /api/auth/login ===> Message : loginUser() :: Request Object :: [object Object]
info: ===> TimeStamp : 2025-01-15 06:08:33===> API : /api/auth/login ===> Message : loginUserDB() Invoked !
info: ===> TimeStamp : 2025-01-15 06:08:33===> API : /api/auth/login ===> Message : loginUserResponse() invoked!
info: ===> TimeStamp : 2025-01-15 06:08:33===> API : /api/auth/login ===> Message : loginUserResponse() completed
info: ===> TimeStamp : 2025-01-15 06:51:31===> API : null ===> Message : validateRequest() invoked
info: ===> TimeStamp : 2025-01-15 06:51:31===> API : null ===> Message : fetchDBSettings()
info: ===> TimeStamp : 2025-01-15 06:51:31===> API : null ===> Message : validateRequest() Invoked!
info: ===> TimeStamp : 2025-01-15 06:51:31===> API : null ===> Message : validRequest() :: Api validated Successfully
info: ===> TimeStamp : 2025-01-15 06:51:31===> API : /api/auth/logout ===> Message : logoutUser() invoked!!
info: ===> TimeStamp : 2025-01-15 06:51:31===> API : /api/auth/logout ===> Message : logoutUser() :: Request Object :: [object Object]
info: ===> TimeStamp : 2025-01-15 06:51:31===> API : /api/auth/logout ===> Message : logoutUserDB() Invoked !
info: ===> TimeStamp : 2025-01-15 06:51:32===> API : /api/auth/logout ===> Message : logoutUserResponse() invoked!
info: ===> TimeStamp : 2025-01-15 06:51:32===> API : /api/auth/logout ===> Message : logoutUserResponse() completed
info: ===> TimeStamp : 2025-01-15 06:51:39===> API : null ===> Message : validateRequest() invoked
info: ===> TimeStamp : 2025-01-15 06:51:39===> API : null ===> Message : fetchDBSettings()
info: ===> TimeStamp : 2025-01-15 06:51:39===> API : null ===> Message : validateRequest() Invoked!
info: ===> TimeStamp : 2025-01-15 06:51:39===> API : null ===> Message : validRequest() :: Api validated Successfully
info: ===> TimeStamp : 2025-01-15 06:51:39===> API : /api/auth/logout ===> Message : logoutUser() invoked!!
info: ===> TimeStamp : 2025-01-15 06:51:39===> API : /api/auth/logout ===> Message : logoutUser() :: Request Object :: [object Object]
info: ===> TimeStamp : 2025-01-15 06:51:39===> API : /api/auth/logout ===> Message : logoutUserDB() Invoked !
info: ===> TimeStamp : 2025-01-15 06:51:39===> API : /api/auth/logout ===> Message : logoutUserResponse() invoked!
info: ===> TimeStamp : 2025-01-15 06:51:39===> API : /api/auth/logout ===> Message : logoutUserResponse() completed
info: ===> TimeStamp : 2025-01-15 07:03:48===> API : null ===> Message : validateRequest() invoked
info: ===> TimeStamp : 2025-01-15 07:03:48===> API : null ===> Message : fetchDBSettings()
info: ===> TimeStamp : 2025-01-15 07:03:48===> API : null ===> Message : validateRequest() Invoked!
info: ===> TimeStamp : 2025-01-15 07:03:48===> API : null ===> Message : validRequest() :: Api validated Successfully
info: ===> TimeStamp : 2025-01-15 07:03:48===> API : /api/auth/validateuser ===> Message : validateUser() invoked!!
info: ===> TimeStamp : 2025-01-15 07:03:48===> API : /api/auth/validateuser ===> Message : validateUser() :: Request Object :: [object Object]
info: ===> TimeStamp : 2025-01-15 07:03:48===> API : /api/auth/validateuser ===> Message : validateUserDB() Invoked !
info: ===> TimeStamp : 2025-01-15 07:03:48===> API : /api/auth/validateuser ===> Message : validateUserResponse() invoked!
info: ===> TimeStamp : 2025-01-15 07:03:48===> API : /api/auth/validateuser ===> Message : validateUserResponse() completed
info: ===> TimeStamp : 2025-01-15 07:03:48===> API : null ===> Message : validateRequest() invoked
info: ===> TimeStamp : 2025-01-15 07:03:48===> API : null ===> Message : fetchDBSettings()
info: ===> TimeStamp : 2025-01-15 07:03:48===> API : null ===> Message : validateRequest() Invoked!
info: ===> TimeStamp : 2025-01-15 07:03:48===> API : null ===> Message : validRequest() :: Api validated Successfully
info: ===> TimeStamp : 2025-01-15 07:03:48===> API : /api/auth/checkIP ===> Message : checkIP() invoked!!
info: ===> TimeStamp : 2025-01-15 07:03:48===> API : /api/auth/checkIP ===> Message : IPs match: 103.255.182.117
info: ===> TimeStamp : 2025-01-15 07:03:48===> API : /api/auth/checkIP ===> Message : checkIPResponse() invoked!
info: ===> TimeStamp : 2025-01-15 07:03:48===> API : /api/auth/checkIP ===> Message : checkIPResponse() completed
info: ===> TimeStamp : 2025-01-15 07:03:48===> API : null ===> Message : validateRequest() invoked
info: ===> TimeStamp : 2025-01-15 07:03:48===> API : null ===> Message : fetchDBSettings()
info: ===> TimeStamp : 2025-01-15 07:03:48===> API : null ===> Message : validateRequest() Invoked!
info: ===> TimeStamp : 2025-01-15 07:03:48===> API : null ===> Message : validRequest() :: Api validated Successfully
info: ===> TimeStamp : 2025-01-15 07:03:48===> API : /api/auth/login ===> Message : loginUser() invoked!!
info: ===> TimeStamp : 2025-01-15 07:03:48===> API : /api/auth/login ===> Message : loginUser() :: Request Object :: [object Object]
info: ===> TimeStamp : 2025-01-15 07:03:48===> API : /api/auth/login ===> Message : loginUserDB() Invoked !
info: ===> TimeStamp : 2025-01-15 07:03:48===> API : /api/auth/login ===> Message : loginUserResponse() invoked!
info: ===> TimeStamp : 2025-01-15 07:03:48===> API : /api/auth/login ===> Message : loginUserResponse() completed
info: ===> TimeStamp : 2025-01-15 07:24:34===> API : null ===> Message : validateRequest() invoked
info: ===> TimeStamp : 2025-01-15 07:24:34===> API : null ===> Message : fetchDBSettings()
info: ===> TimeStamp : 2025-01-15 07:24:34===> API : null ===> Message : validateRequest() Invoked!
info: ===> TimeStamp : 2025-01-15 07:24:34===> API : null ===> Message : validRequest() :: Api validated Successfully
info: ===> TimeStamp : 2025-01-15 07:24:34===> API : /api/auth/validateuser ===> Message : validateUser() invoked!!
info: ===> TimeStamp : 2025-01-15 07:24:34===> API : /api/auth/validateuser ===> Message : validateUser() :: Request Object :: [object Object]
info: ===> TimeStamp : 2025-01-15 07:24:34===> API : /api/auth/validateuser ===> Message : validateUserDB() Invoked !
info: ===> TimeStamp : 2025-01-15 07:24:34===> API : /api/auth/validateuser ===> Message : validateUserResponse() invoked!
info: ===> TimeStamp : 2025-01-15 07:24:34===> API : /api/auth/validateuser ===> Message : validateUserResponse() completed
info: ===> TimeStamp : 2025-01-15 07:24:34===> API : null ===> Message : validateRequest() invoked
info: ===> TimeStamp : 2025-01-15 07:24:34===> API : null ===> Message : fetchDBSettings()
info: ===> TimeStamp : 2025-01-15 07:24:34===> API : null ===> Message : validateRequest() Invoked!
info: ===> TimeStamp : 2025-01-15 07:24:34===> API : null ===> Message : validRequest() :: Api validated Successfully
info: ===> TimeStamp : 2025-01-15 07:24:34===> API : /api/auth/checkIP ===> Message : checkIP() invoked!!
info: ===> TimeStamp : 2025-01-15 07:24:34===> API : /api/auth/checkIP ===> Message : IPs match: 103.255.182.117
info: ===> TimeStamp : 2025-01-15 07:24:34===> API : /api/auth/checkIP ===> Message : checkIPResponse() invoked!
info: ===> TimeStamp : 2025-01-15 07:24:34===> API : /api/auth/checkIP ===> Message : checkIPResponse() completed
info: ===> TimeStamp : 2025-01-15 07:24:34===> API : null ===> Message : validateRequest() invoked
info: ===> TimeStamp : 2025-01-15 07:24:34===> API : null ===> Message : fetchDBSettings()
info: ===> TimeStamp : 2025-01-15 07:24:34===> API : null ===> Message : validateRequest() Invoked!
info: ===> TimeStamp : 2025-01-15 07:24:34===> API : null ===> Message : validRequest() :: Api validated Successfully
info: ===> TimeStamp : 2025-01-15 07:24:34===> API : /api/auth/login ===> Message : loginUser() invoked!!
info: ===> TimeStamp : 2025-01-15 07:24:34===> API : /api/auth/login ===> Message : loginUser() :: Request Object :: [object Object]
info: ===> TimeStamp : 2025-01-15 07:24:34===> API : /api/auth/login ===> Message : loginUserDB() Invoked !
info: ===> TimeStamp : 2025-01-15 07:24:34===> API : /api/auth/login ===> Message : loginUserResponse() invoked!
info: ===> TimeStamp : 2025-01-15 07:24:34===> API : /api/auth/login ===> Message : loginUserResponse() completed
info: ===> TimeStamp : 2025-01-15 08:46:10===> API : null ===> Message : fetchDBSettings()
info: ===> TimeStamp : 2025-01-15 08:46:10===> API : null ===> Message : validateRequest() invoked
info: ===> TimeStamp : 2025-01-15 08:46:10===> API : null ===> Message : validateRequest() Invoked!
info: ===> TimeStamp : 2025-01-15 08:46:10===> API : null ===> Message : validRequest() :: Api validated Successfully
info: ===> TimeStamp : 2025-01-15 08:46:10===> API : /api/auth/validateuser ===> Message : validateUser() invoked!!
info: ===> TimeStamp : 2025-01-15 08:46:10===> API : /api/auth/validateuser ===> Message : validateUser() :: Request Object :: [object Object]
info: ===> TimeStamp : 2025-01-15 08:46:10===> API : /api/auth/validateuser ===> Message : validateUserDB() Invoked !
info: ===> TimeStamp : 2025-01-15 08:46:10===> API : /api/auth/validateuser ===> Message : validateUserResponse() invoked!
info: ===> TimeStamp : 2025-01-15 08:46:10===> API : /api/auth/validateuser ===> Message : validateUserResponse() completed
info: ===> TimeStamp : 2025-01-15 08:46:10===> API : null ===> Message : validateRequest() invoked
info: ===> TimeStamp : 2025-01-15 08:46:10===> API : null ===> Message : fetchDBSettings()
info: ===> TimeStamp : 2025-01-15 08:46:10===> API : null ===> Message : validateRequest() Invoked!
info: ===> TimeStamp : 2025-01-15 08:46:10===> API : null ===> Message : validRequest() :: Api validated Successfully
info: ===> TimeStamp : 2025-01-15 08:46:10===> API : /api/auth/login ===> Message : loginUser() invoked!!
info: ===> TimeStamp : 2025-01-15 08:46:10===> API : /api/auth/login ===> Message : loginUser() :: Request Object :: [object Object]
info: ===> TimeStamp : 2025-01-15 08:46:10===> API : /api/auth/login ===> Message : loginUserDB() Invoked !
info: ===> TimeStamp : 2025-01-15 08:46:10===> API : /api/auth/login ===> Message : loginUserResponse() invoked!
info: ===> TimeStamp : 2025-01-15 08:46:11===> API : /api/auth/login ===> Message : loginUserResponse() completed
info: ===> TimeStamp : 2025-01-15 09:13:19===> API : null ===> Message : validateRequest() invoked
info: ===> TimeStamp : 2025-01-15 09:13:19===> API : null ===> Message : validateRequest() Error:: Invalid Request :: 
      {"apiUri":"/"}
info: ===> TimeStamp : 2025-01-15 09:13:23===> API : null ===> Message : validateRequest() invoked
info: ===> TimeStamp : 2025-01-15 09:13:23===> API : null ===> Message : validateRequest() Error:: Invalid Request :: 
      {"apiUri":"/favicon.ico"}
info: ===> TimeStamp : 2025-01-15 09:40:20===> API : null ===> Message : validateRequest() invoked
info: ===> TimeStamp : 2025-01-15 09:40:20===> API : null ===> Message : validateRequest() Error:: Invalid Request :: 
      {"apiUri":"/.env"}
info: ===> TimeStamp : 2025-01-15 11:59:55===> API : null ===> Message : validateRequest() invoked
info: ===> TimeStamp : 2025-01-15 11:59:55===> API : null ===> Message : fetchDBSettings()
info: ===> TimeStamp : 2025-01-15 11:59:55===> API : null ===> Message : validateRequest() Invoked!
info: ===> TimeStamp : 2025-01-15 11:59:55===> API : null ===> Message : validRequest() :: Api validated Successfully
info: ===> TimeStamp : 2025-01-15 11:59:55===> API : /api/auth/validateuser ===> Message : validateUser() invoked!!
info: ===> TimeStamp : 2025-01-15 11:59:55===> API : /api/auth/validateuser ===> Message : validateUser() :: Request Object :: [object Object]
info: ===> TimeStamp : 2025-01-15 11:59:55===> API : /api/auth/validateuser ===> Message : validateUserDB() Invoked !
info: ===> TimeStamp : 2025-01-15 11:59:55===> API : /api/auth/validateuser ===> Message : validateUserResponse() invoked!
info: ===> TimeStamp : 2025-01-15 11:59:55===> API : /api/auth/validateuser ===> Message : validateUserResponse() completed
info: ===> TimeStamp : 2025-01-15 11:59:55===> API : null ===> Message : validateRequest() invoked
info: ===> TimeStamp : 2025-01-15 11:59:55===> API : null ===> Message : fetchDBSettings()
info: ===> TimeStamp : 2025-01-15 11:59:55===> API : null ===> Message : validateRequest() Invoked!
info: ===> TimeStamp : 2025-01-15 11:59:55===> API : null ===> Message : validRequest() :: Api validated Successfully
info: ===> TimeStamp : 2025-01-15 11:59:55===> API : /api/auth/login ===> Message : loginUser() invoked!!
info: ===> TimeStamp : 2025-01-15 11:59:55===> API : /api/auth/login ===> Message : loginUser() :: Request Object :: [object Object]
info: ===> TimeStamp : 2025-01-15 11:59:55===> API : /api/auth/login ===> Message : loginUserDB() Invoked !
info: ===> TimeStamp : 2025-01-15 11:59:55===> API : null ===> Message : validateRequest() invoked
info: ===> TimeStamp : 2025-01-15 11:59:55===> API : null ===> Message : fetchDBSettings()
info: ===> TimeStamp : 2025-01-15 11:59:55===> API : null ===> Message : validateRequest() Invoked!
info: ===> TimeStamp : 2025-01-15 11:59:55===> API : null ===> Message : validRequest() :: Api validated Successfully
info: ===> TimeStamp : 2025-01-15 11:59:55===> API : /api/auth/validateuser ===> Message : validateUser() invoked!!
info: ===> TimeStamp : 2025-01-15 11:59:55===> API : /api/auth/validateuser ===> Message : validateUser() :: Request Object :: [object Object]
info: ===> TimeStamp : 2025-01-15 11:59:55===> API : /api/auth/validateuser ===> Message : validateUserDB() Invoked !
info: ===> TimeStamp : 2025-01-15 11:59:55===> API : /api/auth/login ===> Message : loginUserResponse() invoked!
info: ===> TimeStamp : 2025-01-15 11:59:55===> API : /api/auth/login ===> Message : loginUserResponse() completed
info: ===> TimeStamp : 2025-01-15 11:59:55===> API : /api/auth/validateuser ===> Message : validateUserResponse() invoked!
info: ===> TimeStamp : 2025-01-15 11:59:55===> API : /api/auth/validateuser ===> Message : validateUserResponse() completed
info: ===> TimeStamp : 2025-01-15 11:59:55===> API : null ===> Message : validateRequest() invoked
info: ===> TimeStamp : 2025-01-15 11:59:55===> API : null ===> Message : fetchDBSettings()
info: ===> TimeStamp : 2025-01-15 11:59:55===> API : null ===> Message : validateRequest() Invoked!
info: ===> TimeStamp : 2025-01-15 11:59:55===> API : null ===> Message : validRequest() :: Api validated Successfully
info: ===> TimeStamp : 2025-01-15 11:59:55===> API : /api/auth/login ===> Message : loginUser() invoked!!
info: ===> TimeStamp : 2025-01-15 11:59:55===> API : /api/auth/login ===> Message : loginUser() :: Request Object :: [object Object]
info: ===> TimeStamp : 2025-01-15 11:59:55===> API : /api/auth/login ===> Message : loginUserDB() Invoked !
info: ===> TimeStamp : 2025-01-15 11:59:55===> API : /api/auth/login ===> Message : loginUserResponse() invoked!
info: ===> TimeStamp : 2025-01-15 11:59:55===> API : /api/auth/login ===> Message : loginUserResponse() completed
info: ===> TimeStamp : 2025-01-15 12:28:32===> API : null ===> Message : validateRequest() invoked
info: ===> TimeStamp : 2025-01-15 12:28:32===> API : null ===> Message : fetchDBSettings()
info: ===> TimeStamp : 2025-01-15 12:28:32===> API : null ===> Message : validateRequest() Invoked!
info: ===> TimeStamp : 2025-01-15 12:28:32===> API : null ===> Message : validRequest() :: Api validated Successfully
info: ===> TimeStamp : 2025-01-15 12:28:32===> API : /api/auth/validateuser ===> Message : validateUser() invoked!!
info: ===> TimeStamp : 2025-01-15 12:28:32===> API : /api/auth/validateuser ===> Message : validateUser() :: Request Object :: [object Object]
info: ===> TimeStamp : 2025-01-15 12:28:32===> API : /api/auth/validateuser ===> Message : validateUserDB() Invoked !
info: ===> TimeStamp : 2025-01-15 12:28:32===> API : /api/auth/validateuser ===> Message : validateUserResponse() invoked!
info: ===> TimeStamp : 2025-01-15 12:28:32===> API : /api/auth/validateuser ===> Message : validateUserResponse() completed
info: ===> TimeStamp : 2025-01-15 12:28:32===> API : null ===> Message : validateRequest() invoked
info: ===> TimeStamp : 2025-01-15 12:28:32===> API : null ===> Message : fetchDBSettings()
info: ===> TimeStamp : 2025-01-15 12:28:32===> API : null ===> Message : validateRequest() Invoked!
info: ===> TimeStamp : 2025-01-15 12:28:32===> API : null ===> Message : validRequest() :: Api validated Successfully
info: ===> TimeStamp : 2025-01-15 12:28:32===> API : /api/auth/login ===> Message : loginUser() invoked!!
info: ===> TimeStamp : 2025-01-15 12:28:32===> API : /api/auth/login ===> Message : loginUser() :: Request Object :: [object Object]
info: ===> TimeStamp : 2025-01-15 12:28:32===> API : /api/auth/login ===> Message : loginUserDB() Invoked !
info: ===> TimeStamp : 2025-01-15 12:28:32===> API : /api/auth/login ===> Message : loginUserResponse() invoked!
info: ===> TimeStamp : 2025-01-15 12:28:32===> API : /api/auth/login ===> Message : loginUserResponse() completed
info: ===> TimeStamp : 2025-01-15 13:17:36===> API : null ===> Message : validateRequest() invoked
info: ===> TimeStamp : 2025-01-15 13:17:36===> API : null ===> Message : fetchDBSettings()
info: ===> TimeStamp : 2025-01-15 13:17:36===> API : null ===> Message : validateRequest() Invoked!
info: ===> TimeStamp : 2025-01-15 13:17:36===> API : null ===> Message : validRequest() :: Api validated Successfully
info: ===> TimeStamp : 2025-01-15 13:17:36===> API : /api/auth/validateuser ===> Message : validateUser() invoked!!
info: ===> TimeStamp : 2025-01-15 13:17:36===> API : /api/auth/validateuser ===> Message : validateUser() :: Request Object :: [object Object]
info: ===> TimeStamp : 2025-01-15 13:17:36===> API : /api/auth/validateuser ===> Message : validateUserDB() Invoked !
info: ===> TimeStamp : 2025-01-15 13:17:36===> API : /api/auth/validateuser ===> Message : validateUserResponse() completed
info: ===> TimeStamp : 2025-01-15 13:17:36===> API : /api/auth/validateuser ===> Message : validateUserResponse() invoked!
info: ===> TimeStamp : 2025-01-15 13:17:36===> API : null ===> Message : validateRequest() invoked
info: ===> TimeStamp : 2025-01-15 13:17:36===> API : null ===> Message : fetchDBSettings()
info: ===> TimeStamp : 2025-01-15 13:17:36===> API : null ===> Message : validateRequest() Invoked!
info: ===> TimeStamp : 2025-01-15 13:17:36===> API : null ===> Message : validRequest() :: Api validated Successfully
info: ===> TimeStamp : 2025-01-15 13:17:36===> API : /api/auth/login ===> Message : loginUser() invoked!!
info: ===> TimeStamp : 2025-01-15 13:17:36===> API : /api/auth/login ===> Message : loginUser() :: Request Object :: [object Object]
info: ===> TimeStamp : 2025-01-15 13:17:36===> API : /api/auth/login ===> Message : loginUserDB() Invoked !
info: ===> TimeStamp : 2025-01-15 13:17:36===> API : /api/auth/login ===> Message : loginUserResponse() invoked!
info: ===> TimeStamp : 2025-01-15 13:17:36===> API : /api/auth/login ===> Message : loginUserResponse() completed
info: ===> TimeStamp : 2025-01-15 14:06:49===> API : null ===> Message : validateRequest() invoked
info: ===> TimeStamp : 2025-01-15 14:06:49===> API : null ===> Message : fetchDBSettings()
info: ===> TimeStamp : 2025-01-15 14:06:49===> API : null ===> Message : validateRequest() Invoked!
info: ===> TimeStamp : 2025-01-15 14:06:49===> API : null ===> Message : validRequest() :: Api validated Successfully
info: ===> TimeStamp : 2025-01-15 14:06:49===> API : /api/auth/validateuser ===> Message : validateUser() invoked!!
info: ===> TimeStamp : 2025-01-15 14:06:49===> API : /api/auth/validateuser ===> Message : validateUser() :: Request Object :: [object Object]
info: ===> TimeStamp : 2025-01-15 14:06:49===> API : /api/auth/validateuser ===> Message : validateUserDB() Invoked !
info: ===> TimeStamp : 2025-01-15 14:06:49===> API : /api/auth/validateuser ===> Message : validateUserResponse() invoked!
info: ===> TimeStamp : 2025-01-15 14:06:49===> API : /api/auth/validateuser ===> Message : validateUserResponse() completed
info: ===> TimeStamp : 2025-01-15 14:06:49===> API : null ===> Message : validateRequest() invoked
info: ===> TimeStamp : 2025-01-15 14:06:49===> API : null ===> Message : fetchDBSettings()
info: ===> TimeStamp : 2025-01-15 14:06:49===> API : null ===> Message : validateRequest() Invoked!
info: ===> TimeStamp : 2025-01-15 14:06:49===> API : null ===> Message : validRequest() :: Api validated Successfully
info: ===> TimeStamp : 2025-01-15 14:06:49===> API : /api/auth/login ===> Message : loginUser() invoked!!
info: ===> TimeStamp : 2025-01-15 14:06:49===> API : /api/auth/login ===> Message : loginUser() :: Request Object :: [object Object]
info: ===> TimeStamp : 2025-01-15 14:06:49===> API : /api/auth/login ===> Message : loginUserDB() Invoked !
info: ===> TimeStamp : 2025-01-15 14:06:50===> API : /api/auth/login ===> Message : loginUserResponse() invoked!
info: ===> TimeStamp : 2025-01-15 14:06:50===> API : /api/auth/login ===> Message : loginUserResponse() completed
info: ===> TimeStamp : 2025-01-15 14:11:48===> API : null ===> Message : validateRequest() invoked
info: ===> TimeStamp : 2025-01-15 14:11:48===> API : null ===> Message : fetchDBSettings()
info: ===> TimeStamp : 2025-01-15 14:11:49===> API : null ===> Message : validateRequest() Invoked!
info: ===> TimeStamp : 2025-01-15 14:11:49===> API : null ===> Message : validRequest() :: Api validated Successfully
info: ===> TimeStamp : 2025-01-15 14:11:49===> API : /api/auth/validateuser ===> Message : validateUser() invoked!!
info: ===> TimeStamp : 2025-01-15 14:11:49===> API : /api/auth/validateuser ===> Message : validateUser() :: Request Object :: [object Object]
info: ===> TimeStamp : 2025-01-15 14:11:49===> API : /api/auth/validateuser ===> Message : validateUserDB() Invoked !
info: ===> TimeStamp : 2025-01-15 14:11:49===> API : /api/auth/validateuser ===> Message : validateUserResponse() invoked!
info: ===> TimeStamp : 2025-01-15 14:11:49===> API : /api/auth/validateuser ===> Message : validateUserResponse() completed
info: ===> TimeStamp : 2025-01-15 14:11:49===> API : null ===> Message : validateRequest() invoked
info: ===> TimeStamp : 2025-01-15 14:11:49===> API : null ===> Message : fetchDBSettings()
info: ===> TimeStamp : 2025-01-15 14:11:49===> API : null ===> Message : validateRequest() Invoked!
info: ===> TimeStamp : 2025-01-15 14:11:49===> API : /api/auth/login ===> Message : loginUser() invoked!!
info: ===> TimeStamp : 2025-01-15 14:11:49===> API : /api/auth/login ===> Message : loginUser() :: Request Object :: [object Object]
info: ===> TimeStamp : 2025-01-15 14:11:49===> API : null ===> Message : validRequest() :: Api validated Successfully
info: ===> TimeStamp : 2025-01-15 14:11:49===> API : /api/auth/login ===> Message : loginUserDB() Invoked !
info: ===> TimeStamp : 2025-01-15 14:11:49===> API : /api/auth/login ===> Message : loginUserResponse() invoked!
info: ===> TimeStamp : 2025-01-15 14:11:49===> API : /api/auth/login ===> Message : loginUserResponse() completed
info: ===> TimeStamp : 2025-01-15 14:25:56===> API : null ===> Message : validateRequest() invoked
info: ===> TimeStamp : 2025-01-15 14:25:56===> API : null ===> Message : fetchDBSettings()
info: ===> TimeStamp : 2025-01-15 14:25:56===> API : null ===> Message : validateRequest() Invoked!
info: ===> TimeStamp : 2025-01-15 14:25:56===> API : null ===> Message : validRequest() :: Api validated Successfully
info: ===> TimeStamp : 2025-01-15 14:25:56===> API : /api/auth/validateuser ===> Message : validateUser() invoked!!
info: ===> TimeStamp : 2025-01-15 14:25:56===> API : /api/auth/validateuser ===> Message : validateUser() :: Request Object :: [object Object]
info: ===> TimeStamp : 2025-01-15 14:25:56===> API : /api/auth/validateuser ===> Message : validateUserDB() Invoked !
info: ===> TimeStamp : 2025-01-15 14:25:56===> API : /api/auth/validateuser ===> Message : validateUserResponse() invoked!
info: ===> TimeStamp : 2025-01-15 14:25:56===> API : /api/auth/validateuser ===> Message : validateUserResponse() completed
info: ===> TimeStamp : 2025-01-15 14:25:56===> API : null ===> Message : validateRequest() invoked
info: ===> TimeStamp : 2025-01-15 14:25:56===> API : null ===> Message : fetchDBSettings()
info: ===> TimeStamp : 2025-01-15 14:25:56===> API : null ===> Message : validateRequest() Invoked!
info: ===> TimeStamp : 2025-01-15 14:25:56===> API : null ===> Message : validRequest() :: Api validated Successfully
info: ===> TimeStamp : 2025-01-15 14:25:56===> API : /api/auth/login ===> Message : loginUser() invoked!!
info: ===> TimeStamp : 2025-01-15 14:25:56===> API : /api/auth/login ===> Message : loginUser() :: Request Object :: [object Object]
info: ===> TimeStamp : 2025-01-15 14:25:56===> API : /api/auth/login ===> Message : loginUserDB() Invoked !
info: ===> TimeStamp : 2025-01-15 14:25:56===> API : /api/auth/login ===> Message : loginUserResponse() invoked!
info: ===> TimeStamp : 2025-01-15 14:25:56===> API : /api/auth/login ===> Message : loginUserResponse() completed
info: ===> TimeStamp : 2025-01-15 14:40:24===> API : null ===> Message : validateRequest() invoked
info: ===> TimeStamp : 2025-01-15 14:40:24===> API : null ===> Message : fetchDBSettings()
info: ===> TimeStamp : 2025-01-15 14:40:24===> API : null ===> Message : validateRequest() Invoked!
info: ===> TimeStamp : 2025-01-15 14:40:24===> API : null ===> Message : validRequest() :: Api validated Successfully
info: ===> TimeStamp : 2025-01-15 14:40:24===> API : /api/auth/validateuser ===> Message : validateUser() invoked!!
info: ===> TimeStamp : 2025-01-15 14:40:24===> API : /api/auth/validateuser ===> Message : validateUser() :: Request Object :: [object Object]
info: ===> TimeStamp : 2025-01-15 14:40:24===> API : /api/auth/validateuser ===> Message : validateUserDB() Invoked !
info: ===> TimeStamp : 2025-01-15 14:40:24===> API : /api/auth/validateuser ===> Message : validateUserResponse() invoked!
info: ===> TimeStamp : 2025-01-15 14:40:24===> API : /api/auth/validateuser ===> Message : validateUserResponse() completed
info: ===> TimeStamp : 2025-01-15 14:40:24===> API : null ===> Message : validateRequest() invoked
info: ===> TimeStamp : 2025-01-15 14:40:24===> API : null ===> Message : fetchDBSettings()
info: ===> TimeStamp : 2025-01-15 14:40:24===> API : null ===> Message : validateRequest() Invoked!
info: ===> TimeStamp : 2025-01-15 14:40:24===> API : null ===> Message : validRequest() :: Api validated Successfully
info: ===> TimeStamp : 2025-01-15 14:40:24===> API : /api/auth/login ===> Message : loginUser() invoked!!
info: ===> TimeStamp : 2025-01-15 14:40:24===> API : /api/auth/login ===> Message : loginUser() :: Request Object :: [object Object]
info: ===> TimeStamp : 2025-01-15 14:40:24===> API : /api/auth/login ===> Message : loginUserDB() Invoked !
info: ===> TimeStamp : 2025-01-15 14:40:24===> API : /api/auth/login ===> Message : loginUserResponse() invoked!
info: ===> TimeStamp : 2025-01-15 14:40:24===> API : /api/auth/login ===> Message : loginUserResponse() completed
info: ===> TimeStamp : 2025-01-15 14:44:10===> API : null ===> Message : validateRequest() invoked
info: ===> TimeStamp : 2025-01-15 14:44:10===> API : null ===> Message : fetchDBSettings()
info: ===> TimeStamp : 2025-01-15 14:44:10===> API : null ===> Message : validateRequest() Invoked!
info: ===> TimeStamp : 2025-01-15 14:44:10===> API : null ===> Message : validRequest() :: Api validated Successfully
info: ===> TimeStamp : 2025-01-15 14:44:10===> API : /api/auth/validateuser ===> Message : validateUser() invoked!!
info: ===> TimeStamp : 2025-01-15 14:44:10===> API : /api/auth/validateuser ===> Message : validateUser() :: Request Object :: [object Object]
info: ===> TimeStamp : 2025-01-15 14:44:10===> API : /api/auth/validateuser ===> Message : validateUserDB() Invoked !
info: ===> TimeStamp : 2025-01-15 14:44:10===> API : /api/auth/validateuser ===> Message : validateUserResponse() invoked!
info: ===> TimeStamp : 2025-01-15 14:44:10===> API : /api/auth/validateuser ===> Message : validateUserResponse() completed
info: ===> TimeStamp : 2025-01-15 14:44:10===> API : null ===> Message : validateRequest() invoked
info: ===> TimeStamp : 2025-01-15 14:44:10===> API : null ===> Message : fetchDBSettings()
info: ===> TimeStamp : 2025-01-15 14:44:10===> API : null ===> Message : validateRequest() Invoked!
info: ===> TimeStamp : 2025-01-15 14:44:10===> API : null ===> Message : validRequest() :: Api validated Successfully
info: ===> TimeStamp : 2025-01-15 14:44:10===> API : /api/auth/login ===> Message : loginUser() invoked!!
info: ===> TimeStamp : 2025-01-15 14:44:10===> API : /api/auth/login ===> Message : loginUser() :: Request Object :: [object Object]
info: ===> TimeStamp : 2025-01-15 14:44:10===> API : /api/auth/login ===> Message : loginUserDB() Invoked !
info: ===> TimeStamp : 2025-01-15 14:44:10===> API : /api/auth/login ===> Message : loginUserResponse() invoked!
info: ===> TimeStamp : 2025-01-15 14:44:10===> API : /api/auth/login ===> Message : loginUserResponse() completed
info: ===> TimeStamp : 2025-01-15 15:04:54===> API : null ===> Message : validateRequest() invoked
info: ===> TimeStamp : 2025-01-15 15:04:54===> API : null ===> Message : fetchDBSettings()
info: ===> TimeStamp : 2025-01-15 15:04:54===> API : null ===> Message : validateRequest() Invoked!
info: ===> TimeStamp : 2025-01-15 15:04:54===> API : null ===> Message : validRequest() :: Api validated Successfully
info: ===> TimeStamp : 2025-01-15 15:04:54===> API : /api/auth/logout ===> Message : logoutUser() invoked!!
info: ===> TimeStamp : 2025-01-15 15:04:54===> API : /api/auth/logout ===> Message : logoutUser() :: Request Object :: [object Object]
info: ===> TimeStamp : 2025-01-15 15:04:54===> API : /api/auth/logout ===> Message : logoutUserDB() Invoked !
info: ===> TimeStamp : 2025-01-15 15:04:54===> API : /api/auth/logout ===> Message : logoutUserResponse() invoked!
info: ===> TimeStamp : 2025-01-15 15:04:54===> API : /api/auth/logout ===> Message : logoutUserResponse() completed
info: ===> TimeStamp : 2025-01-15 15:05:14===> API : null ===> Message : validateRequest() invoked
info: ===> TimeStamp : 2025-01-15 15:05:14===> API : null ===> Message : fetchDBSettings()
info: ===> TimeStamp : 2025-01-15 15:05:14===> API : null ===> Message : validateRequest() Invoked!
info: ===> TimeStamp : 2025-01-15 15:05:14===> API : null ===> Message : validRequest() :: Api validated Successfully
info: ===> TimeStamp : 2025-01-15 15:05:14===> API : /api/auth/validateuser ===> Message : validateUser() invoked!!
info: ===> TimeStamp : 2025-01-15 15:05:14===> API : /api/auth/validateuser ===> Message : validateUser() :: Request Object :: [object Object]
info: ===> TimeStamp : 2025-01-15 15:05:14===> API : /api/auth/validateuser ===> Message : validateUserDB() Invoked !
info: ===> TimeStamp : 2025-01-15 15:05:14===> API : /api/auth/validateuser ===> Message : validateUserResponse() invoked!
info: ===> TimeStamp : 2025-01-15 15:05:14===> API : /api/auth/validateuser ===> Message : validateUserResponse() completed
info: ===> TimeStamp : 2025-01-15 15:05:14===> API : null ===> Message : validateRequest() invoked
info: ===> TimeStamp : 2025-01-15 15:05:14===> API : null ===> Message : fetchDBSettings()
info: ===> TimeStamp : 2025-01-15 15:05:14===> API : null ===> Message : validateRequest() Invoked!
info: ===> TimeStamp : 2025-01-15 15:05:14===> API : null ===> Message : validRequest() :: Api validated Successfully
info: ===> TimeStamp : 2025-01-15 15:05:14===> API : /api/auth/checkIP ===> Message : checkIP() invoked!!
info: ===> TimeStamp : 2025-01-15 15:05:14===> API : /api/auth/checkIP ===> Message : IPs match: 103.255.182.117
info: ===> TimeStamp : 2025-01-15 15:05:14===> API : /api/auth/checkIP ===> Message : checkIPResponse() invoked!
info: ===> TimeStamp : 2025-01-15 15:05:14===> API : /api/auth/checkIP ===> Message : checkIPResponse() completed
info: ===> TimeStamp : 2025-01-15 15:05:14===> API : null ===> Message : validateRequest() invoked
info: ===> TimeStamp : 2025-01-15 15:05:14===> API : null ===> Message : fetchDBSettings()
info: ===> TimeStamp : 2025-01-15 15:05:14===> API : null ===> Message : validateRequest() Invoked!
info: ===> TimeStamp : 2025-01-15 15:05:14===> API : null ===> Message : validRequest() :: Api validated Successfully
info: ===> TimeStamp : 2025-01-15 15:05:14===> API : /api/auth/login ===> Message : loginUser() invoked!!
info: ===> TimeStamp : 2025-01-15 15:05:14===> API : /api/auth/login ===> Message : loginUser() :: Request Object :: [object Object]
info: ===> TimeStamp : 2025-01-15 15:05:14===> API : /api/auth/login ===> Message : loginUserDB() Invoked !
info: ===> TimeStamp : 2025-01-15 15:05:14===> API : /api/auth/login ===> Message : loginUserResponse() invoked!
info: ===> TimeStamp : 2025-01-15 15:05:14===> API : /api/auth/login ===> Message : loginUserResponse() completed
info: ===> TimeStamp : 2025-01-15 15:27:15===> API : null ===> Message : validateRequest() invoked
info: ===> TimeStamp : 2025-01-15 15:27:15===> API : null ===> Message : fetchDBSettings()
info: ===> TimeStamp : 2025-01-15 15:27:15===> API : null ===> Message : validateRequest() Invoked!
info: ===> TimeStamp : 2025-01-15 15:27:15===> API : null ===> Message : validRequest() :: Api validated Successfully
info: ===> TimeStamp : 2025-01-15 15:27:15===> API : /api/auth/logout ===> Message : logoutUser() invoked!!
info: ===> TimeStamp : 2025-01-15 15:27:15===> API : /api/auth/logout ===> Message : logoutUser() :: Request Object :: [object Object]
info: ===> TimeStamp : 2025-01-15 15:27:15===> API : /api/auth/logout ===> Message : logoutUserDB() Invoked !
info: ===> TimeStamp : 2025-01-15 15:27:15===> API : /api/auth/logout ===> Message : logoutUserResponse() invoked!
info: ===> TimeStamp : 2025-01-15 15:27:15===> API : /api/auth/logout ===> Message : logoutUserResponse() completed
info: ===> TimeStamp : 2025-01-15 15:27:25===> API : null ===> Message : validateRequest() invoked
info: ===> TimeStamp : 2025-01-15 15:27:25===> API : null ===> Message : fetchDBSettings()
info: ===> TimeStamp : 2025-01-15 15:27:25===> API : null ===> Message : validateRequest() Invoked!
info: ===> TimeStamp : 2025-01-15 15:27:25===> API : null ===> Message : validRequest() :: Api validated Successfully
info: ===> TimeStamp : 2025-01-15 15:27:25===> API : /api/auth/validateuser ===> Message : validateUser() invoked!!
info: ===> TimeStamp : 2025-01-15 15:27:25===> API : /api/auth/validateuser ===> Message : validateUser() :: Request Object :: [object Object]
info: ===> TimeStamp : 2025-01-15 15:27:25===> API : /api/auth/validateuser ===> Message : validateUserDB() Invoked !
info: ===> TimeStamp : 2025-01-15 15:27:25===> API : /api/auth/validateuser ===> Message : validateUserResponse() invoked!
info: ===> TimeStamp : 2025-01-15 15:27:25===> API : /api/auth/validateuser ===> Message : validateUserResponse() completed
info: ===> TimeStamp : 2025-01-15 15:27:25===> API : null ===> Message : validateRequest() invoked
info: ===> TimeStamp : 2025-01-15 15:27:25===> API : null ===> Message : fetchDBSettings()
info: ===> TimeStamp : 2025-01-15 15:27:25===> API : null ===> Message : validateRequest() Invoked!
info: ===> TimeStamp : 2025-01-15 15:27:25===> API : null ===> Message : validRequest() :: Api validated Successfully
info: ===> TimeStamp : 2025-01-15 15:27:25===> API : /api/auth/checkIP ===> Message : checkIP() invoked!!
info: ===> TimeStamp : 2025-01-15 15:27:25===> API : /api/auth/checkIP ===> Message : IPs match: 103.255.182.117
info: ===> TimeStamp : 2025-01-15 15:27:25===> API : /api/auth/checkIP ===> Message : checkIPResponse() invoked!
info: ===> TimeStamp : 2025-01-15 15:27:25===> API : /api/auth/checkIP ===> Message : checkIPResponse() completed
info: ===> TimeStamp : 2025-01-15 15:27:25===> API : null ===> Message : validateRequest() invoked
info: ===> TimeStamp : 2025-01-15 15:27:25===> API : null ===> Message : fetchDBSettings()
info: ===> TimeStamp : 2025-01-15 15:27:25===> API : null ===> Message : validateRequest() Invoked!
info: ===> TimeStamp : 2025-01-15 15:27:25===> API : null ===> Message : validRequest() :: Api validated Successfully
info: ===> TimeStamp : 2025-01-15 15:27:25===> API : /api/auth/login ===> Message : loginUser() invoked!!
info: ===> TimeStamp : 2025-01-15 15:27:25===> API : /api/auth/login ===> Message : loginUser() :: Request Object :: [object Object]
info: ===> TimeStamp : 2025-01-15 15:27:25===> API : /api/auth/login ===> Message : loginUserDB() Invoked !
info: ===> TimeStamp : 2025-01-15 15:27:25===> API : /api/auth/login ===> Message : loginUserResponse() invoked!
info: ===> TimeStamp : 2025-01-15 15:27:25===> API : /api/auth/login ===> Message : loginUserResponse() completed
info: ===> TimeStamp : 2025-01-15 16:20:28===> API : null ===> Message : validateRequest() invoked
info: ===> TimeStamp : 2025-01-15 16:20:28===> API : null ===> Message : fetchDBSettings()
info: ===> TimeStamp : 2025-01-15 16:20:28===> API : null ===> Message : validateRequest() Invoked!
info: ===> TimeStamp : 2025-01-15 16:20:28===> API : null ===> Message : validRequest() :: Api validated Successfully
info: ===> TimeStamp : 2025-01-15 16:20:28===> API : /api/auth/validateuser ===> Message : validateUser() invoked!!
info: ===> TimeStamp : 2025-01-15 16:20:28===> API : /api/auth/validateuser ===> Message : validateUser() :: Request Object :: [object Object]
info: ===> TimeStamp : 2025-01-15 16:20:28===> API : /api/auth/validateuser ===> Message : validateUserDB() Invoked !
info: ===> TimeStamp : 2025-01-15 16:20:28===> API : /api/auth/validateuser ===> Message : validateUserResponse() invoked!
info: ===> TimeStamp : 2025-01-15 16:20:28===> API : /api/auth/validateuser ===> Message : validateUserResponse() completed
info: ===> TimeStamp : 2025-01-15 16:20:28===> API : null ===> Message : validateRequest() invoked
info: ===> TimeStamp : 2025-01-15 16:20:28===> API : null ===> Message : fetchDBSettings()
info: ===> TimeStamp : 2025-01-15 16:20:28===> API : null ===> Message : validateRequest() Invoked!
info: ===> TimeStamp : 2025-01-15 16:20:28===> API : null ===> Message : validRequest() :: Api validated Successfully
info: ===> TimeStamp : 2025-01-15 16:20:28===> API : /api/auth/login ===> Message : loginUser() :: Request Object :: [object Object]
info: ===> TimeStamp : 2025-01-15 16:20:28===> API : /api/auth/login ===> Message : loginUser() invoked!!
info: ===> TimeStamp : 2025-01-15 16:20:28===> API : /api/auth/login ===> Message : loginUserDB() Invoked !
info: ===> TimeStamp : 2025-01-15 16:20:28===> API : /api/auth/login ===> Message : loginUserResponse() invoked!
info: ===> TimeStamp : 2025-01-15 16:20:28===> API : /api/auth/login ===> Message : loginUserResponse() completed
info: ===> TimeStamp : 2025-01-15 16:42:15===> API : null ===> Message : validateRequest() invoked
info: ===> TimeStamp : 2025-01-15 16:42:15===> API : null ===> Message : fetchDBSettings()
info: ===> TimeStamp : 2025-01-15 16:42:15===> API : null ===> Message : validateRequest() Invoked!
info: ===> TimeStamp : 2025-01-15 16:42:15===> API : null ===> Message : validRequest() :: Api validated Successfully
info: ===> TimeStamp : 2025-01-15 16:42:15===> API : /api/auth/validateuser ===> Message : validateUser() :: Request Object :: [object Object]
info: ===> TimeStamp : 2025-01-15 16:42:15===> API : /api/auth/validateuser ===> Message : validateUserDB() Invoked !
info: ===> TimeStamp : 2025-01-15 16:42:15===> API : /api/auth/validateuser ===> Message : validateUser() invoked!!
info: ===> TimeStamp : 2025-01-15 16:42:15===> API : /api/auth/validateuser ===> Message : validateUserResponse() invoked!
info: ===> TimeStamp : 2025-01-15 16:42:15===> API : /api/auth/validateuser ===> Message : validateUserResponse() completed
info: ===> TimeStamp : 2025-01-15 16:42:15===> API : null ===> Message : validateRequest() invoked
info: ===> TimeStamp : 2025-01-15 16:42:15===> API : null ===> Message : fetchDBSettings()
info: ===> TimeStamp : 2025-01-15 16:42:15===> API : null ===> Message : validateRequest() Invoked!
info: ===> TimeStamp : 2025-01-15 16:42:15===> API : null ===> Message : validRequest() :: Api validated Successfully
info: ===> TimeStamp : 2025-01-15 16:42:15===> API : /api/auth/login ===> Message : loginUser() invoked!!
info: ===> TimeStamp : 2025-01-15 16:42:15===> API : /api/auth/login ===> Message : loginUser() :: Request Object :: [object Object]
info: ===> TimeStamp : 2025-01-15 16:42:15===> API : /api/auth/login ===> Message : loginUserDB() Invoked !
info: ===> TimeStamp : 2025-01-15 16:42:15===> API : /api/auth/login ===> Message : loginUserResponse() invoked!
info: ===> TimeStamp : 2025-01-15 16:42:15===> API : /api/auth/login ===> Message : loginUserResponse() completed
info: ===> TimeStamp : 2025-01-15 17:40:59===> API : null ===> Message : validateRequest() invoked
info: ===> TimeStamp : 2025-01-15 17:40:59===> API : null ===> Message : fetchDBSettings()
info: ===> TimeStamp : 2025-01-15 17:40:59===> API : null ===> Message : validateRequest() Invoked!
info: ===> TimeStamp : 2025-01-15 17:40:59===> API : null ===> Message : validRequest() :: Api validated Successfully
info: ===> TimeStamp : 2025-01-15 17:40:59===> API : /api/auth/validateuser ===> Message : validateUser() invoked!!
info: ===> TimeStamp : 2025-01-15 17:40:59===> API : /api/auth/validateuser ===> Message : validateUser() :: Request Object :: [object Object]
info: ===> TimeStamp : 2025-01-15 17:40:59===> API : /api/auth/validateuser ===> Message : validateUserDB() Invoked !
info: ===> TimeStamp : 2025-01-15 17:40:59===> API : /api/auth/validateuser ===> Message : validateUserResponse() invoked!
info: ===> TimeStamp : 2025-01-15 17:40:59===> API : /api/auth/validateuser ===> Message : validateUserResponse() completed
info: ===> TimeStamp : 2025-01-15 17:40:59===> API : null ===> Message : validateRequest() invoked
info: ===> TimeStamp : 2025-01-15 17:40:59===> API : null ===> Message : fetchDBSettings()
info: ===> TimeStamp : 2025-01-15 17:40:59===> API : null ===> Message : validateRequest() Invoked!
info: ===> TimeStamp : 2025-01-15 17:40:59===> API : null ===> Message : validRequest() :: Api validated Successfully
info: ===> TimeStamp : 2025-01-15 17:40:59===> API : /api/auth/validateuser ===> Message : validateUser() invoked!!
info: ===> TimeStamp : 2025-01-15 17:40:59===> API : /api/auth/validateuser ===> Message : validateUser() :: Request Object :: [object Object]
info: ===> TimeStamp : 2025-01-15 17:40:59===> API : /api/auth/validateuser ===> Message : validateUserDB() Invoked !
info: ===> TimeStamp : 2025-01-15 17:40:59===> API : null ===> Message : validateRequest() invoked
info: ===> TimeStamp : 2025-01-15 17:40:59===> API : null ===> Message : fetchDBSettings()
info: ===> TimeStamp : 2025-01-15 17:40:59===> API : /api/auth/validateuser ===> Message : validateUserResponse() invoked!
info: ===> TimeStamp : 2025-01-15 17:40:59===> API : /api/auth/validateuser ===> Message : validateUserResponse() completed
info: ===> TimeStamp : 2025-01-15 17:40:59===> API : null ===> Message : validateRequest() Invoked!
info: ===> TimeStamp : 2025-01-15 17:40:59===> API : null ===> Message : validateRequest() invoked
info: ===> TimeStamp : 2025-01-15 17:40:59===> API : null ===> Message : fetchDBSettings()
info: ===> TimeStamp : 2025-01-15 17:40:59===> API : null ===> Message : validRequest() :: Api validated Successfully
info: ===> TimeStamp : 2025-01-15 17:40:59===> API : /api/auth/login ===> Message : loginUser() invoked!!
info: ===> TimeStamp : 2025-01-15 17:40:59===> API : /api/auth/login ===> Message : loginUser() :: Request Object :: [object Object]
info: ===> TimeStamp : 2025-01-15 17:40:59===> API : /api/auth/login ===> Message : loginUserDB() Invoked !
info: ===> TimeStamp : 2025-01-15 17:40:59===> API : null ===> Message : validateRequest() Invoked!
info: ===> TimeStamp : 2025-01-15 17:40:59===> API : null ===> Message : validRequest() :: Api validated Successfully
info: ===> TimeStamp : 2025-01-15 17:40:59===> API : /api/auth/login ===> Message : loginUser() invoked!!
info: ===> TimeStamp : 2025-01-15 17:40:59===> API : /api/auth/login ===> Message : loginUser() :: Request Object :: [object Object]
info: ===> TimeStamp : 2025-01-15 17:40:59===> API : /api/auth/login ===> Message : loginUserDB() Invoked !
info: ===> TimeStamp : 2025-01-15 17:40:59===> API : /api/auth/login ===> Message : loginUserResponse() invoked!
info: ===> TimeStamp : 2025-01-15 17:40:59===> API : /api/auth/login ===> Message : loginUserResponse() completed
info: ===> TimeStamp : 2025-01-15 17:40:59===> API : /api/auth/login ===> Message : loginUserResponse() invoked!
info: ===> TimeStamp : 2025-01-15 17:40:59===> API : /api/auth/login ===> Message : loginUserResponse() completed
info: ===> TimeStamp : 2025-01-15 17:57:50===> API : null ===> Message : validateRequest() invoked
info: ===> TimeStamp : 2025-01-15 17:57:50===> API : null ===> Message : fetchDBSettings()
info: ===> TimeStamp : 2025-01-15 17:57:50===> API : null ===> Message : validateRequest() Invoked!
info: ===> TimeStamp : 2025-01-15 17:57:50===> API : null ===> Message : validRequest() :: Api validated Successfully
info: ===> TimeStamp : 2025-01-15 17:57:50===> API : /api/auth/validateuser ===> Message : validateUser() invoked!!
info: ===> TimeStamp : 2025-01-15 17:57:50===> API : /api/auth/validateuser ===> Message : validateUser() :: Request Object :: [object Object]
info: ===> TimeStamp : 2025-01-15 17:57:50===> API : /api/auth/validateuser ===> Message : validateUserDB() Invoked !
info: ===> TimeStamp : 2025-01-15 17:57:50===> API : /api/auth/validateuser ===> Message : validateUserResponse() invoked!
info: ===> TimeStamp : 2025-01-15 17:57:50===> API : /api/auth/validateuser ===> Message : validateUserResponse() completed
info: ===> TimeStamp : 2025-01-15 17:57:50===> API : null ===> Message : validateRequest() invoked
info: ===> TimeStamp : 2025-01-15 17:57:50===> API : null ===> Message : fetchDBSettings()
info: ===> TimeStamp : 2025-01-15 17:57:50===> API : null ===> Message : validateRequest() Invoked!
info: ===> TimeStamp : 2025-01-15 17:57:50===> API : null ===> Message : validRequest() :: Api validated Successfully
info: ===> TimeStamp : 2025-01-15 17:57:50===> API : /api/auth/login ===> Message : loginUser() :: Request Object :: [object Object]
info: ===> TimeStamp : 2025-01-15 17:57:50===> API : /api/auth/login ===> Message : loginUser() invoked!!
info: ===> TimeStamp : 2025-01-15 17:57:50===> API : /api/auth/login ===> Message : loginUserDB() Invoked !
info: ===> TimeStamp : 2025-01-15 17:57:50===> API : /api/auth/login ===> Message : loginUserResponse() invoked!
info: ===> TimeStamp : 2025-01-15 17:57:50===> API : /api/auth/login ===> Message : loginUserResponse() completed
info: ===> TimeStamp : 2025-01-15 18:14:36===> API : null ===> Message : validateRequest() invoked
info: ===> TimeStamp : 2025-01-15 18:14:36===> API : null ===> Message : fetchDBSettings()
info: ===> TimeStamp : 2025-01-15 18:14:36===> API : null ===> Message : validateRequest() Invoked!
info: ===> TimeStamp : 2025-01-15 18:14:36===> API : null ===> Message : validRequest() :: Api validated Successfully
info: ===> TimeStamp : 2025-01-15 18:14:36===> API : /api/auth/validateuser ===> Message : validateUser() invoked!!
info: ===> TimeStamp : 2025-01-15 18:14:36===> API : /api/auth/validateuser ===> Message : validateUser() :: Request Object :: [object Object]
info: ===> TimeStamp : 2025-01-15 18:14:36===> API : /api/auth/validateuser ===> Message : validateUserDB() Invoked !
info: ===> TimeStamp : 2025-01-15 18:14:36===> API : /api/auth/validateuser ===> Message : validateUserResponse() invoked!
info: ===> TimeStamp : 2025-01-15 18:14:36===> API : /api/auth/validateuser ===> Message : validateUserResponse() completed
info: ===> TimeStamp : 2025-01-15 18:14:36===> API : null ===> Message : validateRequest() invoked
info: ===> TimeStamp : 2025-01-15 18:14:36===> API : null ===> Message : fetchDBSettings()
info: ===> TimeStamp : 2025-01-15 18:14:36===> API : null ===> Message : validateRequest() Invoked!
info: ===> TimeStamp : 2025-01-15 18:14:36===> API : null ===> Message : validRequest() :: Api validated Successfully
info: ===> TimeStamp : 2025-01-15 18:14:36===> API : /api/auth/login ===> Message : loginUser() invoked!!
info: ===> TimeStamp : 2025-01-15 18:14:36===> API : /api/auth/login ===> Message : loginUser() :: Request Object :: [object Object]
info: ===> TimeStamp : 2025-01-15 18:14:36===> API : /api/auth/login ===> Message : loginUserDB() Invoked !
info: ===> TimeStamp : 2025-01-15 18:14:36===> API : /api/auth/login ===> Message : loginUserResponse() invoked!
info: ===> TimeStamp : 2025-01-15 18:14:36===> API : /api/auth/login ===> Message : loginUserResponse() completed
info: ===> TimeStamp : 2025-01-15 18:44:01===> API : null ===> Message : validateRequest() invoked
info: ===> TimeStamp : 2025-01-15 18:44:01===> API : null ===> Message : fetchDBSettings()
info: ===> TimeStamp : 2025-01-15 18:44:01===> API : null ===> Message : validateRequest() Invoked!
info: ===> TimeStamp : 2025-01-15 18:44:01===> API : null ===> Message : validRequest() :: Api validated Successfully
info: ===> TimeStamp : 2025-01-15 18:44:01===> API : /api/auth/validateuser ===> Message : validateUser() invoked!!
info: ===> TimeStamp : 2025-01-15 18:44:01===> API : /api/auth/validateuser ===> Message : validateUser() :: Request Object :: [object Object]
info: ===> TimeStamp : 2025-01-15 18:44:01===> API : /api/auth/validateuser ===> Message : validateUserDB() Invoked !
info: ===> TimeStamp : 2025-01-15 18:44:01===> API : /api/auth/validateuser ===> Message : validateUserResponse() invoked!
info: ===> TimeStamp : 2025-01-15 18:44:01===> API : /api/auth/validateuser ===> Message : validateUserResponse() completed
info: ===> TimeStamp : 2025-01-15 18:44:01===> API : null ===> Message : validateRequest() invoked
info: ===> TimeStamp : 2025-01-15 18:44:01===> API : null ===> Message : fetchDBSettings()
info: ===> TimeStamp : 2025-01-15 18:44:01===> API : null ===> Message : validateRequest() Invoked!
info: ===> TimeStamp : 2025-01-15 18:44:01===> API : null ===> Message : validRequest() :: Api validated Successfully
info: ===> TimeStamp : 2025-01-15 18:44:01===> API : /api/auth/login ===> Message : loginUser() invoked!!
info: ===> TimeStamp : 2025-01-15 18:44:01===> API : /api/auth/login ===> Message : loginUser() :: Request Object :: [object Object]
info: ===> TimeStamp : 2025-01-15 18:44:01===> API : /api/auth/login ===> Message : loginUserDB() Invoked !
info: ===> TimeStamp : 2025-01-15 18:44:01===> API : /api/auth/login ===> Message : loginUserResponse() invoked!
info: ===> TimeStamp : 2025-01-15 18:44:01===> API : /api/auth/login ===> Message : loginUserResponse() completed
info: ===> TimeStamp : 2025-01-15 18:51:26===> API : null ===> Message : validateRequest() invoked
info: ===> TimeStamp : 2025-01-15 18:51:26===> API : null ===> Message : fetchDBSettings()
info: ===> TimeStamp : 2025-01-15 18:51:26===> API : null ===> Message : validateRequest() Invoked!
info: ===> TimeStamp : 2025-01-15 18:51:26===> API : null ===> Message : validRequest() :: Api validated Successfully
info: ===> TimeStamp : 2025-01-15 18:51:26===> API : /api/auth/validateuser ===> Message : validateUser() :: Request Object :: [object Object]
info: ===> TimeStamp : 2025-01-15 18:51:26===> API : /api/auth/validateuser ===> Message : validateUserDB() Invoked !
info: ===> TimeStamp : 2025-01-15 18:51:26===> API : /api/auth/validateuser ===> Message : validateUser() invoked!!
info: ===> TimeStamp : 2025-01-15 18:51:26===> API : /api/auth/validateuser ===> Message : validateUserResponse() invoked!
info: ===> TimeStamp : 2025-01-15 18:51:26===> API : /api/auth/validateuser ===> Message : validateUserResponse() completed
info: ===> TimeStamp : 2025-01-15 18:51:27===> API : null ===> Message : validateRequest() invoked
info: ===> TimeStamp : 2025-01-15 18:51:27===> API : null ===> Message : fetchDBSettings()
info: ===> TimeStamp : 2025-01-15 18:51:27===> API : null ===> Message : validateRequest() Invoked!
info: ===> TimeStamp : 2025-01-15 18:51:27===> API : null ===> Message : validRequest() :: Api validated Successfully
info: ===> TimeStamp : 2025-01-15 18:51:27===> API : /api/auth/login ===> Message : loginUser() invoked!!
info: ===> TimeStamp : 2025-01-15 18:51:27===> API : /api/auth/login ===> Message : loginUser() :: Request Object :: [object Object]
info: ===> TimeStamp : 2025-01-15 18:51:27===> API : /api/auth/login ===> Message : loginUserDB() Invoked !
info: ===> TimeStamp : 2025-01-15 18:51:27===> API : /api/auth/login ===> Message : loginUserResponse() invoked!
info: ===> TimeStamp : 2025-01-15 18:51:27===> API : /api/auth/login ===> Message : loginUserResponse() completed
info: ===> TimeStamp : 2025-01-15 19:08:15===> API : null ===> Message : validateRequest() invoked
info: ===> TimeStamp : 2025-01-15 19:08:15===> API : null ===> Message : fetchDBSettings()
info: ===> TimeStamp : 2025-01-15 19:08:15===> API : null ===> Message : validateRequest() Invoked!
info: ===> TimeStamp : 2025-01-15 19:08:15===> API : null ===> Message : validRequest() :: Api validated Successfully
info: ===> TimeStamp : 2025-01-15 19:08:15===> API : /api/auth/validateuser ===> Message : validateUser() invoked!!
info: ===> TimeStamp : 2025-01-15 19:08:15===> API : /api/auth/validateuser ===> Message : validateUser() :: Request Object :: [object Object]
info: ===> TimeStamp : 2025-01-15 19:08:15===> API : /api/auth/validateuser ===> Message : validateUserDB() Invoked !
info: ===> TimeStamp : 2025-01-15 19:08:15===> API : /api/auth/validateuser ===> Message : validateUserResponse() invoked!
info: ===> TimeStamp : 2025-01-15 19:08:15===> API : /api/auth/validateuser ===> Message : validateUserResponse() completed
info: ===> TimeStamp : 2025-01-15 19:08:15===> API : null ===> Message : validateRequest() invoked
info: ===> TimeStamp : 2025-01-15 19:08:15===> API : null ===> Message : fetchDBSettings()
info: ===> TimeStamp : 2025-01-15 19:08:15===> API : null ===> Message : validateRequest() Invoked!
info: ===> TimeStamp : 2025-01-15 19:08:15===> API : null ===> Message : validRequest() :: Api validated Successfully
info: ===> TimeStamp : 2025-01-15 19:08:15===> API : /api/auth/login ===> Message : loginUser() invoked!!
info: ===> TimeStamp : 2025-01-15 19:08:15===> API : /api/auth/login ===> Message : loginUser() :: Request Object :: [object Object]
info: ===> TimeStamp : 2025-01-15 19:08:15===> API : /api/auth/login ===> Message : loginUserDB() Invoked !
info: ===> TimeStamp : 2025-01-15 19:08:15===> API : /api/auth/login ===> Message : loginUserResponse() invoked!
info: ===> TimeStamp : 2025-01-15 19:08:15===> API : /api/auth/login ===> Message : loginUserResponse() completed
info: ===> TimeStamp : 2025-01-15 19:13:34===> API : null ===> Message : validateRequest() invoked
info: ===> TimeStamp : 2025-01-15 19:13:34===> API : null ===> Message : fetchDBSettings()
info: ===> TimeStamp : 2025-01-15 19:13:34===> API : null ===> Message : validateRequest() Invoked!
info: ===> TimeStamp : 2025-01-15 19:13:34===> API : null ===> Message : validRequest() :: Api validated Successfully
info: ===> TimeStamp : 2025-01-15 19:13:34===> API : /api/auth/validateuser ===> Message : validateUser() invoked!!
info: ===> TimeStamp : 2025-01-15 19:13:34===> API : /api/auth/validateuser ===> Message : validateUser() :: Request Object :: [object Object]
info: ===> TimeStamp : 2025-01-15 19:13:34===> API : /api/auth/validateuser ===> Message : validateUserDB() Invoked !
info: ===> TimeStamp : 2025-01-15 19:13:34===> API : /api/auth/validateuser ===> Message : validateUserResponse() invoked!
info: ===> TimeStamp : 2025-01-15 19:13:34===> API : /api/auth/validateuser ===> Message : validateUserResponse() completed
info: ===> TimeStamp : 2025-01-15 19:13:34===> API : null ===> Message : validateRequest() invoked
info: ===> TimeStamp : 2025-01-15 19:13:34===> API : null ===> Message : fetchDBSettings()
info: ===> TimeStamp : 2025-01-15 19:13:34===> API : null ===> Message : validateRequest() Invoked!
info: ===> TimeStamp : 2025-01-15 19:13:34===> API : null ===> Message : validRequest() :: Api validated Successfully
info: ===> TimeStamp : 2025-01-15 19:13:34===> API : /api/auth/login ===> Message : loginUser() invoked!!
info: ===> TimeStamp : 2025-01-15 19:13:34===> API : /api/auth/login ===> Message : loginUser() :: Request Object :: [object Object]
info: ===> TimeStamp : 2025-01-15 19:13:34===> API : /api/auth/login ===> Message : loginUserDB() Invoked !
info: ===> TimeStamp : 2025-01-15 19:13:34===> API : /api/auth/login ===> Message : loginUserResponse() invoked!
info: ===> TimeStamp : 2025-01-15 19:13:34===> API : /api/auth/login ===> Message : loginUserResponse() completed
info: ===> TimeStamp : 2025-01-15 19:41:57===> API : null ===> Message : validateRequest() invoked
info: ===> TimeStamp : 2025-01-15 19:41:57===> API : null ===> Message : fetchDBSettings()
info: ===> TimeStamp : 2025-01-15 19:41:57===> API : null ===> Message : validateRequest() Invoked!
info: ===> TimeStamp : 2025-01-15 19:41:57===> API : null ===> Message : validRequest() :: Api validated Successfully
info: ===> TimeStamp : 2025-01-15 19:41:57===> API : /api/auth/validateuser ===> Message : validateUser() invoked!!
info: ===> TimeStamp : 2025-01-15 19:41:57===> API : /api/auth/validateuser ===> Message : validateUser() :: Request Object :: [object Object]
info: ===> TimeStamp : 2025-01-15 19:41:57===> API : /api/auth/validateuser ===> Message : validateUserDB() Invoked !
info: ===> TimeStamp : 2025-01-15 19:41:57===> API : /api/auth/validateuser ===> Message : validateUserResponse() invoked!
info: ===> TimeStamp : 2025-01-15 19:41:57===> API : /api/auth/validateuser ===> Message : validateUserResponse() completed
info: ===> TimeStamp : 2025-01-15 19:41:57===> API : null ===> Message : validateRequest() invoked
info: ===> TimeStamp : 2025-01-15 19:41:57===> API : null ===> Message : fetchDBSettings()
info: ===> TimeStamp : 2025-01-15 19:41:57===> API : null ===> Message : validateRequest() Invoked!
info: ===> TimeStamp : 2025-01-15 19:41:57===> API : null ===> Message : validRequest() :: Api validated Successfully
info: ===> TimeStamp : 2025-01-15 19:41:57===> API : /api/auth/login ===> Message : loginUser() invoked!!
info: ===> TimeStamp : 2025-01-15 19:41:57===> API : /api/auth/login ===> Message : loginUser() :: Request Object :: [object Object]
info: ===> TimeStamp : 2025-01-15 19:41:57===> API : /api/auth/login ===> Message : loginUserDB() Invoked !
info: ===> TimeStamp : 2025-01-15 19:41:57===> API : /api/auth/login ===> Message : loginUserResponse() invoked!
info: ===> TimeStamp : 2025-01-15 19:41:57===> API : /api/auth/login ===> Message : loginUserResponse() completed
info: ===> TimeStamp : 2025-01-15 19:55:55===> API : null ===> Message : validateRequest() invoked
info: ===> TimeStamp : 2025-01-15 19:55:55===> API : null ===> Message : fetchDBSettings()
info: ===> TimeStamp : 2025-01-15 19:55:55===> API : null ===> Message : validateRequest() Invoked!
info: ===> TimeStamp : 2025-01-15 19:55:55===> API : null ===> Message : validRequest() :: Api validated Successfully
info: ===> TimeStamp : 2025-01-15 19:55:55===> API : /api/auth/validateuser ===> Message : validateUser() invoked!!
info: ===> TimeStamp : 2025-01-15 19:55:55===> API : /api/auth/validateuser ===> Message : validateUser() :: Request Object :: [object Object]
info: ===> TimeStamp : 2025-01-15 19:55:55===> API : /api/auth/validateuser ===> Message : validateUserDB() Invoked !
info: ===> TimeStamp : 2025-01-15 19:55:55===> API : /api/auth/validateuser ===> Message : validateUserResponse() invoked!
info: ===> TimeStamp : 2025-01-15 19:55:55===> API : /api/auth/validateuser ===> Message : validateUserResponse() completed
info: ===> TimeStamp : 2025-01-15 19:55:55===> API : null ===> Message : validateRequest() invoked
info: ===> TimeStamp : 2025-01-15 19:55:55===> API : null ===> Message : fetchDBSettings()
info: ===> TimeStamp : 2025-01-15 19:55:55===> API : null ===> Message : validateRequest() Invoked!
info: ===> TimeStamp : 2025-01-15 19:55:55===> API : null ===> Message : validRequest() :: Api validated Successfully
info: ===> TimeStamp : 2025-01-15 19:55:55===> API : /api/auth/checkIP ===> Message : checkIP() invoked!!
info: ===> TimeStamp : 2025-01-15 19:55:55===> API : /api/auth/checkIP ===> Message : IPs match: 103.255.182.117
info: ===> TimeStamp : 2025-01-15 19:55:55===> API : /api/auth/checkIP ===> Message : checkIPResponse() invoked!
info: ===> TimeStamp : 2025-01-15 19:55:55===> API : /api/auth/checkIP ===> Message : checkIPResponse() completed
info: ===> TimeStamp : 2025-01-15 19:55:55===> API : null ===> Message : validateRequest() invoked
info: ===> TimeStamp : 2025-01-15 19:55:55===> API : null ===> Message : fetchDBSettings()
info: ===> TimeStamp : 2025-01-15 19:55:55===> API : null ===> Message : validateRequest() Invoked!
info: ===> TimeStamp : 2025-01-15 19:55:55===> API : null ===> Message : validRequest() :: Api validated Successfully
info: ===> TimeStamp : 2025-01-15 19:55:55===> API : /api/auth/login ===> Message : loginUser() invoked!!
info: ===> TimeStamp : 2025-01-15 19:55:55===> API : /api/auth/login ===> Message : loginUser() :: Request Object :: [object Object]
info: ===> TimeStamp : 2025-01-15 19:55:55===> API : /api/auth/login ===> Message : loginUserDB() Invoked !
info: ===> TimeStamp : 2025-01-15 19:55:55===> API : /api/auth/login ===> Message : loginUserResponse() invoked!
info: ===> TimeStamp : 2025-01-15 19:55:55===> API : /api/auth/login ===> Message : loginUserResponse() completed
info: ===> TimeStamp : 2025-01-15 20:55:43===> API : null ===> Message : validateRequest() invoked
info: ===> TimeStamp : 2025-01-15 20:55:43===> API : null ===> Message : fetchDBSettings()
info: ===> TimeStamp : 2025-01-15 20:55:43===> API : null ===> Message : validateRequest() Invoked!
info: ===> TimeStamp : 2025-01-15 20:55:43===> API : null ===> Message : validRequest() :: Api validated Successfully
info: ===> TimeStamp : 2025-01-15 20:55:43===> API : /api/auth/validateuser ===> Message : validateUser() invoked!!
info: ===> TimeStamp : 2025-01-15 20:55:43===> API : /api/auth/validateuser ===> Message : validateUser() :: Request Object :: [object Object]
info: ===> TimeStamp : 2025-01-15 20:55:43===> API : /api/auth/validateuser ===> Message : validateUserDB() Invoked !
info: ===> TimeStamp : 2025-01-15 20:55:43===> API : /api/auth/validateuser ===> Message : validateUserResponse() invoked!
info: ===> TimeStamp : 2025-01-15 20:55:43===> API : /api/auth/validateuser ===> Message : validateUserResponse() completed
info: ===> TimeStamp : 2025-01-15 20:55:43===> API : null ===> Message : validateRequest() invoked
info: ===> TimeStamp : 2025-01-15 20:55:43===> API : null ===> Message : fetchDBSettings()
info: ===> TimeStamp : 2025-01-15 20:55:43===> API : null ===> Message : validateRequest() Invoked!
info: ===> TimeStamp : 2025-01-15 20:55:43===> API : null ===> Message : validRequest() :: Api validated Successfully
info: ===> TimeStamp : 2025-01-15 20:55:43===> API : /api/auth/login ===> Message : loginUser() invoked!!
info: ===> TimeStamp : 2025-01-15 20:55:43===> API : /api/auth/login ===> Message : loginUser() :: Request Object :: [object Object]
info: ===> TimeStamp : 2025-01-15 20:55:43===> API : /api/auth/login ===> Message : loginUserDB() Invoked !
info: ===> TimeStamp : 2025-01-15 20:55:43===> API : /api/auth/login ===> Message : loginUserResponse() invoked!
info: ===> TimeStamp : 2025-01-15 20:55:43===> API : /api/auth/login ===> Message : loginUserResponse() completed
info: ===> TimeStamp : 2025-01-15 20:59:31===> API : null ===> Message : validateRequest() invoked
info: ===> TimeStamp : 2025-01-15 20:59:31===> API : null ===> Message : fetchDBSettings()
info: ===> TimeStamp : 2025-01-15 20:59:31===> API : null ===> Message : validateRequest() Invoked!
info: ===> TimeStamp : 2025-01-15 20:59:31===> API : null ===> Message : validRequest() :: Api validated Successfully
info: ===> TimeStamp : 2025-01-15 20:59:31===> API : /api/auth/validateuser ===> Message : validateUser() invoked!!
info: ===> TimeStamp : 2025-01-15 20:59:31===> API : /api/auth/validateuser ===> Message : validateUser() :: Request Object :: [object Object]
info: ===> TimeStamp : 2025-01-15 20:59:31===> API : /api/auth/validateuser ===> Message : validateUserDB() Invoked !
info: ===> TimeStamp : 2025-01-15 20:59:31===> API : /api/auth/validateuser ===> Message : validateUserResponse() invoked!
info: ===> TimeStamp : 2025-01-15 20:59:31===> API : /api/auth/validateuser ===> Message : validateUserResponse() completed
info: ===> TimeStamp : 2025-01-15 20:59:31===> API : null ===> Message : validateRequest() invoked
info: ===> TimeStamp : 2025-01-15 20:59:31===> API : null ===> Message : fetchDBSettings()
info: ===> TimeStamp : 2025-01-15 20:59:31===> API : null ===> Message : validateRequest() Invoked!
info: ===> TimeStamp : 2025-01-15 20:59:31===> API : null ===> Message : validRequest() :: Api validated Successfully
info: ===> TimeStamp : 2025-01-15 20:59:31===> API : /api/auth/login ===> Message : loginUser() invoked!!
info: ===> TimeStamp : 2025-01-15 20:59:31===> API : /api/auth/login ===> Message : loginUser() :: Request Object :: [object Object]
info: ===> TimeStamp : 2025-01-15 20:59:31===> API : /api/auth/login ===> Message : loginUserDB() Invoked !
info: ===> TimeStamp : 2025-01-15 20:59:31===> API : /api/auth/login ===> Message : loginUserResponse() invoked!
info: ===> TimeStamp : 2025-01-15 20:59:31===> API : /api/auth/login ===> Message : loginUserResponse() completed
info: ===> TimeStamp : 2025-01-15 21:57:33===> API : null ===> Message : validateRequest() invoked
info: ===> TimeStamp : 2025-01-15 21:57:33===> API : null ===> Message : fetchDBSettings()
info: ===> TimeStamp : 2025-01-15 21:57:33===> API : null ===> Message : validateRequest() Invoked!
info: ===> TimeStamp : 2025-01-15 21:57:33===> API : null ===> Message : validRequest() :: Api validated Successfully
info: ===> TimeStamp : 2025-01-15 21:57:33===> API : /api/auth/validateuser ===> Message : validateUser() invoked!!
info: ===> TimeStamp : 2025-01-15 21:57:33===> API : /api/auth/validateuser ===> Message : validateUser() :: Request Object :: [object Object]
info: ===> TimeStamp : 2025-01-15 21:57:33===> API : /api/auth/validateuser ===> Message : validateUserDB() Invoked !
info: ===> TimeStamp : 2025-01-15 21:57:33===> API : /api/auth/validateuser ===> Message : validateUserResponse() invoked!
info: ===> TimeStamp : 2025-01-15 21:57:33===> API : /api/auth/validateuser ===> Message : validateUserResponse() completed
info: ===> TimeStamp : 2025-01-15 21:57:33===> API : null ===> Message : validateRequest() invoked
info: ===> TimeStamp : 2025-01-15 21:57:33===> API : null ===> Message : fetchDBSettings()
info: ===> TimeStamp : 2025-01-15 21:57:33===> API : null ===> Message : validateRequest() Invoked!
info: ===> TimeStamp : 2025-01-15 21:57:33===> API : null ===> Message : validRequest() :: Api validated Successfully
info: ===> TimeStamp : 2025-01-15 21:57:33===> API : /api/auth/login ===> Message : loginUser() invoked!!
info: ===> TimeStamp : 2025-01-15 21:57:33===> API : /api/auth/login ===> Message : loginUser() :: Request Object :: [object Object]
info: ===> TimeStamp : 2025-01-15 21:57:33===> API : /api/auth/login ===> Message : loginUserDB() Invoked !
info: ===> TimeStamp : 2025-01-15 21:57:33===> API : /api/auth/login ===> Message : loginUserResponse() invoked!
info: ===> TimeStamp : 2025-01-15 21:57:33===> API : /api/auth/login ===> Message : loginUserResponse() completed
info: ===> TimeStamp : 2025-01-15 22:08:23===> API : null ===> Message : validateRequest() invoked
info: ===> TimeStamp : 2025-01-15 22:08:23===> API : null ===> Message : fetchDBSettings()
info: ===> TimeStamp : 2025-01-15 22:08:23===> API : null ===> Message : validateRequest() Invoked!
info: ===> TimeStamp : 2025-01-15 22:08:23===> API : null ===> Message : validRequest() :: Api validated Successfully
info: ===> TimeStamp : 2025-01-15 22:08:23===> API : /api/auth/logout ===> Message : logoutUser() invoked!!
info: ===> TimeStamp : 2025-01-15 22:08:23===> API : /api/auth/logout ===> Message : logoutUser() :: Request Object :: [object Object]
info: ===> TimeStamp : 2025-01-15 22:08:23===> API : /api/auth/logout ===> Message : logoutUserDB() Invoked !
info: ===> TimeStamp : 2025-01-15 22:08:23===> API : /api/auth/logout ===> Message : logoutUserResponse() invoked!
info: ===> TimeStamp : 2025-01-15 22:08:23===> API : /api/auth/logout ===> Message : logoutUserResponse() completed
info: ===> TimeStamp : 2025-01-15 22:09:19===> API : null ===> Message : validateRequest() invoked
info: ===> TimeStamp : 2025-01-15 22:09:19===> API : null ===> Message : fetchDBSettings()
info: ===> TimeStamp : 2025-01-15 22:09:19===> API : null ===> Message : validateRequest() Invoked!
info: ===> TimeStamp : 2025-01-15 22:09:19===> API : null ===> Message : validRequest() :: Api validated Successfully
info: ===> TimeStamp : 2025-01-15 22:09:19===> API : /api/auth/logout ===> Message : logoutUser() invoked!!
info: ===> TimeStamp : 2025-01-15 22:09:19===> API : /api/auth/logout ===> Message : logoutUser() :: Request Object :: [object Object]
info: ===> TimeStamp : 2025-01-15 22:09:19===> API : /api/auth/logout ===> Message : logoutUserDB() Invoked !
info: ===> TimeStamp : 2025-01-15 22:09:19===> API : /api/auth/logout ===> Message : logoutUserResponse() completed
info: ===> TimeStamp : 2025-01-15 22:09:19===> API : /api/auth/logout ===> Message : logoutUserResponse() invoked!
info: ===> TimeStamp : 2025-01-15 22:09:26===> API : null ===> Message : validateRequest() invoked
info: ===> TimeStamp : 2025-01-15 22:09:26===> API : null ===> Message : fetchDBSettings()
info: ===> TimeStamp : 2025-01-15 22:09:26===> API : null ===> Message : validateRequest() Invoked!
info: ===> TimeStamp : 2025-01-15 22:09:26===> API : null ===> Message : validRequest() :: Api validated Successfully
info: ===> TimeStamp : 2025-01-15 22:09:26===> API : /api/auth/validateuser ===> Message : validateUser() invoked!!
info: ===> TimeStamp : 2025-01-15 22:09:26===> API : /api/auth/validateuser ===> Message : validateUser() :: Request Object :: [object Object]
info: ===> TimeStamp : 2025-01-15 22:09:26===> API : /api/auth/validateuser ===> Message : validateUserDB() Invoked !
info: ===> TimeStamp : 2025-01-15 22:09:26===> API : /api/auth/validateuser ===> Message : validateUserResponse() invoked!
info: ===> TimeStamp : 2025-01-15 22:09:26===> API : /api/auth/validateuser ===> Message : validateUserResponse() completed
info: ===> TimeStamp : 2025-01-15 22:09:26===> API : null ===> Message : validateRequest() invoked
info: ===> TimeStamp : 2025-01-15 22:09:26===> API : null ===> Message : fetchDBSettings()
info: ===> TimeStamp : 2025-01-15 22:09:26===> API : null ===> Message : validateRequest() Invoked!
info: ===> TimeStamp : 2025-01-15 22:09:26===> API : null ===> Message : validRequest() :: Api validated Successfully
info: ===> TimeStamp : 2025-01-15 22:09:26===> API : /api/auth/checkIP ===> Message : checkIP() invoked!!
info: ===> TimeStamp : 2025-01-15 22:09:26===> API : /api/auth/checkIP ===> Message : IPs match: 103.255.182.117
info: ===> TimeStamp : 2025-01-15 22:09:26===> API : /api/auth/checkIP ===> Message : checkIPResponse() invoked!
info: ===> TimeStamp : 2025-01-15 22:09:26===> API : /api/auth/checkIP ===> Message : checkIPResponse() completed
info: ===> TimeStamp : 2025-01-15 22:09:26===> API : null ===> Message : validateRequest() invoked
info: ===> TimeStamp : 2025-01-15 22:09:26===> API : null ===> Message : fetchDBSettings()
info: ===> TimeStamp : 2025-01-15 22:09:26===> API : null ===> Message : validateRequest() Invoked!
info: ===> TimeStamp : 2025-01-15 22:09:26===> API : null ===> Message : validRequest() :: Api validated Successfully
info: ===> TimeStamp : 2025-01-15 22:09:26===> API : /api/auth/login ===> Message : loginUser() invoked!!
info: ===> TimeStamp : 2025-01-15 22:09:26===> API : /api/auth/login ===> Message : loginUser() :: Request Object :: [object Object]
info: ===> TimeStamp : 2025-01-15 22:09:26===> API : /api/auth/login ===> Message : loginUserDB() Invoked !
info: ===> TimeStamp : 2025-01-15 22:09:27===> API : /api/auth/login ===> Message : loginUserResponse() invoked!
info: ===> TimeStamp : 2025-01-15 22:09:27===> API : /api/auth/login ===> Message : loginUserResponse() completed
info: ===> TimeStamp : 2025-01-15 22:12:52===> API : null ===> Message : validateRequest() invoked
info: ===> TimeStamp : 2025-01-15 22:12:52===> API : null ===> Message : fetchDBSettings()
info: ===> TimeStamp : 2025-01-15 22:12:52===> API : null ===> Message : validateRequest() Invoked!
info: ===> TimeStamp : 2025-01-15 22:12:52===> API : null ===> Message : validRequest() :: Api validated Successfully
info: ===> TimeStamp : 2025-01-15 22:12:52===> API : /api/auth/validateuser ===> Message : validateUser() invoked!!
info: ===> TimeStamp : 2025-01-15 22:12:52===> API : /api/auth/validateuser ===> Message : validateUser() :: Request Object :: [object Object]
info: ===> TimeStamp : 2025-01-15 22:12:52===> API : /api/auth/validateuser ===> Message : validateUserDB() Invoked !
info: ===> TimeStamp : 2025-01-15 22:12:52===> API : /api/auth/validateuser ===> Message : validateUserResponse() invoked!
info: ===> TimeStamp : 2025-01-15 22:12:52===> API : /api/auth/validateuser ===> Message : validateUserResponse() completed
info: ===> TimeStamp : 2025-01-15 22:12:52===> API : null ===> Message : validateRequest() invoked
info: ===> TimeStamp : 2025-01-15 22:12:52===> API : null ===> Message : fetchDBSettings()
info: ===> TimeStamp : 2025-01-15 22:12:52===> API : null ===> Message : validateRequest() Invoked!
info: ===> TimeStamp : 2025-01-15 22:12:52===> API : null ===> Message : validRequest() :: Api validated Successfully
info: ===> TimeStamp : 2025-01-15 22:12:52===> API : /api/auth/checkIP ===> Message : checkIP() invoked!!
info: ===> TimeStamp : 2025-01-15 22:12:52===> API : /api/auth/checkIP ===> Message : IPs match: 103.255.182.117
info: ===> TimeStamp : 2025-01-15 22:12:52===> API : /api/auth/checkIP ===> Message : checkIPResponse() invoked!
info: ===> TimeStamp : 2025-01-15 22:12:52===> API : /api/auth/checkIP ===> Message : checkIPResponse() completed
info: ===> TimeStamp : 2025-01-15 22:12:52===> API : null ===> Message : validateRequest() invoked
info: ===> TimeStamp : 2025-01-15 22:12:52===> API : null ===> Message : fetchDBSettings()
info: ===> TimeStamp : 2025-01-15 22:12:52===> API : null ===> Message : validateRequest() Invoked!
info: ===> TimeStamp : 2025-01-15 22:12:52===> API : null ===> Message : validRequest() :: Api validated Successfully
info: ===> TimeStamp : 2025-01-15 22:12:52===> API : /api/auth/login ===> Message : loginUser() invoked!!
info: ===> TimeStamp : 2025-01-15 22:12:52===> API : /api/auth/login ===> Message : loginUser() :: Request Object :: [object Object]
info: ===> TimeStamp : 2025-01-15 22:12:52===> API : /api/auth/login ===> Message : loginUserDB() Invoked !
info: ===> TimeStamp : 2025-01-15 22:12:52===> API : /api/auth/login ===> Message : loginUserResponse() invoked!
info: ===> TimeStamp : 2025-01-15 22:12:52===> API : /api/auth/login ===> Message : loginUserResponse() completed
info: ===> TimeStamp : 2025-01-15 22:34:42===> API : null ===> Message : validateRequest() invoked
info: ===> TimeStamp : 2025-01-15 22:34:42===> API : null ===> Message : fetchDBSettings()
info: ===> TimeStamp : 2025-01-15 22:34:42===> API : null ===> Message : validateRequest() Invoked!
info: ===> TimeStamp : 2025-01-15 22:34:42===> API : null ===> Message : validRequest() :: Api validated Successfully
info: ===> TimeStamp : 2025-01-15 22:34:42===> API : /api/auth/validateuser ===> Message : validateUser() invoked!!
info: ===> TimeStamp : 2025-01-15 22:34:42===> API : /api/auth/validateuser ===> Message : validateUser() :: Request Object :: [object Object]
info: ===> TimeStamp : 2025-01-15 22:34:42===> API : /api/auth/validateuser ===> Message : validateUserDB() Invoked !
info: ===> TimeStamp : 2025-01-15 22:34:42===> API : /api/auth/validateuser ===> Message : validateUserResponse() invoked!
info: ===> TimeStamp : 2025-01-15 22:34:42===> API : /api/auth/validateuser ===> Message : validateUserResponse() completed
info: ===> TimeStamp : 2025-01-15 22:34:42===> API : null ===> Message : validateRequest() invoked
info: ===> TimeStamp : 2025-01-15 22:34:42===> API : null ===> Message : fetchDBSettings()
info: ===> TimeStamp : 2025-01-15 22:34:42===> API : null ===> Message : validateRequest() Invoked!
info: ===> TimeStamp : 2025-01-15 22:34:42===> API : null ===> Message : validRequest() :: Api validated Successfully
info: ===> TimeStamp : 2025-01-15 22:34:42===> API : /api/auth/login ===> Message : loginUser() invoked!!
info: ===> TimeStamp : 2025-01-15 22:34:42===> API : /api/auth/login ===> Message : loginUser() :: Request Object :: [object Object]
info: ===> TimeStamp : 2025-01-15 22:34:42===> API : /api/auth/login ===> Message : loginUserDB() Invoked !
info: ===> TimeStamp : 2025-01-15 22:34:42===> API : /api/auth/login ===> Message : loginUserResponse() invoked!
info: ===> TimeStamp : 2025-01-15 22:34:42===> API : /api/auth/login ===> Message : loginUserResponse() completed
info: ===> TimeStamp : 2025-01-15 22:35:59===> API : null ===> Message : validateRequest() invoked
info: ===> TimeStamp : 2025-01-15 22:35:59===> API : null ===> Message : fetchDBSettings()
info: ===> TimeStamp : 2025-01-15 22:35:59===> API : null ===> Message : validateRequest() Invoked!
info: ===> TimeStamp : 2025-01-15 22:35:59===> API : null ===> Message : validRequest() :: Api validated Successfully
info: ===> TimeStamp : 2025-01-15 22:35:59===> API : /api/auth/validateuser ===> Message : validateUser() invoked!!
info: ===> TimeStamp : 2025-01-15 22:35:59===> API : /api/auth/validateuser ===> Message : validateUser() :: Request Object :: [object Object]
info: ===> TimeStamp : 2025-01-15 22:35:59===> API : /api/auth/validateuser ===> Message : validateUserDB() Invoked !
info: ===> TimeStamp : 2025-01-15 22:35:59===> API : /api/auth/validateuser ===> Message : validateUserResponse() invoked!
info: ===> TimeStamp : 2025-01-15 22:35:59===> API : /api/auth/validateuser ===> Message : validateUserResponse() completed
info: ===> TimeStamp : 2025-01-15 22:35:59===> API : null ===> Message : validateRequest() invoked
info: ===> TimeStamp : 2025-01-15 22:35:59===> API : null ===> Message : fetchDBSettings()
info: ===> TimeStamp : 2025-01-15 22:35:59===> API : null ===> Message : validateRequest() Invoked!
info: ===> TimeStamp : 2025-01-15 22:35:59===> API : null ===> Message : validRequest() :: Api validated Successfully
info: ===> TimeStamp : 2025-01-15 22:35:59===> API : /api/auth/login ===> Message : loginUser() :: Request Object :: [object Object]
info: ===> TimeStamp : 2025-01-15 22:35:59===> API : /api/auth/login ===> Message : loginUser() invoked!!
info: ===> TimeStamp : 2025-01-15 22:35:59===> API : /api/auth/login ===> Message : loginUserDB() Invoked !
info: ===> TimeStamp : 2025-01-15 22:35:59===> API : /api/auth/login ===> Message : loginUserResponse() invoked!
info: ===> TimeStamp : 2025-01-15 22:35:59===> API : /api/auth/login ===> Message : loginUserResponse() completed
info: ===> TimeStamp : 2025-01-15 23:13:14===> API : null ===> Message : validateRequest() invoked
info: ===> TimeStamp : 2025-01-15 23:13:14===> API : null ===> Message : fetchDBSettings()
info: ===> TimeStamp : 2025-01-15 23:13:14===> API : null ===> Message : validateRequest() Invoked!
info: ===> TimeStamp : 2025-01-15 23:13:14===> API : null ===> Message : validRequest() :: Api validated Successfully
info: ===> TimeStamp : 2025-01-15 23:13:14===> API : /api/auth/validateuser ===> Message : validateUser() invoked!!
info: ===> TimeStamp : 2025-01-15 23:13:14===> API : /api/auth/validateuser ===> Message : validateUser() :: Request Object :: [object Object]
info: ===> TimeStamp : 2025-01-15 23:13:14===> API : /api/auth/validateuser ===> Message : validateUserDB() Invoked !
info: ===> TimeStamp : 2025-01-15 23:13:14===> API : /api/auth/validateuser ===> Message : validateUserResponse() invoked!
info: ===> TimeStamp : 2025-01-15 23:13:14===> API : /api/auth/validateuser ===> Message : validateUserResponse() completed
info: ===> TimeStamp : 2025-01-15 23:13:14===> API : null ===> Message : validateRequest() invoked
info: ===> TimeStamp : 2025-01-15 23:13:14===> API : null ===> Message : fetchDBSettings()
info: ===> TimeStamp : 2025-01-15 23:13:15===> API : null ===> Message : validateRequest() Invoked!
info: ===> TimeStamp : 2025-01-15 23:13:15===> API : /api/auth/checkIP ===> Message : checkIP() invoked!!
info: ===> TimeStamp : 2025-01-15 23:13:15===> API : null ===> Message : validRequest() :: Api validated Successfully
info: ===> TimeStamp : 2025-01-15 23:13:15===> API : /api/auth/checkIP ===> Message : IPs match: 103.255.182.117
info: ===> TimeStamp : 2025-01-15 23:13:15===> API : /api/auth/checkIP ===> Message : checkIPResponse() invoked!
info: ===> TimeStamp : 2025-01-15 23:13:15===> API : /api/auth/checkIP ===> Message : checkIPResponse() completed
info: ===> TimeStamp : 2025-01-15 23:13:15===> API : null ===> Message : validateRequest() invoked
info: ===> TimeStamp : 2025-01-15 23:13:15===> API : null ===> Message : fetchDBSettings()
info: ===> TimeStamp : 2025-01-15 23:13:15===> API : null ===> Message : validateRequest() Invoked!
info: ===> TimeStamp : 2025-01-15 23:13:15===> API : /api/auth/login ===> Message : loginUser() invoked!!
info: ===> TimeStamp : 2025-01-15 23:13:15===> API : null ===> Message : validRequest() :: Api validated Successfully
info: ===> TimeStamp : 2025-01-15 23:13:15===> API : /api/auth/login ===> Message : loginUser() :: Request Object :: [object Object]
info: ===> TimeStamp : 2025-01-15 23:13:15===> API : /api/auth/login ===> Message : loginUserDB() Invoked !
info: ===> TimeStamp : 2025-01-15 23:13:15===> API : /api/auth/login ===> Message : loginUserResponse() invoked!
info: ===> TimeStamp : 2025-01-15 23:13:15===> API : /api/auth/login ===> Message : loginUserResponse() completed
info: ===> TimeStamp : 2025-01-15 23:14:26===> API : null ===> Message : validateRequest() invoked
info: ===> TimeStamp : 2025-01-15 23:14:26===> API : null ===> Message : fetchDBSettings()
info: ===> TimeStamp : 2025-01-15 23:14:26===> API : null ===> Message : validateRequest() Invoked!
info: ===> TimeStamp : 2025-01-15 23:14:26===> API : null ===> Message : validRequest() :: Api validated Successfully
info: ===> TimeStamp : 2025-01-15 23:14:26===> API : /api/auth/validateuser ===> Message : validateUser() invoked!!
info: ===> TimeStamp : 2025-01-15 23:14:26===> API : /api/auth/validateuser ===> Message : validateUser() :: Request Object :: [object Object]
info: ===> TimeStamp : 2025-01-15 23:14:26===> API : /api/auth/validateuser ===> Message : validateUserDB() Invoked !
info: ===> TimeStamp : 2025-01-15 23:14:26===> API : /api/auth/validateuser ===> Message : validateUserResponse() invoked!
info: ===> TimeStamp : 2025-01-15 23:14:26===> API : /api/auth/validateuser ===> Message : validateUserResponse() completed
info: ===> TimeStamp : 2025-01-15 23:14:27===> API : null ===> Message : validateRequest() invoked
info: ===> TimeStamp : 2025-01-15 23:14:27===> API : null ===> Message : fetchDBSettings()
info: ===> TimeStamp : 2025-01-15 23:14:27===> API : null ===> Message : validateRequest() Invoked!
info: ===> TimeStamp : 2025-01-15 23:14:27===> API : null ===> Message : validRequest() :: Api validated Successfully
info: ===> TimeStamp : 2025-01-15 23:14:27===> API : /api/auth/login ===> Message : loginUser() invoked!!
info: ===> TimeStamp : 2025-01-15 23:14:27===> API : /api/auth/login ===> Message : loginUser() :: Request Object :: [object Object]
info: ===> TimeStamp : 2025-01-15 23:14:27===> API : /api/auth/login ===> Message : loginUserDB() Invoked !
info: ===> TimeStamp : 2025-01-15 23:14:27===> API : /api/auth/login ===> Message : loginUserResponse() invoked!
info: ===> TimeStamp : 2025-01-15 23:14:27===> API : /api/auth/login ===> Message : loginUserResponse() completed
info: ===> TimeStamp : 2025-01-15 23:46:45===> API : null ===> Message : validateRequest() invoked
info: ===> TimeStamp : 2025-01-15 23:46:45===> API : null ===> Message : fetchDBSettings()
info: ===> TimeStamp : 2025-01-15 23:46:45===> API : null ===> Message : validateRequest() Invoked!
info: ===> TimeStamp : 2025-01-15 23:46:45===> API : null ===> Message : validRequest() :: Api validated Successfully
info: ===> TimeStamp : 2025-01-15 23:46:45===> API : /api/auth/validateuser ===> Message : validateUser() invoked!!
info: ===> TimeStamp : 2025-01-15 23:46:45===> API : /api/auth/validateuser ===> Message : validateUser() :: Request Object :: [object Object]
info: ===> TimeStamp : 2025-01-15 23:46:45===> API : /api/auth/validateuser ===> Message : validateUserDB() Invoked !
info: ===> TimeStamp : 2025-01-15 23:46:45===> API : /api/auth/validateuser ===> Message : validateUserResponse() invoked!
info: ===> TimeStamp : 2025-01-15 23:46:45===> API : /api/auth/validateuser ===> Message : validateUserResponse() completed
info: ===> TimeStamp : 2025-01-15 23:46:45===> API : null ===> Message : validateRequest() invoked
info: ===> TimeStamp : 2025-01-15 23:46:45===> API : null ===> Message : fetchDBSettings()
info: ===> TimeStamp : 2025-01-15 23:46:45===> API : null ===> Message : validateRequest() Invoked!
info: ===> TimeStamp : 2025-01-15 23:46:45===> API : null ===> Message : validRequest() :: Api validated Successfully
info: ===> TimeStamp : 2025-01-15 23:46:45===> API : /api/auth/login ===> Message : loginUser() invoked!!
info: ===> TimeStamp : 2025-01-15 23:46:45===> API : /api/auth/login ===> Message : loginUser() :: Request Object :: [object Object]
info: ===> TimeStamp : 2025-01-15 23:46:45===> API : /api/auth/login ===> Message : loginUserDB() Invoked !
info: ===> TimeStamp : 2025-01-15 23:46:45===> API : /api/auth/login ===> Message : loginUserResponse() invoked!
info: ===> TimeStamp : 2025-01-15 23:46:45===> API : /api/auth/login ===> Message : loginUserResponse() completed
info: ===> TimeStamp : 2025-01-15 23:51:15===> API : null ===> Message : validateRequest() invoked
info: ===> TimeStamp : 2025-01-15 23:51:15===> API : null ===> Message : fetchDBSettings()
info: ===> TimeStamp : 2025-01-15 23:51:15===> API : null ===> Message : validateRequest() Invoked!
info: ===> TimeStamp : 2025-01-15 23:51:15===> API : null ===> Message : validRequest() :: Api validated Successfully
info: ===> TimeStamp : 2025-01-15 23:51:15===> API : /api/auth/validateuser ===> Message : validateUser() invoked!!
info: ===> TimeStamp : 2025-01-15 23:51:15===> API : /api/auth/validateuser ===> Message : validateUser() :: Request Object :: [object Object]
info: ===> TimeStamp : 2025-01-15 23:51:15===> API : /api/auth/validateuser ===> Message : validateUserDB() Invoked !
info: ===> TimeStamp : 2025-01-15 23:51:15===> API : /api/auth/validateuser ===> Message : validateUserResponse() invoked!
info: ===> TimeStamp : 2025-01-15 23:51:15===> API : /api/auth/validateuser ===> Message : validateUserResponse() completed
info: ===> TimeStamp : 2025-01-15 23:51:15===> API : null ===> Message : validateRequest() invoked
info: ===> TimeStamp : 2025-01-15 23:51:15===> API : null ===> Message : fetchDBSettings()
info: ===> TimeStamp : 2025-01-15 23:51:15===> API : null ===> Message : validateRequest() Invoked!
info: ===> TimeStamp : 2025-01-15 23:51:15===> API : null ===> Message : validRequest() :: Api validated Successfully
info: ===> TimeStamp : 2025-01-15 23:51:15===> API : /api/auth/login ===> Message : loginUser() invoked!!
info: ===> TimeStamp : 2025-01-15 23:51:15===> API : /api/auth/login ===> Message : loginUser() :: Request Object :: [object Object]
info: ===> TimeStamp : 2025-01-15 23:51:15===> API : /api/auth/login ===> Message : loginUserDB() Invoked !
info: ===> TimeStamp : 2025-01-15 23:51:15===> API : /api/auth/login ===> Message : loginUserResponse() invoked!
info: ===> TimeStamp : 2025-01-15 23:51:15===> API : /api/auth/login ===> Message : loginUserResponse() completed
info: ===> TimeStamp : 2025-01-15 23:56:41===> API : null ===> Message : validateRequest() invoked
info: ===> TimeStamp : 2025-01-15 23:56:41===> API : null ===> Message : fetchDBSettings()
info: ===> TimeStamp : 2025-01-15 23:56:41===> API : null ===> Message : validateRequest() Invoked!
info: ===> TimeStamp : 2025-01-15 23:56:41===> API : null ===> Message : validRequest() :: Api validated Successfully
info: ===> TimeStamp : 2025-01-15 23:56:41===> API : /api/auth/validateuser ===> Message : validateUser() invoked!!
info: ===> TimeStamp : 2025-01-15 23:56:41===> API : /api/auth/validateuser ===> Message : validateUser() :: Request Object :: [object Object]
info: ===> TimeStamp : 2025-01-15 23:56:41===> API : /api/auth/validateuser ===> Message : validateUserDB() Invoked !
info: ===> TimeStamp : 2025-01-15 23:56:41===> API : /api/auth/validateuser ===> Message : validateUserResponse() invoked!
info: ===> TimeStamp : 2025-01-15 23:56:41===> API : /api/auth/validateuser ===> Message : validateUserResponse() completed
info: ===> TimeStamp : 2025-01-15 23:56:41===> API : null ===> Message : validateRequest() invoked
info: ===> TimeStamp : 2025-01-15 23:56:41===> API : null ===> Message : fetchDBSettings()
info: ===> TimeStamp : 2025-01-15 23:56:41===> API : null ===> Message : validateRequest() Invoked!
info: ===> TimeStamp : 2025-01-15 23:56:41===> API : null ===> Message : validRequest() :: Api validated Successfully
info: ===> TimeStamp : 2025-01-15 23:56:41===> API : /api/auth/login ===> Message : loginUser() invoked!!
info: ===> TimeStamp : 2025-01-15 23:56:41===> API : /api/auth/login ===> Message : loginUser() :: Request Object :: [object Object]
info: ===> TimeStamp : 2025-01-15 23:56:41===> API : /api/auth/login ===> Message : loginUserDB() Invoked !
info: ===> TimeStamp : 2025-01-15 23:56:41===> API : /api/auth/login ===> Message : loginUserResponse() invoked!
info: ===> TimeStamp : 2025-01-15 23:56:41===> API : /api/auth/login ===> Message : loginUserResponse() completed
info: ===> TimeStamp : 2025-01-16 00:44:06===> API : null ===> Message : validateRequest() invoked
info: ===> TimeStamp : 2025-01-16 00:44:06===> API : null ===> Message : fetchDBSettings()
info: ===> TimeStamp : 2025-01-16 00:44:06===> API : null ===> Message : validateRequest() Invoked!
info: ===> TimeStamp : 2025-01-16 00:44:06===> API : null ===> Message : validRequest() :: Api validated Successfully
info: ===> TimeStamp : 2025-01-16 00:44:06===> API : /api/auth/validateuser ===> Message : validateUser() invoked!!
info: ===> TimeStamp : 2025-01-16 00:44:06===> API : /api/auth/validateuser ===> Message : validateUser() :: Request Object :: [object Object]
info: ===> TimeStamp : 2025-01-16 00:44:06===> API : /api/auth/validateuser ===> Message : validateUserDB() Invoked !
info: ===> TimeStamp : 2025-01-16 00:44:06===> API : /api/auth/validateuser ===> Message : validateUserResponse() invoked!
info: ===> TimeStamp : 2025-01-16 00:44:06===> API : /api/auth/validateuser ===> Message : validateUserResponse() completed
info: ===> TimeStamp : 2025-01-16 00:44:06===> API : null ===> Message : validateRequest() invoked
info: ===> TimeStamp : 2025-01-16 00:44:06===> API : null ===> Message : fetchDBSettings()
info: ===> TimeStamp : 2025-01-16 00:44:06===> API : null ===> Message : validateRequest() Invoked!
info: ===> TimeStamp : 2025-01-16 00:44:06===> API : null ===> Message : validRequest() :: Api validated Successfully
info: ===> TimeStamp : 2025-01-16 00:44:06===> API : /api/auth/login ===> Message : loginUser() invoked!!
info: ===> TimeStamp : 2025-01-16 00:44:06===> API : /api/auth/login ===> Message : loginUser() :: Request Object :: [object Object]
info: ===> TimeStamp : 2025-01-16 00:44:06===> API : /api/auth/login ===> Message : loginUserDB() Invoked !
info: ===> TimeStamp : 2025-01-16 00:44:06===> API : /api/auth/login ===> Message : loginUserResponse() invoked!
info: ===> TimeStamp : 2025-01-16 00:44:06===> API : /api/auth/login ===> Message : loginUserResponse() completed
info: ===> TimeStamp : 2025-01-16 00:45:58===> API : null ===> Message : validateRequest() invoked
info: ===> TimeStamp : 2025-01-16 00:45:58===> API : null ===> Message : fetchDBSettings()
info: ===> TimeStamp : 2025-01-16 00:45:58===> API : null ===> Message : validateRequest() Invoked!
info: ===> TimeStamp : 2025-01-16 00:45:58===> API : null ===> Message : validRequest() :: Api validated Successfully
info: ===> TimeStamp : 2025-01-16 00:45:58===> API : /api/auth/validateuser ===> Message : validateUser() invoked!!
info: ===> TimeStamp : 2025-01-16 00:45:58===> API : /api/auth/validateuser ===> Message : validateUser() :: Request Object :: [object Object]
info: ===> TimeStamp : 2025-01-16 00:45:58===> API : /api/auth/validateuser ===> Message : validateUserDB() Invoked !
info: ===> TimeStamp : 2025-01-16 00:45:58===> API : /api/auth/validateuser ===> Message : validateUserResponse() invoked!
info: ===> TimeStamp : 2025-01-16 00:45:58===> API : /api/auth/validateuser ===> Message : validateUserResponse() completed
info: ===> TimeStamp : 2025-01-16 00:45:58===> API : null ===> Message : validateRequest() invoked
info: ===> TimeStamp : 2025-01-16 00:45:58===> API : null ===> Message : fetchDBSettings()
info: ===> TimeStamp : 2025-01-16 00:45:58===> API : null ===> Message : validateRequest() Invoked!
info: ===> TimeStamp : 2025-01-16 00:45:58===> API : null ===> Message : validRequest() :: Api validated Successfully
info: ===> TimeStamp : 2025-01-16 00:45:58===> API : /api/auth/login ===> Message : loginUser() invoked!!
info: ===> TimeStamp : 2025-01-16 00:45:58===> API : /api/auth/login ===> Message : loginUser() :: Request Object :: [object Object]
info: ===> TimeStamp : 2025-01-16 00:45:58===> API : /api/auth/login ===> Message : loginUserDB() Invoked !
info: ===> TimeStamp : 2025-01-16 00:45:59===> API : /api/auth/login ===> Message : loginUserResponse() invoked!
info: ===> TimeStamp : 2025-01-16 00:45:59===> API : /api/auth/login ===> Message : loginUserResponse() completed
info: ===> TimeStamp : 2025-01-16 01:06:36===> API : null ===> Message : validateRequest() invoked
info: ===> TimeStamp : 2025-01-16 01:06:36===> API : null ===> Message : fetchDBSettings()
info: ===> TimeStamp : 2025-01-16 01:06:36===> API : null ===> Message : validateRequest() Invoked!
info: ===> TimeStamp : 2025-01-16 01:06:36===> API : null ===> Message : validRequest() :: Api validated Successfully
info: ===> TimeStamp : 2025-01-16 01:06:36===> API : /api/auth/logout ===> Message : logoutUser() invoked!!
info: ===> TimeStamp : 2025-01-16 01:06:36===> API : /api/auth/logout ===> Message : logoutUser() :: Request Object :: [object Object]
info: ===> TimeStamp : 2025-01-16 01:06:36===> API : /api/auth/logout ===> Message : logoutUserDB() Invoked !
info: ===> TimeStamp : 2025-01-16 01:06:37===> API : /api/auth/logout ===> Message : logoutUserResponse() invoked!
info: ===> TimeStamp : 2025-01-16 01:06:37===> API : /api/auth/logout ===> Message : logoutUserResponse() completed
info: ===> TimeStamp : 2025-01-16 01:06:40===> API : null ===> Message : validateRequest() invoked
info: ===> TimeStamp : 2025-01-16 01:06:40===> API : null ===> Message : fetchDBSettings()
info: ===> TimeStamp : 2025-01-16 01:06:40===> API : null ===> Message : validateRequest() Invoked!
info: ===> TimeStamp : 2025-01-16 01:06:40===> API : null ===> Message : validRequest() :: Api validated Successfully
info: ===> TimeStamp : 2025-01-16 01:06:40===> API : /api/auth/validateuser ===> Message : validateUser() invoked!!
info: ===> TimeStamp : 2025-01-16 01:06:40===> API : /api/auth/validateuser ===> Message : validateUser() :: Request Object :: [object Object]
info: ===> TimeStamp : 2025-01-16 01:06:40===> API : /api/auth/validateuser ===> Message : validateUserDB() Invoked !
info: ===> TimeStamp : 2025-01-16 01:06:40===> API : /api/auth/validateuser ===> Message : validateUserResponse() invoked!
info: ===> TimeStamp : 2025-01-16 01:06:40===> API : /api/auth/validateuser ===> Message : validateUserResponse() completed
info: ===> TimeStamp : 2025-01-16 01:06:40===> API : null ===> Message : validateRequest() invoked
info: ===> TimeStamp : 2025-01-16 01:06:40===> API : null ===> Message : fetchDBSettings()
info: ===> TimeStamp : 2025-01-16 01:06:40===> API : null ===> Message : validateRequest() Invoked!
info: ===> TimeStamp : 2025-01-16 01:06:40===> API : null ===> Message : validRequest() :: Api validated Successfully
info: ===> TimeStamp : 2025-01-16 01:06:40===> API : /api/auth/login ===> Message : loginUser() invoked!!
info: ===> TimeStamp : 2025-01-16 01:06:40===> API : /api/auth/login ===> Message : loginUser() :: Request Object :: [object Object]
info: ===> TimeStamp : 2025-01-16 01:06:40===> API : /api/auth/login ===> Message : loginUserDB() Invoked !
info: ===> TimeStamp : 2025-01-16 01:06:40===> API : /api/auth/login ===> Message : loginUserResponse() invoked!
info: ===> TimeStamp : 2025-01-16 01:06:40===> API : /api/auth/login ===> Message : loginUserResponse() completed
info: ===> TimeStamp : 2025-01-16 01:19:42===> API : null ===> Message : fetchDBSettings()
info: ===> TimeStamp : 2025-01-16 01:19:42===> API : null ===> Message : validateRequest() invoked
info: ===> TimeStamp : 2025-01-16 01:19:42===> API : null ===> Message : validateRequest() Invoked!
info: ===> TimeStamp : 2025-01-16 01:19:42===> API : null ===> Message : validRequest() :: Api validated Successfully
info: ===> TimeStamp : 2025-01-16 01:19:42===> API : /api/auth/validateuser ===> Message : validateUser() invoked!!
info: ===> TimeStamp : 2025-01-16 01:19:42===> API : /api/auth/validateuser ===> Message : validateUser() :: Request Object :: [object Object]
info: ===> TimeStamp : 2025-01-16 01:19:42===> API : /api/auth/validateuser ===> Message : validateUserDB() Invoked !
info: ===> TimeStamp : 2025-01-16 01:19:42===> API : /api/auth/validateuser ===> Message : validateUserResponse() invoked!
info: ===> TimeStamp : 2025-01-16 01:19:42===> API : /api/auth/validateuser ===> Message : validateUserResponse() completed
info: ===> TimeStamp : 2025-01-16 01:19:42===> API : null ===> Message : validateRequest() invoked
info: ===> TimeStamp : 2025-01-16 01:19:42===> API : null ===> Message : fetchDBSettings()
info: ===> TimeStamp : 2025-01-16 01:19:42===> API : null ===> Message : validateRequest() Invoked!
info: ===> TimeStamp : 2025-01-16 01:19:42===> API : null ===> Message : validRequest() :: Api validated Successfully
info: ===> TimeStamp : 2025-01-16 01:19:42===> API : /api/auth/login ===> Message : loginUser() invoked!!
info: ===> TimeStamp : 2025-01-16 01:19:42===> API : /api/auth/login ===> Message : loginUser() :: Request Object :: [object Object]
info: ===> TimeStamp : 2025-01-16 01:19:42===> API : /api/auth/login ===> Message : loginUserDB() Invoked !
info: ===> TimeStamp : 2025-01-16 01:19:43===> API : /api/auth/login ===> Message : loginUserResponse() invoked!
info: ===> TimeStamp : 2025-01-16 01:19:43===> API : /api/auth/login ===> Message : loginUserResponse() completed
info: ===> TimeStamp : 2025-01-16 02:10:54===> API : null ===> Message : validateRequest() invoked
info: ===> TimeStamp : 2025-01-16 02:10:54===> API : null ===> Message : fetchDBSettings()
info: ===> TimeStamp : 2025-01-16 02:10:54===> API : null ===> Message : validateRequest() Invoked!
info: ===> TimeStamp : 2025-01-16 02:10:54===> API : null ===> Message : validRequest() :: Api validated Successfully
info: ===> TimeStamp : 2025-01-16 02:10:54===> API : /api/auth/logout ===> Message : logoutUser() invoked!!
info: ===> TimeStamp : 2025-01-16 02:10:54===> API : /api/auth/logout ===> Message : logoutUser() :: Request Object :: [object Object]
info: ===> TimeStamp : 2025-01-16 02:10:54===> API : /api/auth/logout ===> Message : logoutUserDB() Invoked !
info: ===> TimeStamp : 2025-01-16 02:10:54===> API : null ===> Message : validateRequest() invoked
info: ===> TimeStamp : 2025-01-16 02:10:54===> API : null ===> Message : fetchDBSettings()
info: ===> TimeStamp : 2025-01-16 02:10:54===> API : null ===> Message : validateRequest() Invoked!
info: ===> TimeStamp : 2025-01-16 02:10:54===> API : /api/auth/logout ===> Message : logoutUserResponse() invoked!
info: ===> TimeStamp : 2025-01-16 02:10:54===> API : /api/auth/logout ===> Message : logoutUserResponse() completed
info: ===> TimeStamp : 2025-01-16 02:10:54===> API : null ===> Message : validRequest() :: Api validated Successfully
info: ===> TimeStamp : 2025-01-16 02:10:54===> API : /api/auth/logout ===> Message : logoutUser() invoked!!
info: ===> TimeStamp : 2025-01-16 02:10:54===> API : /api/auth/logout ===> Message : logoutUser() :: Request Object :: [object Object]
info: ===> TimeStamp : 2025-01-16 02:10:54===> API : /api/auth/logout ===> Message : logoutUserDB() Invoked !
info: ===> TimeStamp : 2025-01-16 02:10:54===> API : /api/auth/logout ===> Message : logoutUserResponse() invoked!
info: ===> TimeStamp : 2025-01-16 02:10:54===> API : /api/auth/logout ===> Message : logoutUserResponse() completed
info: ===> TimeStamp : 2025-01-16 02:10:54===> API : null ===> Message : validateRequest() invoked
info: ===> TimeStamp : 2025-01-16 02:10:54===> API : null ===> Message : fetchDBSettings()
info: ===> TimeStamp : 2025-01-16 02:10:54===> API : null ===> Message : validateRequest() Invoked!
info: ===> TimeStamp : 2025-01-16 02:10:54===> API : null ===> Message : validateRequest() :: Error :: Helper {"code":"ER_SIGNAL_EXCEPTION","errno":1644,"sqlState":"10003","sqlMessage":"Invalid User Credentials","sql":"CALL usp_validate_request(\n              '/api/auth/logout',\n              'eyJhbGciOiJIUzI1NiIsInR5cCI6IkpXVCJ9.eyJ0aW1lIjoiV2VkIEphbiAxNSAyMDI1IDE5OjM2OjQwIEdNVCswMDAwIChDb29yZGluYXRlZCBVbml2ZXJzYWwgVGltZSkiLCJ1c2VySWQiOjY3LCJpYXQiOjE3MzY5Njk4MDB9.OsI9cuo-kUj0V6LsIthGf_C93w6v9y9Y-wxKmTuV0aI')"}
info: ===> TimeStamp : 2025-01-16 02:10:54===> API : null ===> Message : validateRequest() :: Error :: PP {"ErrorCode":10003,"ErrorMessage":"Invalid User Credentials"}
info: ===> TimeStamp : 2025-01-16 02:10:55===> API : null ===> Message : validateRequest() invoked
info: ===> TimeStamp : 2025-01-16 02:10:55===> API : null ===> Message : fetchDBSettings()
info: ===> TimeStamp : 2025-01-16 02:10:55===> API : null ===> Message : validateRequest() Invoked!
info: ===> TimeStamp : 2025-01-16 02:10:55===> API : null ===> Message : validateRequest() :: Error :: Helper {"code":"ER_SIGNAL_EXCEPTION","errno":1644,"sqlState":"10003","sqlMessage":"Invalid User Credentials","sql":"CALL usp_validate_request(\n              '/api/auth/logout',\n              'eyJhbGciOiJIUzI1NiIsInR5cCI6IkpXVCJ9.eyJ0aW1lIjoiV2VkIEphbiAxNSAyMDI1IDE5OjM2OjQwIEdNVCswMDAwIChDb29yZGluYXRlZCBVbml2ZXJzYWwgVGltZSkiLCJ1c2VySWQiOjY3LCJpYXQiOjE3MzY5Njk4MDB9.OsI9cuo-kUj0V6LsIthGf_C93w6v9y9Y-wxKmTuV0aI')"}
info: ===> TimeStamp : 2025-01-16 02:10:55===> API : null ===> Message : validateRequest() :: Error :: PP {"ErrorCode":10003,"ErrorMessage":"Invalid User Credentials"}
info: ===> TimeStamp : 2025-01-16 02:10:55===> API : null ===> Message : validateRequest() invoked
info: ===> TimeStamp : 2025-01-16 02:10:55===> API : null ===> Message : fetchDBSettings()
info: ===> TimeStamp : 2025-01-16 02:10:55===> API : null ===> Message : validateRequest() Invoked!
info: ===> TimeStamp : 2025-01-16 02:10:55===> API : null ===> Message : validateRequest() :: Error :: Helper {"code":"ER_SIGNAL_EXCEPTION","errno":1644,"sqlState":"10003","sqlMessage":"Invalid User Credentials","sql":"CALL usp_validate_request(\n              '/api/auth/logout',\n              'eyJhbGciOiJIUzI1NiIsInR5cCI6IkpXVCJ9.eyJ0aW1lIjoiV2VkIEphbiAxNSAyMDI1IDE5OjM2OjQwIEdNVCswMDAwIChDb29yZGluYXRlZCBVbml2ZXJzYWwgVGltZSkiLCJ1c2VySWQiOjY3LCJpYXQiOjE3MzY5Njk4MDB9.OsI9cuo-kUj0V6LsIthGf_C93w6v9y9Y-wxKmTuV0aI')"}
info: ===> TimeStamp : 2025-01-16 02:10:55===> API : null ===> Message : validateRequest() :: Error :: PP {"ErrorCode":10003,"ErrorMessage":"Invalid User Credentials"}
info: ===> TimeStamp : 2025-01-16 02:10:55===> API : null ===> Message : validateRequest() invoked
info: ===> TimeStamp : 2025-01-16 02:10:55===> API : null ===> Message : fetchDBSettings()
info: ===> TimeStamp : 2025-01-16 02:10:55===> API : null ===> Message : validateRequest() Invoked!
info: ===> TimeStamp : 2025-01-16 02:10:55===> API : null ===> Message : validateRequest() :: Error :: Helper {"code":"ER_SIGNAL_EXCEPTION","errno":1644,"sqlState":"10003","sqlMessage":"Invalid User Credentials","sql":"CALL usp_validate_request(\n              '/api/auth/logout',\n              'eyJhbGciOiJIUzI1NiIsInR5cCI6IkpXVCJ9.eyJ0aW1lIjoiV2VkIEphbiAxNSAyMDI1IDE5OjM2OjQwIEdNVCswMDAwIChDb29yZGluYXRlZCBVbml2ZXJzYWwgVGltZSkiLCJ1c2VySWQiOjY3LCJpYXQiOjE3MzY5Njk4MDB9.OsI9cuo-kUj0V6LsIthGf_C93w6v9y9Y-wxKmTuV0aI')"}
info: ===> TimeStamp : 2025-01-16 02:10:55===> API : null ===> Message : validateRequest() :: Error :: PP {"ErrorCode":10003,"ErrorMessage":"Invalid User Credentials"}
info: ===> TimeStamp : 2025-01-16 02:10:59===> API : null ===> Message : validateRequest() invoked
info: ===> TimeStamp : 2025-01-16 02:10:59===> API : null ===> Message : fetchDBSettings()
info: ===> TimeStamp : 2025-01-16 02:10:59===> API : null ===> Message : validateRequest() Invoked!
info: ===> TimeStamp : 2025-01-16 02:10:59===> API : null ===> Message : validRequest() :: Api validated Successfully
info: ===> TimeStamp : 2025-01-16 02:10:59===> API : /api/auth/validateuser ===> Message : validateUser() invoked!!
info: ===> TimeStamp : 2025-01-16 02:10:59===> API : /api/auth/validateuser ===> Message : validateUser() :: Request Object :: [object Object]
info: ===> TimeStamp : 2025-01-16 02:10:59===> API : /api/auth/validateuser ===> Message : validateUserDB() Invoked !
info: ===> TimeStamp : 2025-01-16 02:10:59===> API : /api/auth/validateuser ===> Message : validateUserResponse() invoked!
info: ===> TimeStamp : 2025-01-16 02:10:59===> API : /api/auth/validateuser ===> Message : validateUserResponse() completed
info: ===> TimeStamp : 2025-01-16 02:53:53===> API : null ===> Message : validateRequest() invoked
info: ===> TimeStamp : 2025-01-16 02:53:53===> API : null ===> Message : fetchDBSettings()
info: ===> TimeStamp : 2025-01-16 02:53:53===> API : null ===> Message : validateRequest() Invoked!
info: ===> TimeStamp : 2025-01-16 02:53:53===> API : null ===> Message : validRequest() :: Api validated Successfully
info: ===> TimeStamp : 2025-01-16 02:53:53===> API : /api/auth/validateuser ===> Message : validateUser() invoked!!
info: ===> TimeStamp : 2025-01-16 02:53:53===> API : /api/auth/validateuser ===> Message : validateUser() :: Request Object :: [object Object]
info: ===> TimeStamp : 2025-01-16 02:53:53===> API : /api/auth/validateuser ===> Message : validateUserDB() Invoked !
info: ===> TimeStamp : 2025-01-16 02:53:53===> API : /api/auth/validateuser ===> Message : validateUserResponse() invoked!
info: ===> TimeStamp : 2025-01-16 02:53:53===> API : /api/auth/validateuser ===> Message : validateUserResponse() completed
info: ===> TimeStamp : 2025-01-16 02:53:53===> API : null ===> Message : validateRequest() invoked
info: ===> TimeStamp : 2025-01-16 02:53:53===> API : null ===> Message : fetchDBSettings()
info: ===> TimeStamp : 2025-01-16 02:53:53===> API : null ===> Message : validateRequest() Invoked!
info: ===> TimeStamp : 2025-01-16 02:53:53===> API : null ===> Message : validRequest() :: Api validated Successfully
info: ===> TimeStamp : 2025-01-16 02:53:53===> API : /api/auth/checkIP ===> Message : checkIP() invoked!!
info: ===> TimeStamp : 2025-01-16 02:53:53===> API : /api/auth/checkIP ===> Message : IPs match: 103.255.182.117
info: ===> TimeStamp : 2025-01-16 02:53:53===> API : /api/auth/checkIP ===> Message : checkIPResponse() invoked!
info: ===> TimeStamp : 2025-01-16 02:53:53===> API : /api/auth/checkIP ===> Message : checkIPResponse() completed
info: ===> TimeStamp : 2025-01-16 02:53:53===> API : null ===> Message : validateRequest() invoked
info: ===> TimeStamp : 2025-01-16 02:53:53===> API : null ===> Message : fetchDBSettings()
info: ===> TimeStamp : 2025-01-16 02:53:53===> API : null ===> Message : validateRequest() Invoked!
info: ===> TimeStamp : 2025-01-16 02:53:53===> API : null ===> Message : validRequest() :: Api validated Successfully
info: ===> TimeStamp : 2025-01-16 02:53:53===> API : /api/auth/login ===> Message : loginUser() invoked!!
info: ===> TimeStamp : 2025-01-16 02:53:53===> API : /api/auth/login ===> Message : loginUser() :: Request Object :: [object Object]
info: ===> TimeStamp : 2025-01-16 02:53:53===> API : /api/auth/login ===> Message : loginUserDB() Invoked !
info: ===> TimeStamp : 2025-01-16 02:53:53===> API : /api/auth/login ===> Message : loginUserResponse() invoked!
info: ===> TimeStamp : 2025-01-16 02:53:53===> API : /api/auth/login ===> Message : loginUserResponse() completed
info: ===> TimeStamp : 2025-01-16 03:12:58===> API : null ===> Message : validateRequest() invoked
info: ===> TimeStamp : 2025-01-16 03:12:58===> API : null ===> Message : fetchDBSettings()
info: ===> TimeStamp : 2025-01-16 03:12:58===> API : null ===> Message : validateRequest() Invoked!
info: ===> TimeStamp : 2025-01-16 03:12:58===> API : null ===> Message : validRequest() :: Api validated Successfully
info: ===> TimeStamp : 2025-01-16 03:12:58===> API : /api/auth/validateuser ===> Message : validateUser() invoked!!
info: ===> TimeStamp : 2025-01-16 03:12:58===> API : /api/auth/validateuser ===> Message : validateUser() :: Request Object :: [object Object]
info: ===> TimeStamp : 2025-01-16 03:12:58===> API : /api/auth/validateuser ===> Message : validateUserDB() Invoked !
info: ===> TimeStamp : 2025-01-16 03:12:59===> API : /api/auth/validateuser ===> Message : validateUserResponse() invoked!
info: ===> TimeStamp : 2025-01-16 03:12:59===> API : /api/auth/validateuser ===> Message : validateUserResponse() completed
info: ===> TimeStamp : 2025-01-16 03:12:59===> API : null ===> Message : validateRequest() invoked
info: ===> TimeStamp : 2025-01-16 03:12:59===> API : null ===> Message : fetchDBSettings()
info: ===> TimeStamp : 2025-01-16 03:12:59===> API : null ===> Message : validateRequest() Invoked!
info: ===> TimeStamp : 2025-01-16 03:12:59===> API : null ===> Message : validRequest() :: Api validated Successfully
info: ===> TimeStamp : 2025-01-16 03:12:59===> API : /api/auth/checkIP ===> Message : checkIP() invoked!!
info: ===> TimeStamp : 2025-01-16 03:12:59===> API : /api/auth/checkIP ===> Message : IPs match: 103.255.182.117
info: ===> TimeStamp : 2025-01-16 03:12:59===> API : /api/auth/checkIP ===> Message : checkIPResponse() invoked!
info: ===> TimeStamp : 2025-01-16 03:12:59===> API : /api/auth/checkIP ===> Message : checkIPResponse() completed
info: ===> TimeStamp : 2025-01-16 03:12:59===> API : null ===> Message : validateRequest() invoked
info: ===> TimeStamp : 2025-01-16 03:12:59===> API : null ===> Message : fetchDBSettings()
info: ===> TimeStamp : 2025-01-16 03:12:59===> API : null ===> Message : validateRequest() Invoked!
info: ===> TimeStamp : 2025-01-16 03:12:59===> API : null ===> Message : validRequest() :: Api validated Successfully
info: ===> TimeStamp : 2025-01-16 03:12:59===> API : /api/auth/login ===> Message : loginUser() invoked!!
info: ===> TimeStamp : 2025-01-16 03:12:59===> API : /api/auth/login ===> Message : loginUser() :: Request Object :: [object Object]
info: ===> TimeStamp : 2025-01-16 03:12:59===> API : /api/auth/login ===> Message : loginUserDB() Invoked !
info: ===> TimeStamp : 2025-01-16 03:12:59===> API : /api/auth/login ===> Message : loginUserResponse() invoked!
info: ===> TimeStamp : 2025-01-16 03:12:59===> API : /api/auth/login ===> Message : loginUserResponse() completed
info: ===> TimeStamp : 2025-01-16 03:29:33===> API : null ===> Message : validateRequest() invoked
info: ===> TimeStamp : 2025-01-16 03:29:33===> API : null ===> Message : fetchDBSettings()
info: ===> TimeStamp : 2025-01-16 03:29:33===> API : null ===> Message : validateRequest() Invoked!
info: ===> TimeStamp : 2025-01-16 03:29:33===> API : null ===> Message : validRequest() :: Api validated Successfully
info: ===> TimeStamp : 2025-01-16 03:29:33===> API : /api/auth/logout ===> Message : logoutUser() invoked!!
info: ===> TimeStamp : 2025-01-16 03:29:33===> API : /api/auth/logout ===> Message : logoutUser() :: Request Object :: [object Object]
info: ===> TimeStamp : 2025-01-16 03:29:33===> API : /api/auth/logout ===> Message : logoutUserDB() Invoked !
info: ===> TimeStamp : 2025-01-16 03:29:33===> API : /api/auth/logout ===> Message : logoutUserResponse() invoked!
info: ===> TimeStamp : 2025-01-16 03:29:33===> API : /api/auth/logout ===> Message : logoutUserResponse() completed
info: ===> TimeStamp : 2025-01-16 03:30:23===> API : null ===> Message : validateRequest() invoked
info: ===> TimeStamp : 2025-01-16 03:30:23===> API : null ===> Message : fetchDBSettings()
info: ===> TimeStamp : 2025-01-16 03:30:23===> API : null ===> Message : validateRequest() Invoked!
info: ===> TimeStamp : 2025-01-16 03:30:23===> API : null ===> Message : validRequest() :: Api validated Successfully
info: ===> TimeStamp : 2025-01-16 03:30:23===> API : /api/auth/validateuser ===> Message : validateUser() invoked!!
info: ===> TimeStamp : 2025-01-16 03:30:23===> API : /api/auth/validateuser ===> Message : validateUser() :: Request Object :: [object Object]
info: ===> TimeStamp : 2025-01-16 03:30:23===> API : /api/auth/validateuser ===> Message : validateUserDB() Invoked !
info: ===> TimeStamp : 2025-01-16 03:30:23===> API : /api/auth/validateuser ===> Message : validateUserResponse() invoked!
info: ===> TimeStamp : 2025-01-16 03:30:23===> API : /api/auth/validateuser ===> Message : validateUserResponse() completed
info: ===> TimeStamp : 2025-01-16 03:30:23===> API : null ===> Message : validateRequest() invoked
info: ===> TimeStamp : 2025-01-16 03:30:23===> API : null ===> Message : fetchDBSettings()
info: ===> TimeStamp : 2025-01-16 03:30:23===> API : null ===> Message : validateRequest() Invoked!
info: ===> TimeStamp : 2025-01-16 03:30:23===> API : null ===> Message : validRequest() :: Api validated Successfully
info: ===> TimeStamp : 2025-01-16 03:30:23===> API : /api/auth/checkIP ===> Message : checkIP() invoked!!
info: ===> TimeStamp : 2025-01-16 03:30:23===> API : /api/auth/checkIP ===> Message : IPs match: 103.255.182.117
info: ===> TimeStamp : 2025-01-16 03:30:23===> API : /api/auth/checkIP ===> Message : checkIPResponse() invoked!
info: ===> TimeStamp : 2025-01-16 03:30:23===> API : /api/auth/checkIP ===> Message : checkIPResponse() completed
info: ===> TimeStamp : 2025-01-16 03:30:23===> API : null ===> Message : validateRequest() invoked
info: ===> TimeStamp : 2025-01-16 03:30:23===> API : null ===> Message : fetchDBSettings()
info: ===> TimeStamp : 2025-01-16 03:30:23===> API : null ===> Message : validateRequest() Invoked!
info: ===> TimeStamp : 2025-01-16 03:30:23===> API : null ===> Message : validRequest() :: Api validated Successfully
info: ===> TimeStamp : 2025-01-16 03:30:23===> API : /api/auth/login ===> Message : loginUser() invoked!!
info: ===> TimeStamp : 2025-01-16 03:30:23===> API : /api/auth/login ===> Message : loginUser() :: Request Object :: [object Object]
info: ===> TimeStamp : 2025-01-16 03:30:23===> API : /api/auth/login ===> Message : loginUserDB() Invoked !
info: ===> TimeStamp : 2025-01-16 03:30:23===> API : /api/auth/login ===> Message : loginUserResponse() invoked!
info: ===> TimeStamp : 2025-01-16 03:30:23===> API : /api/auth/login ===> Message : loginUserResponse() completed
info: ===> TimeStamp : 2025-01-16 03:30:32===> API : null ===> Message : validateRequest() invoked
info: ===> TimeStamp : 2025-01-16 03:30:32===> API : null ===> Message : fetchDBSettings()
info: ===> TimeStamp : 2025-01-16 03:30:32===> API : null ===> Message : validateRequest() Invoked!
info: ===> TimeStamp : 2025-01-16 03:30:32===> API : null ===> Message : validRequest() :: Api validated Successfully
info: ===> TimeStamp : 2025-01-16 03:30:32===> API : /api/auth/logout ===> Message : logoutUser() invoked!!
info: ===> TimeStamp : 2025-01-16 03:30:32===> API : /api/auth/logout ===> Message : logoutUser() :: Request Object :: [object Object]
info: ===> TimeStamp : 2025-01-16 03:30:32===> API : /api/auth/logout ===> Message : logoutUserDB() Invoked !
info: ===> TimeStamp : 2025-01-16 03:30:32===> API : /api/auth/logout ===> Message : logoutUserResponse() invoked!
info: ===> TimeStamp : 2025-01-16 03:30:32===> API : /api/auth/logout ===> Message : logoutUserResponse() completed
info: ===> TimeStamp : 2025-01-16 03:44:26===> API : null ===> Message : validateRequest() invoked
info: ===> TimeStamp : 2025-01-16 03:44:26===> API : null ===> Message : fetchDBSettings()
info: ===> TimeStamp : 2025-01-16 03:44:26===> API : null ===> Message : validateRequest() Invoked!
info: ===> TimeStamp : 2025-01-16 03:44:26===> API : null ===> Message : validRequest() :: Api validated Successfully
info: ===> TimeStamp : 2025-01-16 03:44:26===> API : /api/auth/validateuser ===> Message : validateUser() invoked!!
info: ===> TimeStamp : 2025-01-16 03:44:26===> API : /api/auth/validateuser ===> Message : validateUser() :: Request Object :: [object Object]
info: ===> TimeStamp : 2025-01-16 03:44:26===> API : /api/auth/validateuser ===> Message : validateUserDB() Invoked !
info: ===> TimeStamp : 2025-01-16 03:44:26===> API : /api/auth/validateuser ===> Message : validateUserResponse() invoked!
info: ===> TimeStamp : 2025-01-16 03:44:26===> API : /api/auth/validateuser ===> Message : validateUserResponse() completed
info: ===> TimeStamp : 2025-01-16 03:44:26===> API : null ===> Message : validateRequest() invoked
info: ===> TimeStamp : 2025-01-16 03:44:26===> API : null ===> Message : fetchDBSettings()
info: ===> TimeStamp : 2025-01-16 03:44:26===> API : null ===> Message : validateRequest() Invoked!
info: ===> TimeStamp : 2025-01-16 03:44:26===> API : null ===> Message : validRequest() :: Api validated Successfully
info: ===> TimeStamp : 2025-01-16 03:44:26===> API : /api/auth/checkIP ===> Message : checkIP() invoked!!
info: ===> TimeStamp : 2025-01-16 03:44:26===> API : /api/auth/checkIP ===> Message : IPs match: 103.255.182.117
info: ===> TimeStamp : 2025-01-16 03:44:26===> API : /api/auth/checkIP ===> Message : checkIPResponse() invoked!
info: ===> TimeStamp : 2025-01-16 03:44:26===> API : /api/auth/checkIP ===> Message : checkIPResponse() completed
info: ===> TimeStamp : 2025-01-16 03:44:26===> API : null ===> Message : validateRequest() invoked
info: ===> TimeStamp : 2025-01-16 03:44:26===> API : null ===> Message : fetchDBSettings()
info: ===> TimeStamp : 2025-01-16 03:44:26===> API : null ===> Message : validateRequest() Invoked!
info: ===> TimeStamp : 2025-01-16 03:44:26===> API : null ===> Message : validRequest() :: Api validated Successfully
info: ===> TimeStamp : 2025-01-16 03:44:26===> API : /api/auth/login ===> Message : loginUser() invoked!!
info: ===> TimeStamp : 2025-01-16 03:44:26===> API : /api/auth/login ===> Message : loginUser() :: Request Object :: [object Object]
info: ===> TimeStamp : 2025-01-16 03:44:26===> API : /api/auth/login ===> Message : loginUserDB() Invoked !
info: ===> TimeStamp : 2025-01-16 03:44:26===> API : /api/auth/login ===> Message : loginUserResponse() invoked!
info: ===> TimeStamp : 2025-01-16 03:44:26===> API : /api/auth/login ===> Message : loginUserResponse() completed
info: ===> TimeStamp : 2025-01-16 03:44:32===> API : null ===> Message : validateRequest() invoked
info: ===> TimeStamp : 2025-01-16 03:44:32===> API : null ===> Message : fetchDBSettings()
info: ===> TimeStamp : 2025-01-16 03:44:32===> API : null ===> Message : validateRequest() Invoked!
info: ===> TimeStamp : 2025-01-16 03:44:32===> API : null ===> Message : validRequest() :: Api validated Successfully
info: ===> TimeStamp : 2025-01-16 03:44:32===> API : /api/auth/logout ===> Message : logoutUser() invoked!!
info: ===> TimeStamp : 2025-01-16 03:44:32===> API : /api/auth/logout ===> Message : logoutUser() :: Request Object :: [object Object]
info: ===> TimeStamp : 2025-01-16 03:44:32===> API : /api/auth/logout ===> Message : logoutUserDB() Invoked !
info: ===> TimeStamp : 2025-01-16 03:44:32===> API : /api/auth/logout ===> Message : logoutUserResponse() invoked!
info: ===> TimeStamp : 2025-01-16 03:44:32===> API : /api/auth/logout ===> Message : logoutUserResponse() completed
