info: ===> TimeStamp : 2025-08-15 06:57:19===> API : null ===> Message : validateRequest() invoked
info: ===> TimeStamp : 2025-08-15 06:57:19===> API : null ===> Message : fetchDBSettings()
info: ===> TimeStamp : 2025-08-15 06:57:19===> API : null ===> Message : validateRequest() Invoked!
info: ===> TimeStamp : 2025-08-15 06:57:20===> API : null ===> Message : validRequest() :: Api validated Successfully
info: ===> TimeStamp : 2025-08-15 06:57:20===> API : /api/auth/logout ===> Message : logoutUser() invoked!!
info: ===> TimeStamp : 2025-08-15 06:57:20===> API : /api/auth/logout ===> Message : logoutUser() :: Request Object :: [object Object]
info: ===> TimeStamp : 2025-08-15 06:57:20===> API : /api/auth/logout ===> Message : logoutUserDB() Invoked !
info: ===> TimeStamp : 2025-08-15 06:57:20===> API : /api/auth/logout ===> Message : logoutUserResponse() invoked!
info: ===> TimeStamp : 2025-08-15 06:57:20===> API : /api/auth/logout ===> Message : logoutUserResponse() completed
info: ===> TimeStamp : 2025-08-15 07:01:04===> API : null ===> Message : validateRequest() invoked
info: ===> TimeStamp : 2025-08-15 07:01:04===> API : null ===> Message : fetchDBSettings()
info: ===> TimeStamp : 2025-08-15 07:01:04===> API : null ===> Message : validateRequest() Invoked!
info: ===> TimeStamp : 2025-08-15 07:01:04===> API : null ===> Message : validRequest() :: Api validated Successfully
info: ===> TimeStamp : 2025-08-15 07:01:04===> API : /api/auth/logout ===> Message : logoutUser() invoked!!
info: ===> TimeStamp : 2025-08-15 07:01:04===> API : /api/auth/logout ===> Message : logoutUser() :: Request Object :: [object Object]
info: ===> TimeStamp : 2025-08-15 07:01:04===> API : /api/auth/logout ===> Message : logoutUserDB() Invoked !
info: ===> TimeStamp : 2025-08-15 07:01:04===> API : /api/auth/logout ===> Message : logoutUserResponse() invoked!
info: ===> TimeStamp : 2025-08-15 07:01:04===> API : /api/auth/logout ===> Message : logoutUserResponse() completed
info: ===> TimeStamp : 2025-08-15 07:01:29===> API : null ===> Message : validateRequest() invoked
info: ===> TimeStamp : 2025-08-15 07:01:29===> API : null ===> Message : fetchDBSettings()
info: ===> TimeStamp : 2025-08-15 07:01:29===> API : null ===> Message : validateRequest() Invoked!
info: ===> TimeStamp : 2025-08-15 07:01:29===> API : null ===> Message : validRequest() :: Api validated Successfully
info: ===> TimeStamp : 2025-08-15 07:01:29===> API : /api/auth/validateuser ===> Message : validateUser() invoked!!
info: ===> TimeStamp : 2025-08-15 07:01:29===> API : /api/auth/validateuser ===> Message : validateUser() :: Request Object :: [object Object]
info: ===> TimeStamp : 2025-08-15 07:01:29===> API : /api/auth/validateuser ===> Message : validateUserDB() Invoked !
info: ===> TimeStamp : 2025-08-15 07:01:29===> API : /api/auth/validateuser ===> Message : validateUserResponse() invoked!
info: ===> TimeStamp : 2025-08-15 07:01:29===> API : /api/auth/validateuser ===> Message : validateUserResponse() completed
info: ===> TimeStamp : 2025-08-15 07:01:29===> API : null ===> Message : validateRequest() invoked
info: ===> TimeStamp : 2025-08-15 07:01:29===> API : null ===> Message : fetchDBSettings()
info: ===> TimeStamp : 2025-08-15 07:01:29===> API : null ===> Message : validateRequest() Invoked!
info: ===> TimeStamp : 2025-08-15 07:01:29===> API : null ===> Message : validRequest() :: Api validated Successfully
info: ===> TimeStamp : 2025-08-15 07:01:29===> API : /api/auth/checkIP ===> Message : checkIP() invoked!!
info: ===> TimeStamp : 2025-08-15 07:01:29===> API : /api/auth/checkIP ===> Message : IPs match: 103.255.182.117
info: ===> TimeStamp : 2025-08-15 07:01:29===> API : /api/auth/checkIP ===> Message : checkIPResponse() invoked!
info: ===> TimeStamp : 2025-08-15 07:01:29===> API : /api/auth/checkIP ===> Message : checkIPResponse() completed
info: ===> TimeStamp : 2025-08-15 07:01:29===> API : null ===> Message : validateRequest() invoked
info: ===> TimeStamp : 2025-08-15 07:01:29===> API : null ===> Message : fetchDBSettings()
info: ===> TimeStamp : 2025-08-15 07:01:29===> API : null ===> Message : validateRequest() Invoked!
info: ===> TimeStamp : 2025-08-15 07:01:29===> API : null ===> Message : validRequest() :: Api validated Successfully
info: ===> TimeStamp : 2025-08-15 07:01:29===> API : /api/auth/login ===> Message : loginUser() invoked!!
info: ===> TimeStamp : 2025-08-15 07:01:29===> API : /api/auth/login ===> Message : loginUser() :: Request Object :: [object Object]
info: ===> TimeStamp : 2025-08-15 07:01:29===> API : /api/auth/login ===> Message : loginUserDB() Invoked !
info: ===> TimeStamp : 2025-08-15 07:01:29===> API : /api/auth/login ===> Message : loginUserResponse() invoked!
info: ===> TimeStamp : 2025-08-15 07:01:29===> API : /api/auth/login ===> Message : loginUserResponse() completed
info: ===> TimeStamp : 2025-08-15 07:01:49===> API : null ===> Message : validateRequest() invoked
info: ===> TimeStamp : 2025-08-15 07:01:49===> API : null ===> Message : fetchDBSettings()
info: ===> TimeStamp : 2025-08-15 07:01:49===> API : null ===> Message : validateRequest() Invoked!
info: ===> TimeStamp : 2025-08-15 07:01:49===> API : null ===> Message : validRequest() :: Api validated Successfully
info: ===> TimeStamp : 2025-08-15 07:01:49===> API : /api/auth/validateuser ===> Message : validateUser() invoked!!
info: ===> TimeStamp : 2025-08-15 07:01:49===> API : /api/auth/validateuser ===> Message : validateUser() :: Request Object :: [object Object]
info: ===> TimeStamp : 2025-08-15 07:01:49===> API : /api/auth/validateuser ===> Message : validateUserDB() Invoked !
info: ===> TimeStamp : 2025-08-15 07:01:49===> API : /api/auth/validateuser ===> Message : validateUserResponse() invoked!
info: ===> TimeStamp : 2025-08-15 07:01:49===> API : /api/auth/validateuser ===> Message : validateUserResponse() completed
info: ===> TimeStamp : 2025-08-15 07:01:49===> API : null ===> Message : validateRequest() invoked
info: ===> TimeStamp : 2025-08-15 07:01:49===> API : null ===> Message : fetchDBSettings()
info: ===> TimeStamp : 2025-08-15 07:01:49===> API : null ===> Message : validateRequest() Invoked!
info: ===> TimeStamp : 2025-08-15 07:01:49===> API : /api/auth/checkIP ===> Message : checkIP() invoked!!
info: ===> TimeStamp : 2025-08-15 07:01:49===> API : null ===> Message : validRequest() :: Api validated Successfully
info: ===> TimeStamp : 2025-08-15 07:01:49===> API : /api/auth/checkIP ===> Message : IPs match: 103.255.182.117
info: ===> TimeStamp : 2025-08-15 07:01:49===> API : /api/auth/checkIP ===> Message : checkIPResponse() invoked!
info: ===> TimeStamp : 2025-08-15 07:01:49===> API : /api/auth/checkIP ===> Message : checkIPResponse() completed
info: ===> TimeStamp : 2025-08-15 07:01:49===> API : null ===> Message : validateRequest() invoked
info: ===> TimeStamp : 2025-08-15 07:01:49===> API : null ===> Message : fetchDBSettings()
info: ===> TimeStamp : 2025-08-15 07:01:49===> API : null ===> Message : validateRequest() Invoked!
info: ===> TimeStamp : 2025-08-15 07:01:49===> API : null ===> Message : validRequest() :: Api validated Successfully
info: ===> TimeStamp : 2025-08-15 07:01:49===> API : /api/auth/login ===> Message : loginUser() invoked!!
info: ===> TimeStamp : 2025-08-15 07:01:49===> API : /api/auth/login ===> Message : loginUser() :: Request Object :: [object Object]
info: ===> TimeStamp : 2025-08-15 07:01:49===> API : /api/auth/login ===> Message : loginUserDB() Invoked !
info: ===> TimeStamp : 2025-08-15 07:01:49===> API : /api/auth/login ===> Message : loginUserResponse() invoked!
info: ===> TimeStamp : 2025-08-15 07:01:49===> API : /api/auth/login ===> Message : loginUserResponse() completed
info: ===> TimeStamp : 2025-08-15 07:10:40===> API : null ===> Message : validateRequest() invoked
info: ===> TimeStamp : 2025-08-15 07:10:40===> API : null ===> Message : validateRequest() Error:: Invalid Request :: 
      {"apiUri":"/"}
info: ===> TimeStamp : 2025-08-15 07:54:48===> API : null ===> Message : validateRequest() invoked
info: ===> TimeStamp : 2025-08-15 07:54:48===> API : null ===> Message : validateRequest() Error:: Invalid Request :: 
      {"apiUri":"/robots.txt"}
info: ===> TimeStamp : 2025-08-15 07:54:50===> API : null ===> Message : validateRequest() invoked
info: ===> TimeStamp : 2025-08-15 07:54:50===> API : null ===> Message : validateRequest() Error:: Invalid Request :: 
      {"apiUri":"/"}
info: ===> TimeStamp : 2025-08-15 09:53:39===> API : null ===> Message : validateRequest() invoked
info: ===> TimeStamp : 2025-08-15 09:53:39===> API : null ===> Message : validateRequest() Error:: Invalid Request :: 
      {"apiUri":"/"}
info: ===> TimeStamp : 2025-08-15 09:53:43===> API : null ===> Message : validateRequest() invoked
info: ===> TimeStamp : 2025-08-15 09:53:43===> API : null ===> Message : validateRequest() Error:: Invalid Request :: 
      {"apiUri":"/"}
info: ===> TimeStamp : 2025-08-15 09:53:44===> API : null ===> Message : validateRequest() invoked
info: ===> TimeStamp : 2025-08-15 09:53:44===> API : null ===> Message : validateRequest() Error:: Invalid Request :: 
      {"apiUri":"/@vite/env"}
info: ===> TimeStamp : 2025-08-15 09:53:44===> API : null ===> Message : validateRequest() invoked
info: ===> TimeStamp : 2025-08-15 09:53:44===> API : null ===> Message : validateRequest() Error:: Invalid Request :: 
      {"apiUri":"/actuator/env"}
info: ===> TimeStamp : 2025-08-15 09:53:45===> API : null ===> Message : validateRequest() invoked
info: ===> TimeStamp : 2025-08-15 09:53:45===> API : null ===> Message : validateRequest() Error:: Invalid Request :: 
      {"apiUri":"/php-cgi/php-cgi.exe"}
info: ===> TimeStamp : 2025-08-15 09:53:45===> API : null ===> Message : validateRequest() invoked
info: ===> TimeStamp : 2025-08-15 09:53:45===> API : null ===> Message : validateRequest() Error:: Invalid Request :: 
      {"apiUri":"/server"}
info: ===> TimeStamp : 2025-08-15 09:53:46===> API : null ===> Message : validateRequest() invoked
info: ===> TimeStamp : 2025-08-15 09:53:46===> API : null ===> Message : validateRequest() Error:: Invalid Request :: 
      {"apiUri":"/.vscode/sftp.json"}
info: ===> TimeStamp : 2025-08-15 09:53:46===> API : null ===> Message : validateRequest() invoked
info: ===> TimeStamp : 2025-08-15 09:53:46===> API : null ===> Message : validateRequest() Error:: Invalid Request :: 
      {"apiUri":"/about"}
info: ===> TimeStamp : 2025-08-15 09:53:46===> API : null ===> Message : validateRequest() invoked
info: ===> TimeStamp : 2025-08-15 09:53:46===> API : null ===> Message : validateRequest() Error:: Invalid Request :: 
      {"apiUri":"/debug/default/view"}
info: ===> TimeStamp : 2025-08-15 09:53:47===> API : null ===> Message : validateRequest() invoked
info: ===> TimeStamp : 2025-08-15 09:53:47===> API : null ===> Message : validateRequest() Error:: Invalid Request :: 
      {"apiUri":"/v2/_catalog"}
info: ===> TimeStamp : 2025-08-15 09:53:47===> API : null ===> Message : validateRequest() invoked
info: ===> TimeStamp : 2025-08-15 09:53:47===> API : null ===> Message : validateRequest() Error:: Invalid Request :: 
      {"apiUri":"/ecp/Current/exporttool/microsoft.exchange.ediscovery.exporttool.application"}
info: ===> TimeStamp : 2025-08-15 09:53:48===> API : null ===> Message : validateRequest() invoked
info: ===> TimeStamp : 2025-08-15 09:53:48===> API : null ===> Message : validateRequest() Error:: Invalid Request :: 
      {"apiUri":"/server-status"}
info: ===> TimeStamp : 2025-08-15 09:53:48===> API : null ===> Message : validateRequest() invoked
info: ===> TimeStamp : 2025-08-15 09:53:48===> API : null ===> Message : validateRequest() Error:: Invalid Request :: 
      {"apiUri":"/login.action"}
info: ===> TimeStamp : 2025-08-15 09:53:49===> API : null ===> Message : validateRequest() invoked
info: ===> TimeStamp : 2025-08-15 09:53:49===> API : null ===> Message : validateRequest() Error:: Invalid Request :: 
      {"apiUri":"/_all_dbs"}
info: ===> TimeStamp : 2025-08-15 09:53:49===> API : null ===> Message : validateRequest() invoked
info: ===> TimeStamp : 2025-08-15 09:53:49===> API : null ===> Message : validateRequest() Error:: Invalid Request :: 
      {"apiUri":"/.DS_Store"}
info: ===> TimeStamp : 2025-08-15 09:53:49===> API : null ===> Message : validateRequest() invoked
info: ===> TimeStamp : 2025-08-15 09:53:49===> API : null ===> Message : validateRequest() Error:: Invalid Request :: 
      {"apiUri":"/.env"}
info: ===> TimeStamp : 2025-08-15 09:53:50===> API : null ===> Message : validateRequest() invoked
info: ===> TimeStamp : 2025-08-15 09:53:50===> API : null ===> Message : validateRequest() Error:: Invalid Request :: 
      {"apiUri":"/.git/config"}
info: ===> TimeStamp : 2025-08-15 09:53:50===> API : null ===> Message : validateRequest() invoked
info: ===> TimeStamp : 2025-08-15 09:53:50===> API : null ===> Message : validateRequest() Error:: Invalid Request :: 
      {"apiUri":"/s/535313e27313e273e233/_/;/META-INF/maven/com.atlassian.jira/jira-webapp-dist/pom.properties"}
info: ===> TimeStamp : 2025-08-15 09:53:51===> API : null ===> Message : validateRequest() invoked
info: ===> TimeStamp : 2025-08-15 09:53:51===> API : null ===> Message : validateRequest() Error:: Invalid Request :: 
      {"apiUri":"/config.json"}
info: ===> TimeStamp : 2025-08-15 09:53:51===> API : null ===> Message : validateRequest() Error:: Invalid Request :: 
      {"apiUri":"/telescope/requests"}
info: ===> TimeStamp : 2025-08-15 09:53:51===> API : null ===> Message : validateRequest() invoked
info: ===> TimeStamp : 2025-08-15 09:53:51===> API : null ===> Message : validateRequest() Error:: Invalid Request :: 
      {"apiUri":"/info.php"}
info: ===> TimeStamp : 2025-08-15 09:53:51===> API : null ===> Message : validateRequest() invoked
info: ===> TimeStamp : 2025-08-15 09:53:52===> API : null ===> Message : validateRequest() invoked
info: ===> TimeStamp : 2025-08-15 09:53:52===> API : null ===> Message : validateRequest() Error:: Invalid Request :: 
      {"apiUri":"/"}
info: ===> TimeStamp : 2025-08-15 10:25:39===> API : null ===> Message : validateRequest() invoked
info: ===> TimeStamp : 2025-08-15 10:25:39===> API : null ===> Message : fetchDBSettings()
info: ===> TimeStamp : 2025-08-15 10:25:39===> API : null ===> Message : validateRequest() Invoked!
info: ===> TimeStamp : 2025-08-15 10:25:39===> API : null ===> Message : validRequest() :: Api validated Successfully
info: ===> TimeStamp : 2025-08-15 10:25:39===> API : /api/auth/validateuser ===> Message : validateUser() invoked!!
info: ===> TimeStamp : 2025-08-15 10:25:39===> API : /api/auth/validateuser ===> Message : validateUser() :: Request Object :: [object Object]
info: ===> TimeStamp : 2025-08-15 10:25:39===> API : /api/auth/validateuser ===> Message : validateUserDB() Invoked !
info: ===> TimeStamp : 2025-08-15 10:25:39===> API : /api/auth/validateuser ===> Message : validateUserResponse() invoked!
info: ===> TimeStamp : 2025-08-15 10:25:39===> API : /api/auth/validateuser ===> Message : validateUserResponse() completed
info: ===> TimeStamp : 2025-08-15 10:25:39===> API : null ===> Message : validateRequest() invoked
info: ===> TimeStamp : 2025-08-15 10:25:39===> API : null ===> Message : fetchDBSettings()
info: ===> TimeStamp : 2025-08-15 10:25:39===> API : null ===> Message : validateRequest() Invoked!
info: ===> TimeStamp : 2025-08-15 10:25:39===> API : null ===> Message : validRequest() :: Api validated Successfully
info: ===> TimeStamp : 2025-08-15 10:25:39===> API : /api/auth/checkIP ===> Message : checkIP() invoked!!
info: ===> TimeStamp : 2025-08-15 10:25:39===> API : /api/auth/checkIP ===> Message : IPs match: 103.255.182.117
info: ===> TimeStamp : 2025-08-15 10:25:39===> API : /api/auth/checkIP ===> Message : checkIPResponse() invoked!
info: ===> TimeStamp : 2025-08-15 10:25:39===> API : /api/auth/checkIP ===> Message : checkIPResponse() completed
info: ===> TimeStamp : 2025-08-15 10:25:39===> API : null ===> Message : validateRequest() invoked
info: ===> TimeStamp : 2025-08-15 10:25:39===> API : null ===> Message : fetchDBSettings()
info: ===> TimeStamp : 2025-08-15 10:25:39===> API : null ===> Message : validateRequest() Invoked!
info: ===> TimeStamp : 2025-08-15 10:25:39===> API : null ===> Message : validRequest() :: Api validated Successfully
info: ===> TimeStamp : 2025-08-15 10:25:39===> API : /api/auth/login ===> Message : loginUser() invoked!!
info: ===> TimeStamp : 2025-08-15 10:25:39===> API : /api/auth/login ===> Message : loginUser() :: Request Object :: [object Object]
info: ===> TimeStamp : 2025-08-15 10:25:39===> API : /api/auth/login ===> Message : loginUserDB() Invoked !
info: ===> TimeStamp : 2025-08-15 10:25:39===> API : /api/auth/login ===> Message : loginUserResponse() invoked!
info: ===> TimeStamp : 2025-08-15 10:25:39===> API : /api/auth/login ===> Message : loginUserResponse() completed
info: ===> TimeStamp : 2025-08-15 11:21:35===> API : null ===> Message : validateRequest() invoked
info: ===> TimeStamp : 2025-08-15 11:21:35===> API : null ===> Message : fetchDBSettings()
info: ===> TimeStamp : 2025-08-15 11:21:35===> API : null ===> Message : validateRequest() Invoked!
info: ===> TimeStamp : 2025-08-15 11:21:36===> API : null ===> Message : validRequest() :: Api validated Successfully
info: ===> TimeStamp : 2025-08-15 11:21:36===> API : /api/auth/validateuser ===> Message : validateUser() invoked!!
info: ===> TimeStamp : 2025-08-15 11:21:36===> API : /api/auth/validateuser ===> Message : validateUser() :: Request Object :: [object Object]
info: ===> TimeStamp : 2025-08-15 11:21:36===> API : /api/auth/validateuser ===> Message : validateUserDB() Invoked !
info: ===> TimeStamp : 2025-08-15 11:21:36===> API : /api/auth/validateuser ===> Message : validateUserResponse() invoked!
info: ===> TimeStamp : 2025-08-15 11:21:36===> API : /api/auth/validateuser ===> Message : validateUserResponse() completed
info: ===> TimeStamp : 2025-08-15 11:21:36===> API : null ===> Message : validateRequest() invoked
info: ===> TimeStamp : 2025-08-15 11:21:36===> API : null ===> Message : fetchDBSettings()
info: ===> TimeStamp : 2025-08-15 11:21:36===> API : null ===> Message : validateRequest() Invoked!
info: ===> TimeStamp : 2025-08-15 11:21:36===> API : null ===> Message : validRequest() :: Api validated Successfully
info: ===> TimeStamp : 2025-08-15 11:21:36===> API : /api/auth/checkIP ===> Message : checkIP() invoked!!
info: ===> TimeStamp : 2025-08-15 11:21:36===> API : /api/auth/checkIP ===> Message : IPs match: 103.255.182.117
info: ===> TimeStamp : 2025-08-15 11:21:36===> API : /api/auth/checkIP ===> Message : checkIPResponse() invoked!
info: ===> TimeStamp : 2025-08-15 11:21:36===> API : /api/auth/checkIP ===> Message : checkIPResponse() completed
info: ===> TimeStamp : 2025-08-15 11:21:36===> API : null ===> Message : validateRequest() invoked
info: ===> TimeStamp : 2025-08-15 11:21:36===> API : null ===> Message : fetchDBSettings()
info: ===> TimeStamp : 2025-08-15 11:21:36===> API : null ===> Message : validateRequest() Invoked!
info: ===> TimeStamp : 2025-08-15 11:21:36===> API : null ===> Message : validRequest() :: Api validated Successfully
info: ===> TimeStamp : 2025-08-15 11:21:36===> API : /api/auth/login ===> Message : loginUser() invoked!!
info: ===> TimeStamp : 2025-08-15 11:21:36===> API : /api/auth/login ===> Message : loginUser() :: Request Object :: [object Object]
info: ===> TimeStamp : 2025-08-15 11:21:36===> API : /api/auth/login ===> Message : loginUserDB() Invoked !
info: ===> TimeStamp : 2025-08-15 11:21:36===> API : /api/auth/login ===> Message : loginUserResponse() invoked!
info: ===> TimeStamp : 2025-08-15 11:21:36===> API : /api/auth/login ===> Message : loginUserResponse() completed
info: ===> TimeStamp : 2025-08-15 12:06:45===> API : null ===> Message : validateRequest() invoked
info: ===> TimeStamp : 2025-08-15 12:06:45===> API : null ===> Message : fetchDBSettings()
info: ===> TimeStamp : 2025-08-15 12:06:45===> API : null ===> Message : validateRequest() Invoked!
info: ===> TimeStamp : 2025-08-15 12:06:45===> API : null ===> Message : validRequest() :: Api validated Successfully
info: ===> TimeStamp : 2025-08-15 12:06:45===> API : /api/auth/validateuser ===> Message : validateUser() invoked!!
info: ===> TimeStamp : 2025-08-15 12:06:45===> API : /api/auth/validateuser ===> Message : validateUser() :: Request Object :: [object Object]
info: ===> TimeStamp : 2025-08-15 12:06:45===> API : /api/auth/validateuser ===> Message : validateUserDB() Invoked !
info: ===> TimeStamp : 2025-08-15 12:06:45===> API : /api/auth/validateuser ===> Message : validateUserResponse() invoked!
info: ===> TimeStamp : 2025-08-15 12:06:45===> API : /api/auth/validateuser ===> Message : validateUserResponse() completed
info: ===> TimeStamp : 2025-08-15 12:06:45===> API : null ===> Message : validateRequest() invoked
info: ===> TimeStamp : 2025-08-15 12:06:45===> API : null ===> Message : fetchDBSettings()
info: ===> TimeStamp : 2025-08-15 12:06:45===> API : null ===> Message : validateRequest() Invoked!
info: ===> TimeStamp : 2025-08-15 12:06:45===> API : null ===> Message : validRequest() :: Api validated Successfully
info: ===> TimeStamp : 2025-08-15 12:06:45===> API : /api/auth/login ===> Message : loginUser() invoked!!
info: ===> TimeStamp : 2025-08-15 12:06:45===> API : /api/auth/login ===> Message : loginUser() :: Request Object :: [object Object]
info: ===> TimeStamp : 2025-08-15 12:06:45===> API : /api/auth/login ===> Message : loginUserDB() Invoked !
info: ===> TimeStamp : 2025-08-15 12:06:46===> API : /api/auth/login ===> Message : loginUserResponse() invoked!
info: ===> TimeStamp : 2025-08-15 12:06:46===> API : /api/auth/login ===> Message : loginUserResponse() completed
info: ===> TimeStamp : 2025-08-15 13:52:02===> API : null ===> Message : validateRequest() invoked
info: ===> TimeStamp : 2025-08-15 13:52:02===> API : null ===> Message : fetchDBSettings()
info: ===> TimeStamp : 2025-08-15 13:52:02===> API : null ===> Message : validateRequest() Invoked!
info: ===> TimeStamp : 2025-08-15 13:52:02===> API : null ===> Message : validRequest() :: Api validated Successfully
info: ===> TimeStamp : 2025-08-15 13:52:02===> API : /api/auth/validateuser ===> Message : validateUser() invoked!!
info: ===> TimeStamp : 2025-08-15 13:52:02===> API : /api/auth/validateuser ===> Message : validateUser() :: Request Object :: [object Object]
info: ===> TimeStamp : 2025-08-15 13:52:02===> API : /api/auth/validateuser ===> Message : validateUserDB() Invoked !
info: ===> TimeStamp : 2025-08-15 13:52:02===> API : /api/auth/validateuser ===> Message : validateUserResponse() invoked!
info: ===> TimeStamp : 2025-08-15 13:52:02===> API : /api/auth/validateuser ===> Message : validateUserResponse() completed
info: ===> TimeStamp : 2025-08-15 13:52:02===> API : null ===> Message : validateRequest() invoked
info: ===> TimeStamp : 2025-08-15 13:52:02===> API : null ===> Message : fetchDBSettings()
info: ===> TimeStamp : 2025-08-15 13:52:03===> API : null ===> Message : validateRequest() Invoked!
info: ===> TimeStamp : 2025-08-15 13:52:03===> API : null ===> Message : validRequest() :: Api validated Successfully
info: ===> TimeStamp : 2025-08-15 13:52:03===> API : /api/auth/login ===> Message : loginUser() invoked!!
info: ===> TimeStamp : 2025-08-15 13:52:03===> API : /api/auth/login ===> Message : loginUser() :: Request Object :: [object Object]
info: ===> TimeStamp : 2025-08-15 13:52:03===> API : /api/auth/login ===> Message : loginUserDB() Invoked !
info: ===> TimeStamp : 2025-08-15 13:52:03===> API : /api/auth/login ===> Message : loginUserResponse() invoked!
info: ===> TimeStamp : 2025-08-15 13:52:03===> API : /api/auth/login ===> Message : loginUserResponse() completed
info: ===> TimeStamp : 2025-08-15 14:02:45===> API : null ===> Message : validateRequest() invoked
info: ===> TimeStamp : 2025-08-15 14:02:45===> API : null ===> Message : fetchDBSettings()
info: ===> TimeStamp : 2025-08-15 14:02:45===> API : null ===> Message : validateRequest() Invoked!
info: ===> TimeStamp : 2025-08-15 14:02:45===> API : null ===> Message : validRequest() :: Api validated Successfully
info: ===> TimeStamp : 2025-08-15 14:02:45===> API : /api/auth/validateuser ===> Message : validateUser() invoked!!
info: ===> TimeStamp : 2025-08-15 14:02:45===> API : /api/auth/validateuser ===> Message : validateUser() :: Request Object :: [object Object]
info: ===> TimeStamp : 2025-08-15 14:02:45===> API : /api/auth/validateuser ===> Message : validateUserDB() Invoked !
info: ===> TimeStamp : 2025-08-15 14:02:45===> API : /api/auth/validateuser ===> Message : validateUserResponse() invoked!
info: ===> TimeStamp : 2025-08-15 14:02:45===> API : /api/auth/validateuser ===> Message : validateUserResponse() completed
info: ===> TimeStamp : 2025-08-15 14:02:45===> API : null ===> Message : validateRequest() invoked
info: ===> TimeStamp : 2025-08-15 14:02:45===> API : null ===> Message : fetchDBSettings()
info: ===> TimeStamp : 2025-08-15 14:02:45===> API : null ===> Message : validateRequest() Invoked!
info: ===> TimeStamp : 2025-08-15 14:02:45===> API : null ===> Message : validRequest() :: Api validated Successfully
info: ===> TimeStamp : 2025-08-15 14:02:45===> API : /api/auth/checkIP ===> Message : checkIP() invoked!!
info: ===> TimeStamp : 2025-08-15 14:02:45===> API : /api/auth/checkIP ===> Message : IPs match: 103.255.182.117
info: ===> TimeStamp : 2025-08-15 14:02:45===> API : /api/auth/checkIP ===> Message : checkIPResponse() invoked!
info: ===> TimeStamp : 2025-08-15 14:02:45===> API : /api/auth/checkIP ===> Message : checkIPResponse() completed
info: ===> TimeStamp : 2025-08-15 14:02:45===> API : null ===> Message : validateRequest() invoked
info: ===> TimeStamp : 2025-08-15 14:02:45===> API : null ===> Message : fetchDBSettings()
info: ===> TimeStamp : 2025-08-15 14:02:45===> API : null ===> Message : validateRequest() Invoked!
info: ===> TimeStamp : 2025-08-15 14:02:45===> API : null ===> Message : validRequest() :: Api validated Successfully
info: ===> TimeStamp : 2025-08-15 14:02:45===> API : /api/auth/login ===> Message : loginUser() invoked!!
info: ===> TimeStamp : 2025-08-15 14:02:45===> API : /api/auth/login ===> Message : loginUser() :: Request Object :: [object Object]
info: ===> TimeStamp : 2025-08-15 14:02:45===> API : /api/auth/login ===> Message : loginUserDB() Invoked !
info: ===> TimeStamp : 2025-08-15 14:02:45===> API : /api/auth/login ===> Message : loginUserResponse() invoked!
info: ===> TimeStamp : 2025-08-15 14:02:45===> API : /api/auth/login ===> Message : loginUserResponse() completed
info: ===> TimeStamp : 2025-08-15 14:42:42===> API : null ===> Message : validateRequest() invoked
info: ===> TimeStamp : 2025-08-15 14:42:42===> API : null ===> Message : fetchDBSettings()
info: ===> TimeStamp : 2025-08-15 14:42:42===> API : null ===> Message : validateRequest() Invoked!
info: ===> TimeStamp : 2025-08-15 14:42:42===> API : null ===> Message : validRequest() :: Api validated Successfully
info: ===> TimeStamp : 2025-08-15 14:42:42===> API : /api/auth/logout ===> Message : logoutUser() invoked!!
info: ===> TimeStamp : 2025-08-15 14:42:42===> API : /api/auth/logout ===> Message : logoutUser() :: Request Object :: [object Object]
info: ===> TimeStamp : 2025-08-15 14:42:42===> API : /api/auth/logout ===> Message : logoutUserDB() Invoked !
info: ===> TimeStamp : 2025-08-15 14:42:42===> API : /api/auth/logout ===> Message : logoutUserResponse() invoked!
info: ===> TimeStamp : 2025-08-15 14:42:42===> API : /api/auth/logout ===> Message : logoutUserResponse() completed
info: ===> TimeStamp : 2025-08-15 14:42:55===> API : null ===> Message : validateRequest() invoked
info: ===> TimeStamp : 2025-08-15 14:42:55===> API : null ===> Message : fetchDBSettings()
info: ===> TimeStamp : 2025-08-15 14:42:55===> API : null ===> Message : validateRequest() Invoked!
info: ===> TimeStamp : 2025-08-15 14:42:55===> API : null ===> Message : validRequest() :: Api validated Successfully
info: ===> TimeStamp : 2025-08-15 14:42:55===> API : /api/auth/validateuser ===> Message : validateUser() invoked!!
info: ===> TimeStamp : 2025-08-15 14:42:55===> API : /api/auth/validateuser ===> Message : validateUser() :: Request Object :: [object Object]
info: ===> TimeStamp : 2025-08-15 14:42:55===> API : /api/auth/validateuser ===> Message : validateUserDB() Invoked !
info: ===> TimeStamp : 2025-08-15 14:42:55===> API : /api/auth/validateuser ===> Message : validateUserResponse() invoked!
info: ===> TimeStamp : 2025-08-15 14:42:55===> API : /api/auth/validateuser ===> Message : validateUserResponse() completed
info: ===> TimeStamp : 2025-08-15 14:42:55===> API : null ===> Message : validateRequest() invoked
info: ===> TimeStamp : 2025-08-15 14:42:55===> API : null ===> Message : fetchDBSettings()
info: ===> TimeStamp : 2025-08-15 14:42:55===> API : null ===> Message : validateRequest() Invoked!
info: ===> TimeStamp : 2025-08-15 14:42:55===> API : null ===> Message : validRequest() :: Api validated Successfully
info: ===> TimeStamp : 2025-08-15 14:42:55===> API : /api/auth/checkIP ===> Message : checkIP() invoked!!
info: ===> TimeStamp : 2025-08-15 14:42:55===> API : /api/auth/checkIP ===> Message : IPs match: 103.255.182.117
info: ===> TimeStamp : 2025-08-15 14:42:55===> API : /api/auth/checkIP ===> Message : checkIPResponse() invoked!
info: ===> TimeStamp : 2025-08-15 14:42:55===> API : /api/auth/checkIP ===> Message : checkIPResponse() completed
info: ===> TimeStamp : 2025-08-15 14:42:55===> API : null ===> Message : validateRequest() invoked
info: ===> TimeStamp : 2025-08-15 14:42:55===> API : null ===> Message : fetchDBSettings()
info: ===> TimeStamp : 2025-08-15 14:42:55===> API : null ===> Message : validateRequest() Invoked!
info: ===> TimeStamp : 2025-08-15 14:42:55===> API : null ===> Message : validRequest() :: Api validated Successfully
info: ===> TimeStamp : 2025-08-15 14:42:55===> API : /api/auth/login ===> Message : loginUser() invoked!!
info: ===> TimeStamp : 2025-08-15 14:42:55===> API : /api/auth/login ===> Message : loginUser() :: Request Object :: [object Object]
info: ===> TimeStamp : 2025-08-15 14:42:55===> API : /api/auth/login ===> Message : loginUserDB() Invoked !
info: ===> TimeStamp : 2025-08-15 14:42:56===> API : /api/auth/login ===> Message : loginUserResponse() invoked!
info: ===> TimeStamp : 2025-08-15 14:42:56===> API : /api/auth/login ===> Message : loginUserResponse() completed
info: ===> TimeStamp : 2025-08-15 14:43:02===> API : null ===> Message : validateRequest() invoked
info: ===> TimeStamp : 2025-08-15 14:43:02===> API : null ===> Message : fetchDBSettings()
info: ===> TimeStamp : 2025-08-15 14:43:02===> API : null ===> Message : validateRequest() Invoked!
info: ===> TimeStamp : 2025-08-15 14:43:02===> API : null ===> Message : validRequest() :: Api validated Successfully
info: ===> TimeStamp : 2025-08-15 14:43:02===> API : /api/auth/logout ===> Message : logoutUser() invoked!!
info: ===> TimeStamp : 2025-08-15 14:43:02===> API : /api/auth/logout ===> Message : logoutUserDB() Invoked !
info: ===> TimeStamp : 2025-08-15 14:43:02===> API : /api/auth/logout ===> Message : logoutUser() :: Request Object :: [object Object]
info: ===> TimeStamp : 2025-08-15 14:43:02===> API : /api/auth/logout ===> Message : logoutUserResponse() invoked!
info: ===> TimeStamp : 2025-08-15 14:43:02===> API : /api/auth/logout ===> Message : logoutUserResponse() completed
info: ===> TimeStamp : 2025-08-15 14:43:15===> API : null ===> Message : validateRequest() invoked
info: ===> TimeStamp : 2025-08-15 14:43:15===> API : null ===> Message : fetchDBSettings()
info: ===> TimeStamp : 2025-08-15 14:43:15===> API : null ===> Message : validateRequest() Invoked!
info: ===> TimeStamp : 2025-08-15 14:43:15===> API : null ===> Message : validRequest() :: Api validated Successfully
info: ===> TimeStamp : 2025-08-15 14:43:15===> API : /api/auth/validateuser ===> Message : validateUser() invoked!!
info: ===> TimeStamp : 2025-08-15 14:43:15===> API : /api/auth/validateuser ===> Message : validateUser() :: Request Object :: [object Object]
info: ===> TimeStamp : 2025-08-15 14:43:15===> API : /api/auth/validateuser ===> Message : validateUserDB() Invoked !
info: ===> TimeStamp : 2025-08-15 14:43:15===> API : /api/auth/validateuser ===> Message : validateUserResponse() invoked!
info: ===> TimeStamp : 2025-08-15 14:43:15===> API : /api/auth/validateuser ===> Message : validateUserResponse() completed
info: ===> TimeStamp : 2025-08-15 14:43:16===> API : null ===> Message : validateRequest() invoked
info: ===> TimeStamp : 2025-08-15 14:43:16===> API : null ===> Message : fetchDBSettings()
info: ===> TimeStamp : 2025-08-15 14:43:16===> API : null ===> Message : validateRequest() Invoked!
info: ===> TimeStamp : 2025-08-15 14:43:16===> API : null ===> Message : validRequest() :: Api validated Successfully
info: ===> TimeStamp : 2025-08-15 14:43:16===> API : /api/auth/checkIP ===> Message : checkIP() invoked!!
info: ===> TimeStamp : 2025-08-15 14:43:16===> API : /api/auth/checkIP ===> Message : IPs match: 103.255.182.117
info: ===> TimeStamp : 2025-08-15 14:43:16===> API : /api/auth/checkIP ===> Message : checkIPResponse() invoked!
info: ===> TimeStamp : 2025-08-15 14:43:16===> API : /api/auth/checkIP ===> Message : checkIPResponse() completed
info: ===> TimeStamp : 2025-08-15 14:43:16===> API : null ===> Message : validateRequest() invoked
info: ===> TimeStamp : 2025-08-15 14:43:16===> API : null ===> Message : fetchDBSettings()
info: ===> TimeStamp : 2025-08-15 14:43:16===> API : null ===> Message : validateRequest() Invoked!
info: ===> TimeStamp : 2025-08-15 14:43:16===> API : null ===> Message : validRequest() :: Api validated Successfully
info: ===> TimeStamp : 2025-08-15 14:43:16===> API : /api/auth/login ===> Message : loginUser() invoked!!
info: ===> TimeStamp : 2025-08-15 14:43:16===> API : /api/auth/login ===> Message : loginUser() :: Request Object :: [object Object]
info: ===> TimeStamp : 2025-08-15 14:43:16===> API : /api/auth/login ===> Message : loginUserDB() Invoked !
info: ===> TimeStamp : 2025-08-15 14:43:16===> API : /api/auth/login ===> Message : loginUserResponse() invoked!
info: ===> TimeStamp : 2025-08-15 14:43:16===> API : /api/auth/login ===> Message : loginUserResponse() completed
info: ===> TimeStamp : 2025-08-15 14:51:21===> API : null ===> Message : validateRequest() invoked
info: ===> TimeStamp : 2025-08-15 14:51:21===> API : null ===> Message : fetchDBSettings()
info: ===> TimeStamp : 2025-08-15 14:51:21===> API : null ===> Message : validateRequest() Invoked!
info: ===> TimeStamp : 2025-08-15 14:51:21===> API : null ===> Message : validRequest() :: Api validated Successfully
info: ===> TimeStamp : 2025-08-15 14:51:21===> API : /api/auth/logout ===> Message : logoutUser() invoked!!
info: ===> TimeStamp : 2025-08-15 14:51:21===> API : /api/auth/logout ===> Message : logoutUser() :: Request Object :: [object Object]
info: ===> TimeStamp : 2025-08-15 14:51:21===> API : /api/auth/logout ===> Message : logoutUserDB() Invoked !
info: ===> TimeStamp : 2025-08-15 14:51:21===> API : /api/auth/logout ===> Message : logoutUserResponse() invoked!
info: ===> TimeStamp : 2025-08-15 14:51:21===> API : /api/auth/logout ===> Message : logoutUserResponse() completed
info: ===> TimeStamp : 2025-08-15 14:51:31===> API : null ===> Message : validateRequest() invoked
info: ===> TimeStamp : 2025-08-15 14:51:31===> API : null ===> Message : fetchDBSettings()
info: ===> TimeStamp : 2025-08-15 14:51:31===> API : null ===> Message : validateRequest() Invoked!
info: ===> TimeStamp : 2025-08-15 14:51:31===> API : /api/auth/validateuser ===> Message : validateUser() invoked!!
info: ===> TimeStamp : 2025-08-15 14:51:31===> API : /api/auth/validateuser ===> Message : validateUser() :: Request Object :: [object Object]
info: ===> TimeStamp : 2025-08-15 14:51:31===> API : null ===> Message : validRequest() :: Api validated Successfully
info: ===> TimeStamp : 2025-08-15 14:51:31===> API : /api/auth/validateuser ===> Message : validateUserDB() Invoked !
info: ===> TimeStamp : 2025-08-15 14:51:31===> API : /api/auth/validateuser ===> Message : validateUserResponse() invoked!
info: ===> TimeStamp : 2025-08-15 14:51:31===> API : /api/auth/validateuser ===> Message : validateUserResponse() completed
info: ===> TimeStamp : 2025-08-15 14:51:31===> API : null ===> Message : validateRequest() invoked
info: ===> TimeStamp : 2025-08-15 14:51:31===> API : null ===> Message : fetchDBSettings()
info: ===> TimeStamp : 2025-08-15 14:51:31===> API : null ===> Message : validateRequest() Invoked!
info: ===> TimeStamp : 2025-08-15 14:51:31===> API : null ===> Message : validRequest() :: Api validated Successfully
info: ===> TimeStamp : 2025-08-15 14:51:31===> API : /api/auth/checkIP ===> Message : checkIP() invoked!!
info: ===> TimeStamp : 2025-08-15 14:51:31===> API : /api/auth/checkIP ===> Message : IPs match: 103.255.182.117
info: ===> TimeStamp : 2025-08-15 14:51:31===> API : /api/auth/checkIP ===> Message : checkIPResponse() invoked!
info: ===> TimeStamp : 2025-08-15 14:51:31===> API : /api/auth/checkIP ===> Message : checkIPResponse() completed
info: ===> TimeStamp : 2025-08-15 14:51:31===> API : null ===> Message : validateRequest() invoked
info: ===> TimeStamp : 2025-08-15 14:51:31===> API : null ===> Message : fetchDBSettings()
info: ===> TimeStamp : 2025-08-15 14:51:31===> API : null ===> Message : validateRequest() Invoked!
info: ===> TimeStamp : 2025-08-15 14:51:31===> API : null ===> Message : validRequest() :: Api validated Successfully
info: ===> TimeStamp : 2025-08-15 14:51:31===> API : /api/auth/login ===> Message : loginUser() invoked!!
info: ===> TimeStamp : 2025-08-15 14:51:31===> API : /api/auth/login ===> Message : loginUser() :: Request Object :: [object Object]
info: ===> TimeStamp : 2025-08-15 14:51:31===> API : /api/auth/login ===> Message : loginUserDB() Invoked !
info: ===> TimeStamp : 2025-08-15 14:51:31===> API : /api/auth/login ===> Message : loginUserResponse() invoked!
info: ===> TimeStamp : 2025-08-15 14:51:31===> API : /api/auth/login ===> Message : loginUserResponse() completed
info: ===> TimeStamp : 2025-08-15 15:29:43===> API : null ===> Message : validateRequest() invoked
info: ===> TimeStamp : 2025-08-15 15:29:43===> API : null ===> Message : fetchDBSettings()
info: ===> TimeStamp : 2025-08-15 15:29:43===> API : null ===> Message : validateRequest() Invoked!
info: ===> TimeStamp : 2025-08-15 15:29:43===> API : null ===> Message : validRequest() :: Api validated Successfully
info: ===> TimeStamp : 2025-08-15 15:29:43===> API : /api/auth/validateuser ===> Message : validateUser() invoked!!
info: ===> TimeStamp : 2025-08-15 15:29:43===> API : /api/auth/validateuser ===> Message : validateUser() :: Request Object :: [object Object]
info: ===> TimeStamp : 2025-08-15 15:29:43===> API : /api/auth/validateuser ===> Message : validateUserDB() Invoked !
info: ===> TimeStamp : 2025-08-15 15:29:43===> API : /api/auth/validateuser ===> Message : validateUserResponse() invoked!
info: ===> TimeStamp : 2025-08-15 15:29:43===> API : /api/auth/validateuser ===> Message : validateUserResponse() completed
info: ===> TimeStamp : 2025-08-15 15:29:43===> API : null ===> Message : validateRequest() invoked
info: ===> TimeStamp : 2025-08-15 15:29:43===> API : null ===> Message : fetchDBSettings()
info: ===> TimeStamp : 2025-08-15 15:29:43===> API : null ===> Message : validateRequest() Invoked!
info: ===> TimeStamp : 2025-08-15 15:29:43===> API : null ===> Message : validRequest() :: Api validated Successfully
info: ===> TimeStamp : 2025-08-15 15:29:43===> API : /api/auth/checkIP ===> Message : checkIP() invoked!!
info: ===> TimeStamp : 2025-08-15 15:29:43===> API : /api/auth/checkIP ===> Message : IPs match: 103.255.182.117
info: ===> TimeStamp : 2025-08-15 15:29:43===> API : /api/auth/checkIP ===> Message : checkIPResponse() invoked!
info: ===> TimeStamp : 2025-08-15 15:29:43===> API : /api/auth/checkIP ===> Message : checkIPResponse() completed
info: ===> TimeStamp : 2025-08-15 15:29:43===> API : null ===> Message : validateRequest() invoked
info: ===> TimeStamp : 2025-08-15 15:29:43===> API : null ===> Message : fetchDBSettings()
info: ===> TimeStamp : 2025-08-15 15:29:43===> API : null ===> Message : validateRequest() Invoked!
info: ===> TimeStamp : 2025-08-15 15:29:43===> API : null ===> Message : validRequest() :: Api validated Successfully
info: ===> TimeStamp : 2025-08-15 15:29:43===> API : /api/auth/login ===> Message : loginUser() invoked!!
info: ===> TimeStamp : 2025-08-15 15:29:43===> API : /api/auth/login ===> Message : loginUser() :: Request Object :: [object Object]
info: ===> TimeStamp : 2025-08-15 15:29:43===> API : /api/auth/login ===> Message : loginUserDB() Invoked !
info: ===> TimeStamp : 2025-08-15 15:29:44===> API : /api/auth/login ===> Message : loginUserResponse() invoked!
info: ===> TimeStamp : 2025-08-15 15:29:44===> API : /api/auth/login ===> Message : loginUserResponse() completed
info: ===> TimeStamp : 2025-08-15 16:10:11===> API : null ===> Message : validateRequest() invoked
info: ===> TimeStamp : 2025-08-15 16:10:11===> API : null ===> Message : fetchDBSettings()
info: ===> TimeStamp : 2025-08-15 16:10:11===> API : null ===> Message : validateRequest() Invoked!
info: ===> TimeStamp : 2025-08-15 16:10:11===> API : null ===> Message : validRequest() :: Api validated Successfully
info: ===> TimeStamp : 2025-08-15 16:10:11===> API : /api/auth/logout ===> Message : logoutUser() invoked!!
info: ===> TimeStamp : 2025-08-15 16:10:11===> API : /api/auth/logout ===> Message : logoutUser() :: Request Object :: [object Object]
info: ===> TimeStamp : 2025-08-15 16:10:11===> API : /api/auth/logout ===> Message : logoutUserDB() Invoked !
info: ===> TimeStamp : 2025-08-15 16:10:11===> API : /api/auth/logout ===> Message : logoutUserResponse() invoked!
info: ===> TimeStamp : 2025-08-15 16:10:11===> API : /api/auth/logout ===> Message : logoutUserResponse() completed
info: ===> TimeStamp : 2025-08-15 16:11:18===> API : null ===> Message : validateRequest() invoked
info: ===> TimeStamp : 2025-08-15 16:11:18===> API : null ===> Message : validateRequest() Error:: Invalid Request :: 
      {"apiUri":"/_fragment"}
info: ===> TimeStamp : 2025-08-15 16:14:26===> API : null ===> Message : validateRequest() invoked
info: ===> TimeStamp : 2025-08-15 16:14:26===> API : null ===> Message : fetchDBSettings()
info: ===> TimeStamp : 2025-08-15 16:14:26===> API : null ===> Message : validateRequest() Invoked!
info: ===> TimeStamp : 2025-08-15 16:14:26===> API : null ===> Message : validRequest() :: Api validated Successfully
info: ===> TimeStamp : 2025-08-15 16:14:26===> API : /api/auth/validateuser ===> Message : validateUser() invoked!!
info: ===> TimeStamp : 2025-08-15 16:14:26===> API : /api/auth/validateuser ===> Message : validateUser() :: Request Object :: [object Object]
info: ===> TimeStamp : 2025-08-15 16:14:26===> API : /api/auth/validateuser ===> Message : validateUserDB() Invoked !
info: ===> TimeStamp : 2025-08-15 16:14:26===> API : /api/auth/validateuser ===> Message : validateUserResponse() invoked!
info: ===> TimeStamp : 2025-08-15 16:14:26===> API : /api/auth/validateuser ===> Message : validateUserResponse() completed
info: ===> TimeStamp : 2025-08-15 16:14:26===> API : null ===> Message : validateRequest() invoked
info: ===> TimeStamp : 2025-08-15 16:14:26===> API : null ===> Message : fetchDBSettings()
info: ===> TimeStamp : 2025-08-15 16:14:26===> API : null ===> Message : validateRequest() Invoked!
info: ===> TimeStamp : 2025-08-15 16:14:26===> API : null ===> Message : validRequest() :: Api validated Successfully
info: ===> TimeStamp : 2025-08-15 16:14:26===> API : /api/auth/login ===> Message : loginUser() :: Request Object :: [object Object]
info: ===> TimeStamp : 2025-08-15 16:14:26===> API : /api/auth/login ===> Message : loginUser() invoked!!
info: ===> TimeStamp : 2025-08-15 16:14:26===> API : /api/auth/login ===> Message : loginUserDB() Invoked !
info: ===> TimeStamp : 2025-08-15 16:14:26===> API : /api/auth/login ===> Message : loginUserResponse() invoked!
info: ===> TimeStamp : 2025-08-15 16:14:26===> API : /api/auth/login ===> Message : loginUserResponse() completed
info: ===> TimeStamp : 2025-08-15 16:43:12===> API : null ===> Message : validateRequest() invoked
info: ===> TimeStamp : 2025-08-15 16:43:12===> API : null ===> Message : validateRequest() Error:: Invalid Request :: 
      {"apiUri":"/"}
info: ===> TimeStamp : 2025-08-15 16:43:24===> API : null ===> Message : validateRequest() invoked
info: ===> TimeStamp : 2025-08-15 16:43:24===> API : null ===> Message : validateRequest() Error:: Invalid Request :: 
      {"apiUri":"/"}
info: ===> TimeStamp : 2025-08-15 16:43:24===> API : null ===> Message : validateRequest() invoked
info: ===> TimeStamp : 2025-08-15 16:43:24===> API : null ===> Message : validateRequest() Error:: Invalid Request :: 
      {"apiUri":"/favicon.ico"}
info: ===> TimeStamp : 2025-08-15 16:43:31===> API : null ===> Message : validateRequest() invoked
info: ===> TimeStamp : 2025-08-15 16:43:31===> API : null ===> Message : validateRequest() Error:: Invalid Request :: 
      {"apiUri":"/favicon.ico"}
info: ===> TimeStamp : 2025-08-15 16:43:36===> API : null ===> Message : validateRequest() invoked
info: ===> TimeStamp : 2025-08-15 16:43:36===> API : null ===> Message : validateRequest() Error:: Invalid Request :: 
      {"apiUri":"/security.txt"}
info: ===> TimeStamp : 2025-08-15 16:50:52===> API : null ===> Message : validateRequest() invoked
info: ===> TimeStamp : 2025-08-15 16:50:52===> API : null ===> Message : fetchDBSettings()
info: ===> TimeStamp : 2025-08-15 16:50:52===> API : null ===> Message : validateRequest() Invoked!
info: ===> TimeStamp : 2025-08-15 16:50:52===> API : null ===> Message : validRequest() :: Api validated Successfully
info: ===> TimeStamp : 2025-08-15 16:50:52===> API : /api/auth/validateuser ===> Message : validateUser() invoked!!
info: ===> TimeStamp : 2025-08-15 16:50:52===> API : /api/auth/validateuser ===> Message : validateUser() :: Request Object :: [object Object]
info: ===> TimeStamp : 2025-08-15 16:50:52===> API : /api/auth/validateuser ===> Message : validateUserDB() Invoked !
info: ===> TimeStamp : 2025-08-15 16:50:52===> API : /api/auth/validateuser ===> Message : validateUserResponse() invoked!
info: ===> TimeStamp : 2025-08-15 16:50:52===> API : /api/auth/validateuser ===> Message : validateUserResponse() completed
info: ===> TimeStamp : 2025-08-15 16:50:52===> API : null ===> Message : validateRequest() invoked
info: ===> TimeStamp : 2025-08-15 16:50:52===> API : null ===> Message : fetchDBSettings()
info: ===> TimeStamp : 2025-08-15 16:50:52===> API : null ===> Message : validateRequest() Invoked!
info: ===> TimeStamp : 2025-08-15 16:50:52===> API : null ===> Message : validRequest() :: Api validated Successfully
info: ===> TimeStamp : 2025-08-15 16:50:52===> API : /api/auth/checkIP ===> Message : checkIP() invoked!!
info: ===> TimeStamp : 2025-08-15 16:50:52===> API : /api/auth/checkIP ===> Message : IPs match: 103.255.182.117
info: ===> TimeStamp : 2025-08-15 16:50:52===> API : /api/auth/checkIP ===> Message : checkIPResponse() invoked!
info: ===> TimeStamp : 2025-08-15 16:50:52===> API : /api/auth/checkIP ===> Message : checkIPResponse() completed
info: ===> TimeStamp : 2025-08-15 16:50:52===> API : null ===> Message : validateRequest() invoked
info: ===> TimeStamp : 2025-08-15 16:50:52===> API : null ===> Message : fetchDBSettings()
info: ===> TimeStamp : 2025-08-15 16:50:52===> API : null ===> Message : validateRequest() Invoked!
info: ===> TimeStamp : 2025-08-15 16:50:52===> API : null ===> Message : validRequest() :: Api validated Successfully
info: ===> TimeStamp : 2025-08-15 16:50:52===> API : /api/auth/login ===> Message : loginUser() invoked!!
info: ===> TimeStamp : 2025-08-15 16:50:52===> API : /api/auth/login ===> Message : loginUser() :: Request Object :: [object Object]
info: ===> TimeStamp : 2025-08-15 16:50:52===> API : /api/auth/login ===> Message : loginUserDB() Invoked !
info: ===> TimeStamp : 2025-08-15 16:50:52===> API : /api/auth/login ===> Message : loginUserResponse() invoked!
info: ===> TimeStamp : 2025-08-15 16:50:52===> API : /api/auth/login ===> Message : loginUserResponse() completed
info: ===> TimeStamp : 2025-08-15 16:51:40===> API : null ===> Message : validateRequest() invoked
info: ===> TimeStamp : 2025-08-15 16:51:40===> API : null ===> Message : fetchDBSettings()
info: ===> TimeStamp : 2025-08-15 16:51:40===> API : null ===> Message : validateRequest() Invoked!
info: ===> TimeStamp : 2025-08-15 16:51:40===> API : null ===> Message : validRequest() :: Api validated Successfully
info: ===> TimeStamp : 2025-08-15 16:51:40===> API : /api/auth/validateuser ===> Message : validateUser() invoked!!
info: ===> TimeStamp : 2025-08-15 16:51:40===> API : /api/auth/validateuser ===> Message : validateUser() :: Request Object :: [object Object]
info: ===> TimeStamp : 2025-08-15 16:51:40===> API : /api/auth/validateuser ===> Message : validateUserDB() Invoked !
info: ===> TimeStamp : 2025-08-15 16:51:40===> API : /api/auth/validateuser ===> Message : validateUserResponse() invoked!
info: ===> TimeStamp : 2025-08-15 16:51:40===> API : /api/auth/validateuser ===> Message : validateUserResponse() completed
info: ===> TimeStamp : 2025-08-15 16:51:40===> API : null ===> Message : validateRequest() invoked
info: ===> TimeStamp : 2025-08-15 16:51:40===> API : null ===> Message : fetchDBSettings()
info: ===> TimeStamp : 2025-08-15 16:51:40===> API : null ===> Message : validateRequest() Invoked!
info: ===> TimeStamp : 2025-08-15 16:51:40===> API : null ===> Message : validRequest() :: Api validated Successfully
info: ===> TimeStamp : 2025-08-15 16:51:40===> API : /api/auth/checkIP ===> Message : checkIP() invoked!!
info: ===> TimeStamp : 2025-08-15 16:51:40===> API : /api/auth/checkIP ===> Message : IPs match: 103.255.182.117
info: ===> TimeStamp : 2025-08-15 16:51:40===> API : /api/auth/checkIP ===> Message : checkIPResponse() invoked!
info: ===> TimeStamp : 2025-08-15 16:51:40===> API : /api/auth/checkIP ===> Message : checkIPResponse() completed
info: ===> TimeStamp : 2025-08-15 16:51:40===> API : null ===> Message : validateRequest() invoked
info: ===> TimeStamp : 2025-08-15 16:51:40===> API : null ===> Message : fetchDBSettings()
info: ===> TimeStamp : 2025-08-15 16:51:40===> API : null ===> Message : validateRequest() Invoked!
info: ===> TimeStamp : 2025-08-15 16:51:40===> API : null ===> Message : validRequest() :: Api validated Successfully
info: ===> TimeStamp : 2025-08-15 16:51:40===> API : /api/auth/login ===> Message : loginUser() invoked!!
info: ===> TimeStamp : 2025-08-15 16:51:40===> API : /api/auth/login ===> Message : loginUser() :: Request Object :: [object Object]
info: ===> TimeStamp : 2025-08-15 16:51:40===> API : /api/auth/login ===> Message : loginUserDB() Invoked !
info: ===> TimeStamp : 2025-08-15 16:51:40===> API : /api/auth/login ===> Message : loginUserResponse() invoked!
info: ===> TimeStamp : 2025-08-15 16:51:40===> API : /api/auth/login ===> Message : loginUserResponse() completed
info: ===> TimeStamp : 2025-08-15 17:31:18===> API : null ===> Message : validateRequest() invoked
info: ===> TimeStamp : 2025-08-15 17:31:18===> API : null ===> Message : validateRequest() Error:: Invalid Request :: 
      {"apiUri":"/"}
info: ===> TimeStamp : 2025-08-15 17:31:22===> API : null ===> Message : validateRequest() invoked
info: ===> TimeStamp : 2025-08-15 17:31:22===> API : null ===> Message : validateRequest() Error:: Invalid Request :: 
      {"apiUri":"/favicon.ico"}
info: ===> TimeStamp : 2025-08-15 17:32:03===> API : null ===> Message : validateRequest() invoked
info: ===> TimeStamp : 2025-08-15 17:32:03===> API : null ===> Message : validateRequest() Error:: Invalid Request :: 
      {"apiUri":"/favicon.ico"}
info: ===> TimeStamp : 2025-08-15 17:32:19===> API : null ===> Message : validateRequest() invoked
info: ===> TimeStamp : 2025-08-15 17:32:19===> API : null ===> Message : validateRequest() Error:: Invalid Request :: 
      {"apiUri":"/.well-known/security.txt"}
info: ===> TimeStamp : 2025-08-15 17:37:49===> API : null ===> Message : validateRequest() invoked
info: ===> TimeStamp : 2025-08-15 17:37:49===> API : null ===> Message : fetchDBSettings()
info: ===> TimeStamp : 2025-08-15 17:37:49===> API : null ===> Message : validateRequest() Invoked!
info: ===> TimeStamp : 2025-08-15 17:37:49===> API : null ===> Message : validRequest() :: Api validated Successfully
info: ===> TimeStamp : 2025-08-15 17:37:49===> API : /api/auth/validateuser ===> Message : validateUser() :: Request Object :: [object Object]
info: ===> TimeStamp : 2025-08-15 17:37:49===> API : /api/auth/validateuser ===> Message : validateUser() invoked!!
info: ===> TimeStamp : 2025-08-15 17:37:49===> API : /api/auth/validateuser ===> Message : validateUserDB() Invoked !
info: ===> TimeStamp : 2025-08-15 17:37:49===> API : /api/auth/validateuser ===> Message : validateUserResponse() invoked!
info: ===> TimeStamp : 2025-08-15 17:37:49===> API : /api/auth/validateuser ===> Message : validateUserResponse() completed
info: ===> TimeStamp : 2025-08-15 17:37:49===> API : null ===> Message : validateRequest() invoked
info: ===> TimeStamp : 2025-08-15 17:37:49===> API : null ===> Message : fetchDBSettings()
info: ===> TimeStamp : 2025-08-15 17:37:49===> API : null ===> Message : validateRequest() Invoked!
info: ===> TimeStamp : 2025-08-15 17:37:49===> API : null ===> Message : validRequest() :: Api validated Successfully
info: ===> TimeStamp : 2025-08-15 17:37:49===> API : /api/auth/login ===> Message : loginUser() invoked!!
info: ===> TimeStamp : 2025-08-15 17:37:49===> API : /api/auth/login ===> Message : loginUser() :: Request Object :: [object Object]
info: ===> TimeStamp : 2025-08-15 17:37:49===> API : /api/auth/login ===> Message : loginUserDB() Invoked !
info: ===> TimeStamp : 2025-08-15 17:37:49===> API : /api/auth/login ===> Message : loginUserResponse() invoked!
info: ===> TimeStamp : 2025-08-15 17:37:49===> API : /api/auth/login ===> Message : loginUserResponse() completed
info: ===> TimeStamp : 2025-08-15 18:27:59===> API : null ===> Message : validateRequest() invoked
info: ===> TimeStamp : 2025-08-15 18:27:59===> API : null ===> Message : fetchDBSettings()
info: ===> TimeStamp : 2025-08-15 18:27:59===> API : null ===> Message : validateRequest() Invoked!
info: ===> TimeStamp : 2025-08-15 18:28:00===> API : null ===> Message : validRequest() :: Api validated Successfully
info: ===> TimeStamp : 2025-08-15 18:28:00===> API : /api/auth/validateuser ===> Message : validateUser() invoked!!
info: ===> TimeStamp : 2025-08-15 18:28:00===> API : /api/auth/validateuser ===> Message : validateUser() :: Request Object :: [object Object]
info: ===> TimeStamp : 2025-08-15 18:28:00===> API : /api/auth/validateuser ===> Message : validateUserDB() Invoked !
info: ===> TimeStamp : 2025-08-15 18:28:00===> API : /api/auth/validateuser ===> Message : validateUserResponse() invoked!
info: ===> TimeStamp : 2025-08-15 18:28:00===> API : /api/auth/validateuser ===> Message : validateUserResponse() completed
info: ===> TimeStamp : 2025-08-15 18:28:00===> API : null ===> Message : validateRequest() invoked
info: ===> TimeStamp : 2025-08-15 18:28:00===> API : null ===> Message : fetchDBSettings()
info: ===> TimeStamp : 2025-08-15 18:28:00===> API : null ===> Message : validateRequest() Invoked!
info: ===> TimeStamp : 2025-08-15 18:28:00===> API : null ===> Message : validRequest() :: Api validated Successfully
info: ===> TimeStamp : 2025-08-15 18:28:00===> API : /api/auth/login ===> Message : loginUser() invoked!!
info: ===> TimeStamp : 2025-08-15 18:28:00===> API : /api/auth/login ===> Message : loginUser() :: Request Object :: [object Object]
info: ===> TimeStamp : 2025-08-15 18:28:00===> API : /api/auth/login ===> Message : loginUserDB() Invoked !
info: ===> TimeStamp : 2025-08-15 18:28:00===> API : /api/auth/login ===> Message : loginUserResponse() invoked!
info: ===> TimeStamp : 2025-08-15 18:28:00===> API : /api/auth/login ===> Message : loginUserResponse() completed
info: ===> TimeStamp : 2025-08-15 18:28:05===> API : null ===> Message : fetchDBSettings()
info: ===> TimeStamp : 2025-08-15 18:28:05===> API : null ===> Message : validateRequest() invoked
info: ===> TimeStamp : 2025-08-15 18:28:05===> API : null ===> Message : validateRequest() Invoked!
info: ===> TimeStamp : 2025-08-15 18:28:05===> API : null ===> Message : validRequest() :: Api validated Successfully
info: ===> TimeStamp : 2025-08-15 18:28:05===> API : /api/auth/validateuser ===> Message : validateUser() invoked!!
info: ===> TimeStamp : 2025-08-15 18:28:05===> API : /api/auth/validateuser ===> Message : validateUser() :: Request Object :: [object Object]
info: ===> TimeStamp : 2025-08-15 18:28:05===> API : /api/auth/validateuser ===> Message : validateUserDB() Invoked !
info: ===> TimeStamp : 2025-08-15 18:28:05===> API : /api/auth/validateuser ===> Message : validateUserResponse() invoked!
info: ===> TimeStamp : 2025-08-15 18:28:05===> API : /api/auth/validateuser ===> Message : validateUserResponse() completed
info: ===> TimeStamp : 2025-08-15 18:28:06===> API : null ===> Message : validateRequest() invoked
info: ===> TimeStamp : 2025-08-15 18:28:06===> API : null ===> Message : fetchDBSettings()
info: ===> TimeStamp : 2025-08-15 18:28:06===> API : null ===> Message : validateRequest() Invoked!
info: ===> TimeStamp : 2025-08-15 18:28:06===> API : null ===> Message : validRequest() :: Api validated Successfully
info: ===> TimeStamp : 2025-08-15 18:28:06===> API : /api/auth/login ===> Message : loginUser() invoked!!
info: ===> TimeStamp : 2025-08-15 18:28:06===> API : /api/auth/login ===> Message : loginUser() :: Request Object :: [object Object]
info: ===> TimeStamp : 2025-08-15 18:28:06===> API : /api/auth/login ===> Message : loginUserDB() Invoked !
info: ===> TimeStamp : 2025-08-15 18:28:06===> API : /api/auth/login ===> Message : loginUserResponse() invoked!
info: ===> TimeStamp : 2025-08-15 18:28:06===> API : /api/auth/login ===> Message : loginUserResponse() completed
info: ===> TimeStamp : 2025-08-15 18:36:23===> API : null ===> Message : validateRequest() invoked
info: ===> TimeStamp : 2025-08-15 18:36:23===> API : null ===> Message : fetchDBSettings()
info: ===> TimeStamp : 2025-08-15 18:36:23===> API : null ===> Message : validateRequest() Invoked!
info: ===> TimeStamp : 2025-08-15 18:36:23===> API : null ===> Message : validRequest() :: Api validated Successfully
info: ===> TimeStamp : 2025-08-15 18:36:23===> API : /api/auth/validateuser ===> Message : validateUser() invoked!!
info: ===> TimeStamp : 2025-08-15 18:36:23===> API : /api/auth/validateuser ===> Message : validateUser() :: Request Object :: [object Object]
info: ===> TimeStamp : 2025-08-15 18:36:23===> API : /api/auth/validateuser ===> Message : validateUserDB() Invoked !
info: ===> TimeStamp : 2025-08-15 18:36:23===> API : /api/auth/validateuser ===> Message : validateUserDB() :: Error :: {"code":"ER_SIGNAL_EXCEPTION","errno":1644,"sqlState":"10005","sqlMessage":"User Does Not Exist","sql":"CALL usp_validate_user('kimi', 'kimi21`2')"}
info: ===> TimeStamp : 2025-08-15 18:36:23===> API : /api/auth/validateuser ===> Message : validateUserDBResult :: Error :: {"ErrorCode":10005,"ErrorMessage":"User Does Not Exist"}
info: ===> TimeStamp : 2025-08-15 18:36:23===> API : /api/auth/validateuser ===> Message : validateUserResponse() invoked!
info: ===> TimeStamp : 2025-08-15 18:36:23===> API : /api/auth/validateuser ===> Message : validateUserResponse() completed
info: ===> TimeStamp : 2025-08-15 18:36:37===> API : null ===> Message : validateRequest() invoked
info: ===> TimeStamp : 2025-08-15 18:36:37===> API : null ===> Message : fetchDBSettings()
info: ===> TimeStamp : 2025-08-15 18:36:37===> API : null ===> Message : validateRequest() Invoked!
info: ===> TimeStamp : 2025-08-15 18:36:37===> API : null ===> Message : validRequest() :: Api validated Successfully
info: ===> TimeStamp : 2025-08-15 18:36:37===> API : /api/auth/validateuser ===> Message : validateUser() invoked!!
info: ===> TimeStamp : 2025-08-15 18:36:37===> API : /api/auth/validateuser ===> Message : validateUser() :: Request Object :: [object Object]
info: ===> TimeStamp : 2025-08-15 18:36:37===> API : /api/auth/validateuser ===> Message : validateUserDB() Invoked !
info: ===> TimeStamp : 2025-08-15 18:36:37===> API : /api/auth/validateuser ===> Message : validateUserDB() :: Error :: {"code":"ER_SIGNAL_EXCEPTION","errno":1644,"sqlState":"10005","sqlMessage":"User Does Not Exist","sql":"CALL usp_validate_user('KIMI', 'kimi21`2')"}
info: ===> TimeStamp : 2025-08-15 18:36:37===> API : /api/auth/validateuser ===> Message : validateUserDBResult :: Error :: {"ErrorCode":10005,"ErrorMessage":"User Does Not Exist"}
info: ===> TimeStamp : 2025-08-15 18:36:37===> API : /api/auth/validateuser ===> Message : validateUserResponse() invoked!
info: ===> TimeStamp : 2025-08-15 18:36:37===> API : /api/auth/validateuser ===> Message : validateUserResponse() completed
info: ===> TimeStamp : 2025-08-15 18:36:53===> API : null ===> Message : validateRequest() invoked
info: ===> TimeStamp : 2025-08-15 18:36:53===> API : null ===> Message : fetchDBSettings()
info: ===> TimeStamp : 2025-08-15 18:36:53===> API : null ===> Message : validateRequest() Invoked!
info: ===> TimeStamp : 2025-08-15 18:36:53===> API : null ===> Message : validRequest() :: Api validated Successfully
info: ===> TimeStamp : 2025-08-15 18:36:53===> API : /api/auth/validateuser ===> Message : validateUser() :: Request Object :: [object Object]
info: ===> TimeStamp : 2025-08-15 18:36:53===> API : /api/auth/validateuser ===> Message : validateUserDB() Invoked !
info: ===> TimeStamp : 2025-08-15 18:36:53===> API : /api/auth/validateuser ===> Message : validateUser() invoked!!
info: ===> TimeStamp : 2025-08-15 18:36:53===> API : /api/auth/validateuser ===> Message : validateUserResponse() invoked!
info: ===> TimeStamp : 2025-08-15 18:36:53===> API : /api/auth/validateuser ===> Message : validateUserResponse() completed
info: ===> TimeStamp : 2025-08-15 18:36:53===> API : null ===> Message : validateRequest() invoked
info: ===> TimeStamp : 2025-08-15 18:36:53===> API : null ===> Message : fetchDBSettings()
info: ===> TimeStamp : 2025-08-15 18:36:53===> API : null ===> Message : validateRequest() Invoked!
info: ===> TimeStamp : 2025-08-15 18:36:53===> API : null ===> Message : validRequest() :: Api validated Successfully
info: ===> TimeStamp : 2025-08-15 18:36:53===> API : /api/auth/checkIP ===> Message : checkIP() invoked!!
info: ===> TimeStamp : 2025-08-15 18:36:53===> API : /api/auth/checkIP ===> Message : IPs match: 103.255.182.117
info: ===> TimeStamp : 2025-08-15 18:36:53===> API : /api/auth/checkIP ===> Message : checkIPResponse() invoked!
info: ===> TimeStamp : 2025-08-15 18:36:53===> API : /api/auth/checkIP ===> Message : checkIPResponse() completed
info: ===> TimeStamp : 2025-08-15 18:36:53===> API : null ===> Message : validateRequest() invoked
info: ===> TimeStamp : 2025-08-15 18:36:53===> API : null ===> Message : fetchDBSettings()
info: ===> TimeStamp : 2025-08-15 18:36:53===> API : null ===> Message : validateRequest() Invoked!
info: ===> TimeStamp : 2025-08-15 18:36:53===> API : null ===> Message : validRequest() :: Api validated Successfully
info: ===> TimeStamp : 2025-08-15 18:36:53===> API : /api/auth/login ===> Message : loginUser() invoked!!
info: ===> TimeStamp : 2025-08-15 18:36:53===> API : /api/auth/login ===> Message : loginUser() :: Request Object :: [object Object]
info: ===> TimeStamp : 2025-08-15 18:36:53===> API : /api/auth/login ===> Message : loginUserDB() Invoked !
info: ===> TimeStamp : 2025-08-15 18:36:53===> API : /api/auth/login ===> Message : loginUserResponse() invoked!
info: ===> TimeStamp : 2025-08-15 18:36:53===> API : /api/auth/login ===> Message : loginUserResponse() completed
info: ===> TimeStamp : 2025-08-15 18:46:53===> API : null ===> Message : validateRequest() invoked
info: ===> TimeStamp : 2025-08-15 18:46:53===> API : null ===> Message : validateRequest() Error:: Invalid Request :: 
      {"apiUri":"/pdown"}
info: ===> TimeStamp : 2025-08-15 19:52:27===> API : null ===> Message : validateRequest() invoked
info: ===> TimeStamp : 2025-08-15 19:52:27===> API : null ===> Message : fetchDBSettings()
info: ===> TimeStamp : 2025-08-15 19:52:27===> API : null ===> Message : validateRequest() Invoked!
info: ===> TimeStamp : 2025-08-15 19:52:27===> API : null ===> Message : validRequest() :: Api validated Successfully
info: ===> TimeStamp : 2025-08-15 19:52:27===> API : /api/auth/validateuser ===> Message : validateUser() invoked!!
info: ===> TimeStamp : 2025-08-15 19:52:27===> API : /api/auth/validateuser ===> Message : validateUser() :: Request Object :: [object Object]
info: ===> TimeStamp : 2025-08-15 19:52:27===> API : /api/auth/validateuser ===> Message : validateUserDB() Invoked !
info: ===> TimeStamp : 2025-08-15 19:52:27===> API : /api/auth/validateuser ===> Message : validateUserResponse() invoked!
info: ===> TimeStamp : 2025-08-15 19:52:27===> API : /api/auth/validateuser ===> Message : validateUserResponse() completed
info: ===> TimeStamp : 2025-08-15 19:52:27===> API : null ===> Message : validateRequest() invoked
info: ===> TimeStamp : 2025-08-15 19:52:27===> API : null ===> Message : fetchDBSettings()
info: ===> TimeStamp : 2025-08-15 19:52:27===> API : null ===> Message : validateRequest() Invoked!
info: ===> TimeStamp : 2025-08-15 19:52:27===> API : null ===> Message : validRequest() :: Api validated Successfully
info: ===> TimeStamp : 2025-08-15 19:52:27===> API : /api/auth/login ===> Message : loginUser() invoked!!
info: ===> TimeStamp : 2025-08-15 19:52:27===> API : /api/auth/login ===> Message : loginUser() :: Request Object :: [object Object]
info: ===> TimeStamp : 2025-08-15 19:52:27===> API : /api/auth/login ===> Message : loginUserDB() Invoked !
info: ===> TimeStamp : 2025-08-15 19:52:27===> API : /api/auth/login ===> Message : loginUserResponse() invoked!
info: ===> TimeStamp : 2025-08-15 19:52:27===> API : /api/auth/login ===> Message : loginUserResponse() completed
info: ===> TimeStamp : 2025-08-15 19:54:48===> API : null ===> Message : validateRequest() invoked
info: ===> TimeStamp : 2025-08-15 19:54:48===> API : null ===> Message : fetchDBSettings()
info: ===> TimeStamp : 2025-08-15 19:54:48===> API : null ===> Message : validateRequest() Invoked!
info: ===> TimeStamp : 2025-08-15 19:54:48===> API : null ===> Message : validRequest() :: Api validated Successfully
info: ===> TimeStamp : 2025-08-15 19:54:48===> API : /api/auth/validateuser ===> Message : validateUser() invoked!!
info: ===> TimeStamp : 2025-08-15 19:54:48===> API : /api/auth/validateuser ===> Message : validateUser() :: Request Object :: [object Object]
info: ===> TimeStamp : 2025-08-15 19:54:48===> API : /api/auth/validateuser ===> Message : validateUserDB() Invoked !
info: ===> TimeStamp : 2025-08-15 19:54:48===> API : /api/auth/validateuser ===> Message : validateUserResponse() invoked!
info: ===> TimeStamp : 2025-08-15 19:54:48===> API : /api/auth/validateuser ===> Message : validateUserResponse() completed
info: ===> TimeStamp : 2025-08-15 19:54:48===> API : null ===> Message : validateRequest() invoked
info: ===> TimeStamp : 2025-08-15 19:54:48===> API : null ===> Message : fetchDBSettings()
info: ===> TimeStamp : 2025-08-15 19:54:48===> API : null ===> Message : validateRequest() Invoked!
info: ===> TimeStamp : 2025-08-15 19:54:48===> API : null ===> Message : validRequest() :: Api validated Successfully
info: ===> TimeStamp : 2025-08-15 19:54:48===> API : /api/auth/login ===> Message : loginUser() :: Request Object :: [object Object]
info: ===> TimeStamp : 2025-08-15 19:54:48===> API : /api/auth/login ===> Message : loginUser() invoked!!
info: ===> TimeStamp : 2025-08-15 19:54:48===> API : /api/auth/login ===> Message : loginUserDB() Invoked !
info: ===> TimeStamp : 2025-08-15 19:54:48===> API : /api/auth/login ===> Message : loginUserResponse() invoked!
info: ===> TimeStamp : 2025-08-15 19:54:48===> API : /api/auth/login ===> Message : loginUserResponse() completed
info: ===> TimeStamp : 2025-08-15 20:01:23===> API : null ===> Message : validateRequest() invoked
info: ===> TimeStamp : 2025-08-15 20:01:23===> API : null ===> Message : fetchDBSettings()
info: ===> TimeStamp : 2025-08-15 20:01:23===> API : null ===> Message : validateRequest() Invoked!
info: ===> TimeStamp : 2025-08-15 20:01:23===> API : /api/auth/validateuser ===> Message : validateUser() invoked!!
info: ===> TimeStamp : 2025-08-15 20:01:23===> API : /api/auth/validateuser ===> Message : validateUser() :: Request Object :: [object Object]
info: ===> TimeStamp : 2025-08-15 20:01:23===> API : null ===> Message : validRequest() :: Api validated Successfully
info: ===> TimeStamp : 2025-08-15 20:01:23===> API : /api/auth/validateuser ===> Message : validateUserDB() Invoked !
info: ===> TimeStamp : 2025-08-15 20:01:23===> API : /api/auth/validateuser ===> Message : validateUserResponse() invoked!
info: ===> TimeStamp : 2025-08-15 20:01:23===> API : /api/auth/validateuser ===> Message : validateUserResponse() completed
info: ===> TimeStamp : 2025-08-15 20:01:23===> API : null ===> Message : validateRequest() invoked
info: ===> TimeStamp : 2025-08-15 20:01:23===> API : null ===> Message : fetchDBSettings()
info: ===> TimeStamp : 2025-08-15 20:01:23===> API : null ===> Message : validateRequest() Invoked!
info: ===> TimeStamp : 2025-08-15 20:01:23===> API : null ===> Message : validRequest() :: Api validated Successfully
info: ===> TimeStamp : 2025-08-15 20:01:23===> API : /api/auth/login ===> Message : loginUser() invoked!!
info: ===> TimeStamp : 2025-08-15 20:01:23===> API : /api/auth/login ===> Message : loginUser() :: Request Object :: [object Object]
info: ===> TimeStamp : 2025-08-15 20:01:23===> API : /api/auth/login ===> Message : loginUserDB() Invoked !
info: ===> TimeStamp : 2025-08-15 20:01:23===> API : /api/auth/login ===> Message : loginUserResponse() invoked!
info: ===> TimeStamp : 2025-08-15 20:01:23===> API : /api/auth/login ===> Message : loginUserResponse() completed
info: ===> TimeStamp : 2025-08-15 20:19:48===> API : null ===> Message : fetchDBSettings()
info: ===> TimeStamp : 2025-08-15 20:19:48===> API : null ===> Message : validateRequest() invoked
info: ===> TimeStamp : 2025-08-15 20:19:48===> API : null ===> Message : validateRequest() Invoked!
info: ===> TimeStamp : 2025-08-15 20:19:48===> API : null ===> Message : validRequest() :: Api validated Successfully
info: ===> TimeStamp : 2025-08-15 20:19:48===> API : /api/auth/validateuser ===> Message : validateUser() invoked!!
info: ===> TimeStamp : 2025-08-15 20:19:48===> API : /api/auth/validateuser ===> Message : validateUser() :: Request Object :: [object Object]
info: ===> TimeStamp : 2025-08-15 20:19:48===> API : /api/auth/validateuser ===> Message : validateUserDB() Invoked !
info: ===> TimeStamp : 2025-08-15 20:19:48===> API : /api/auth/validateuser ===> Message : validateUserDB() :: Error :: {"code":"ER_SIGNAL_EXCEPTION","errno":1644,"sqlState":"10005","sqlMessage":"User Does Not Exist","sql":"CALL usp_validate_user('Aamir', 'Aamir@993370')"}
info: ===> TimeStamp : 2025-08-15 20:19:48===> API : /api/auth/validateuser ===> Message : validateUserDBResult :: Error :: {"ErrorCode":10005,"ErrorMessage":"User Does Not Exist"}
info: ===> TimeStamp : 2025-08-15 20:19:48===> API : /api/auth/validateuser ===> Message : validateUserResponse() invoked!
info: ===> TimeStamp : 2025-08-15 20:19:48===> API : /api/auth/validateuser ===> Message : validateUserResponse() completed
info: ===> TimeStamp : 2025-08-15 20:44:43===> API : null ===> Message : validateRequest() invoked
info: ===> TimeStamp : 2025-08-15 20:44:43===> API : null ===> Message : fetchDBSettings()
info: ===> TimeStamp : 2025-08-15 20:44:43===> API : null ===> Message : validateRequest() Invoked!
info: ===> TimeStamp : 2025-08-15 20:44:43===> API : null ===> Message : validRequest() :: Api validated Successfully
info: ===> TimeStamp : 2025-08-15 20:44:43===> API : /api/auth/validateuser ===> Message : validateUser() invoked!!
info: ===> TimeStamp : 2025-08-15 20:44:43===> API : /api/auth/validateuser ===> Message : validateUser() :: Request Object :: [object Object]
info: ===> TimeStamp : 2025-08-15 20:44:43===> API : /api/auth/validateuser ===> Message : validateUserDB() Invoked !
info: ===> TimeStamp : 2025-08-15 20:44:43===> API : /api/auth/validateuser ===> Message : validateUserResponse() invoked!
info: ===> TimeStamp : 2025-08-15 20:44:43===> API : /api/auth/validateuser ===> Message : validateUserResponse() completed
info: ===> TimeStamp : 2025-08-15 20:44:44===> API : null ===> Message : validateRequest() invoked
info: ===> TimeStamp : 2025-08-15 20:44:44===> API : null ===> Message : fetchDBSettings()
info: ===> TimeStamp : 2025-08-15 20:44:44===> API : null ===> Message : validateRequest() Invoked!
info: ===> TimeStamp : 2025-08-15 20:44:44===> API : null ===> Message : validRequest() :: Api validated Successfully
info: ===> TimeStamp : 2025-08-15 20:44:44===> API : /api/auth/login ===> Message : loginUser() :: Request Object :: [object Object]
info: ===> TimeStamp : 2025-08-15 20:44:44===> API : /api/auth/login ===> Message : loginUser() invoked!!
info: ===> TimeStamp : 2025-08-15 20:44:44===> API : /api/auth/login ===> Message : loginUserDB() Invoked !
info: ===> TimeStamp : 2025-08-15 20:44:44===> API : /api/auth/login ===> Message : loginUserResponse() invoked!
info: ===> TimeStamp : 2025-08-15 20:44:44===> API : /api/auth/login ===> Message : loginUserResponse() completed
info: ===> TimeStamp : 2025-08-15 20:47:00===> API : null ===> Message : validateRequest() invoked
info: ===> TimeStamp : 2025-08-15 20:47:00===> API : null ===> Message : fetchDBSettings()
info: ===> TimeStamp : 2025-08-15 20:47:00===> API : null ===> Message : validateRequest() Invoked!
info: ===> TimeStamp : 2025-08-15 20:47:00===> API : null ===> Message : validRequest() :: Api validated Successfully
info: ===> TimeStamp : 2025-08-15 20:47:00===> API : /api/auth/validateuser ===> Message : validateUser() invoked!!
info: ===> TimeStamp : 2025-08-15 20:47:00===> API : /api/auth/validateuser ===> Message : validateUser() :: Request Object :: [object Object]
info: ===> TimeStamp : 2025-08-15 20:47:00===> API : /api/auth/validateuser ===> Message : validateUserDB() Invoked !
info: ===> TimeStamp : 2025-08-15 20:47:00===> API : /api/auth/validateuser ===> Message : validateUserResponse() invoked!
info: ===> TimeStamp : 2025-08-15 20:47:00===> API : /api/auth/validateuser ===> Message : validateUserResponse() completed
info: ===> TimeStamp : 2025-08-15 20:47:00===> API : null ===> Message : validateRequest() invoked
info: ===> TimeStamp : 2025-08-15 20:47:00===> API : null ===> Message : fetchDBSettings()
info: ===> TimeStamp : 2025-08-15 20:47:00===> API : null ===> Message : validateRequest() Invoked!
info: ===> TimeStamp : 2025-08-15 20:47:00===> API : null ===> Message : validRequest() :: Api validated Successfully
info: ===> TimeStamp : 2025-08-15 20:47:00===> API : /api/auth/login ===> Message : loginUser() invoked!!
info: ===> TimeStamp : 2025-08-15 20:47:00===> API : /api/auth/login ===> Message : loginUser() :: Request Object :: [object Object]
info: ===> TimeStamp : 2025-08-15 20:47:00===> API : /api/auth/login ===> Message : loginUserDB() Invoked !
info: ===> TimeStamp : 2025-08-15 20:47:00===> API : /api/auth/login ===> Message : loginUserResponse() invoked!
info: ===> TimeStamp : 2025-08-15 20:47:00===> API : /api/auth/login ===> Message : loginUserResponse() completed
info: ===> TimeStamp : 2025-08-15 20:48:23===> API : null ===> Message : validateRequest() invoked
info: ===> TimeStamp : 2025-08-15 20:48:23===> API : null ===> Message : fetchDBSettings()
info: ===> TimeStamp : 2025-08-15 20:48:23===> API : null ===> Message : validateRequest() Invoked!
info: ===> TimeStamp : 2025-08-15 20:48:23===> API : /api/auth/validateuser ===> Message : validateUser() invoked!!
info: ===> TimeStamp : 2025-08-15 20:48:23===> API : /api/auth/validateuser ===> Message : validateUser() :: Request Object :: [object Object]
info: ===> TimeStamp : 2025-08-15 20:48:23===> API : /api/auth/validateuser ===> Message : validateUserDB() Invoked !
info: ===> TimeStamp : 2025-08-15 20:48:23===> API : null ===> Message : validRequest() :: Api validated Successfully
info: ===> TimeStamp : 2025-08-15 20:48:23===> API : /api/auth/validateuser ===> Message : validateUserResponse() invoked!
info: ===> TimeStamp : 2025-08-15 20:48:23===> API : /api/auth/validateuser ===> Message : validateUserResponse() completed
info: ===> TimeStamp : 2025-08-15 20:48:23===> API : null ===> Message : validateRequest() invoked
info: ===> TimeStamp : 2025-08-15 20:48:23===> API : null ===> Message : fetchDBSettings()
info: ===> TimeStamp : 2025-08-15 20:48:23===> API : null ===> Message : validateRequest() Invoked!
info: ===> TimeStamp : 2025-08-15 20:48:23===> API : null ===> Message : validRequest() :: Api validated Successfully
info: ===> TimeStamp : 2025-08-15 20:48:23===> API : /api/auth/login ===> Message : loginUser() invoked!!
info: ===> TimeStamp : 2025-08-15 20:48:23===> API : /api/auth/login ===> Message : loginUser() :: Request Object :: [object Object]
info: ===> TimeStamp : 2025-08-15 20:48:23===> API : /api/auth/login ===> Message : loginUserDB() Invoked !
info: ===> TimeStamp : 2025-08-15 20:48:23===> API : /api/auth/login ===> Message : loginUserResponse() invoked!
info: ===> TimeStamp : 2025-08-15 20:48:23===> API : /api/auth/login ===> Message : loginUserResponse() completed
info: ===> TimeStamp : 2025-08-15 21:20:14===> API : null ===> Message : validateRequest() invoked
info: ===> TimeStamp : 2025-08-15 21:20:14===> API : null ===> Message : fetchDBSettings()
info: ===> TimeStamp : 2025-08-15 21:20:14===> API : null ===> Message : validateRequest() Invoked!
info: ===> TimeStamp : 2025-08-15 21:20:14===> API : null ===> Message : validRequest() :: Api validated Successfully
info: ===> TimeStamp : 2025-08-15 21:20:14===> API : /api/auth/validateuser ===> Message : validateUser() invoked!!
info: ===> TimeStamp : 2025-08-15 21:20:14===> API : /api/auth/validateuser ===> Message : validateUser() :: Request Object :: [object Object]
info: ===> TimeStamp : 2025-08-15 21:20:14===> API : /api/auth/validateuser ===> Message : validateUserDB() Invoked !
info: ===> TimeStamp : 2025-08-15 21:20:14===> API : /api/auth/validateuser ===> Message : validateUserResponse() invoked!
info: ===> TimeStamp : 2025-08-15 21:20:14===> API : /api/auth/validateuser ===> Message : validateUserResponse() completed
info: ===> TimeStamp : 2025-08-15 21:20:15===> API : null ===> Message : validateRequest() invoked
info: ===> TimeStamp : 2025-08-15 21:20:15===> API : null ===> Message : fetchDBSettings()
info: ===> TimeStamp : 2025-08-15 21:20:15===> API : null ===> Message : validateRequest() Invoked!
info: ===> TimeStamp : 2025-08-15 21:20:15===> API : null ===> Message : validRequest() :: Api validated Successfully
info: ===> TimeStamp : 2025-08-15 21:20:15===> API : /api/auth/login ===> Message : loginUser() invoked!!
info: ===> TimeStamp : 2025-08-15 21:20:15===> API : /api/auth/login ===> Message : loginUser() :: Request Object :: [object Object]
info: ===> TimeStamp : 2025-08-15 21:20:15===> API : /api/auth/login ===> Message : loginUserDB() Invoked !
info: ===> TimeStamp : 2025-08-15 21:20:15===> API : /api/auth/login ===> Message : loginUserResponse() invoked!
info: ===> TimeStamp : 2025-08-15 21:20:15===> API : /api/auth/login ===> Message : loginUserResponse() completed
info: ===> TimeStamp : 2025-08-15 21:30:46===> API : null ===> Message : validateRequest() invoked
info: ===> TimeStamp : 2025-08-15 21:30:46===> API : null ===> Message : fetchDBSettings()
info: ===> TimeStamp : 2025-08-15 21:30:46===> API : null ===> Message : validateRequest() Invoked!
info: ===> TimeStamp : 2025-08-15 21:30:46===> API : null ===> Message : validRequest() :: Api validated Successfully
info: ===> TimeStamp : 2025-08-15 21:30:46===> API : /api/auth/validateuser ===> Message : validateUser() invoked!!
info: ===> TimeStamp : 2025-08-15 21:30:46===> API : /api/auth/validateuser ===> Message : validateUser() :: Request Object :: [object Object]
info: ===> TimeStamp : 2025-08-15 21:30:46===> API : /api/auth/validateuser ===> Message : validateUserDB() Invoked !
info: ===> TimeStamp : 2025-08-15 21:30:46===> API : /api/auth/validateuser ===> Message : validateUserResponse() invoked!
info: ===> TimeStamp : 2025-08-15 21:30:46===> API : /api/auth/validateuser ===> Message : validateUserResponse() completed
info: ===> TimeStamp : 2025-08-15 21:30:47===> API : null ===> Message : validateRequest() invoked
info: ===> TimeStamp : 2025-08-15 21:30:47===> API : null ===> Message : fetchDBSettings()
info: ===> TimeStamp : 2025-08-15 21:30:47===> API : null ===> Message : validateRequest() Invoked!
info: ===> TimeStamp : 2025-08-15 21:30:47===> API : null ===> Message : validRequest() :: Api validated Successfully
info: ===> TimeStamp : 2025-08-15 21:30:47===> API : /api/auth/login ===> Message : loginUser() invoked!!
info: ===> TimeStamp : 2025-08-15 21:30:47===> API : /api/auth/login ===> Message : loginUser() :: Request Object :: [object Object]
info: ===> TimeStamp : 2025-08-15 21:30:47===> API : /api/auth/login ===> Message : loginUserDB() Invoked !
info: ===> TimeStamp : 2025-08-15 21:30:47===> API : /api/auth/login ===> Message : loginUserResponse() invoked!
info: ===> TimeStamp : 2025-08-15 21:30:47===> API : /api/auth/login ===> Message : loginUserResponse() completed
info: ===> TimeStamp : 2025-08-15 21:32:51===> API : null ===> Message : validateRequest() invoked
info: ===> TimeStamp : 2025-08-15 21:32:51===> API : null ===> Message : fetchDBSettings()
info: ===> TimeStamp : 2025-08-15 21:32:51===> API : null ===> Message : validateRequest() Invoked!
info: ===> TimeStamp : 2025-08-15 21:32:51===> API : null ===> Message : validRequest() :: Api validated Successfully
info: ===> TimeStamp : 2025-08-15 21:32:51===> API : /api/auth/validateuser ===> Message : validateUser() :: Request Object :: [object Object]
info: ===> TimeStamp : 2025-08-15 21:32:51===> API : /api/auth/validateuser ===> Message : validateUser() invoked!!
info: ===> TimeStamp : 2025-08-15 21:32:51===> API : /api/auth/validateuser ===> Message : validateUserDB() Invoked !
info: ===> TimeStamp : 2025-08-15 21:32:51===> API : /api/auth/validateuser ===> Message : validateUserResponse() invoked!
info: ===> TimeStamp : 2025-08-15 21:32:51===> API : /api/auth/validateuser ===> Message : validateUserResponse() completed
info: ===> TimeStamp : 2025-08-15 21:32:51===> API : null ===> Message : validateRequest() invoked
info: ===> TimeStamp : 2025-08-15 21:32:51===> API : null ===> Message : fetchDBSettings()
info: ===> TimeStamp : 2025-08-15 21:32:51===> API : null ===> Message : validateRequest() Invoked!
info: ===> TimeStamp : 2025-08-15 21:32:51===> API : null ===> Message : validRequest() :: Api validated Successfully
info: ===> TimeStamp : 2025-08-15 21:32:51===> API : /api/auth/login ===> Message : loginUser() invoked!!
info: ===> TimeStamp : 2025-08-15 21:32:51===> API : /api/auth/login ===> Message : loginUser() :: Request Object :: [object Object]
info: ===> TimeStamp : 2025-08-15 21:32:51===> API : /api/auth/login ===> Message : loginUserDB() Invoked !
info: ===> TimeStamp : 2025-08-15 21:32:51===> API : /api/auth/login ===> Message : loginUserResponse() invoked!
info: ===> TimeStamp : 2025-08-15 21:32:51===> API : /api/auth/login ===> Message : loginUserResponse() completed
info: ===> TimeStamp : 2025-08-15 21:33:49===> API : null ===> Message : validateRequest() invoked
info: ===> TimeStamp : 2025-08-15 21:33:49===> API : null ===> Message : fetchDBSettings()
info: ===> TimeStamp : 2025-08-15 21:33:49===> API : null ===> Message : validateRequest() Invoked!
info: ===> TimeStamp : 2025-08-15 21:33:49===> API : null ===> Message : validRequest() :: Api validated Successfully
info: ===> TimeStamp : 2025-08-15 21:33:49===> API : /api/auth/validateuser ===> Message : validateUser() invoked!!
info: ===> TimeStamp : 2025-08-15 21:33:49===> API : /api/auth/validateuser ===> Message : validateUser() :: Request Object :: [object Object]
info: ===> TimeStamp : 2025-08-15 21:33:49===> API : /api/auth/validateuser ===> Message : validateUserDB() Invoked !
info: ===> TimeStamp : 2025-08-15 21:33:49===> API : /api/auth/validateuser ===> Message : validateUserResponse() invoked!
info: ===> TimeStamp : 2025-08-15 21:33:49===> API : /api/auth/validateuser ===> Message : validateUserResponse() completed
info: ===> TimeStamp : 2025-08-15 21:33:49===> API : null ===> Message : validateRequest() invoked
info: ===> TimeStamp : 2025-08-15 21:33:49===> API : null ===> Message : fetchDBSettings()
info: ===> TimeStamp : 2025-08-15 21:33:49===> API : null ===> Message : validateRequest() Invoked!
info: ===> TimeStamp : 2025-08-15 21:33:49===> API : null ===> Message : validRequest() :: Api validated Successfully
info: ===> TimeStamp : 2025-08-15 21:33:49===> API : /api/auth/login ===> Message : loginUser() invoked!!
info: ===> TimeStamp : 2025-08-15 21:33:49===> API : /api/auth/login ===> Message : loginUser() :: Request Object :: [object Object]
info: ===> TimeStamp : 2025-08-15 21:33:49===> API : /api/auth/login ===> Message : loginUserDB() Invoked !
info: ===> TimeStamp : 2025-08-15 21:33:49===> API : /api/auth/login ===> Message : loginUserResponse() invoked!
info: ===> TimeStamp : 2025-08-15 21:33:49===> API : /api/auth/login ===> Message : loginUserResponse() completed
info: ===> TimeStamp : 2025-08-15 21:34:06===> API : null ===> Message : validateRequest() invoked
info: ===> TimeStamp : 2025-08-15 21:34:06===> API : null ===> Message : fetchDBSettings()
info: ===> TimeStamp : 2025-08-15 21:34:06===> API : null ===> Message : validateRequest() Invoked!
info: ===> TimeStamp : 2025-08-15 21:34:06===> API : null ===> Message : validRequest() :: Api validated Successfully
info: ===> TimeStamp : 2025-08-15 21:34:06===> API : /api/auth/validateuser ===> Message : validateUser() invoked!!
info: ===> TimeStamp : 2025-08-15 21:34:06===> API : /api/auth/validateuser ===> Message : validateUser() :: Request Object :: [object Object]
info: ===> TimeStamp : 2025-08-15 21:34:06===> API : /api/auth/validateuser ===> Message : validateUserDB() Invoked !
info: ===> TimeStamp : 2025-08-15 21:34:06===> API : /api/auth/validateuser ===> Message : validateUserResponse() invoked!
info: ===> TimeStamp : 2025-08-15 21:34:06===> API : /api/auth/validateuser ===> Message : validateUserResponse() completed
info: ===> TimeStamp : 2025-08-15 21:34:06===> API : null ===> Message : validateRequest() invoked
info: ===> TimeStamp : 2025-08-15 21:34:06===> API : null ===> Message : fetchDBSettings()
info: ===> TimeStamp : 2025-08-15 21:34:06===> API : null ===> Message : validateRequest() Invoked!
info: ===> TimeStamp : 2025-08-15 21:34:06===> API : null ===> Message : validRequest() :: Api validated Successfully
info: ===> TimeStamp : 2025-08-15 21:34:06===> API : /api/auth/login ===> Message : loginUser() invoked!!
info: ===> TimeStamp : 2025-08-15 21:34:06===> API : /api/auth/login ===> Message : loginUser() :: Request Object :: [object Object]
info: ===> TimeStamp : 2025-08-15 21:34:06===> API : /api/auth/login ===> Message : loginUserDB() Invoked !
info: ===> TimeStamp : 2025-08-15 21:34:06===> API : /api/auth/login ===> Message : loginUserResponse() invoked!
info: ===> TimeStamp : 2025-08-15 21:34:06===> API : /api/auth/login ===> Message : loginUserResponse() completed
info: ===> TimeStamp : 2025-08-15 21:40:24===> API : null ===> Message : validateRequest() invoked
info: ===> TimeStamp : 2025-08-15 21:40:24===> API : null ===> Message : fetchDBSettings()
info: ===> TimeStamp : 2025-08-15 21:40:24===> API : null ===> Message : validateRequest() Invoked!
info: ===> TimeStamp : 2025-08-15 21:40:24===> API : null ===> Message : validRequest() :: Api validated Successfully
info: ===> TimeStamp : 2025-08-15 21:40:24===> API : /api/auth/validateuser ===> Message : validateUser() invoked!!
info: ===> TimeStamp : 2025-08-15 21:40:24===> API : /api/auth/validateuser ===> Message : validateUser() :: Request Object :: [object Object]
info: ===> TimeStamp : 2025-08-15 21:40:24===> API : /api/auth/validateuser ===> Message : validateUserDB() Invoked !
info: ===> TimeStamp : 2025-08-15 21:40:24===> API : /api/auth/validateuser ===> Message : validateUserResponse() invoked!
info: ===> TimeStamp : 2025-08-15 21:40:24===> API : /api/auth/validateuser ===> Message : validateUserResponse() completed
info: ===> TimeStamp : 2025-08-15 21:40:24===> API : null ===> Message : validateRequest() invoked
info: ===> TimeStamp : 2025-08-15 21:40:24===> API : null ===> Message : fetchDBSettings()
info: ===> TimeStamp : 2025-08-15 21:40:24===> API : null ===> Message : validateRequest() Invoked!
info: ===> TimeStamp : 2025-08-15 21:40:24===> API : null ===> Message : validRequest() :: Api validated Successfully
info: ===> TimeStamp : 2025-08-15 21:40:24===> API : /api/auth/login ===> Message : loginUser() invoked!!
info: ===> TimeStamp : 2025-08-15 21:40:24===> API : /api/auth/login ===> Message : loginUser() :: Request Object :: [object Object]
info: ===> TimeStamp : 2025-08-15 21:40:24===> API : /api/auth/login ===> Message : loginUserDB() Invoked !
info: ===> TimeStamp : 2025-08-15 21:40:24===> API : /api/auth/login ===> Message : loginUserResponse() invoked!
info: ===> TimeStamp : 2025-08-15 21:40:24===> API : /api/auth/login ===> Message : loginUserResponse() completed
info: ===> TimeStamp : 2025-08-15 22:02:18===> API : null ===> Message : validateRequest() invoked
info: ===> TimeStamp : 2025-08-15 22:02:18===> API : null ===> Message : fetchDBSettings()
info: ===> TimeStamp : 2025-08-15 22:02:18===> API : null ===> Message : validateRequest() Invoked!
info: ===> TimeStamp : 2025-08-15 22:02:18===> API : null ===> Message : validRequest() :: Api validated Successfully
info: ===> TimeStamp : 2025-08-15 22:02:18===> API : /api/auth/validateuser ===> Message : validateUser() invoked!!
info: ===> TimeStamp : 2025-08-15 22:02:18===> API : /api/auth/validateuser ===> Message : validateUser() :: Request Object :: [object Object]
info: ===> TimeStamp : 2025-08-15 22:02:18===> API : /api/auth/validateuser ===> Message : validateUserDB() Invoked !
info: ===> TimeStamp : 2025-08-15 22:02:18===> API : /api/auth/validateuser ===> Message : validateUserResponse() invoked!
info: ===> TimeStamp : 2025-08-15 22:02:18===> API : /api/auth/validateuser ===> Message : validateUserResponse() completed
info: ===> TimeStamp : 2025-08-15 22:02:18===> API : null ===> Message : validateRequest() invoked
info: ===> TimeStamp : 2025-08-15 22:02:18===> API : null ===> Message : fetchDBSettings()
info: ===> TimeStamp : 2025-08-15 22:02:18===> API : null ===> Message : validateRequest() Invoked!
info: ===> TimeStamp : 2025-08-15 22:02:18===> API : null ===> Message : validRequest() :: Api validated Successfully
info: ===> TimeStamp : 2025-08-15 22:02:18===> API : /api/auth/checkIP ===> Message : checkIP() invoked!!
info: ===> TimeStamp : 2025-08-15 22:02:18===> API : /api/auth/checkIP ===> Message : IPs match: 103.255.182.117
info: ===> TimeStamp : 2025-08-15 22:02:18===> API : /api/auth/checkIP ===> Message : checkIPResponse() invoked!
info: ===> TimeStamp : 2025-08-15 22:02:18===> API : /api/auth/checkIP ===> Message : checkIPResponse() completed
info: ===> TimeStamp : 2025-08-15 22:02:18===> API : null ===> Message : validateRequest() invoked
info: ===> TimeStamp : 2025-08-15 22:02:18===> API : null ===> Message : fetchDBSettings()
info: ===> TimeStamp : 2025-08-15 22:02:18===> API : null ===> Message : validateRequest() Invoked!
info: ===> TimeStamp : 2025-08-15 22:02:18===> API : null ===> Message : validRequest() :: Api validated Successfully
info: ===> TimeStamp : 2025-08-15 22:02:18===> API : /api/auth/login ===> Message : loginUser() invoked!!
info: ===> TimeStamp : 2025-08-15 22:02:18===> API : /api/auth/login ===> Message : loginUser() :: Request Object :: [object Object]
info: ===> TimeStamp : 2025-08-15 22:02:18===> API : /api/auth/login ===> Message : loginUserDB() Invoked !
info: ===> TimeStamp : 2025-08-15 22:02:18===> API : /api/auth/login ===> Message : loginUserResponse() invoked!
info: ===> TimeStamp : 2025-08-15 22:02:18===> API : /api/auth/login ===> Message : loginUserResponse() completed
info: ===> TimeStamp : 2025-08-15 22:08:17===> API : null ===> Message : validateRequest() invoked
info: ===> TimeStamp : 2025-08-15 22:08:17===> API : null ===> Message : fetchDBSettings()
info: ===> TimeStamp : 2025-08-15 22:08:17===> API : null ===> Message : validateRequest() Invoked!
info: ===> TimeStamp : 2025-08-15 22:08:17===> API : null ===> Message : validRequest() :: Api validated Successfully
info: ===> TimeStamp : 2025-08-15 22:08:17===> API : /api/auth/validateuser ===> Message : validateUser() invoked!!
info: ===> TimeStamp : 2025-08-15 22:08:17===> API : /api/auth/validateuser ===> Message : validateUser() :: Request Object :: [object Object]
info: ===> TimeStamp : 2025-08-15 22:08:17===> API : /api/auth/validateuser ===> Message : validateUserDB() Invoked !
info: ===> TimeStamp : 2025-08-15 22:08:17===> API : /api/auth/validateuser ===> Message : validateUserResponse() invoked!
info: ===> TimeStamp : 2025-08-15 22:08:17===> API : /api/auth/validateuser ===> Message : validateUserResponse() completed
info: ===> TimeStamp : 2025-08-15 22:08:17===> API : null ===> Message : validateRequest() invoked
info: ===> TimeStamp : 2025-08-15 22:08:17===> API : null ===> Message : fetchDBSettings()
info: ===> TimeStamp : 2025-08-15 22:08:17===> API : null ===> Message : validateRequest() Invoked!
info: ===> TimeStamp : 2025-08-15 22:08:17===> API : null ===> Message : validRequest() :: Api validated Successfully
info: ===> TimeStamp : 2025-08-15 22:08:17===> API : /api/auth/login ===> Message : loginUser() invoked!!
info: ===> TimeStamp : 2025-08-15 22:08:17===> API : /api/auth/login ===> Message : loginUser() :: Request Object :: [object Object]
info: ===> TimeStamp : 2025-08-15 22:08:17===> API : /api/auth/login ===> Message : loginUserDB() Invoked !
info: ===> TimeStamp : 2025-08-15 22:08:17===> API : /api/auth/login ===> Message : loginUserResponse() invoked!
info: ===> TimeStamp : 2025-08-15 22:08:17===> API : /api/auth/login ===> Message : loginUserResponse() completed
info: ===> TimeStamp : 2025-08-15 22:09:11===> API : null ===> Message : validateRequest() invoked
info: ===> TimeStamp : 2025-08-15 22:09:11===> API : null ===> Message : fetchDBSettings()
info: ===> TimeStamp : 2025-08-15 22:09:11===> API : null ===> Message : validateRequest() Invoked!
info: ===> TimeStamp : 2025-08-15 22:09:11===> API : /api/auth/validateuser ===> Message : validateUser() invoked!!
info: ===> TimeStamp : 2025-08-15 22:09:11===> API : null ===> Message : validRequest() :: Api validated Successfully
info: ===> TimeStamp : 2025-08-15 22:09:11===> API : /api/auth/validateuser ===> Message : validateUser() :: Request Object :: [object Object]
info: ===> TimeStamp : 2025-08-15 22:09:11===> API : /api/auth/validateuser ===> Message : validateUserDB() Invoked !
info: ===> TimeStamp : 2025-08-15 22:09:11===> API : /api/auth/validateuser ===> Message : validateUserResponse() invoked!
info: ===> TimeStamp : 2025-08-15 22:09:11===> API : /api/auth/validateuser ===> Message : validateUserResponse() completed
info: ===> TimeStamp : 2025-08-15 22:09:12===> API : null ===> Message : fetchDBSettings()
info: ===> TimeStamp : 2025-08-15 22:09:12===> API : null ===> Message : validateRequest() invoked
info: ===> TimeStamp : 2025-08-15 22:09:12===> API : null ===> Message : validateRequest() Invoked!
info: ===> TimeStamp : 2025-08-15 22:09:12===> API : null ===> Message : validRequest() :: Api validated Successfully
info: ===> TimeStamp : 2025-08-15 22:09:12===> API : /api/auth/login ===> Message : loginUser() invoked!!
info: ===> TimeStamp : 2025-08-15 22:09:12===> API : /api/auth/login ===> Message : loginUser() :: Request Object :: [object Object]
info: ===> TimeStamp : 2025-08-15 22:09:12===> API : /api/auth/login ===> Message : loginUserDB() Invoked !
info: ===> TimeStamp : 2025-08-15 22:09:12===> API : /api/auth/login ===> Message : loginUserResponse() invoked!
info: ===> TimeStamp : 2025-08-15 22:09:12===> API : /api/auth/login ===> Message : loginUserResponse() completed
info: ===> TimeStamp : 2025-08-15 22:13:07===> API : null ===> Message : validateRequest() invoked
info: ===> TimeStamp : 2025-08-15 22:13:07===> API : null ===> Message : fetchDBSettings()
info: ===> TimeStamp : 2025-08-15 22:13:07===> API : null ===> Message : validateRequest() Invoked!
info: ===> TimeStamp : 2025-08-15 22:13:07===> API : /api/auth/validateuser ===> Message : validateUser() invoked!!
info: ===> TimeStamp : 2025-08-15 22:13:07===> API : /api/auth/validateuser ===> Message : validateUser() :: Request Object :: [object Object]
info: ===> TimeStamp : 2025-08-15 22:13:07===> API : null ===> Message : validRequest() :: Api validated Successfully
info: ===> TimeStamp : 2025-08-15 22:13:07===> API : /api/auth/validateuser ===> Message : validateUserDB() Invoked !
info: ===> TimeStamp : 2025-08-15 22:13:07===> API : /api/auth/validateuser ===> Message : validateUserResponse() invoked!
info: ===> TimeStamp : 2025-08-15 22:13:07===> API : /api/auth/validateuser ===> Message : validateUserResponse() completed
info: ===> TimeStamp : 2025-08-15 22:13:07===> API : null ===> Message : validateRequest() invoked
info: ===> TimeStamp : 2025-08-15 22:13:07===> API : null ===> Message : fetchDBSettings()
info: ===> TimeStamp : 2025-08-15 22:13:07===> API : null ===> Message : validateRequest() Invoked!
info: ===> TimeStamp : 2025-08-15 22:13:07===> API : null ===> Message : validRequest() :: Api validated Successfully
info: ===> TimeStamp : 2025-08-15 22:13:07===> API : /api/auth/checkIP ===> Message : checkIP() invoked!!
info: ===> TimeStamp : 2025-08-15 22:13:07===> API : /api/auth/checkIP ===> Message : IPs match: 103.255.182.117
info: ===> TimeStamp : 2025-08-15 22:13:07===> API : /api/auth/checkIP ===> Message : checkIPResponse() invoked!
info: ===> TimeStamp : 2025-08-15 22:13:07===> API : /api/auth/checkIP ===> Message : checkIPResponse() completed
info: ===> TimeStamp : 2025-08-15 22:13:07===> API : null ===> Message : validateRequest() invoked
info: ===> TimeStamp : 2025-08-15 22:13:07===> API : null ===> Message : fetchDBSettings()
info: ===> TimeStamp : 2025-08-15 22:13:07===> API : null ===> Message : validateRequest() Invoked!
info: ===> TimeStamp : 2025-08-15 22:13:07===> API : null ===> Message : validRequest() :: Api validated Successfully
info: ===> TimeStamp : 2025-08-15 22:13:07===> API : /api/auth/login ===> Message : loginUser() :: Request Object :: [object Object]
info: ===> TimeStamp : 2025-08-15 22:13:07===> API : /api/auth/login ===> Message : loginUser() invoked!!
info: ===> TimeStamp : 2025-08-15 22:13:07===> API : /api/auth/login ===> Message : loginUserDB() Invoked !
info: ===> TimeStamp : 2025-08-15 22:13:08===> API : /api/auth/login ===> Message : loginUserResponse() invoked!
info: ===> TimeStamp : 2025-08-15 22:13:08===> API : /api/auth/login ===> Message : loginUserResponse() completed
info: ===> TimeStamp : 2025-08-15 22:20:46===> API : null ===> Message : validateRequest() invoked
info: ===> TimeStamp : 2025-08-15 22:20:46===> API : null ===> Message : fetchDBSettings()
info: ===> TimeStamp : 2025-08-15 22:20:46===> API : null ===> Message : validateRequest() Invoked!
info: ===> TimeStamp : 2025-08-15 22:20:46===> API : null ===> Message : validRequest() :: Api validated Successfully
info: ===> TimeStamp : 2025-08-15 22:20:46===> API : /api/auth/validateuser ===> Message : validateUser() invoked!!
info: ===> TimeStamp : 2025-08-15 22:20:46===> API : /api/auth/validateuser ===> Message : validateUser() :: Request Object :: [object Object]
info: ===> TimeStamp : 2025-08-15 22:20:46===> API : /api/auth/validateuser ===> Message : validateUserDB() Invoked !
info: ===> TimeStamp : 2025-08-15 22:20:46===> API : /api/auth/validateuser ===> Message : validateUserResponse() invoked!
info: ===> TimeStamp : 2025-08-15 22:20:46===> API : /api/auth/validateuser ===> Message : validateUserResponse() completed
info: ===> TimeStamp : 2025-08-15 22:20:47===> API : null ===> Message : validateRequest() invoked
info: ===> TimeStamp : 2025-08-15 22:20:47===> API : null ===> Message : fetchDBSettings()
info: ===> TimeStamp : 2025-08-15 22:20:47===> API : null ===> Message : validateRequest() Invoked!
info: ===> TimeStamp : 2025-08-15 22:20:47===> API : null ===> Message : validRequest() :: Api validated Successfully
info: ===> TimeStamp : 2025-08-15 22:20:47===> API : /api/auth/login ===> Message : loginUser() invoked!!
info: ===> TimeStamp : 2025-08-15 22:20:47===> API : /api/auth/login ===> Message : loginUser() :: Request Object :: [object Object]
info: ===> TimeStamp : 2025-08-15 22:20:47===> API : /api/auth/login ===> Message : loginUserDB() Invoked !
info: ===> TimeStamp : 2025-08-15 22:20:47===> API : /api/auth/login ===> Message : loginUserResponse() invoked!
info: ===> TimeStamp : 2025-08-15 22:20:47===> API : /api/auth/login ===> Message : loginUserResponse() completed
info: ===> TimeStamp : 2025-08-15 22:26:06===> API : null ===> Message : validateRequest() invoked
info: ===> TimeStamp : 2025-08-15 22:26:06===> API : null ===> Message : fetchDBSettings()
info: ===> TimeStamp : 2025-08-15 22:26:06===> API : null ===> Message : validateRequest() Invoked!
info: ===> TimeStamp : 2025-08-15 22:26:06===> API : null ===> Message : validRequest() :: Api validated Successfully
info: ===> TimeStamp : 2025-08-15 22:26:06===> API : /api/auth/validateuser ===> Message : validateUser() invoked!!
info: ===> TimeStamp : 2025-08-15 22:26:06===> API : /api/auth/validateuser ===> Message : validateUser() :: Request Object :: [object Object]
info: ===> TimeStamp : 2025-08-15 22:26:06===> API : /api/auth/validateuser ===> Message : validateUserDB() Invoked !
info: ===> TimeStamp : 2025-08-15 22:26:06===> API : /api/auth/validateuser ===> Message : validateUserResponse() invoked!
info: ===> TimeStamp : 2025-08-15 22:26:06===> API : /api/auth/validateuser ===> Message : validateUserResponse() completed
info: ===> TimeStamp : 2025-08-15 22:26:06===> API : null ===> Message : validateRequest() invoked
info: ===> TimeStamp : 2025-08-15 22:26:06===> API : null ===> Message : fetchDBSettings()
info: ===> TimeStamp : 2025-08-15 22:26:07===> API : null ===> Message : validateRequest() Invoked!
info: ===> TimeStamp : 2025-08-15 22:26:07===> API : null ===> Message : validRequest() :: Api validated Successfully
info: ===> TimeStamp : 2025-08-15 22:26:07===> API : /api/auth/login ===> Message : loginUser() invoked!!
info: ===> TimeStamp : 2025-08-15 22:26:07===> API : /api/auth/login ===> Message : loginUser() :: Request Object :: [object Object]
info: ===> TimeStamp : 2025-08-15 22:26:07===> API : /api/auth/login ===> Message : loginUserDB() Invoked !
info: ===> TimeStamp : 2025-08-15 22:26:07===> API : /api/auth/login ===> Message : loginUserResponse() invoked!
info: ===> TimeStamp : 2025-08-15 22:26:07===> API : /api/auth/login ===> Message : loginUserResponse() completed
info: ===> TimeStamp : 2025-08-15 22:42:36===> API : null ===> Message : validateRequest() invoked
info: ===> TimeStamp : 2025-08-15 22:42:36===> API : null ===> Message : fetchDBSettings()
info: ===> TimeStamp : 2025-08-15 22:42:36===> API : null ===> Message : validateRequest() Invoked!
info: ===> TimeStamp : 2025-08-15 22:42:36===> API : null ===> Message : validRequest() :: Api validated Successfully
info: ===> TimeStamp : 2025-08-15 22:42:36===> API : /api/auth/validateuser ===> Message : validateUser() :: Request Object :: [object Object]
info: ===> TimeStamp : 2025-08-15 22:42:36===> API : /api/auth/validateuser ===> Message : validateUserDB() Invoked !
info: ===> TimeStamp : 2025-08-15 22:42:36===> API : /api/auth/validateuser ===> Message : validateUser() invoked!!
info: ===> TimeStamp : 2025-08-15 22:42:36===> API : /api/auth/validateuser ===> Message : validateUserResponse() invoked!
info: ===> TimeStamp : 2025-08-15 22:42:36===> API : /api/auth/validateuser ===> Message : validateUserResponse() completed
info: ===> TimeStamp : 2025-08-15 22:42:36===> API : null ===> Message : validateRequest() invoked
info: ===> TimeStamp : 2025-08-15 22:42:36===> API : null ===> Message : fetchDBSettings()
info: ===> TimeStamp : 2025-08-15 22:42:36===> API : null ===> Message : validateRequest() Invoked!
info: ===> TimeStamp : 2025-08-15 22:42:36===> API : null ===> Message : validRequest() :: Api validated Successfully
info: ===> TimeStamp : 2025-08-15 22:42:36===> API : /api/auth/login ===> Message : loginUser() invoked!!
info: ===> TimeStamp : 2025-08-15 22:42:36===> API : /api/auth/login ===> Message : loginUser() :: Request Object :: [object Object]
info: ===> TimeStamp : 2025-08-15 22:42:36===> API : /api/auth/login ===> Message : loginUserDB() Invoked !
info: ===> TimeStamp : 2025-08-15 22:42:36===> API : /api/auth/login ===> Message : loginUserResponse() invoked!
info: ===> TimeStamp : 2025-08-15 22:42:36===> API : /api/auth/login ===> Message : loginUserResponse() completed
info: ===> TimeStamp : 2025-08-15 22:59:06===> API : null ===> Message : validateRequest() invoked
info: ===> TimeStamp : 2025-08-15 22:59:06===> API : null ===> Message : fetchDBSettings()
info: ===> TimeStamp : 2025-08-15 22:59:06===> API : null ===> Message : validateRequest() Invoked!
info: ===> TimeStamp : 2025-08-15 22:59:06===> API : null ===> Message : validRequest() :: Api validated Successfully
info: ===> TimeStamp : 2025-08-15 22:59:06===> API : /api/auth/validateuser ===> Message : validateUser() invoked!!
info: ===> TimeStamp : 2025-08-15 22:59:06===> API : /api/auth/validateuser ===> Message : validateUser() :: Request Object :: [object Object]
info: ===> TimeStamp : 2025-08-15 22:59:06===> API : /api/auth/validateuser ===> Message : validateUserDB() Invoked !
info: ===> TimeStamp : 2025-08-15 22:59:06===> API : /api/auth/validateuser ===> Message : validateUserResponse() invoked!
info: ===> TimeStamp : 2025-08-15 22:59:06===> API : /api/auth/validateuser ===> Message : validateUserResponse() completed
info: ===> TimeStamp : 2025-08-15 22:59:06===> API : null ===> Message : validateRequest() invoked
info: ===> TimeStamp : 2025-08-15 22:59:06===> API : null ===> Message : fetchDBSettings()
info: ===> TimeStamp : 2025-08-15 22:59:07===> API : null ===> Message : validateRequest() Invoked!
info: ===> TimeStamp : 2025-08-15 22:59:07===> API : null ===> Message : validRequest() :: Api validated Successfully
info: ===> TimeStamp : 2025-08-15 22:59:07===> API : /api/auth/checkIP ===> Message : IPs match: 103.255.182.117
info: ===> TimeStamp : 2025-08-15 22:59:07===> API : /api/auth/checkIP ===> Message : checkIP() invoked!!
info: ===> TimeStamp : 2025-08-15 22:59:07===> API : /api/auth/checkIP ===> Message : checkIPResponse() invoked!
info: ===> TimeStamp : 2025-08-15 22:59:07===> API : /api/auth/checkIP ===> Message : checkIPResponse() completed
info: ===> TimeStamp : 2025-08-15 22:59:07===> API : null ===> Message : validateRequest() invoked
info: ===> TimeStamp : 2025-08-15 22:59:07===> API : null ===> Message : fetchDBSettings()
info: ===> TimeStamp : 2025-08-15 22:59:07===> API : null ===> Message : validateRequest() Invoked!
info: ===> TimeStamp : 2025-08-15 22:59:07===> API : null ===> Message : validRequest() :: Api validated Successfully
info: ===> TimeStamp : 2025-08-15 22:59:07===> API : /api/auth/login ===> Message : loginUser() invoked!!
info: ===> TimeStamp : 2025-08-15 22:59:07===> API : /api/auth/login ===> Message : loginUser() :: Request Object :: [object Object]
info: ===> TimeStamp : 2025-08-15 22:59:07===> API : /api/auth/login ===> Message : loginUserDB() Invoked !
info: ===> TimeStamp : 2025-08-15 22:59:07===> API : /api/auth/login ===> Message : loginUserResponse() completed
info: ===> TimeStamp : 2025-08-15 22:59:07===> API : /api/auth/login ===> Message : loginUserResponse() invoked!
info: ===> TimeStamp : 2025-08-15 23:19:21===> API : null ===> Message : validateRequest() invoked
info: ===> TimeStamp : 2025-08-15 23:19:21===> API : null ===> Message : fetchDBSettings()
info: ===> TimeStamp : 2025-08-15 23:19:21===> API : null ===> Message : validateRequest() Invoked!
info: ===> TimeStamp : 2025-08-15 23:19:21===> API : null ===> Message : validRequest() :: Api validated Successfully
info: ===> TimeStamp : 2025-08-15 23:19:21===> API : /api/auth/validateuser ===> Message : validateUser() invoked!!
info: ===> TimeStamp : 2025-08-15 23:19:21===> API : /api/auth/validateuser ===> Message : validateUser() :: Request Object :: [object Object]
info: ===> TimeStamp : 2025-08-15 23:19:21===> API : /api/auth/validateuser ===> Message : validateUserDB() Invoked !
info: ===> TimeStamp : 2025-08-15 23:19:21===> API : /api/auth/validateuser ===> Message : validateUserResponse() invoked!
info: ===> TimeStamp : 2025-08-15 23:19:21===> API : /api/auth/validateuser ===> Message : validateUserResponse() completed
info: ===> TimeStamp : 2025-08-15 23:19:22===> API : null ===> Message : validateRequest() invoked
info: ===> TimeStamp : 2025-08-15 23:19:22===> API : null ===> Message : fetchDBSettings()
info: ===> TimeStamp : 2025-08-15 23:19:22===> API : null ===> Message : validateRequest() Invoked!
info: ===> TimeStamp : 2025-08-15 23:19:22===> API : null ===> Message : validRequest() :: Api validated Successfully
info: ===> TimeStamp : 2025-08-15 23:19:22===> API : /api/auth/login ===> Message : loginUser() invoked!!
info: ===> TimeStamp : 2025-08-15 23:19:22===> API : /api/auth/login ===> Message : loginUser() :: Request Object :: [object Object]
info: ===> TimeStamp : 2025-08-15 23:19:22===> API : /api/auth/login ===> Message : loginUserDB() Invoked !
info: ===> TimeStamp : 2025-08-15 23:19:22===> API : /api/auth/login ===> Message : loginUserResponse() invoked!
info: ===> TimeStamp : 2025-08-15 23:19:22===> API : /api/auth/login ===> Message : loginUserResponse() completed
info: ===> TimeStamp : 2025-08-15 23:41:18===> API : null ===> Message : validateRequest() invoked
info: ===> TimeStamp : 2025-08-15 23:41:18===> API : null ===> Message : fetchDBSettings()
info: ===> TimeStamp : 2025-08-15 23:41:18===> API : null ===> Message : validateRequest() Invoked!
info: ===> TimeStamp : 2025-08-15 23:41:18===> API : null ===> Message : validRequest() :: Api validated Successfully
info: ===> TimeStamp : 2025-08-15 23:41:18===> API : /api/auth/validateuser ===> Message : validateUser() invoked!!
info: ===> TimeStamp : 2025-08-15 23:41:18===> API : /api/auth/validateuser ===> Message : validateUser() :: Request Object :: [object Object]
info: ===> TimeStamp : 2025-08-15 23:41:18===> API : /api/auth/validateuser ===> Message : validateUserDB() Invoked !
info: ===> TimeStamp : 2025-08-15 23:41:18===> API : /api/auth/validateuser ===> Message : validateUserResponse() invoked!
info: ===> TimeStamp : 2025-08-15 23:41:18===> API : /api/auth/validateuser ===> Message : validateUserResponse() completed
info: ===> TimeStamp : 2025-08-15 23:41:18===> API : null ===> Message : validateRequest() invoked
info: ===> TimeStamp : 2025-08-15 23:41:18===> API : null ===> Message : fetchDBSettings()
info: ===> TimeStamp : 2025-08-15 23:41:18===> API : null ===> Message : validateRequest() Invoked!
info: ===> TimeStamp : 2025-08-15 23:41:18===> API : null ===> Message : validRequest() :: Api validated Successfully
info: ===> TimeStamp : 2025-08-15 23:41:18===> API : /api/auth/login ===> Message : loginUser() invoked!!
info: ===> TimeStamp : 2025-08-15 23:41:18===> API : /api/auth/login ===> Message : loginUser() :: Request Object :: [object Object]
info: ===> TimeStamp : 2025-08-15 23:41:18===> API : /api/auth/login ===> Message : loginUserDB() Invoked !
info: ===> TimeStamp : 2025-08-15 23:41:18===> API : /api/auth/login ===> Message : loginUserResponse() invoked!
info: ===> TimeStamp : 2025-08-15 23:41:18===> API : /api/auth/login ===> Message : loginUserResponse() completed
info: ===> TimeStamp : 2025-08-16 00:33:20===> API : null ===> Message : validateRequest() invoked
info: ===> TimeStamp : 2025-08-16 00:33:20===> API : null ===> Message : fetchDBSettings()
info: ===> TimeStamp : 2025-08-16 00:33:20===> API : null ===> Message : validateRequest() Invoked!
info: ===> TimeStamp : 2025-08-16 00:33:20===> API : null ===> Message : validRequest() :: Api validated Successfully
info: ===> TimeStamp : 2025-08-16 00:33:20===> API : /api/auth/logout ===> Message : logoutUser() invoked!!
info: ===> TimeStamp : 2025-08-16 00:33:20===> API : /api/auth/logout ===> Message : logoutUser() :: Request Object :: [object Object]
info: ===> TimeStamp : 2025-08-16 00:33:20===> API : /api/auth/logout ===> Message : logoutUserDB() Invoked !
info: ===> TimeStamp : 2025-08-16 00:33:20===> API : /api/auth/logout ===> Message : logoutUserResponse() invoked!
info: ===> TimeStamp : 2025-08-16 00:33:20===> API : /api/auth/logout ===> Message : logoutUserResponse() completed
info: ===> TimeStamp : 2025-08-16 00:33:31===> API : null ===> Message : validateRequest() invoked
info: ===> TimeStamp : 2025-08-16 00:33:31===> API : null ===> Message : fetchDBSettings()
info: ===> TimeStamp : 2025-08-16 00:33:31===> API : null ===> Message : validateRequest() Invoked!
info: ===> TimeStamp : 2025-08-16 00:33:31===> API : null ===> Message : validRequest() :: Api validated Successfully
info: ===> TimeStamp : 2025-08-16 00:33:31===> API : /api/auth/validateuser ===> Message : validateUser() invoked!!
info: ===> TimeStamp : 2025-08-16 00:33:31===> API : /api/auth/validateuser ===> Message : validateUser() :: Request Object :: [object Object]
info: ===> TimeStamp : 2025-08-16 00:33:31===> API : /api/auth/validateuser ===> Message : validateUserDB() Invoked !
info: ===> TimeStamp : 2025-08-16 00:33:31===> API : /api/auth/validateuser ===> Message : validateUserResponse() invoked!
info: ===> TimeStamp : 2025-08-16 00:33:31===> API : /api/auth/validateuser ===> Message : validateUserResponse() completed
info: ===> TimeStamp : 2025-08-16 00:33:31===> API : null ===> Message : validateRequest() invoked
info: ===> TimeStamp : 2025-08-16 00:33:31===> API : null ===> Message : fetchDBSettings()
info: ===> TimeStamp : 2025-08-16 00:33:31===> API : null ===> Message : validateRequest() Invoked!
info: ===> TimeStamp : 2025-08-16 00:33:31===> API : null ===> Message : validRequest() :: Api validated Successfully
info: ===> TimeStamp : 2025-08-16 00:33:31===> API : /api/auth/checkIP ===> Message : checkIP() invoked!!
info: ===> TimeStamp : 2025-08-16 00:33:31===> API : /api/auth/checkIP ===> Message : IPs match: 103.255.182.117
info: ===> TimeStamp : 2025-08-16 00:33:31===> API : /api/auth/checkIP ===> Message : checkIPResponse() invoked!
info: ===> TimeStamp : 2025-08-16 00:33:31===> API : /api/auth/checkIP ===> Message : checkIPResponse() completed
info: ===> TimeStamp : 2025-08-16 00:33:31===> API : null ===> Message : validateRequest() invoked
info: ===> TimeStamp : 2025-08-16 00:33:31===> API : null ===> Message : fetchDBSettings()
info: ===> TimeStamp : 2025-08-16 00:33:31===> API : null ===> Message : validateRequest() Invoked!
info: ===> TimeStamp : 2025-08-16 00:33:31===> API : null ===> Message : validRequest() :: Api validated Successfully
info: ===> TimeStamp : 2025-08-16 00:33:31===> API : /api/auth/login ===> Message : loginUser() :: Request Object :: [object Object]
info: ===> TimeStamp : 2025-08-16 00:33:31===> API : /api/auth/login ===> Message : loginUser() invoked!!
info: ===> TimeStamp : 2025-08-16 00:33:31===> API : /api/auth/login ===> Message : loginUserDB() Invoked !
info: ===> TimeStamp : 2025-08-16 00:33:31===> API : /api/auth/login ===> Message : loginUserResponse() invoked!
info: ===> TimeStamp : 2025-08-16 00:33:31===> API : /api/auth/login ===> Message : loginUserResponse() completed
info: ===> TimeStamp : 2025-08-16 00:34:41===> API : null ===> Message : validateRequest() invoked
info: ===> TimeStamp : 2025-08-16 00:34:41===> API : null ===> Message : fetchDBSettings()
info: ===> TimeStamp : 2025-08-16 00:34:41===> API : null ===> Message : validateRequest() Invoked!
info: ===> TimeStamp : 2025-08-16 00:34:41===> API : null ===> Message : validRequest() :: Api validated Successfully
info: ===> TimeStamp : 2025-08-16 00:34:41===> API : /api/auth/logout ===> Message : logoutUser() invoked!!
info: ===> TimeStamp : 2025-08-16 00:34:41===> API : /api/auth/logout ===> Message : logoutUser() :: Request Object :: [object Object]
info: ===> TimeStamp : 2025-08-16 00:34:41===> API : /api/auth/logout ===> Message : logoutUserDB() Invoked !
info: ===> TimeStamp : 2025-08-16 00:34:41===> API : /api/auth/logout ===> Message : logoutUserResponse() invoked!
info: ===> TimeStamp : 2025-08-16 00:34:41===> API : /api/auth/logout ===> Message : logoutUserResponse() completed
info: ===> TimeStamp : 2025-08-16 00:34:53===> API : null ===> Message : validateRequest() invoked
info: ===> TimeStamp : 2025-08-16 00:34:53===> API : null ===> Message : fetchDBSettings()
info: ===> TimeStamp : 2025-08-16 00:34:53===> API : null ===> Message : validateRequest() Invoked!
info: ===> TimeStamp : 2025-08-16 00:34:53===> API : null ===> Message : validRequest() :: Api validated Successfully
info: ===> TimeStamp : 2025-08-16 00:34:53===> API : /api/auth/validateuser ===> Message : validateUser() invoked!!
info: ===> TimeStamp : 2025-08-16 00:34:53===> API : /api/auth/validateuser ===> Message : validateUser() :: Request Object :: [object Object]
info: ===> TimeStamp : 2025-08-16 00:34:53===> API : /api/auth/validateuser ===> Message : validateUserDB() Invoked !
info: ===> TimeStamp : 2025-08-16 00:34:53===> API : /api/auth/validateuser ===> Message : validateUserResponse() invoked!
info: ===> TimeStamp : 2025-08-16 00:34:53===> API : /api/auth/validateuser ===> Message : validateUserResponse() completed
info: ===> TimeStamp : 2025-08-16 00:34:53===> API : null ===> Message : validateRequest() invoked
info: ===> TimeStamp : 2025-08-16 00:34:53===> API : null ===> Message : fetchDBSettings()
info: ===> TimeStamp : 2025-08-16 00:34:53===> API : null ===> Message : validateRequest() Invoked!
info: ===> TimeStamp : 2025-08-16 00:34:53===> API : null ===> Message : validRequest() :: Api validated Successfully
info: ===> TimeStamp : 2025-08-16 00:34:53===> API : /api/auth/checkIP ===> Message : checkIP() invoked!!
info: ===> TimeStamp : 2025-08-16 00:34:53===> API : /api/auth/checkIP ===> Message : IPs match: 103.255.182.117
info: ===> TimeStamp : 2025-08-16 00:34:53===> API : /api/auth/checkIP ===> Message : checkIPResponse() invoked!
info: ===> TimeStamp : 2025-08-16 00:34:53===> API : /api/auth/checkIP ===> Message : checkIPResponse() completed
info: ===> TimeStamp : 2025-08-16 00:34:53===> API : null ===> Message : validateRequest() invoked
info: ===> TimeStamp : 2025-08-16 00:34:53===> API : null ===> Message : fetchDBSettings()
info: ===> TimeStamp : 2025-08-16 00:34:53===> API : null ===> Message : validateRequest() Invoked!
info: ===> TimeStamp : 2025-08-16 00:34:53===> API : null ===> Message : validRequest() :: Api validated Successfully
info: ===> TimeStamp : 2025-08-16 00:34:53===> API : /api/auth/login ===> Message : loginUser() invoked!!
info: ===> TimeStamp : 2025-08-16 00:34:53===> API : /api/auth/login ===> Message : loginUser() :: Request Object :: [object Object]
info: ===> TimeStamp : 2025-08-16 00:34:53===> API : /api/auth/login ===> Message : loginUserDB() Invoked !
info: ===> TimeStamp : 2025-08-16 00:34:53===> API : /api/auth/login ===> Message : loginUserResponse() invoked!
info: ===> TimeStamp : 2025-08-16 00:34:53===> API : /api/auth/login ===> Message : loginUserResponse() completed
info: ===> TimeStamp : 2025-08-16 00:55:50===> API : null ===> Message : validateRequest() invoked
info: ===> TimeStamp : 2025-08-16 00:55:50===> API : null ===> Message : fetchDBSettings()
info: ===> TimeStamp : 2025-08-16 00:55:50===> API : null ===> Message : validateRequest() Invoked!
info: ===> TimeStamp : 2025-08-16 00:55:50===> API : null ===> Message : validRequest() :: Api validated Successfully
info: ===> TimeStamp : 2025-08-16 00:55:50===> API : /api/auth/validateuser ===> Message : validateUser() invoked!!
info: ===> TimeStamp : 2025-08-16 00:55:50===> API : /api/auth/validateuser ===> Message : validateUser() :: Request Object :: [object Object]
info: ===> TimeStamp : 2025-08-16 00:55:50===> API : /api/auth/validateuser ===> Message : validateUserDB() Invoked !
info: ===> TimeStamp : 2025-08-16 00:55:50===> API : /api/auth/validateuser ===> Message : validateUserResponse() invoked!
info: ===> TimeStamp : 2025-08-16 00:55:50===> API : /api/auth/validateuser ===> Message : validateUserResponse() completed
info: ===> TimeStamp : 2025-08-16 00:55:50===> API : null ===> Message : validateRequest() invoked
info: ===> TimeStamp : 2025-08-16 00:55:50===> API : null ===> Message : fetchDBSettings()
info: ===> TimeStamp : 2025-08-16 00:55:50===> API : null ===> Message : validateRequest() Invoked!
info: ===> TimeStamp : 2025-08-16 00:55:50===> API : null ===> Message : validRequest() :: Api validated Successfully
info: ===> TimeStamp : 2025-08-16 00:55:50===> API : /api/auth/login ===> Message : loginUser() invoked!!
info: ===> TimeStamp : 2025-08-16 00:55:50===> API : /api/auth/login ===> Message : loginUser() :: Request Object :: [object Object]
info: ===> TimeStamp : 2025-08-16 00:55:50===> API : /api/auth/login ===> Message : loginUserDB() Invoked !
info: ===> TimeStamp : 2025-08-16 00:55:50===> API : /api/auth/login ===> Message : loginUserResponse() invoked!
info: ===> TimeStamp : 2025-08-16 00:55:50===> API : /api/auth/login ===> Message : loginUserResponse() completed
info: ===> TimeStamp : 2025-08-16 01:24:56===> API : null ===> Message : validateRequest() invoked
info: ===> TimeStamp : 2025-08-16 01:24:56===> API : null ===> Message : fetchDBSettings()
info: ===> TimeStamp : 2025-08-16 01:24:56===> API : null ===> Message : validateRequest() Invoked!
info: ===> TimeStamp : 2025-08-16 01:24:56===> API : null ===> Message : validRequest() :: Api validated Successfully
info: ===> TimeStamp : 2025-08-16 01:24:56===> API : /api/auth/validateuser ===> Message : validateUser() invoked!!
info: ===> TimeStamp : 2025-08-16 01:24:56===> API : /api/auth/validateuser ===> Message : validateUser() :: Request Object :: [object Object]
info: ===> TimeStamp : 2025-08-16 01:24:56===> API : /api/auth/validateuser ===> Message : validateUserDB() Invoked !
info: ===> TimeStamp : 2025-08-16 01:24:56===> API : /api/auth/validateuser ===> Message : validateUserResponse() invoked!
info: ===> TimeStamp : 2025-08-16 01:24:56===> API : /api/auth/validateuser ===> Message : validateUserResponse() completed
info: ===> TimeStamp : 2025-08-16 01:24:56===> API : null ===> Message : validateRequest() invoked
info: ===> TimeStamp : 2025-08-16 01:24:56===> API : null ===> Message : fetchDBSettings()
info: ===> TimeStamp : 2025-08-16 01:24:56===> API : null ===> Message : validateRequest() Invoked!
info: ===> TimeStamp : 2025-08-16 01:24:56===> API : null ===> Message : validRequest() :: Api validated Successfully
info: ===> TimeStamp : 2025-08-16 01:24:56===> API : /api/auth/login ===> Message : loginUser() invoked!!
info: ===> TimeStamp : 2025-08-16 01:24:56===> API : /api/auth/login ===> Message : loginUser() :: Request Object :: [object Object]
info: ===> TimeStamp : 2025-08-16 01:24:56===> API : /api/auth/login ===> Message : loginUserDB() Invoked !
info: ===> TimeStamp : 2025-08-16 01:24:57===> API : /api/auth/login ===> Message : loginUserResponse() invoked!
info: ===> TimeStamp : 2025-08-16 01:24:57===> API : /api/auth/login ===> Message : loginUserResponse() completed
info: ===> TimeStamp : 2025-08-16 01:38:56===> API : null ===> Message : fetchDBSettings()
info: ===> TimeStamp : 2025-08-16 01:38:56===> API : null ===> Message : validateRequest() invoked
info: ===> TimeStamp : 2025-08-16 01:38:56===> API : null ===> Message : validateRequest() Invoked!
info: ===> TimeStamp : 2025-08-16 01:38:56===> API : null ===> Message : validRequest() :: Api validated Successfully
info: ===> TimeStamp : 2025-08-16 01:38:56===> API : /api/auth/validateuser ===> Message : validateUser() invoked!!
info: ===> TimeStamp : 2025-08-16 01:38:56===> API : /api/auth/validateuser ===> Message : validateUser() :: Request Object :: [object Object]
info: ===> TimeStamp : 2025-08-16 01:38:56===> API : /api/auth/validateuser ===> Message : validateUserDB() Invoked !
info: ===> TimeStamp : 2025-08-16 01:38:56===> API : /api/auth/validateuser ===> Message : validateUserResponse() invoked!
info: ===> TimeStamp : 2025-08-16 01:38:56===> API : /api/auth/validateuser ===> Message : validateUserResponse() completed
info: ===> TimeStamp : 2025-08-16 01:38:56===> API : null ===> Message : validateRequest() invoked
info: ===> TimeStamp : 2025-08-16 01:38:56===> API : null ===> Message : fetchDBSettings()
info: ===> TimeStamp : 2025-08-16 01:38:56===> API : null ===> Message : validateRequest() Invoked!
info: ===> TimeStamp : 2025-08-16 01:38:56===> API : null ===> Message : validRequest() :: Api validated Successfully
info: ===> TimeStamp : 2025-08-16 01:38:56===> API : /api/auth/login ===> Message : loginUser() invoked!!
info: ===> TimeStamp : 2025-08-16 01:38:56===> API : /api/auth/login ===> Message : loginUser() :: Request Object :: [object Object]
info: ===> TimeStamp : 2025-08-16 01:38:56===> API : /api/auth/login ===> Message : loginUserDB() Invoked !
info: ===> TimeStamp : 2025-08-16 01:38:56===> API : /api/auth/login ===> Message : loginUserResponse() invoked!
info: ===> TimeStamp : 2025-08-16 01:38:56===> API : /api/auth/login ===> Message : loginUserResponse() completed
info: ===> TimeStamp : 2025-08-16 01:42:46===> API : null ===> Message : validateRequest() invoked
info: ===> TimeStamp : 2025-08-16 01:42:46===> API : null ===> Message : fetchDBSettings()
info: ===> TimeStamp : 2025-08-16 01:42:46===> API : null ===> Message : validateRequest() Invoked!
info: ===> TimeStamp : 2025-08-16 01:42:46===> API : null ===> Message : validateRequest() :: Error :: Helper {"code":"ER_SIGNAL_EXCEPTION","errno":1644,"sqlState":"10003","sqlMessage":"Invalid User Credentials","sql":"CALL usp_validate_request(\n              '/api/auth/logout',\n              'undefined')"}
info: ===> TimeStamp : 2025-08-16 01:42:46===> API : null ===> Message : validateRequest() :: Error :: PP {"ErrorCode":10003,"ErrorMessage":"Invalid User Credentials"}
info: ===> TimeStamp : 2025-08-16 03:08:19===> API : null ===> Message : validateRequest() invoked
info: ===> TimeStamp : 2025-08-16 03:08:19===> API : null ===> Message : fetchDBSettings()
info: ===> TimeStamp : 2025-08-16 03:08:19===> API : null ===> Message : validateRequest() Invoked!
info: ===> TimeStamp : 2025-08-16 03:08:20===> API : null ===> Message : validRequest() :: Api validated Successfully
info: ===> TimeStamp : 2025-08-16 03:08:20===> API : /api/auth/logout ===> Message : logoutUser() invoked!!
info: ===> TimeStamp : 2025-08-16 03:08:20===> API : /api/auth/logout ===> Message : logoutUser() :: Request Object :: [object Object]
info: ===> TimeStamp : 2025-08-16 03:08:20===> API : /api/auth/logout ===> Message : logoutUserDB() Invoked !
info: ===> TimeStamp : 2025-08-16 03:08:20===> API : /api/auth/logout ===> Message : logoutUserResponse() invoked!
info: ===> TimeStamp : 2025-08-16 03:08:20===> API : /api/auth/logout ===> Message : logoutUserResponse() completed
info: ===> TimeStamp : 2025-08-16 03:14:39===> API : null ===> Message : validateRequest() invoked
info: ===> TimeStamp : 2025-08-16 03:14:39===> API : null ===> Message : fetchDBSettings()
info: ===> TimeStamp : 2025-08-16 03:14:39===> API : null ===> Message : validateRequest() Invoked!
info: ===> TimeStamp : 2025-08-16 03:14:39===> API : null ===> Message : validRequest() :: Api validated Successfully
info: ===> TimeStamp : 2025-08-16 03:14:39===> API : /api/auth/validateuser ===> Message : validateUser() invoked!!
info: ===> TimeStamp : 2025-08-16 03:14:39===> API : /api/auth/validateuser ===> Message : validateUser() :: Request Object :: [object Object]
info: ===> TimeStamp : 2025-08-16 03:14:39===> API : /api/auth/validateuser ===> Message : validateUserDB() Invoked !
info: ===> TimeStamp : 2025-08-16 03:14:39===> API : /api/auth/validateuser ===> Message : validateUserResponse() invoked!
info: ===> TimeStamp : 2025-08-16 03:14:39===> API : /api/auth/validateuser ===> Message : validateUserResponse() completed
info: ===> TimeStamp : 2025-08-16 03:14:39===> API : null ===> Message : validateRequest() invoked
info: ===> TimeStamp : 2025-08-16 03:14:39===> API : null ===> Message : fetchDBSettings()
info: ===> TimeStamp : 2025-08-16 03:14:39===> API : null ===> Message : validateRequest() Invoked!
info: ===> TimeStamp : 2025-08-16 03:14:39===> API : null ===> Message : validRequest() :: Api validated Successfully
info: ===> TimeStamp : 2025-08-16 03:14:39===> API : /api/auth/checkIP ===> Message : checkIP() invoked!!
info: ===> TimeStamp : 2025-08-16 03:14:39===> API : /api/auth/checkIP ===> Message : IPs match: 103.255.182.117
info: ===> TimeStamp : 2025-08-16 03:14:39===> API : /api/auth/checkIP ===> Message : checkIPResponse() invoked!
info: ===> TimeStamp : 2025-08-16 03:14:39===> API : /api/auth/checkIP ===> Message : checkIPResponse() completed
info: ===> TimeStamp : 2025-08-16 03:14:39===> API : null ===> Message : validateRequest() invoked
info: ===> TimeStamp : 2025-08-16 03:14:39===> API : null ===> Message : fetchDBSettings()
info: ===> TimeStamp : 2025-08-16 03:14:39===> API : null ===> Message : validateRequest() Invoked!
info: ===> TimeStamp : 2025-08-16 03:14:40===> API : null ===> Message : validRequest() :: Api validated Successfully
info: ===> TimeStamp : 2025-08-16 03:14:40===> API : /api/auth/login ===> Message : loginUser() invoked!!
info: ===> TimeStamp : 2025-08-16 03:14:40===> API : /api/auth/login ===> Message : loginUser() :: Request Object :: [object Object]
info: ===> TimeStamp : 2025-08-16 03:14:40===> API : /api/auth/login ===> Message : loginUserDB() Invoked !
info: ===> TimeStamp : 2025-08-16 03:14:40===> API : /api/auth/login ===> Message : loginUserResponse() invoked!
info: ===> TimeStamp : 2025-08-16 03:14:40===> API : /api/auth/login ===> Message : loginUserResponse() completed
info: ===> TimeStamp : 2025-08-16 03:15:50===> API : null ===> Message : validateRequest() invoked
info: ===> TimeStamp : 2025-08-16 03:15:50===> API : null ===> Message : fetchDBSettings()
info: ===> TimeStamp : 2025-08-16 03:15:50===> API : null ===> Message : validateRequest() Invoked!
info: ===> TimeStamp : 2025-08-16 03:15:51===> API : null ===> Message : validRequest() :: Api validated Successfully
info: ===> TimeStamp : 2025-08-16 03:15:51===> API : /api/auth/logout ===> Message : logoutUser() invoked!!
info: ===> TimeStamp : 2025-08-16 03:15:51===> API : /api/auth/logout ===> Message : logoutUser() :: Request Object :: [object Object]
info: ===> TimeStamp : 2025-08-16 03:15:51===> API : /api/auth/logout ===> Message : logoutUserDB() Invoked !
info: ===> TimeStamp : 2025-08-16 03:15:51===> API : /api/auth/logout ===> Message : logoutUserResponse() invoked!
info: ===> TimeStamp : 2025-08-16 03:15:51===> API : /api/auth/logout ===> Message : logoutUserResponse() completed
info: ===> TimeStamp : 2025-08-16 04:02:44===> API : null ===> Message : validateRequest() invoked
info: ===> TimeStamp : 2025-08-16 04:02:44===> API : null ===> Message : validateRequest() Error:: Invalid Request :: 
      {"apiUri":"/"}
info: ===> TimeStamp : 2025-08-16 04:05:28===> API : null ===> Message : validateRequest() invoked
info: ===> TimeStamp : 2025-08-16 04:05:28===> API : null ===> Message : fetchDBSettings()
info: ===> TimeStamp : 2025-08-16 04:05:28===> API : null ===> Message : validateRequest() Invoked!
info: ===> TimeStamp : 2025-08-16 04:05:28===> API : null ===> Message : validRequest() :: Api validated Successfully
info: ===> TimeStamp : 2025-08-16 04:05:28===> API : /api/auth/logout ===> Message : logoutUser() invoked!!
info: ===> TimeStamp : 2025-08-16 04:05:28===> API : /api/auth/logout ===> Message : logoutUser() :: Request Object :: [object Object]
info: ===> TimeStamp : 2025-08-16 04:05:28===> API : /api/auth/logout ===> Message : logoutUserDB() Invoked !
info: ===> TimeStamp : 2025-08-16 04:05:28===> API : /api/auth/logout ===> Message : logoutUserResponse() invoked!
info: ===> TimeStamp : 2025-08-16 04:05:28===> API : /api/auth/logout ===> Message : logoutUserResponse() completed
info: ===> TimeStamp : 2025-08-16 04:05:39===> API : null ===> Message : validateRequest() invoked
info: ===> TimeStamp : 2025-08-16 04:05:39===> API : null ===> Message : fetchDBSettings()
info: ===> TimeStamp : 2025-08-16 04:05:39===> API : null ===> Message : validateRequest() Invoked!
info: ===> TimeStamp : 2025-08-16 04:05:39===> API : null ===> Message : validRequest() :: Api validated Successfully
info: ===> TimeStamp : 2025-08-16 04:05:39===> API : /api/auth/validateuser ===> Message : validateUser() invoked!!
info: ===> TimeStamp : 2025-08-16 04:05:39===> API : /api/auth/validateuser ===> Message : validateUser() :: Request Object :: [object Object]
info: ===> TimeStamp : 2025-08-16 04:05:39===> API : /api/auth/validateuser ===> Message : validateUserDB() Invoked !
info: ===> TimeStamp : 2025-08-16 04:05:39===> API : /api/auth/validateuser ===> Message : validateUserDB() :: Error :: {"code":"ER_SIGNAL_EXCEPTION","errno":1644,"sqlState":"10005","sqlMessage":"User Does Not Exist","sql":"CALL usp_validate_user('pravash', 'pravash@#`12')"}
info: ===> TimeStamp : 2025-08-16 04:05:39===> API : /api/auth/validateuser ===> Message : validateUserDBResult :: Error :: {"ErrorCode":10005,"ErrorMessage":"User Does Not Exist"}
info: ===> TimeStamp : 2025-08-16 04:05:39===> API : /api/auth/validateuser ===> Message : validateUserResponse() invoked!
info: ===> TimeStamp : 2025-08-16 04:05:39===> API : /api/auth/validateuser ===> Message : validateUserResponse() completed
info: ===> TimeStamp : 2025-08-16 04:05:45===> API : null ===> Message : validateRequest() invoked
info: ===> TimeStamp : 2025-08-16 04:05:45===> API : null ===> Message : fetchDBSettings()
info: ===> TimeStamp : 2025-08-16 04:05:46===> API : null ===> Message : validateRequest() Invoked!
info: ===> TimeStamp : 2025-08-16 04:05:46===> API : null ===> Message : validRequest() :: Api validated Successfully
info: ===> TimeStamp : 2025-08-16 04:05:46===> API : /api/auth/validateuser ===> Message : validateUser() invoked!!
info: ===> TimeStamp : 2025-08-16 04:05:46===> API : /api/auth/validateuser ===> Message : validateUser() :: Request Object :: [object Object]
info: ===> TimeStamp : 2025-08-16 04:05:46===> API : /api/auth/validateuser ===> Message : validateUserDB() Invoked !
info: ===> TimeStamp : 2025-08-16 04:05:46===> API : /api/auth/validateuser ===> Message : validateUserResponse() invoked!
info: ===> TimeStamp : 2025-08-16 04:05:46===> API : /api/auth/validateuser ===> Message : validateUserResponse() completed
info: ===> TimeStamp : 2025-08-16 04:05:46===> API : null ===> Message : validateRequest() invoked
info: ===> TimeStamp : 2025-08-16 04:05:46===> API : null ===> Message : fetchDBSettings()
info: ===> TimeStamp : 2025-08-16 04:05:46===> API : null ===> Message : validateRequest() Invoked!
info: ===> TimeStamp : 2025-08-16 04:05:46===> API : null ===> Message : validRequest() :: Api validated Successfully
info: ===> TimeStamp : 2025-08-16 04:05:46===> API : /api/auth/checkIP ===> Message : checkIP() invoked!!
info: ===> TimeStamp : 2025-08-16 04:05:46===> API : /api/auth/checkIP ===> Message : IPs match: 103.255.182.117
info: ===> TimeStamp : 2025-08-16 04:05:46===> API : /api/auth/checkIP ===> Message : checkIPResponse() invoked!
info: ===> TimeStamp : 2025-08-16 04:05:46===> API : /api/auth/checkIP ===> Message : checkIPResponse() completed
info: ===> TimeStamp : 2025-08-16 04:05:46===> API : null ===> Message : validateRequest() invoked
info: ===> TimeStamp : 2025-08-16 04:05:46===> API : null ===> Message : fetchDBSettings()
info: ===> TimeStamp : 2025-08-16 04:05:46===> API : null ===> Message : validateRequest() Invoked!
info: ===> TimeStamp : 2025-08-16 04:05:46===> API : null ===> Message : validRequest() :: Api validated Successfully
info: ===> TimeStamp : 2025-08-16 04:05:46===> API : /api/auth/login ===> Message : loginUser() invoked!!
info: ===> TimeStamp : 2025-08-16 04:05:46===> API : /api/auth/login ===> Message : loginUser() :: Request Object :: [object Object]
info: ===> TimeStamp : 2025-08-16 04:05:46===> API : /api/auth/login ===> Message : loginUserDB() Invoked !
info: ===> TimeStamp : 2025-08-16 04:05:46===> API : /api/auth/login ===> Message : loginUserResponse() invoked!
info: ===> TimeStamp : 2025-08-16 04:05:46===> API : /api/auth/login ===> Message : loginUserResponse() completed
info: ===> TimeStamp : 2025-08-16 05:11:04===> API : null ===> Message : validateRequest() invoked
info: ===> TimeStamp : 2025-08-16 05:11:04===> API : null ===> Message : fetchDBSettings()
info: ===> TimeStamp : 2025-08-16 05:11:04===> API : null ===> Message : validateRequest() Invoked!
info: ===> TimeStamp : 2025-08-16 05:11:04===> API : null ===> Message : validRequest() :: Api validated Successfully
info: ===> TimeStamp : 2025-08-16 05:11:04===> API : /api/auth/validateuser ===> Message : validateUser() invoked!!
info: ===> TimeStamp : 2025-08-16 05:11:04===> API : /api/auth/validateuser ===> Message : validateUser() :: Request Object :: [object Object]
info: ===> TimeStamp : 2025-08-16 05:11:04===> API : /api/auth/validateuser ===> Message : validateUserDB() Invoked !
info: ===> TimeStamp : 2025-08-16 05:11:05===> API : /api/auth/validateuser ===> Message : validateUserResponse() invoked!
info: ===> TimeStamp : 2025-08-16 05:11:05===> API : /api/auth/validateuser ===> Message : validateUserResponse() completed
info: ===> TimeStamp : 2025-08-16 05:11:05===> API : null ===> Message : validateRequest() invoked
info: ===> TimeStamp : 2025-08-16 05:11:05===> API : null ===> Message : fetchDBSettings()
info: ===> TimeStamp : 2025-08-16 05:11:05===> API : null ===> Message : validateRequest() Invoked!
info: ===> TimeStamp : 2025-08-16 05:11:05===> API : null ===> Message : validRequest() :: Api validated Successfully
info: ===> TimeStamp : 2025-08-16 05:11:05===> API : /api/auth/checkIP ===> Message : checkIP() invoked!!
info: ===> TimeStamp : 2025-08-16 05:11:05===> API : /api/auth/checkIP ===> Message : IPs match: 103.255.182.117
info: ===> TimeStamp : 2025-08-16 05:11:05===> API : /api/auth/checkIP ===> Message : checkIPResponse() invoked!
info: ===> TimeStamp : 2025-08-16 05:11:05===> API : /api/auth/checkIP ===> Message : checkIPResponse() completed
info: ===> TimeStamp : 2025-08-16 05:11:05===> API : null ===> Message : validateRequest() invoked
info: ===> TimeStamp : 2025-08-16 05:11:05===> API : null ===> Message : fetchDBSettings()
info: ===> TimeStamp : 2025-08-16 05:11:05===> API : null ===> Message : validateRequest() Invoked!
info: ===> TimeStamp : 2025-08-16 05:11:05===> API : null ===> Message : validRequest() :: Api validated Successfully
info: ===> TimeStamp : 2025-08-16 05:11:05===> API : /api/auth/login ===> Message : loginUser() invoked!!
info: ===> TimeStamp : 2025-08-16 05:11:05===> API : /api/auth/login ===> Message : loginUser() :: Request Object :: [object Object]
info: ===> TimeStamp : 2025-08-16 05:11:05===> API : /api/auth/login ===> Message : loginUserDB() Invoked !
info: ===> TimeStamp : 2025-08-16 05:11:05===> API : /api/auth/login ===> Message : loginUserResponse() invoked!
info: ===> TimeStamp : 2025-08-16 05:11:05===> API : /api/auth/login ===> Message : loginUserResponse() completed
