info: ===> TimeStamp : 2024-12-06 06:53:08===> API : null ===> Message : validateRequest() invoked
info: ===> TimeStamp : 2024-12-06 06:53:08===> API : null ===> Message : fetchDBSettings()
info: ===> TimeStamp : 2024-12-06 06:53:08===> API : null ===> Message : validateRequest() Invoked!
info: ===> TimeStamp : 2024-12-06 06:53:08===> API : null ===> Message : validRequest() :: Api validated Successfully
info: ===> TimeStamp : 2024-12-06 06:53:08===> API : /api/auth/logout ===> Message : logoutUser() invoked!!
info: ===> TimeStamp : 2024-12-06 06:53:08===> API : /api/auth/logout ===> Message : logoutUser() :: Request Object :: [object Object]
info: ===> TimeStamp : 2024-12-06 06:53:08===> API : /api/auth/logout ===> Message : logoutUserDB() Invoked !
info: ===> TimeStamp : 2024-12-06 06:53:08===> API : /api/auth/logout ===> Message : logoutUserResponse() invoked!
info: ===> TimeStamp : 2024-12-06 06:53:08===> API : /api/auth/logout ===> Message : logoutUserResponse() completed
info: ===> TimeStamp : 2024-12-06 06:54:26===> API : null ===> Message : validateRequest() invoked
info: ===> TimeStamp : 2024-12-06 06:54:26===> API : null ===> Message : fetchDBSettings()
info: ===> TimeStamp : 2024-12-06 06:54:26===> API : null ===> Message : validateRequest() Invoked!
info: ===> TimeStamp : 2024-12-06 06:54:26===> API : null ===> Message : validRequest() :: Api validated Successfully
info: ===> TimeStamp : 2024-12-06 06:54:26===> API : /api/auth/validateuser ===> Message : validateUser() invoked!!
info: ===> TimeStamp : 2024-12-06 06:54:26===> API : /api/auth/validateuser ===> Message : validateUser() :: Request Object :: [object Object]
info: ===> TimeStamp : 2024-12-06 06:54:26===> API : /api/auth/validateuser ===> Message : validateUserDB() Invoked !
info: ===> TimeStamp : 2024-12-06 06:54:26===> API : /api/auth/validateuser ===> Message : validateUserResponse() invoked!
info: ===> TimeStamp : 2024-12-06 06:54:26===> API : /api/auth/validateuser ===> Message : validateUserResponse() completed
info: ===> TimeStamp : 2024-12-06 06:54:26===> API : null ===> Message : validateRequest() invoked
info: ===> TimeStamp : 2024-12-06 06:54:26===> API : null ===> Message : fetchDBSettings()
info: ===> TimeStamp : 2024-12-06 06:54:26===> API : null ===> Message : validateRequest() Invoked!
info: ===> TimeStamp : 2024-12-06 06:54:26===> API : null ===> Message : validRequest() :: Api validated Successfully
info: ===> TimeStamp : 2024-12-06 06:54:26===> API : /api/auth/checkIP ===> Message : checkIP() invoked!!
info: ===> TimeStamp : 2024-12-06 06:54:26===> API : /api/auth/checkIP ===> Message : IPs match: 103.255.182.117
info: ===> TimeStamp : 2024-12-06 06:54:26===> API : /api/auth/checkIP ===> Message : checkIPResponse() invoked!
info: ===> TimeStamp : 2024-12-06 06:54:26===> API : /api/auth/checkIP ===> Message : checkIPResponse() completed
info: ===> TimeStamp : 2024-12-06 06:54:26===> API : null ===> Message : validateRequest() invoked
info: ===> TimeStamp : 2024-12-06 06:54:26===> API : null ===> Message : fetchDBSettings()
info: ===> TimeStamp : 2024-12-06 06:54:26===> API : null ===> Message : validateRequest() Invoked!
info: ===> TimeStamp : 2024-12-06 06:54:26===> API : null ===> Message : validRequest() :: Api validated Successfully
info: ===> TimeStamp : 2024-12-06 06:54:26===> API : /api/auth/login ===> Message : loginUser() invoked!!
info: ===> TimeStamp : 2024-12-06 06:54:26===> API : /api/auth/login ===> Message : loginUser() :: Request Object :: [object Object]
info: ===> TimeStamp : 2024-12-06 06:54:26===> API : /api/auth/login ===> Message : loginUserDB() Invoked !
info: ===> TimeStamp : 2024-12-06 06:54:26===> API : /api/auth/login ===> Message : loginUserResponse() invoked!
info: ===> TimeStamp : 2024-12-06 06:54:26===> API : /api/auth/login ===> Message : loginUserResponse() completed
info: ===> TimeStamp : 2024-12-06 06:55:33===> API : null ===> Message : validateRequest() invoked
info: ===> TimeStamp : 2024-12-06 06:55:33===> API : null ===> Message : fetchDBSettings()
info: ===> TimeStamp : 2024-12-06 06:55:33===> API : null ===> Message : validateRequest() Invoked!
info: ===> TimeStamp : 2024-12-06 06:55:34===> API : null ===> Message : validRequest() :: Api validated Successfully
info: ===> TimeStamp : 2024-12-06 06:55:34===> API : /api/auth/logout ===> Message : logoutUser() invoked!!
info: ===> TimeStamp : 2024-12-06 06:55:34===> API : /api/auth/logout ===> Message : logoutUser() :: Request Object :: [object Object]
info: ===> TimeStamp : 2024-12-06 06:55:34===> API : /api/auth/logout ===> Message : logoutUserDB() Invoked !
info: ===> TimeStamp : 2024-12-06 06:55:34===> API : /api/auth/logout ===> Message : logoutUserResponse() invoked!
info: ===> TimeStamp : 2024-12-06 06:55:34===> API : /api/auth/logout ===> Message : logoutUserResponse() completed
info: ===> TimeStamp : 2024-12-06 06:55:40===> API : null ===> Message : validateRequest() invoked
info: ===> TimeStamp : 2024-12-06 06:55:40===> API : null ===> Message : fetchDBSettings()
info: ===> TimeStamp : 2024-12-06 06:55:40===> API : null ===> Message : validateRequest() Invoked!
info: ===> TimeStamp : 2024-12-06 06:55:40===> API : null ===> Message : validRequest() :: Api validated Successfully
info: ===> TimeStamp : 2024-12-06 06:55:40===> API : /api/auth/validateuser ===> Message : validateUser() invoked!!
info: ===> TimeStamp : 2024-12-06 06:55:40===> API : /api/auth/validateuser ===> Message : validateUser() :: Request Object :: [object Object]
info: ===> TimeStamp : 2024-12-06 06:55:40===> API : /api/auth/validateuser ===> Message : validateUserDB() Invoked !
info: ===> TimeStamp : 2024-12-06 06:55:40===> API : /api/auth/validateuser ===> Message : validateUserResponse() invoked!
info: ===> TimeStamp : 2024-12-06 06:55:40===> API : /api/auth/validateuser ===> Message : validateUserResponse() completed
info: ===> TimeStamp : 2024-12-06 06:55:40===> API : null ===> Message : validateRequest() invoked
info: ===> TimeStamp : 2024-12-06 06:55:40===> API : null ===> Message : fetchDBSettings()
info: ===> TimeStamp : 2024-12-06 06:55:40===> API : null ===> Message : validateRequest() Invoked!
info: ===> TimeStamp : 2024-12-06 06:55:40===> API : null ===> Message : validRequest() :: Api validated Successfully
info: ===> TimeStamp : 2024-12-06 06:55:40===> API : /api/auth/checkIP ===> Message : checkIP() invoked!!
info: ===> TimeStamp : 2024-12-06 06:55:40===> API : /api/auth/checkIP ===> Message : IPs match: 103.225.102.194
info: ===> TimeStamp : 2024-12-06 06:55:40===> API : /api/auth/checkIP ===> Message : checkIPResponse() invoked!
info: ===> TimeStamp : 2024-12-06 06:55:40===> API : /api/auth/checkIP ===> Message : checkIPResponse() completed
info: ===> TimeStamp : 2024-12-06 06:55:40===> API : null ===> Message : validateRequest() invoked
info: ===> TimeStamp : 2024-12-06 06:55:40===> API : null ===> Message : fetchDBSettings()
info: ===> TimeStamp : 2024-12-06 06:55:40===> API : null ===> Message : validateRequest() Invoked!
info: ===> TimeStamp : 2024-12-06 06:55:40===> API : null ===> Message : validRequest() :: Api validated Successfully
info: ===> TimeStamp : 2024-12-06 06:55:40===> API : /api/auth/login ===> Message : loginUser() invoked!!
info: ===> TimeStamp : 2024-12-06 06:55:40===> API : /api/auth/login ===> Message : loginUser() :: Request Object :: [object Object]
info: ===> TimeStamp : 2024-12-06 06:55:40===> API : /api/auth/login ===> Message : loginUserDB() Invoked !
info: ===> TimeStamp : 2024-12-06 06:55:40===> API : /api/auth/login ===> Message : loginUserResponse() invoked!
info: ===> TimeStamp : 2024-12-06 06:55:40===> API : /api/auth/login ===> Message : loginUserResponse() completed
info: ===> TimeStamp : 2024-12-06 10:06:51===> API : null ===> Message : validateRequest() invoked
info: ===> TimeStamp : 2024-12-06 10:06:51===> API : null ===> Message : fetchDBSettings()
info: ===> TimeStamp : 2024-12-06 10:06:51===> API : null ===> Message : validateRequest() Invoked!
info: ===> TimeStamp : 2024-12-06 10:06:51===> API : null ===> Message : validRequest() :: Api validated Successfully
info: ===> TimeStamp : 2024-12-06 10:06:51===> API : /api/auth/validateuser ===> Message : validateUser() invoked!!
info: ===> TimeStamp : 2024-12-06 10:06:51===> API : /api/auth/validateuser ===> Message : validateUser() :: Request Object :: [object Object]
info: ===> TimeStamp : 2024-12-06 10:06:51===> API : /api/auth/validateuser ===> Message : validateUserDB() Invoked !
info: ===> TimeStamp : 2024-12-06 10:06:51===> API : /api/auth/validateuser ===> Message : validateUserResponse() invoked!
info: ===> TimeStamp : 2024-12-06 10:06:51===> API : /api/auth/validateuser ===> Message : validateUserResponse() completed
info: ===> TimeStamp : 2024-12-06 10:06:51===> API : null ===> Message : validateRequest() invoked
info: ===> TimeStamp : 2024-12-06 10:06:51===> API : null ===> Message : fetchDBSettings()
info: ===> TimeStamp : 2024-12-06 10:06:51===> API : null ===> Message : validateRequest() Invoked!
info: ===> TimeStamp : 2024-12-06 10:06:51===> API : null ===> Message : validRequest() :: Api validated Successfully
info: ===> TimeStamp : 2024-12-06 10:06:51===> API : /api/auth/login ===> Message : loginUser() invoked!!
info: ===> TimeStamp : 2024-12-06 10:06:51===> API : /api/auth/login ===> Message : loginUser() :: Request Object :: [object Object]
info: ===> TimeStamp : 2024-12-06 10:06:51===> API : /api/auth/login ===> Message : loginUserDB() Invoked !
info: ===> TimeStamp : 2024-12-06 10:06:51===> API : /api/auth/login ===> Message : loginUserResponse() invoked!
info: ===> TimeStamp : 2024-12-06 10:06:51===> API : /api/auth/login ===> Message : loginUserResponse() completed
info: ===> TimeStamp : 2024-12-06 10:09:00===> API : null ===> Message : validateRequest() invoked
info: ===> TimeStamp : 2024-12-06 10:09:00===> API : null ===> Message : fetchDBSettings()
info: ===> TimeStamp : 2024-12-06 10:09:00===> API : null ===> Message : validateRequest() Invoked!
info: ===> TimeStamp : 2024-12-06 10:09:00===> API : null ===> Message : validRequest() :: Api validated Successfully
info: ===> TimeStamp : 2024-12-06 10:09:00===> API : /api/auth/validateuser ===> Message : validateUser() invoked!!
info: ===> TimeStamp : 2024-12-06 10:09:00===> API : /api/auth/validateuser ===> Message : validateUser() :: Request Object :: [object Object]
info: ===> TimeStamp : 2024-12-06 10:09:00===> API : /api/auth/validateuser ===> Message : validateUserDB() Invoked !
info: ===> TimeStamp : 2024-12-06 10:09:00===> API : /api/auth/validateuser ===> Message : validateUserResponse() invoked!
info: ===> TimeStamp : 2024-12-06 10:09:00===> API : /api/auth/validateuser ===> Message : validateUserResponse() completed
info: ===> TimeStamp : 2024-12-06 10:09:00===> API : null ===> Message : validateRequest() invoked
info: ===> TimeStamp : 2024-12-06 10:09:00===> API : null ===> Message : fetchDBSettings()
info: ===> TimeStamp : 2024-12-06 10:09:00===> API : null ===> Message : validateRequest() Invoked!
info: ===> TimeStamp : 2024-12-06 10:09:01===> API : null ===> Message : validRequest() :: Api validated Successfully
info: ===> TimeStamp : 2024-12-06 10:09:01===> API : /api/auth/login ===> Message : loginUser() invoked!!
info: ===> TimeStamp : 2024-12-06 10:09:01===> API : /api/auth/login ===> Message : loginUser() :: Request Object :: [object Object]
info: ===> TimeStamp : 2024-12-06 10:09:01===> API : /api/auth/login ===> Message : loginUserDB() Invoked !
info: ===> TimeStamp : 2024-12-06 10:09:01===> API : /api/auth/login ===> Message : loginUserResponse() invoked!
info: ===> TimeStamp : 2024-12-06 10:09:01===> API : /api/auth/login ===> Message : loginUserResponse() completed
info: ===> TimeStamp : 2024-12-06 10:11:41===> API : null ===> Message : validateRequest() invoked
info: ===> TimeStamp : 2024-12-06 10:11:41===> API : null ===> Message : fetchDBSettings()
info: ===> TimeStamp : 2024-12-06 10:11:41===> API : null ===> Message : validateRequest() Invoked!
info: ===> TimeStamp : 2024-12-06 10:11:41===> API : null ===> Message : validRequest() :: Api validated Successfully
info: ===> TimeStamp : 2024-12-06 10:11:41===> API : /api/auth/validateuser ===> Message : validateUser() invoked!!
info: ===> TimeStamp : 2024-12-06 10:11:41===> API : /api/auth/validateuser ===> Message : validateUser() :: Request Object :: [object Object]
info: ===> TimeStamp : 2024-12-06 10:11:41===> API : /api/auth/validateuser ===> Message : validateUserDB() Invoked !
info: ===> TimeStamp : 2024-12-06 10:11:41===> API : /api/auth/validateuser ===> Message : validateUserResponse() invoked!
info: ===> TimeStamp : 2024-12-06 10:11:41===> API : /api/auth/validateuser ===> Message : validateUserResponse() completed
info: ===> TimeStamp : 2024-12-06 10:11:42===> API : null ===> Message : validateRequest() invoked
info: ===> TimeStamp : 2024-12-06 10:11:42===> API : null ===> Message : fetchDBSettings()
info: ===> TimeStamp : 2024-12-06 10:11:42===> API : null ===> Message : validateRequest() Invoked!
info: ===> TimeStamp : 2024-12-06 10:11:42===> API : null ===> Message : validRequest() :: Api validated Successfully
info: ===> TimeStamp : 2024-12-06 10:11:42===> API : /api/auth/login ===> Message : loginUser() invoked!!
info: ===> TimeStamp : 2024-12-06 10:11:42===> API : /api/auth/login ===> Message : loginUser() :: Request Object :: [object Object]
info: ===> TimeStamp : 2024-12-06 10:11:42===> API : /api/auth/login ===> Message : loginUserDB() Invoked !
info: ===> TimeStamp : 2024-12-06 10:11:42===> API : /api/auth/login ===> Message : loginUserResponse() invoked!
info: ===> TimeStamp : 2024-12-06 10:11:42===> API : /api/auth/login ===> Message : loginUserResponse() completed
info: ===> TimeStamp : 2024-12-06 10:12:03===> API : null ===> Message : validateRequest() invoked
info: ===> TimeStamp : 2024-12-06 10:12:03===> API : null ===> Message : fetchDBSettings()
info: ===> TimeStamp : 2024-12-06 10:12:03===> API : null ===> Message : validateRequest() Invoked!
info: ===> TimeStamp : 2024-12-06 10:12:03===> API : null ===> Message : validRequest() :: Api validated Successfully
info: ===> TimeStamp : 2024-12-06 10:12:03===> API : /api/auth/validateuser ===> Message : validateUser() invoked!!
info: ===> TimeStamp : 2024-12-06 10:12:03===> API : /api/auth/validateuser ===> Message : validateUser() :: Request Object :: [object Object]
info: ===> TimeStamp : 2024-12-06 10:12:03===> API : /api/auth/validateuser ===> Message : validateUserDB() Invoked !
info: ===> TimeStamp : 2024-12-06 10:12:03===> API : /api/auth/validateuser ===> Message : validateUserResponse() invoked!
info: ===> TimeStamp : 2024-12-06 10:12:03===> API : /api/auth/validateuser ===> Message : validateUserResponse() completed
info: ===> TimeStamp : 2024-12-06 10:12:03===> API : null ===> Message : validateRequest() invoked
info: ===> TimeStamp : 2024-12-06 10:12:03===> API : null ===> Message : fetchDBSettings()
info: ===> TimeStamp : 2024-12-06 10:12:03===> API : null ===> Message : validateRequest() Invoked!
info: ===> TimeStamp : 2024-12-06 10:12:03===> API : null ===> Message : validRequest() :: Api validated Successfully
info: ===> TimeStamp : 2024-12-06 10:12:03===> API : /api/auth/login ===> Message : loginUser() invoked!!
info: ===> TimeStamp : 2024-12-06 10:12:03===> API : /api/auth/login ===> Message : loginUser() :: Request Object :: [object Object]
info: ===> TimeStamp : 2024-12-06 10:12:03===> API : /api/auth/login ===> Message : loginUserDB() Invoked !
info: ===> TimeStamp : 2024-12-06 10:12:03===> API : /api/auth/login ===> Message : loginUserResponse() invoked!
info: ===> TimeStamp : 2024-12-06 10:12:03===> API : /api/auth/login ===> Message : loginUserResponse() completed
info: ===> TimeStamp : 2024-12-06 10:16:47===> API : null ===> Message : validateRequest() invoked
info: ===> TimeStamp : 2024-12-06 10:16:47===> API : null ===> Message : fetchDBSettings()
info: ===> TimeStamp : 2024-12-06 10:16:47===> API : null ===> Message : validateRequest() Invoked!
info: ===> TimeStamp : 2024-12-06 10:16:47===> API : null ===> Message : validRequest() :: Api validated Successfully
info: ===> TimeStamp : 2024-12-06 10:16:47===> API : /api/auth/validateuser ===> Message : validateUser() invoked!!
info: ===> TimeStamp : 2024-12-06 10:16:47===> API : /api/auth/validateuser ===> Message : validateUser() :: Request Object :: [object Object]
info: ===> TimeStamp : 2024-12-06 10:16:47===> API : /api/auth/validateuser ===> Message : validateUserDB() Invoked !
info: ===> TimeStamp : 2024-12-06 10:16:47===> API : /api/auth/validateuser ===> Message : validateUserDB() :: Error :: {"code":"ER_SIGNAL_EXCEPTION","errno":1644,"sqlState":"10005","sqlMessage":"User Does Not Exist","sql":"CALL usp_validate_user('mopa', 'moa123')"}
info: ===> TimeStamp : 2024-12-06 10:16:47===> API : /api/auth/validateuser ===> Message : validateUserDBResult :: Error :: {"ErrorCode":10005,"ErrorMessage":"User Does Not Exist"}
info: ===> TimeStamp : 2024-12-06 10:16:47===> API : /api/auth/validateuser ===> Message : validateUserResponse() invoked!
info: ===> TimeStamp : 2024-12-06 10:16:47===> API : /api/auth/validateuser ===> Message : validateUserResponse() completed
info: ===> TimeStamp : 2024-12-06 10:16:53===> API : null ===> Message : validateRequest() invoked
info: ===> TimeStamp : 2024-12-06 10:16:53===> API : null ===> Message : fetchDBSettings()
info: ===> TimeStamp : 2024-12-06 10:16:53===> API : null ===> Message : validateRequest() Invoked!
info: ===> TimeStamp : 2024-12-06 10:16:53===> API : null ===> Message : validRequest() :: Api validated Successfully
info: ===> TimeStamp : 2024-12-06 10:16:53===> API : /api/auth/validateuser ===> Message : validateUser() invoked!!
info: ===> TimeStamp : 2024-12-06 10:16:53===> API : /api/auth/validateuser ===> Message : validateUser() :: Request Object :: [object Object]
info: ===> TimeStamp : 2024-12-06 10:16:53===> API : /api/auth/validateuser ===> Message : validateUserDB() Invoked !
info: ===> TimeStamp : 2024-12-06 10:16:53===> API : /api/auth/validateuser ===> Message : validateUserResponse() invoked!
info: ===> TimeStamp : 2024-12-06 10:16:53===> API : /api/auth/validateuser ===> Message : validateUserResponse() completed
info: ===> TimeStamp : 2024-12-06 10:16:53===> API : null ===> Message : validateRequest() invoked
info: ===> TimeStamp : 2024-12-06 10:16:53===> API : null ===> Message : fetchDBSettings()
info: ===> TimeStamp : 2024-12-06 10:16:53===> API : null ===> Message : validateRequest() Invoked!
info: ===> TimeStamp : 2024-12-06 10:16:53===> API : null ===> Message : validRequest() :: Api validated Successfully
info: ===> TimeStamp : 2024-12-06 10:16:53===> API : /api/auth/login ===> Message : loginUser() invoked!!
info: ===> TimeStamp : 2024-12-06 10:16:53===> API : /api/auth/login ===> Message : loginUser() :: Request Object :: [object Object]
info: ===> TimeStamp : 2024-12-06 10:16:53===> API : /api/auth/login ===> Message : loginUserDB() Invoked !
info: ===> TimeStamp : 2024-12-06 10:16:53===> API : /api/auth/login ===> Message : loginUserResponse() invoked!
info: ===> TimeStamp : 2024-12-06 10:16:53===> API : /api/auth/login ===> Message : loginUserResponse() completed
info: ===> TimeStamp : 2024-12-06 10:47:15===> API : null ===> Message : validateRequest() invoked
info: ===> TimeStamp : 2024-12-06 10:47:15===> API : null ===> Message : fetchDBSettings()
info: ===> TimeStamp : 2024-12-06 10:47:15===> API : null ===> Message : validateRequest() Invoked!
info: ===> TimeStamp : 2024-12-06 10:47:15===> API : null ===> Message : validRequest() :: Api validated Successfully
info: ===> TimeStamp : 2024-12-06 10:47:15===> API : /api/auth/validateuser ===> Message : validateUser() invoked!!
info: ===> TimeStamp : 2024-12-06 10:47:15===> API : /api/auth/validateuser ===> Message : validateUser() :: Request Object :: [object Object]
info: ===> TimeStamp : 2024-12-06 10:47:15===> API : /api/auth/validateuser ===> Message : validateUserDB() Invoked !
info: ===> TimeStamp : 2024-12-06 10:47:15===> API : /api/auth/validateuser ===> Message : validateUserResponse() invoked!
info: ===> TimeStamp : 2024-12-06 10:47:15===> API : /api/auth/validateuser ===> Message : validateUserResponse() completed
info: ===> TimeStamp : 2024-12-06 10:47:15===> API : null ===> Message : validateRequest() invoked
info: ===> TimeStamp : 2024-12-06 10:47:15===> API : null ===> Message : fetchDBSettings()
info: ===> TimeStamp : 2024-12-06 10:47:15===> API : null ===> Message : validateRequest() Invoked!
info: ===> TimeStamp : 2024-12-06 10:47:15===> API : null ===> Message : validRequest() :: Api validated Successfully
info: ===> TimeStamp : 2024-12-06 10:47:15===> API : /api/auth/login ===> Message : loginUser() invoked!!
info: ===> TimeStamp : 2024-12-06 10:47:15===> API : /api/auth/login ===> Message : loginUser() :: Request Object :: [object Object]
info: ===> TimeStamp : 2024-12-06 10:47:15===> API : /api/auth/login ===> Message : loginUserDB() Invoked !
info: ===> TimeStamp : 2024-12-06 10:47:15===> API : /api/auth/login ===> Message : loginUserResponse() invoked!
info: ===> TimeStamp : 2024-12-06 10:47:15===> API : /api/auth/login ===> Message : loginUserResponse() completed
info: ===> TimeStamp : 2024-12-06 11:27:03===> API : null ===> Message : validateRequest() invoked
info: ===> TimeStamp : 2024-12-06 11:27:03===> API : null ===> Message : fetchDBSettings()
info: ===> TimeStamp : 2024-12-06 11:27:03===> API : null ===> Message : validateRequest() Invoked!
info: ===> TimeStamp : 2024-12-06 11:27:03===> API : null ===> Message : validRequest() :: Api validated Successfully
info: ===> TimeStamp : 2024-12-06 11:27:03===> API : /api/auth/validateuser ===> Message : validateUser() invoked!!
info: ===> TimeStamp : 2024-12-06 11:27:03===> API : /api/auth/validateuser ===> Message : validateUser() :: Request Object :: [object Object]
info: ===> TimeStamp : 2024-12-06 11:27:03===> API : /api/auth/validateuser ===> Message : validateUserDB() Invoked !
info: ===> TimeStamp : 2024-12-06 11:27:03===> API : /api/auth/validateuser ===> Message : validateUserResponse() invoked!
info: ===> TimeStamp : 2024-12-06 11:27:03===> API : /api/auth/validateuser ===> Message : validateUserResponse() completed
info: ===> TimeStamp : 2024-12-06 11:27:03===> API : null ===> Message : fetchDBSettings()
info: ===> TimeStamp : 2024-12-06 11:27:03===> API : null ===> Message : validateRequest() invoked
info: ===> TimeStamp : 2024-12-06 11:27:03===> API : null ===> Message : validateRequest() Invoked!
info: ===> TimeStamp : 2024-12-06 11:27:03===> API : null ===> Message : validRequest() :: Api validated Successfully
info: ===> TimeStamp : 2024-12-06 11:27:03===> API : /api/auth/checkIP ===> Message : checkIP() invoked!!
info: ===> TimeStamp : 2024-12-06 11:27:03===> API : /api/auth/checkIP ===> Message : IPs match: 103.225.102.194
info: ===> TimeStamp : 2024-12-06 11:27:03===> API : /api/auth/checkIP ===> Message : checkIPResponse() invoked!
info: ===> TimeStamp : 2024-12-06 11:27:03===> API : /api/auth/checkIP ===> Message : checkIPResponse() completed
info: ===> TimeStamp : 2024-12-06 11:27:03===> API : null ===> Message : validateRequest() invoked
info: ===> TimeStamp : 2024-12-06 11:27:03===> API : null ===> Message : fetchDBSettings()
info: ===> TimeStamp : 2024-12-06 11:27:03===> API : null ===> Message : validateRequest() Invoked!
info: ===> TimeStamp : 2024-12-06 11:27:03===> API : /api/auth/login ===> Message : loginUser() invoked!!
info: ===> TimeStamp : 2024-12-06 11:27:03===> API : null ===> Message : validRequest() :: Api validated Successfully
info: ===> TimeStamp : 2024-12-06 11:27:03===> API : /api/auth/login ===> Message : loginUser() :: Request Object :: [object Object]
info: ===> TimeStamp : 2024-12-06 11:27:03===> API : /api/auth/login ===> Message : loginUserDB() Invoked !
info: ===> TimeStamp : 2024-12-06 11:27:03===> API : /api/auth/login ===> Message : loginUserResponse() invoked!
info: ===> TimeStamp : 2024-12-06 11:27:03===> API : /api/auth/login ===> Message : loginUserResponse() completed
info: ===> TimeStamp : 2024-12-06 11:45:05===> API : null ===> Message : validateRequest() invoked
info: ===> TimeStamp : 2024-12-06 11:45:05===> API : null ===> Message : validateRequest() Error:: Invalid Request :: 
      {"apiUri":"/"}
info: ===> TimeStamp : 2024-12-06 12:31:09===> API : null ===> Message : validateRequest() invoked
info: ===> TimeStamp : 2024-12-06 12:31:09===> API : null ===> Message : fetchDBSettings()
info: ===> TimeStamp : 2024-12-06 12:31:09===> API : null ===> Message : validateRequest() Invoked!
info: ===> TimeStamp : 2024-12-06 12:31:09===> API : null ===> Message : validRequest() :: Api validated Successfully
info: ===> TimeStamp : 2024-12-06 12:31:09===> API : /api/auth/validateuser ===> Message : validateUser() invoked!!
info: ===> TimeStamp : 2024-12-06 12:31:09===> API : /api/auth/validateuser ===> Message : validateUser() :: Request Object :: [object Object]
info: ===> TimeStamp : 2024-12-06 12:31:09===> API : /api/auth/validateuser ===> Message : validateUserDB() Invoked !
info: ===> TimeStamp : 2024-12-06 12:31:09===> API : /api/auth/validateuser ===> Message : validateUserResponse() invoked!
info: ===> TimeStamp : 2024-12-06 12:31:09===> API : /api/auth/validateuser ===> Message : validateUserResponse() completed
info: ===> TimeStamp : 2024-12-06 12:31:09===> API : null ===> Message : validateRequest() invoked
info: ===> TimeStamp : 2024-12-06 12:31:09===> API : null ===> Message : fetchDBSettings()
info: ===> TimeStamp : 2024-12-06 12:31:09===> API : null ===> Message : validateRequest() Invoked!
info: ===> TimeStamp : 2024-12-06 12:31:09===> API : null ===> Message : validRequest() :: Api validated Successfully
info: ===> TimeStamp : 2024-12-06 12:31:09===> API : /api/auth/login ===> Message : loginUser() :: Request Object :: [object Object]
info: ===> TimeStamp : 2024-12-06 12:31:09===> API : /api/auth/login ===> Message : loginUserDB() Invoked !
info: ===> TimeStamp : 2024-12-06 12:31:09===> API : /api/auth/login ===> Message : loginUser() invoked!!
info: ===> TimeStamp : 2024-12-06 12:31:09===> API : /api/auth/login ===> Message : loginUserResponse() invoked!
info: ===> TimeStamp : 2024-12-06 12:31:09===> API : /api/auth/login ===> Message : loginUserResponse() completed
info: ===> TimeStamp : 2024-12-06 12:53:56===> API : null ===> Message : validateRequest() invoked
info: ===> TimeStamp : 2024-12-06 12:53:56===> API : null ===> Message : fetchDBSettings()
info: ===> TimeStamp : 2024-12-06 12:53:56===> API : null ===> Message : validateRequest() Invoked!
info: ===> TimeStamp : 2024-12-06 12:53:56===> API : null ===> Message : validRequest() :: Api validated Successfully
info: ===> TimeStamp : 2024-12-06 12:53:56===> API : /api/auth/validateuser ===> Message : validateUser() invoked!!
info: ===> TimeStamp : 2024-12-06 12:53:56===> API : /api/auth/validateuser ===> Message : validateUser() :: Request Object :: [object Object]
info: ===> TimeStamp : 2024-12-06 12:53:56===> API : /api/auth/validateuser ===> Message : validateUserDB() Invoked !
info: ===> TimeStamp : 2024-12-06 12:53:56===> API : /api/auth/validateuser ===> Message : validateUserResponse() invoked!
info: ===> TimeStamp : 2024-12-06 12:53:56===> API : /api/auth/validateuser ===> Message : validateUserResponse() completed
info: ===> TimeStamp : 2024-12-06 12:53:56===> API : null ===> Message : validateRequest() invoked
info: ===> TimeStamp : 2024-12-06 12:53:56===> API : null ===> Message : fetchDBSettings()
info: ===> TimeStamp : 2024-12-06 12:53:56===> API : null ===> Message : validateRequest() Invoked!
info: ===> TimeStamp : 2024-12-06 12:53:56===> API : null ===> Message : validRequest() :: Api validated Successfully
info: ===> TimeStamp : 2024-12-06 12:53:56===> API : /api/auth/login ===> Message : loginUser() :: Request Object :: [object Object]
info: ===> TimeStamp : 2024-12-06 12:53:56===> API : /api/auth/login ===> Message : loginUser() invoked!!
info: ===> TimeStamp : 2024-12-06 12:53:56===> API : /api/auth/login ===> Message : loginUserDB() Invoked !
info: ===> TimeStamp : 2024-12-06 12:53:56===> API : /api/auth/login ===> Message : loginUserResponse() invoked!
info: ===> TimeStamp : 2024-12-06 12:53:56===> API : /api/auth/login ===> Message : loginUserResponse() completed
info: ===> TimeStamp : 2024-12-06 13:27:01===> API : null ===> Message : validateRequest() invoked
info: ===> TimeStamp : 2024-12-06 13:27:01===> API : null ===> Message : validateRequest() Error:: Invalid Request :: 
      {"apiUri":"/"}
info: ===> TimeStamp : 2024-12-06 13:27:05===> API : null ===> Message : validateRequest() invoked
info: ===> TimeStamp : 2024-12-06 13:27:05===> API : null ===> Message : validateRequest() Error:: Invalid Request :: 
      {"apiUri":"/"}
info: ===> TimeStamp : 2024-12-06 13:27:06===> API : null ===> Message : validateRequest() invoked
info: ===> TimeStamp : 2024-12-06 13:27:06===> API : null ===> Message : validateRequest() Error:: Invalid Request :: 
      {"apiUri":"/php-cgi/php-cgi.exe"}
info: ===> TimeStamp : 2024-12-06 13:27:07===> API : null ===> Message : validateRequest() invoked
info: ===> TimeStamp : 2024-12-06 13:27:07===> API : null ===> Message : validateRequest() Error:: Invalid Request :: 
      {"apiUri":"/server"}
info: ===> TimeStamp : 2024-12-06 13:27:07===> API : null ===> Message : validateRequest() invoked
info: ===> TimeStamp : 2024-12-06 13:27:07===> API : null ===> Message : validateRequest() Error:: Invalid Request :: 
      {"apiUri":"/.vscode/sftp.json"}
info: ===> TimeStamp : 2024-12-06 13:27:08===> API : null ===> Message : validateRequest() invoked
info: ===> TimeStamp : 2024-12-06 13:27:08===> API : null ===> Message : validateRequest() Error:: Invalid Request :: 
      {"apiUri":"/about"}
info: ===> TimeStamp : 2024-12-06 13:27:08===> API : null ===> Message : validateRequest() invoked
info: ===> TimeStamp : 2024-12-06 13:27:08===> API : null ===> Message : validateRequest() Error:: Invalid Request :: 
      {"apiUri":"/debug/default/view"}
info: ===> TimeStamp : 2024-12-06 13:27:09===> API : null ===> Message : validateRequest() invoked
info: ===> TimeStamp : 2024-12-06 13:27:09===> API : null ===> Message : validateRequest() Error:: Invalid Request :: 
      {"apiUri":"/v2/_catalog"}
info: ===> TimeStamp : 2024-12-06 13:27:10===> API : null ===> Message : validateRequest() invoked
info: ===> TimeStamp : 2024-12-06 13:27:10===> API : null ===> Message : validateRequest() Error:: Invalid Request :: 
      {"apiUri":"/ecp/Current/exporttool/microsoft.exchange.ediscovery.exporttool.application"}
info: ===> TimeStamp : 2024-12-06 13:27:10===> API : null ===> Message : validateRequest() invoked
info: ===> TimeStamp : 2024-12-06 13:27:10===> API : null ===> Message : validateRequest() Error:: Invalid Request :: 
      {"apiUri":"/server-status"}
info: ===> TimeStamp : 2024-12-06 13:27:11===> API : null ===> Message : validateRequest() invoked
info: ===> TimeStamp : 2024-12-06 13:27:11===> API : null ===> Message : validateRequest() Error:: Invalid Request :: 
      {"apiUri":"/login.action"}
info: ===> TimeStamp : 2024-12-06 13:27:11===> API : null ===> Message : validateRequest() invoked
info: ===> TimeStamp : 2024-12-06 13:27:11===> API : null ===> Message : validateRequest() Error:: Invalid Request :: 
      {"apiUri":"/_all_dbs"}
info: ===> TimeStamp : 2024-12-06 13:27:12===> API : null ===> Message : validateRequest() invoked
info: ===> TimeStamp : 2024-12-06 13:27:12===> API : null ===> Message : validateRequest() Error:: Invalid Request :: 
      {"apiUri":"/.DS_Store"}
info: ===> TimeStamp : 2024-12-06 13:27:13===> API : null ===> Message : validateRequest() invoked
info: ===> TimeStamp : 2024-12-06 13:27:13===> API : null ===> Message : validateRequest() Error:: Invalid Request :: 
      {"apiUri":"/.env"}
info: ===> TimeStamp : 2024-12-06 13:27:13===> API : null ===> Message : validateRequest() invoked
info: ===> TimeStamp : 2024-12-06 13:27:13===> API : null ===> Message : validateRequest() Error:: Invalid Request :: 
      {"apiUri":"/.git/config"}
info: ===> TimeStamp : 2024-12-06 13:27:14===> API : null ===> Message : validateRequest() invoked
info: ===> TimeStamp : 2024-12-06 13:27:14===> API : null ===> Message : validateRequest() Error:: Invalid Request :: 
      {"apiUri":"/s/535313e27313e273e233/_/;/META-INF/maven/com.atlassian.jira/jira-webapp-dist/pom.properties"}
info: ===> TimeStamp : 2024-12-06 13:27:15===> API : null ===> Message : validateRequest() invoked
info: ===> TimeStamp : 2024-12-06 13:27:15===> API : null ===> Message : validateRequest() Error:: Invalid Request :: 
      {"apiUri":"/config.json"}
info: ===> TimeStamp : 2024-12-06 13:27:15===> API : null ===> Message : validateRequest() invoked
info: ===> TimeStamp : 2024-12-06 13:27:15===> API : null ===> Message : validateRequest() Error:: Invalid Request :: 
      {"apiUri":"/telescope/requests"}
info: ===> TimeStamp : 2024-12-06 13:27:16===> API : null ===> Message : validateRequest() invoked
info: ===> TimeStamp : 2024-12-06 13:27:16===> API : null ===> Message : validateRequest() Error:: Invalid Request :: 
      {"apiUri":"/info.php"}
info: ===> TimeStamp : 2024-12-06 13:27:16===> API : null ===> Message : validateRequest() invoked
info: ===> TimeStamp : 2024-12-06 13:27:16===> API : null ===> Message : validateRequest() Error:: Invalid Request :: 
      {"apiUri":"/"}
info: ===> TimeStamp : 2024-12-06 14:19:49===> API : null ===> Message : validateRequest() invoked
info: ===> TimeStamp : 2024-12-06 14:19:49===> API : null ===> Message : fetchDBSettings()
info: ===> TimeStamp : 2024-12-06 14:19:49===> API : null ===> Message : validateRequest() Invoked!
info: ===> TimeStamp : 2024-12-06 14:19:49===> API : null ===> Message : validRequest() :: Api validated Successfully
info: ===> TimeStamp : 2024-12-06 14:19:49===> API : /api/auth/validateuser ===> Message : validateUser() invoked!!
info: ===> TimeStamp : 2024-12-06 14:19:49===> API : /api/auth/validateuser ===> Message : validateUser() :: Request Object :: [object Object]
info: ===> TimeStamp : 2024-12-06 14:19:49===> API : /api/auth/validateuser ===> Message : validateUserDB() Invoked !
info: ===> TimeStamp : 2024-12-06 14:19:49===> API : /api/auth/validateuser ===> Message : validateUserResponse() invoked!
info: ===> TimeStamp : 2024-12-06 14:19:49===> API : /api/auth/validateuser ===> Message : validateUserResponse() completed
info: ===> TimeStamp : 2024-12-06 14:19:49===> API : null ===> Message : validateRequest() invoked
info: ===> TimeStamp : 2024-12-06 14:19:49===> API : null ===> Message : fetchDBSettings()
info: ===> TimeStamp : 2024-12-06 14:19:49===> API : null ===> Message : validateRequest() Invoked!
info: ===> TimeStamp : 2024-12-06 14:19:49===> API : null ===> Message : validRequest() :: Api validated Successfully
info: ===> TimeStamp : 2024-12-06 14:19:49===> API : /api/auth/login ===> Message : loginUser() invoked!!
info: ===> TimeStamp : 2024-12-06 14:19:49===> API : /api/auth/login ===> Message : loginUser() :: Request Object :: [object Object]
info: ===> TimeStamp : 2024-12-06 14:19:49===> API : /api/auth/login ===> Message : loginUserDB() Invoked !
info: ===> TimeStamp : 2024-12-06 14:19:49===> API : /api/auth/login ===> Message : loginUserResponse() completed
info: ===> TimeStamp : 2024-12-06 14:19:49===> API : /api/auth/login ===> Message : loginUserResponse() invoked!
info: ===> TimeStamp : 2024-12-06 14:19:57===> API : null ===> Message : fetchDBSettings()
info: ===> TimeStamp : 2024-12-06 14:19:57===> API : null ===> Message : validateRequest() invoked
info: ===> TimeStamp : 2024-12-06 14:19:57===> API : null ===> Message : validateRequest() Invoked!
info: ===> TimeStamp : 2024-12-06 14:19:57===> API : null ===> Message : validRequest() :: Api validated Successfully
info: ===> TimeStamp : 2024-12-06 14:19:57===> API : /api/auth/validateuser ===> Message : validateUser() invoked!!
info: ===> TimeStamp : 2024-12-06 14:19:57===> API : /api/auth/validateuser ===> Message : validateUser() :: Request Object :: [object Object]
info: ===> TimeStamp : 2024-12-06 14:19:57===> API : /api/auth/validateuser ===> Message : validateUserDB() Invoked !
info: ===> TimeStamp : 2024-12-06 14:19:57===> API : /api/auth/validateuser ===> Message : validateUserResponse() invoked!
info: ===> TimeStamp : 2024-12-06 14:19:57===> API : /api/auth/validateuser ===> Message : validateUserResponse() completed
info: ===> TimeStamp : 2024-12-06 14:19:57===> API : null ===> Message : validateRequest() invoked
info: ===> TimeStamp : 2024-12-06 14:19:57===> API : null ===> Message : fetchDBSettings()
info: ===> TimeStamp : 2024-12-06 14:19:57===> API : null ===> Message : validateRequest() Invoked!
info: ===> TimeStamp : 2024-12-06 14:19:57===> API : null ===> Message : validRequest() :: Api validated Successfully
info: ===> TimeStamp : 2024-12-06 14:19:57===> API : /api/auth/login ===> Message : loginUser() invoked!!
info: ===> TimeStamp : 2024-12-06 14:19:57===> API : /api/auth/login ===> Message : loginUser() :: Request Object :: [object Object]
info: ===> TimeStamp : 2024-12-06 14:19:57===> API : /api/auth/login ===> Message : loginUserDB() Invoked !
info: ===> TimeStamp : 2024-12-06 14:19:57===> API : /api/auth/login ===> Message : loginUserResponse() invoked!
info: ===> TimeStamp : 2024-12-06 14:19:57===> API : /api/auth/login ===> Message : loginUserResponse() completed
info: ===> TimeStamp : 2024-12-06 14:19:57===> API : null ===> Message : fetchDBSettings()
info: ===> TimeStamp : 2024-12-06 14:19:57===> API : null ===> Message : validateRequest() invoked
info: ===> TimeStamp : 2024-12-06 14:19:57===> API : null ===> Message : validateRequest() Invoked!
info: ===> TimeStamp : 2024-12-06 14:19:57===> API : null ===> Message : validRequest() :: Api validated Successfully
info: ===> TimeStamp : 2024-12-06 14:19:57===> API : /api/auth/validateuser ===> Message : validateUser() invoked!!
info: ===> TimeStamp : 2024-12-06 14:19:57===> API : /api/auth/validateuser ===> Message : validateUser() :: Request Object :: [object Object]
info: ===> TimeStamp : 2024-12-06 14:19:57===> API : /api/auth/validateuser ===> Message : validateUserDB() Invoked !
info: ===> TimeStamp : 2024-12-06 14:19:58===> API : /api/auth/validateuser ===> Message : validateUserResponse() invoked!
info: ===> TimeStamp : 2024-12-06 14:19:58===> API : /api/auth/validateuser ===> Message : validateUserResponse() completed
info: ===> TimeStamp : 2024-12-06 14:19:58===> API : null ===> Message : validateRequest() invoked
info: ===> TimeStamp : 2024-12-06 14:19:58===> API : null ===> Message : fetchDBSettings()
info: ===> TimeStamp : 2024-12-06 14:19:58===> API : null ===> Message : validateRequest() Invoked!
info: ===> TimeStamp : 2024-12-06 14:19:58===> API : null ===> Message : validRequest() :: Api validated Successfully
info: ===> TimeStamp : 2024-12-06 14:19:58===> API : /api/auth/login ===> Message : loginUser() invoked!!
info: ===> TimeStamp : 2024-12-06 14:19:58===> API : /api/auth/login ===> Message : loginUser() :: Request Object :: [object Object]
info: ===> TimeStamp : 2024-12-06 14:19:58===> API : /api/auth/login ===> Message : loginUserDB() Invoked !
info: ===> TimeStamp : 2024-12-06 14:19:58===> API : /api/auth/login ===> Message : loginUserResponse() invoked!
info: ===> TimeStamp : 2024-12-06 14:19:58===> API : /api/auth/login ===> Message : loginUserResponse() completed
info: ===> TimeStamp : 2024-12-06 14:20:10===> API : null ===> Message : validateRequest() invoked
info: ===> TimeStamp : 2024-12-06 14:20:10===> API : null ===> Message : fetchDBSettings()
info: ===> TimeStamp : 2024-12-06 14:20:10===> API : null ===> Message : validateRequest() Invoked!
info: ===> TimeStamp : 2024-12-06 14:20:10===> API : null ===> Message : validRequest() :: Api validated Successfully
info: ===> TimeStamp : 2024-12-06 14:20:10===> API : /api/auth/validateuser ===> Message : validateUser() :: Request Object :: [object Object]
info: ===> TimeStamp : 2024-12-06 14:20:10===> API : /api/auth/validateuser ===> Message : validateUser() invoked!!
info: ===> TimeStamp : 2024-12-06 14:20:10===> API : /api/auth/validateuser ===> Message : validateUserDB() Invoked !
info: ===> TimeStamp : 2024-12-06 14:20:10===> API : /api/auth/validateuser ===> Message : validateUserResponse() invoked!
info: ===> TimeStamp : 2024-12-06 14:20:10===> API : /api/auth/validateuser ===> Message : validateUserResponse() completed
info: ===> TimeStamp : 2024-12-06 14:20:10===> API : null ===> Message : validateRequest() invoked
info: ===> TimeStamp : 2024-12-06 14:20:10===> API : null ===> Message : fetchDBSettings()
info: ===> TimeStamp : 2024-12-06 14:20:10===> API : null ===> Message : validateRequest() Invoked!
info: ===> TimeStamp : 2024-12-06 14:20:10===> API : null ===> Message : validRequest() :: Api validated Successfully
info: ===> TimeStamp : 2024-12-06 14:20:10===> API : /api/auth/login ===> Message : loginUser() invoked!!
info: ===> TimeStamp : 2024-12-06 14:20:10===> API : /api/auth/login ===> Message : loginUser() :: Request Object :: [object Object]
info: ===> TimeStamp : 2024-12-06 14:20:10===> API : /api/auth/login ===> Message : loginUserDB() Invoked !
info: ===> TimeStamp : 2024-12-06 14:20:10===> API : null ===> Message : validateRequest() invoked
info: ===> TimeStamp : 2024-12-06 14:20:10===> API : null ===> Message : fetchDBSettings()
info: ===> TimeStamp : 2024-12-06 14:20:10===> API : /api/auth/login ===> Message : loginUserResponse() invoked!
info: ===> TimeStamp : 2024-12-06 14:20:10===> API : /api/auth/login ===> Message : loginUserResponse() completed
info: ===> TimeStamp : 2024-12-06 14:20:10===> API : null ===> Message : validateRequest() Invoked!
info: ===> TimeStamp : 2024-12-06 14:20:10===> API : null ===> Message : validRequest() :: Api validated Successfully
info: ===> TimeStamp : 2024-12-06 14:20:10===> API : /api/auth/validateuser ===> Message : validateUser() invoked!!
info: ===> TimeStamp : 2024-12-06 14:20:10===> API : /api/auth/validateuser ===> Message : validateUser() :: Request Object :: [object Object]
info: ===> TimeStamp : 2024-12-06 14:20:10===> API : /api/auth/validateuser ===> Message : validateUserDB() Invoked !
info: ===> TimeStamp : 2024-12-06 14:20:10===> API : /api/auth/validateuser ===> Message : validateUserResponse() invoked!
info: ===> TimeStamp : 2024-12-06 14:20:10===> API : /api/auth/validateuser ===> Message : validateUserResponse() completed
info: ===> TimeStamp : 2024-12-06 14:20:10===> API : null ===> Message : validateRequest() invoked
info: ===> TimeStamp : 2024-12-06 14:20:10===> API : null ===> Message : fetchDBSettings()
info: ===> TimeStamp : 2024-12-06 14:20:10===> API : null ===> Message : validateRequest() Invoked!
info: ===> TimeStamp : 2024-12-06 14:20:10===> API : null ===> Message : validRequest() :: Api validated Successfully
info: ===> TimeStamp : 2024-12-06 14:20:10===> API : /api/auth/login ===> Message : loginUser() invoked!!
info: ===> TimeStamp : 2024-12-06 14:20:10===> API : /api/auth/login ===> Message : loginUser() :: Request Object :: [object Object]
info: ===> TimeStamp : 2024-12-06 14:20:10===> API : /api/auth/login ===> Message : loginUserDB() Invoked !
info: ===> TimeStamp : 2024-12-06 14:20:10===> API : /api/auth/login ===> Message : loginUserResponse() invoked!
info: ===> TimeStamp : 2024-12-06 14:20:10===> API : /api/auth/login ===> Message : loginUserResponse() completed
info: ===> TimeStamp : 2024-12-06 14:20:30===> API : null ===> Message : validateRequest() invoked
info: ===> TimeStamp : 2024-12-06 14:20:30===> API : null ===> Message : fetchDBSettings()
info: ===> TimeStamp : 2024-12-06 14:20:30===> API : null ===> Message : validateRequest() Invoked!
info: ===> TimeStamp : 2024-12-06 14:20:30===> API : null ===> Message : validRequest() :: Api validated Successfully
info: ===> TimeStamp : 2024-12-06 14:20:30===> API : /api/auth/validateuser ===> Message : validateUser() invoked!!
info: ===> TimeStamp : 2024-12-06 14:20:30===> API : /api/auth/validateuser ===> Message : validateUser() :: Request Object :: [object Object]
info: ===> TimeStamp : 2024-12-06 14:20:30===> API : /api/auth/validateuser ===> Message : validateUserDB() Invoked !
info: ===> TimeStamp : 2024-12-06 14:20:30===> API : /api/auth/validateuser ===> Message : validateUserResponse() invoked!
info: ===> TimeStamp : 2024-12-06 14:20:30===> API : /api/auth/validateuser ===> Message : validateUserResponse() completed
info: ===> TimeStamp : 2024-12-06 14:20:30===> API : null ===> Message : validateRequest() invoked
info: ===> TimeStamp : 2024-12-06 14:20:30===> API : null ===> Message : fetchDBSettings()
info: ===> TimeStamp : 2024-12-06 14:20:30===> API : null ===> Message : validateRequest() Invoked!
info: ===> TimeStamp : 2024-12-06 14:20:30===> API : null ===> Message : validRequest() :: Api validated Successfully
info: ===> TimeStamp : 2024-12-06 14:20:30===> API : /api/auth/login ===> Message : loginUser() invoked!!
info: ===> TimeStamp : 2024-12-06 14:20:30===> API : /api/auth/login ===> Message : loginUser() :: Request Object :: [object Object]
info: ===> TimeStamp : 2024-12-06 14:20:30===> API : /api/auth/login ===> Message : loginUserDB() Invoked !
info: ===> TimeStamp : 2024-12-06 14:20:30===> API : /api/auth/login ===> Message : loginUserResponse() invoked!
info: ===> TimeStamp : 2024-12-06 14:20:30===> API : /api/auth/login ===> Message : loginUserResponse() completed
info: ===> TimeStamp : 2024-12-06 15:01:46===> API : null ===> Message : validateRequest() invoked
info: ===> TimeStamp : 2024-12-06 15:01:46===> API : null ===> Message : fetchDBSettings()
info: ===> TimeStamp : 2024-12-06 15:01:46===> API : null ===> Message : validateRequest() Invoked!
info: ===> TimeStamp : 2024-12-06 15:01:46===> API : null ===> Message : validRequest() :: Api validated Successfully
info: ===> TimeStamp : 2024-12-06 15:01:46===> API : /api/auth/logout ===> Message : logoutUser() invoked!!
info: ===> TimeStamp : 2024-12-06 15:01:46===> API : /api/auth/logout ===> Message : logoutUser() :: Request Object :: [object Object]
info: ===> TimeStamp : 2024-12-06 15:01:46===> API : /api/auth/logout ===> Message : logoutUserDB() Invoked !
info: ===> TimeStamp : 2024-12-06 15:01:46===> API : /api/auth/logout ===> Message : logoutUserResponse() invoked!
info: ===> TimeStamp : 2024-12-06 15:01:46===> API : /api/auth/logout ===> Message : logoutUserResponse() completed
info: ===> TimeStamp : 2024-12-06 15:01:59===> API : null ===> Message : validateRequest() invoked
info: ===> TimeStamp : 2024-12-06 15:01:59===> API : null ===> Message : fetchDBSettings()
info: ===> TimeStamp : 2024-12-06 15:01:59===> API : null ===> Message : validateRequest() Invoked!
info: ===> TimeStamp : 2024-12-06 15:01:59===> API : null ===> Message : validRequest() :: Api validated Successfully
info: ===> TimeStamp : 2024-12-06 15:01:59===> API : /api/auth/validateuser ===> Message : validateUser() invoked!!
info: ===> TimeStamp : 2024-12-06 15:01:59===> API : /api/auth/validateuser ===> Message : validateUser() :: Request Object :: [object Object]
info: ===> TimeStamp : 2024-12-06 15:01:59===> API : /api/auth/validateuser ===> Message : validateUserDB() Invoked !
info: ===> TimeStamp : 2024-12-06 15:01:59===> API : /api/auth/validateuser ===> Message : validateUserResponse() invoked!
info: ===> TimeStamp : 2024-12-06 15:01:59===> API : /api/auth/validateuser ===> Message : validateUserResponse() completed
info: ===> TimeStamp : 2024-12-06 15:01:59===> API : null ===> Message : validateRequest() invoked
info: ===> TimeStamp : 2024-12-06 15:01:59===> API : null ===> Message : fetchDBSettings()
info: ===> TimeStamp : 2024-12-06 15:01:59===> API : null ===> Message : validateRequest() Invoked!
info: ===> TimeStamp : 2024-12-06 15:02:00===> API : null ===> Message : validRequest() :: Api validated Successfully
info: ===> TimeStamp : 2024-12-06 15:02:00===> API : /api/auth/checkIP ===> Message : checkIP() invoked!!
info: ===> TimeStamp : 2024-12-06 15:02:00===> API : /api/auth/checkIP ===> Message : IPs match: 103.255.182.117
info: ===> TimeStamp : 2024-12-06 15:02:00===> API : /api/auth/checkIP ===> Message : checkIPResponse() invoked!
info: ===> TimeStamp : 2024-12-06 15:02:00===> API : /api/auth/checkIP ===> Message : checkIPResponse() completed
info: ===> TimeStamp : 2024-12-06 15:02:00===> API : null ===> Message : validateRequest() invoked
info: ===> TimeStamp : 2024-12-06 15:02:00===> API : null ===> Message : fetchDBSettings()
info: ===> TimeStamp : 2024-12-06 15:02:00===> API : null ===> Message : validateRequest() Invoked!
info: ===> TimeStamp : 2024-12-06 15:02:00===> API : null ===> Message : validRequest() :: Api validated Successfully
info: ===> TimeStamp : 2024-12-06 15:02:00===> API : /api/auth/login ===> Message : loginUser() invoked!!
info: ===> TimeStamp : 2024-12-06 15:02:00===> API : /api/auth/login ===> Message : loginUser() :: Request Object :: [object Object]
info: ===> TimeStamp : 2024-12-06 15:02:00===> API : /api/auth/login ===> Message : loginUserDB() Invoked !
info: ===> TimeStamp : 2024-12-06 15:02:00===> API : /api/auth/login ===> Message : loginUserResponse() invoked!
info: ===> TimeStamp : 2024-12-06 15:02:00===> API : /api/auth/login ===> Message : loginUserResponse() completed
info: ===> TimeStamp : 2024-12-06 15:03:07===> API : null ===> Message : validateRequest() invoked
info: ===> TimeStamp : 2024-12-06 15:03:07===> API : null ===> Message : fetchDBSettings()
info: ===> TimeStamp : 2024-12-06 15:03:07===> API : null ===> Message : validateRequest() Invoked!
info: ===> TimeStamp : 2024-12-06 15:03:07===> API : null ===> Message : validRequest() :: Api validated Successfully
info: ===> TimeStamp : 2024-12-06 15:03:07===> API : /api/auth/logout ===> Message : logoutUser() invoked!!
info: ===> TimeStamp : 2024-12-06 15:03:07===> API : /api/auth/logout ===> Message : logoutUser() :: Request Object :: [object Object]
info: ===> TimeStamp : 2024-12-06 15:03:07===> API : /api/auth/logout ===> Message : logoutUserDB() Invoked !
info: ===> TimeStamp : 2024-12-06 15:03:07===> API : /api/auth/logout ===> Message : logoutUserResponse() invoked!
info: ===> TimeStamp : 2024-12-06 15:03:07===> API : /api/auth/logout ===> Message : logoutUserResponse() completed
info: ===> TimeStamp : 2024-12-06 15:03:26===> API : null ===> Message : validateRequest() invoked
info: ===> TimeStamp : 2024-12-06 15:03:26===> API : null ===> Message : fetchDBSettings()
info: ===> TimeStamp : 2024-12-06 15:03:26===> API : null ===> Message : validateRequest() Invoked!
info: ===> TimeStamp : 2024-12-06 15:03:26===> API : null ===> Message : validRequest() :: Api validated Successfully
info: ===> TimeStamp : 2024-12-06 15:03:26===> API : /api/auth/validateuser ===> Message : validateUser() invoked!!
info: ===> TimeStamp : 2024-12-06 15:03:26===> API : /api/auth/validateuser ===> Message : validateUser() :: Request Object :: [object Object]
info: ===> TimeStamp : 2024-12-06 15:03:26===> API : /api/auth/validateuser ===> Message : validateUserDB() Invoked !
info: ===> TimeStamp : 2024-12-06 15:03:27===> API : /api/auth/validateuser ===> Message : validateUserResponse() invoked!
info: ===> TimeStamp : 2024-12-06 15:03:27===> API : /api/auth/validateuser ===> Message : validateUserResponse() completed
info: ===> TimeStamp : 2024-12-06 15:03:27===> API : null ===> Message : validateRequest() invoked
info: ===> TimeStamp : 2024-12-06 15:03:27===> API : null ===> Message : fetchDBSettings()
info: ===> TimeStamp : 2024-12-06 15:03:27===> API : null ===> Message : validateRequest() Invoked!
info: ===> TimeStamp : 2024-12-06 15:03:27===> API : null ===> Message : validRequest() :: Api validated Successfully
info: ===> TimeStamp : 2024-12-06 15:03:27===> API : /api/auth/checkIP ===> Message : checkIP() invoked!!
info: ===> TimeStamp : 2024-12-06 15:03:27===> API : /api/auth/checkIP ===> Message : IPs match: 103.225.102.194
info: ===> TimeStamp : 2024-12-06 15:03:27===> API : /api/auth/checkIP ===> Message : checkIPResponse() invoked!
info: ===> TimeStamp : 2024-12-06 15:03:27===> API : /api/auth/checkIP ===> Message : checkIPResponse() completed
info: ===> TimeStamp : 2024-12-06 15:03:27===> API : null ===> Message : validateRequest() invoked
info: ===> TimeStamp : 2024-12-06 15:03:27===> API : null ===> Message : fetchDBSettings()
info: ===> TimeStamp : 2024-12-06 15:03:27===> API : null ===> Message : validateRequest() Invoked!
info: ===> TimeStamp : 2024-12-06 15:03:27===> API : null ===> Message : validRequest() :: Api validated Successfully
info: ===> TimeStamp : 2024-12-06 15:03:27===> API : /api/auth/login ===> Message : loginUser() invoked!!
info: ===> TimeStamp : 2024-12-06 15:03:27===> API : /api/auth/login ===> Message : loginUser() :: Request Object :: [object Object]
info: ===> TimeStamp : 2024-12-06 15:03:27===> API : /api/auth/login ===> Message : loginUserDB() Invoked !
info: ===> TimeStamp : 2024-12-06 15:03:27===> API : /api/auth/login ===> Message : loginUserResponse() invoked!
info: ===> TimeStamp : 2024-12-06 15:03:27===> API : /api/auth/login ===> Message : loginUserResponse() completed
info: ===> TimeStamp : 2024-12-06 15:05:49===> API : null ===> Message : validateRequest() invoked
info: ===> TimeStamp : 2024-12-06 15:05:49===> API : null ===> Message : validateRequest() Error:: Invalid Request :: 
      {"apiUri":"/"}
info: ===> TimeStamp : 2024-12-06 15:31:16===> API : null ===> Message : validateRequest() invoked
info: ===> TimeStamp : 2024-12-06 15:31:16===> API : null ===> Message : fetchDBSettings()
info: ===> TimeStamp : 2024-12-06 15:31:16===> API : null ===> Message : validateRequest() Invoked!
info: ===> TimeStamp : 2024-12-06 15:31:16===> API : null ===> Message : validRequest() :: Api validated Successfully
info: ===> TimeStamp : 2024-12-06 15:31:16===> API : /api/auth/validateuser ===> Message : validateUser() invoked!!
info: ===> TimeStamp : 2024-12-06 15:31:16===> API : /api/auth/validateuser ===> Message : validateUser() :: Request Object :: [object Object]
info: ===> TimeStamp : 2024-12-06 15:31:16===> API : /api/auth/validateuser ===> Message : validateUserDB() Invoked !
info: ===> TimeStamp : 2024-12-06 15:31:16===> API : /api/auth/validateuser ===> Message : validateUserDB() :: Error :: {"code":"ER_SIGNAL_EXCEPTION","errno":1644,"sqlState":"10005","sqlMessage":"User Does Not Exist","sql":"CALL usp_validate_user('tarianiket', 'tarianiket')"}
info: ===> TimeStamp : 2024-12-06 15:31:16===> API : /api/auth/validateuser ===> Message : validateUserDBResult :: Error :: {"ErrorCode":10005,"ErrorMessage":"User Does Not Exist"}
info: ===> TimeStamp : 2024-12-06 15:31:16===> API : /api/auth/validateuser ===> Message : validateUserResponse() invoked!
info: ===> TimeStamp : 2024-12-06 15:31:16===> API : /api/auth/validateuser ===> Message : validateUserResponse() completed
info: ===> TimeStamp : 2024-12-06 15:31:28===> API : null ===> Message : validateRequest() invoked
info: ===> TimeStamp : 2024-12-06 15:31:28===> API : null ===> Message : fetchDBSettings()
info: ===> TimeStamp : 2024-12-06 15:31:28===> API : null ===> Message : validateRequest() Invoked!
info: ===> TimeStamp : 2024-12-06 15:31:28===> API : null ===> Message : validRequest() :: Api validated Successfully
info: ===> TimeStamp : 2024-12-06 15:31:28===> API : /api/auth/validateuser ===> Message : validateUser() invoked!!
info: ===> TimeStamp : 2024-12-06 15:31:28===> API : /api/auth/validateuser ===> Message : validateUser() :: Request Object :: [object Object]
info: ===> TimeStamp : 2024-12-06 15:31:28===> API : /api/auth/validateuser ===> Message : validateUserDB() Invoked !
info: ===> TimeStamp : 2024-12-06 15:31:28===> API : /api/auth/validateuser ===> Message : validateUserResponse() invoked!
info: ===> TimeStamp : 2024-12-06 15:31:28===> API : /api/auth/validateuser ===> Message : validateUserResponse() completed
info: ===> TimeStamp : 2024-12-06 15:31:28===> API : null ===> Message : validateRequest() invoked
info: ===> TimeStamp : 2024-12-06 15:31:28===> API : null ===> Message : fetchDBSettings()
info: ===> TimeStamp : 2024-12-06 15:31:28===> API : null ===> Message : validateRequest() Invoked!
info: ===> TimeStamp : 2024-12-06 15:31:28===> API : null ===> Message : validRequest() :: Api validated Successfully
info: ===> TimeStamp : 2024-12-06 15:31:28===> API : /api/auth/login ===> Message : loginUser() invoked!!
info: ===> TimeStamp : 2024-12-06 15:31:28===> API : /api/auth/login ===> Message : loginUser() :: Request Object :: [object Object]
info: ===> TimeStamp : 2024-12-06 15:31:28===> API : /api/auth/login ===> Message : loginUserDB() Invoked !
info: ===> TimeStamp : 2024-12-06 15:31:28===> API : /api/auth/login ===> Message : loginUserResponse() invoked!
info: ===> TimeStamp : 2024-12-06 15:31:28===> API : /api/auth/login ===> Message : loginUserResponse() completed
info: ===> TimeStamp : 2024-12-06 15:34:51===> API : null ===> Message : validateRequest() invoked
info: ===> TimeStamp : 2024-12-06 15:34:51===> API : null ===> Message : fetchDBSettings()
info: ===> TimeStamp : 2024-12-06 15:34:51===> API : null ===> Message : validateRequest() Invoked!
info: ===> TimeStamp : 2024-12-06 15:34:51===> API : null ===> Message : validRequest() :: Api validated Successfully
info: ===> TimeStamp : 2024-12-06 15:34:51===> API : /api/auth/validateuser ===> Message : validateUser() invoked!!
info: ===> TimeStamp : 2024-12-06 15:34:51===> API : /api/auth/validateuser ===> Message : validateUser() :: Request Object :: [object Object]
info: ===> TimeStamp : 2024-12-06 15:34:51===> API : /api/auth/validateuser ===> Message : validateUserDB() Invoked !
info: ===> TimeStamp : 2024-12-06 15:34:51===> API : /api/auth/validateuser ===> Message : validateUserResponse() invoked!
info: ===> TimeStamp : 2024-12-06 15:34:51===> API : /api/auth/validateuser ===> Message : validateUserResponse() completed
info: ===> TimeStamp : 2024-12-06 15:34:51===> API : null ===> Message : validateRequest() invoked
info: ===> TimeStamp : 2024-12-06 15:34:51===> API : null ===> Message : fetchDBSettings()
info: ===> TimeStamp : 2024-12-06 15:34:51===> API : null ===> Message : validateRequest() Invoked!
info: ===> TimeStamp : 2024-12-06 15:34:51===> API : null ===> Message : validRequest() :: Api validated Successfully
info: ===> TimeStamp : 2024-12-06 15:34:51===> API : /api/auth/login ===> Message : loginUser() invoked!!
info: ===> TimeStamp : 2024-12-06 15:34:51===> API : /api/auth/login ===> Message : loginUser() :: Request Object :: [object Object]
info: ===> TimeStamp : 2024-12-06 15:34:51===> API : /api/auth/login ===> Message : loginUserDB() Invoked !
info: ===> TimeStamp : 2024-12-06 15:34:51===> API : /api/auth/login ===> Message : loginUserResponse() invoked!
info: ===> TimeStamp : 2024-12-06 15:34:51===> API : /api/auth/login ===> Message : loginUserResponse() completed
info: ===> TimeStamp : 2024-12-06 15:35:00===> API : null ===> Message : validateRequest() invoked
info: ===> TimeStamp : 2024-12-06 15:35:00===> API : null ===> Message : fetchDBSettings()
info: ===> TimeStamp : 2024-12-06 15:35:00===> API : null ===> Message : validateRequest() Invoked!
info: ===> TimeStamp : 2024-12-06 15:35:00===> API : null ===> Message : validRequest() :: Api validated Successfully
info: ===> TimeStamp : 2024-12-06 15:35:00===> API : /api/auth/validateuser ===> Message : validateUser() invoked!!
info: ===> TimeStamp : 2024-12-06 15:35:00===> API : /api/auth/validateuser ===> Message : validateUser() :: Request Object :: [object Object]
info: ===> TimeStamp : 2024-12-06 15:35:00===> API : /api/auth/validateuser ===> Message : validateUserDB() Invoked !
info: ===> TimeStamp : 2024-12-06 15:35:00===> API : /api/auth/validateuser ===> Message : validateUserResponse() invoked!
info: ===> TimeStamp : 2024-12-06 15:35:00===> API : /api/auth/validateuser ===> Message : validateUserResponse() completed
info: ===> TimeStamp : 2024-12-06 15:35:00===> API : null ===> Message : validateRequest() invoked
info: ===> TimeStamp : 2024-12-06 15:35:00===> API : null ===> Message : fetchDBSettings()
info: ===> TimeStamp : 2024-12-06 15:35:00===> API : null ===> Message : validateRequest() Invoked!
info: ===> TimeStamp : 2024-12-06 15:35:00===> API : null ===> Message : validRequest() :: Api validated Successfully
info: ===> TimeStamp : 2024-12-06 15:35:00===> API : /api/auth/login ===> Message : loginUser() invoked!!
info: ===> TimeStamp : 2024-12-06 15:35:00===> API : /api/auth/login ===> Message : loginUser() :: Request Object :: [object Object]
info: ===> TimeStamp : 2024-12-06 15:35:00===> API : /api/auth/login ===> Message : loginUserDB() Invoked !
info: ===> TimeStamp : 2024-12-06 15:35:00===> API : /api/auth/login ===> Message : loginUserResponse() invoked!
info: ===> TimeStamp : 2024-12-06 15:35:00===> API : /api/auth/login ===> Message : loginUserResponse() completed
info: ===> TimeStamp : 2024-12-06 15:35:53===> API : null ===> Message : validateRequest() invoked
info: ===> TimeStamp : 2024-12-06 15:35:53===> API : null ===> Message : fetchDBSettings()
info: ===> TimeStamp : 2024-12-06 15:35:53===> API : null ===> Message : validateRequest() Invoked!
info: ===> TimeStamp : 2024-12-06 15:35:53===> API : null ===> Message : validRequest() :: Api validated Successfully
info: ===> TimeStamp : 2024-12-06 15:35:53===> API : /api/auth/logout ===> Message : logoutUser() invoked!!
info: ===> TimeStamp : 2024-12-06 15:35:53===> API : /api/auth/logout ===> Message : logoutUser() :: Request Object :: [object Object]
info: ===> TimeStamp : 2024-12-06 15:35:53===> API : /api/auth/logout ===> Message : logoutUserDB() Invoked !
info: ===> TimeStamp : 2024-12-06 15:35:53===> API : /api/auth/logout ===> Message : logoutUserResponse() invoked!
info: ===> TimeStamp : 2024-12-06 15:35:53===> API : /api/auth/logout ===> Message : logoutUserResponse() completed
info: ===> TimeStamp : 2024-12-06 15:36:08===> API : null ===> Message : validateRequest() invoked
info: ===> TimeStamp : 2024-12-06 15:36:08===> API : null ===> Message : fetchDBSettings()
info: ===> TimeStamp : 2024-12-06 15:36:08===> API : null ===> Message : validateRequest() Invoked!
info: ===> TimeStamp : 2024-12-06 15:36:08===> API : null ===> Message : validRequest() :: Api validated Successfully
info: ===> TimeStamp : 2024-12-06 15:36:08===> API : /api/auth/validateuser ===> Message : validateUser() invoked!!
info: ===> TimeStamp : 2024-12-06 15:36:08===> API : /api/auth/validateuser ===> Message : validateUser() :: Request Object :: [object Object]
info: ===> TimeStamp : 2024-12-06 15:36:08===> API : /api/auth/validateuser ===> Message : validateUserDB() Invoked !
info: ===> TimeStamp : 2024-12-06 15:36:08===> API : /api/auth/validateuser ===> Message : validateUserResponse() invoked!
info: ===> TimeStamp : 2024-12-06 15:36:08===> API : /api/auth/validateuser ===> Message : validateUserResponse() completed
info: ===> TimeStamp : 2024-12-06 15:36:09===> API : null ===> Message : validateRequest() invoked
info: ===> TimeStamp : 2024-12-06 15:36:09===> API : null ===> Message : fetchDBSettings()
info: ===> TimeStamp : 2024-12-06 15:36:09===> API : null ===> Message : validateRequest() Invoked!
info: ===> TimeStamp : 2024-12-06 15:36:09===> API : null ===> Message : validRequest() :: Api validated Successfully
info: ===> TimeStamp : 2024-12-06 15:36:09===> API : /api/auth/login ===> Message : loginUser() invoked!!
info: ===> TimeStamp : 2024-12-06 15:36:09===> API : /api/auth/login ===> Message : loginUser() :: Request Object :: [object Object]
info: ===> TimeStamp : 2024-12-06 15:36:09===> API : /api/auth/login ===> Message : loginUserDB() Invoked !
info: ===> TimeStamp : 2024-12-06 15:36:09===> API : /api/auth/login ===> Message : loginUserResponse() invoked!
info: ===> TimeStamp : 2024-12-06 15:36:09===> API : /api/auth/login ===> Message : loginUserResponse() completed
info: ===> TimeStamp : 2024-12-06 15:46:09===> API : null ===> Message : validateRequest() invoked
info: ===> TimeStamp : 2024-12-06 15:46:09===> API : null ===> Message : fetchDBSettings()
info: ===> TimeStamp : 2024-12-06 15:46:09===> API : null ===> Message : validateRequest() Invoked!
info: ===> TimeStamp : 2024-12-06 15:46:10===> API : null ===> Message : validRequest() :: Api validated Successfully
info: ===> TimeStamp : 2024-12-06 15:46:10===> API : /api/auth/validateuser ===> Message : validateUser() invoked!!
info: ===> TimeStamp : 2024-12-06 15:46:10===> API : /api/auth/validateuser ===> Message : validateUser() :: Request Object :: [object Object]
info: ===> TimeStamp : 2024-12-06 15:46:10===> API : /api/auth/validateuser ===> Message : validateUserDB() Invoked !
info: ===> TimeStamp : 2024-12-06 15:46:10===> API : /api/auth/validateuser ===> Message : validateUserResponse() invoked!
info: ===> TimeStamp : 2024-12-06 15:46:10===> API : /api/auth/validateuser ===> Message : validateUserResponse() completed
info: ===> TimeStamp : 2024-12-06 15:46:10===> API : null ===> Message : validateRequest() invoked
info: ===> TimeStamp : 2024-12-06 15:46:10===> API : null ===> Message : fetchDBSettings()
info: ===> TimeStamp : 2024-12-06 15:46:10===> API : null ===> Message : validateRequest() Invoked!
info: ===> TimeStamp : 2024-12-06 15:46:10===> API : null ===> Message : validRequest() :: Api validated Successfully
info: ===> TimeStamp : 2024-12-06 15:46:10===> API : /api/auth/login ===> Message : loginUser() invoked!!
info: ===> TimeStamp : 2024-12-06 15:46:10===> API : /api/auth/login ===> Message : loginUser() :: Request Object :: [object Object]
info: ===> TimeStamp : 2024-12-06 15:46:10===> API : /api/auth/login ===> Message : loginUserDB() Invoked !
info: ===> TimeStamp : 2024-12-06 15:46:10===> API : /api/auth/login ===> Message : loginUserResponse() invoked!
info: ===> TimeStamp : 2024-12-06 15:46:10===> API : /api/auth/login ===> Message : loginUserResponse() completed
info: ===> TimeStamp : 2024-12-06 15:57:18===> API : null ===> Message : validateRequest() invoked
info: ===> TimeStamp : 2024-12-06 15:57:18===> API : null ===> Message : fetchDBSettings()
info: ===> TimeStamp : 2024-12-06 15:57:18===> API : null ===> Message : validateRequest() Invoked!
info: ===> TimeStamp : 2024-12-06 15:57:18===> API : null ===> Message : validRequest() :: Api validated Successfully
info: ===> TimeStamp : 2024-12-06 15:57:18===> API : /api/auth/validateuser ===> Message : validateUser() invoked!!
info: ===> TimeStamp : 2024-12-06 15:57:18===> API : /api/auth/validateuser ===> Message : validateUser() :: Request Object :: [object Object]
info: ===> TimeStamp : 2024-12-06 15:57:18===> API : /api/auth/validateuser ===> Message : validateUserDB() Invoked !
info: ===> TimeStamp : 2024-12-06 15:57:18===> API : /api/auth/validateuser ===> Message : validateUserResponse() invoked!
info: ===> TimeStamp : 2024-12-06 15:57:18===> API : /api/auth/validateuser ===> Message : validateUserResponse() completed
info: ===> TimeStamp : 2024-12-06 15:57:18===> API : null ===> Message : validateRequest() invoked
info: ===> TimeStamp : 2024-12-06 15:57:18===> API : null ===> Message : fetchDBSettings()
info: ===> TimeStamp : 2024-12-06 15:57:18===> API : null ===> Message : validateRequest() Invoked!
info: ===> TimeStamp : 2024-12-06 15:57:18===> API : null ===> Message : validRequest() :: Api validated Successfully
info: ===> TimeStamp : 2024-12-06 15:57:18===> API : /api/auth/login ===> Message : loginUser() invoked!!
info: ===> TimeStamp : 2024-12-06 15:57:18===> API : /api/auth/login ===> Message : loginUser() :: Request Object :: [object Object]
info: ===> TimeStamp : 2024-12-06 15:57:18===> API : /api/auth/login ===> Message : loginUserDB() Invoked !
info: ===> TimeStamp : 2024-12-06 15:57:18===> API : /api/auth/login ===> Message : loginUserResponse() invoked!
info: ===> TimeStamp : 2024-12-06 15:57:18===> API : /api/auth/login ===> Message : loginUserResponse() completed
info: ===> TimeStamp : 2024-12-06 16:53:29===> API : null ===> Message : validateRequest() invoked
info: ===> TimeStamp : 2024-12-06 16:53:29===> API : null ===> Message : validateRequest() Error:: Invalid Request :: 
      {"apiUri":"/"}
info: ===> TimeStamp : 2024-12-06 16:53:29===> API : null ===> Message : validateRequest() invoked
info: ===> TimeStamp : 2024-12-06 16:53:29===> API : null ===> Message : validateRequest() Error:: Invalid Request :: 
      {"apiUri":"/favicon.ico"}
info: ===> TimeStamp : 2024-12-06 17:09:17===> API : null ===> Message : validateRequest() invoked
info: ===> TimeStamp : 2024-12-06 17:09:17===> API : null ===> Message : validateRequest() Error:: Invalid Request :: 
      {"apiUri":"/"}
info: ===> TimeStamp : 2024-12-06 17:34:01===> API : null ===> Message : validateRequest() invoked
info: ===> TimeStamp : 2024-12-06 17:34:01===> API : null ===> Message : fetchDBSettings()
info: ===> TimeStamp : 2024-12-06 17:34:01===> API : null ===> Message : validateRequest() Invoked!
info: ===> TimeStamp : 2024-12-06 17:34:01===> API : null ===> Message : validRequest() :: Api validated Successfully
info: ===> TimeStamp : 2024-12-06 17:34:01===> API : /api/auth/validateuser ===> Message : validateUser() invoked!!
info: ===> TimeStamp : 2024-12-06 17:34:01===> API : /api/auth/validateuser ===> Message : validateUser() :: Request Object :: [object Object]
info: ===> TimeStamp : 2024-12-06 17:34:01===> API : /api/auth/validateuser ===> Message : validateUserDB() Invoked !
info: ===> TimeStamp : 2024-12-06 17:34:01===> API : /api/auth/validateuser ===> Message : validateUserResponse() invoked!
info: ===> TimeStamp : 2024-12-06 17:34:01===> API : /api/auth/validateuser ===> Message : validateUserResponse() completed
info: ===> TimeStamp : 2024-12-06 17:34:02===> API : null ===> Message : validateRequest() invoked
info: ===> TimeStamp : 2024-12-06 17:34:02===> API : null ===> Message : fetchDBSettings()
info: ===> TimeStamp : 2024-12-06 17:34:02===> API : null ===> Message : validateRequest() Invoked!
info: ===> TimeStamp : 2024-12-06 17:34:02===> API : null ===> Message : validRequest() :: Api validated Successfully
info: ===> TimeStamp : 2024-12-06 17:34:02===> API : /api/auth/login ===> Message : loginUser() invoked!!
info: ===> TimeStamp : 2024-12-06 17:34:02===> API : /api/auth/login ===> Message : loginUser() :: Request Object :: [object Object]
info: ===> TimeStamp : 2024-12-06 17:34:02===> API : /api/auth/login ===> Message : loginUserDB() Invoked !
info: ===> TimeStamp : 2024-12-06 17:34:02===> API : /api/auth/login ===> Message : loginUserResponse() invoked!
info: ===> TimeStamp : 2024-12-06 17:34:02===> API : /api/auth/login ===> Message : loginUserResponse() completed
info: ===> TimeStamp : 2024-12-06 17:35:40===> API : null ===> Message : validateRequest() invoked
info: ===> TimeStamp : 2024-12-06 17:35:40===> API : null ===> Message : fetchDBSettings()
info: ===> TimeStamp : 2024-12-06 17:35:40===> API : null ===> Message : validateRequest() Invoked!
info: ===> TimeStamp : 2024-12-06 17:35:40===> API : null ===> Message : validRequest() :: Api validated Successfully
info: ===> TimeStamp : 2024-12-06 17:35:40===> API : /api/auth/validateuser ===> Message : validateUser() invoked!!
info: ===> TimeStamp : 2024-12-06 17:35:40===> API : /api/auth/validateuser ===> Message : validateUser() :: Request Object :: [object Object]
info: ===> TimeStamp : 2024-12-06 17:35:40===> API : /api/auth/validateuser ===> Message : validateUserDB() Invoked !
info: ===> TimeStamp : 2024-12-06 17:35:40===> API : /api/auth/validateuser ===> Message : validateUserResponse() invoked!
info: ===> TimeStamp : 2024-12-06 17:35:40===> API : /api/auth/validateuser ===> Message : validateUserResponse() completed
info: ===> TimeStamp : 2024-12-06 17:35:40===> API : null ===> Message : validateRequest() invoked
info: ===> TimeStamp : 2024-12-06 17:35:40===> API : null ===> Message : fetchDBSettings()
info: ===> TimeStamp : 2024-12-06 17:35:40===> API : null ===> Message : validateRequest() Invoked!
info: ===> TimeStamp : 2024-12-06 17:35:40===> API : null ===> Message : validRequest() :: Api validated Successfully
info: ===> TimeStamp : 2024-12-06 17:35:40===> API : /api/auth/login ===> Message : loginUser() invoked!!
info: ===> TimeStamp : 2024-12-06 17:35:40===> API : /api/auth/login ===> Message : loginUser() :: Request Object :: [object Object]
info: ===> TimeStamp : 2024-12-06 17:35:40===> API : /api/auth/login ===> Message : loginUserDB() Invoked !
info: ===> TimeStamp : 2024-12-06 17:35:40===> API : /api/auth/login ===> Message : loginUserResponse() invoked!
info: ===> TimeStamp : 2024-12-06 17:35:40===> API : /api/auth/login ===> Message : loginUserResponse() completed
info: ===> TimeStamp : 2024-12-06 18:12:50===> API : null ===> Message : validateRequest() invoked
info: ===> TimeStamp : 2024-12-06 18:12:50===> API : null ===> Message : fetchDBSettings()
info: ===> TimeStamp : 2024-12-06 18:12:50===> API : null ===> Message : validateRequest() Invoked!
info: ===> TimeStamp : 2024-12-06 18:12:50===> API : null ===> Message : validRequest() :: Api validated Successfully
info: ===> TimeStamp : 2024-12-06 18:12:50===> API : /api/auth/validateuser ===> Message : validateUser() invoked!!
info: ===> TimeStamp : 2024-12-06 18:12:50===> API : /api/auth/validateuser ===> Message : validateUser() :: Request Object :: [object Object]
info: ===> TimeStamp : 2024-12-06 18:12:50===> API : /api/auth/validateuser ===> Message : validateUserDB() Invoked !
info: ===> TimeStamp : 2024-12-06 18:12:50===> API : /api/auth/validateuser ===> Message : validateUserResponse() invoked!
info: ===> TimeStamp : 2024-12-06 18:12:50===> API : /api/auth/validateuser ===> Message : validateUserResponse() completed
info: ===> TimeStamp : 2024-12-06 18:12:50===> API : null ===> Message : validateRequest() invoked
info: ===> TimeStamp : 2024-12-06 18:12:50===> API : null ===> Message : fetchDBSettings()
info: ===> TimeStamp : 2024-12-06 18:12:50===> API : null ===> Message : validateRequest() Invoked!
info: ===> TimeStamp : 2024-12-06 18:12:50===> API : null ===> Message : validRequest() :: Api validated Successfully
info: ===> TimeStamp : 2024-12-06 18:12:50===> API : /api/auth/checkIP ===> Message : checkIP() invoked!!
info: ===> TimeStamp : 2024-12-06 18:12:50===> API : /api/auth/checkIP ===> Message : IPs match: 103.255.183.12
info: ===> TimeStamp : 2024-12-06 18:12:50===> API : /api/auth/checkIP ===> Message : checkIPResponse() invoked!
info: ===> TimeStamp : 2024-12-06 18:12:50===> API : /api/auth/checkIP ===> Message : checkIPResponse() completed
info: ===> TimeStamp : 2024-12-06 18:12:50===> API : null ===> Message : validateRequest() invoked
info: ===> TimeStamp : 2024-12-06 18:12:50===> API : null ===> Message : fetchDBSettings()
info: ===> TimeStamp : 2024-12-06 18:12:50===> API : null ===> Message : validateRequest() Invoked!
info: ===> TimeStamp : 2024-12-06 18:12:50===> API : null ===> Message : validRequest() :: Api validated Successfully
info: ===> TimeStamp : 2024-12-06 18:12:50===> API : /api/auth/login ===> Message : loginUser() invoked!!
info: ===> TimeStamp : 2024-12-06 18:12:50===> API : /api/auth/login ===> Message : loginUser() :: Request Object :: [object Object]
info: ===> TimeStamp : 2024-12-06 18:12:50===> API : /api/auth/login ===> Message : loginUserDB() Invoked !
info: ===> TimeStamp : 2024-12-06 18:12:50===> API : /api/auth/login ===> Message : loginUserResponse() invoked!
info: ===> TimeStamp : 2024-12-06 18:12:50===> API : /api/auth/login ===> Message : loginUserResponse() completed
info: ===> TimeStamp : 2024-12-06 18:18:25===> API : null ===> Message : validateRequest() invoked
info: ===> TimeStamp : 2024-12-06 18:18:25===> API : null ===> Message : fetchDBSettings()
info: ===> TimeStamp : 2024-12-06 18:18:25===> API : null ===> Message : validateRequest() Invoked!
info: ===> TimeStamp : 2024-12-06 18:18:25===> API : null ===> Message : validRequest() :: Api validated Successfully
info: ===> TimeStamp : 2024-12-06 18:18:25===> API : /api/auth/validateuser ===> Message : validateUser() invoked!!
info: ===> TimeStamp : 2024-12-06 18:18:25===> API : /api/auth/validateuser ===> Message : validateUser() :: Request Object :: [object Object]
info: ===> TimeStamp : 2024-12-06 18:18:25===> API : /api/auth/validateuser ===> Message : validateUserDB() Invoked !
info: ===> TimeStamp : 2024-12-06 18:18:25===> API : /api/auth/validateuser ===> Message : validateUserResponse() invoked!
info: ===> TimeStamp : 2024-12-06 18:18:25===> API : /api/auth/validateuser ===> Message : validateUserResponse() completed
info: ===> TimeStamp : 2024-12-06 18:18:25===> API : null ===> Message : validateRequest() invoked
info: ===> TimeStamp : 2024-12-06 18:18:25===> API : null ===> Message : fetchDBSettings()
info: ===> TimeStamp : 2024-12-06 18:18:25===> API : null ===> Message : validateRequest() Invoked!
info: ===> TimeStamp : 2024-12-06 18:18:25===> API : null ===> Message : validRequest() :: Api validated Successfully
info: ===> TimeStamp : 2024-12-06 18:18:25===> API : /api/auth/login ===> Message : loginUser() invoked!!
info: ===> TimeStamp : 2024-12-06 18:18:25===> API : /api/auth/login ===> Message : loginUser() :: Request Object :: [object Object]
info: ===> TimeStamp : 2024-12-06 18:18:25===> API : /api/auth/login ===> Message : loginUserDB() Invoked !
info: ===> TimeStamp : 2024-12-06 18:18:25===> API : /api/auth/login ===> Message : loginUserResponse() invoked!
info: ===> TimeStamp : 2024-12-06 18:18:25===> API : /api/auth/login ===> Message : loginUserResponse() completed
info: ===> TimeStamp : 2024-12-06 18:35:53===> API : null ===> Message : validateRequest() invoked
info: ===> TimeStamp : 2024-12-06 18:35:53===> API : null ===> Message : fetchDBSettings()
info: ===> TimeStamp : 2024-12-06 18:35:53===> API : null ===> Message : validateRequest() Invoked!
info: ===> TimeStamp : 2024-12-06 18:35:53===> API : null ===> Message : validRequest() :: Api validated Successfully
info: ===> TimeStamp : 2024-12-06 18:35:53===> API : /api/auth/validateuser ===> Message : validateUser() invoked!!
info: ===> TimeStamp : 2024-12-06 18:35:53===> API : /api/auth/validateuser ===> Message : validateUser() :: Request Object :: [object Object]
info: ===> TimeStamp : 2024-12-06 18:35:53===> API : /api/auth/validateuser ===> Message : validateUserDB() Invoked !
info: ===> TimeStamp : 2024-12-06 18:35:53===> API : /api/auth/validateuser ===> Message : validateUserResponse() invoked!
info: ===> TimeStamp : 2024-12-06 18:35:53===> API : /api/auth/validateuser ===> Message : validateUserResponse() completed
info: ===> TimeStamp : 2024-12-06 18:35:54===> API : null ===> Message : validateRequest() invoked
info: ===> TimeStamp : 2024-12-06 18:35:54===> API : null ===> Message : fetchDBSettings()
info: ===> TimeStamp : 2024-12-06 18:35:54===> API : null ===> Message : validateRequest() Invoked!
info: ===> TimeStamp : 2024-12-06 18:35:54===> API : null ===> Message : validRequest() :: Api validated Successfully
info: ===> TimeStamp : 2024-12-06 18:35:54===> API : /api/auth/login ===> Message : loginUser() invoked!!
info: ===> TimeStamp : 2024-12-06 18:35:54===> API : /api/auth/login ===> Message : loginUser() :: Request Object :: [object Object]
info: ===> TimeStamp : 2024-12-06 18:35:54===> API : /api/auth/login ===> Message : loginUserDB() Invoked !
info: ===> TimeStamp : 2024-12-06 18:35:54===> API : /api/auth/login ===> Message : loginUserResponse() invoked!
info: ===> TimeStamp : 2024-12-06 18:35:54===> API : /api/auth/login ===> Message : loginUserResponse() completed
info: ===> TimeStamp : 2024-12-06 18:50:42===> API : null ===> Message : validateRequest() invoked
info: ===> TimeStamp : 2024-12-06 18:50:42===> API : null ===> Message : fetchDBSettings()
info: ===> TimeStamp : 2024-12-06 18:50:42===> API : null ===> Message : validateRequest() Invoked!
info: ===> TimeStamp : 2024-12-06 18:50:42===> API : null ===> Message : validRequest() :: Api validated Successfully
info: ===> TimeStamp : 2024-12-06 18:50:42===> API : /api/auth/validateuser ===> Message : validateUser() invoked!!
info: ===> TimeStamp : 2024-12-06 18:50:42===> API : /api/auth/validateuser ===> Message : validateUser() :: Request Object :: [object Object]
info: ===> TimeStamp : 2024-12-06 18:50:42===> API : /api/auth/validateuser ===> Message : validateUserDB() Invoked !
info: ===> TimeStamp : 2024-12-06 18:50:42===> API : /api/auth/validateuser ===> Message : validateUserResponse() invoked!
info: ===> TimeStamp : 2024-12-06 18:50:42===> API : /api/auth/validateuser ===> Message : validateUserResponse() completed
info: ===> TimeStamp : 2024-12-06 18:50:42===> API : null ===> Message : validateRequest() invoked
info: ===> TimeStamp : 2024-12-06 18:50:42===> API : null ===> Message : fetchDBSettings()
info: ===> TimeStamp : 2024-12-06 18:50:42===> API : null ===> Message : validateRequest() Invoked!
info: ===> TimeStamp : 2024-12-06 18:50:42===> API : null ===> Message : validRequest() :: Api validated Successfully
info: ===> TimeStamp : 2024-12-06 18:50:42===> API : /api/auth/login ===> Message : loginUser() invoked!!
info: ===> TimeStamp : 2024-12-06 18:50:42===> API : /api/auth/login ===> Message : loginUser() :: Request Object :: [object Object]
info: ===> TimeStamp : 2024-12-06 18:50:42===> API : /api/auth/login ===> Message : loginUserDB() Invoked !
info: ===> TimeStamp : 2024-12-06 18:50:42===> API : /api/auth/login ===> Message : loginUserResponse() invoked!
info: ===> TimeStamp : 2024-12-06 18:50:42===> API : /api/auth/login ===> Message : loginUserResponse() completed
info: ===> TimeStamp : 2024-12-06 20:41:01===> API : null ===> Message : validateRequest() invoked
info: ===> TimeStamp : 2024-12-06 20:41:01===> API : null ===> Message : fetchDBSettings()
info: ===> TimeStamp : 2024-12-06 20:41:01===> API : null ===> Message : validateRequest() Invoked!
info: ===> TimeStamp : 2024-12-06 20:41:01===> API : /api/auth/validateuser ===> Message : validateUser() invoked!!
info: ===> TimeStamp : 2024-12-06 20:41:01===> API : null ===> Message : validRequest() :: Api validated Successfully
info: ===> TimeStamp : 2024-12-06 20:41:01===> API : /api/auth/validateuser ===> Message : validateUser() :: Request Object :: [object Object]
info: ===> TimeStamp : 2024-12-06 20:41:01===> API : /api/auth/validateuser ===> Message : validateUserDB() Invoked !
info: ===> TimeStamp : 2024-12-06 20:41:01===> API : /api/auth/validateuser ===> Message : validateUserResponse() invoked!
info: ===> TimeStamp : 2024-12-06 20:41:01===> API : /api/auth/validateuser ===> Message : validateUserResponse() completed
info: ===> TimeStamp : 2024-12-06 20:41:01===> API : null ===> Message : validateRequest() invoked
info: ===> TimeStamp : 2024-12-06 20:41:01===> API : null ===> Message : fetchDBSettings()
info: ===> TimeStamp : 2024-12-06 20:41:01===> API : null ===> Message : validateRequest() Invoked!
info: ===> TimeStamp : 2024-12-06 20:41:01===> API : null ===> Message : validRequest() :: Api validated Successfully
info: ===> TimeStamp : 2024-12-06 20:41:01===> API : /api/auth/login ===> Message : loginUser() invoked!!
info: ===> TimeStamp : 2024-12-06 20:41:01===> API : /api/auth/login ===> Message : loginUser() :: Request Object :: [object Object]
info: ===> TimeStamp : 2024-12-06 20:41:01===> API : /api/auth/login ===> Message : loginUserDB() Invoked !
info: ===> TimeStamp : 2024-12-06 20:41:01===> API : /api/auth/login ===> Message : loginUserResponse() invoked!
info: ===> TimeStamp : 2024-12-06 20:41:01===> API : /api/auth/login ===> Message : loginUserResponse() completed
info: ===> TimeStamp : 2024-12-06 20:56:37===> API : null ===> Message : validateRequest() invoked
info: ===> TimeStamp : 2024-12-06 20:56:37===> API : null ===> Message : fetchDBSettings()
info: ===> TimeStamp : 2024-12-06 20:56:37===> API : null ===> Message : validateRequest() Invoked!
info: ===> TimeStamp : 2024-12-06 20:56:37===> API : null ===> Message : validRequest() :: Api validated Successfully
info: ===> TimeStamp : 2024-12-06 20:56:37===> API : /api/auth/validateuser ===> Message : validateUser() invoked!!
info: ===> TimeStamp : 2024-12-06 20:56:37===> API : /api/auth/validateuser ===> Message : validateUser() :: Request Object :: [object Object]
info: ===> TimeStamp : 2024-12-06 20:56:37===> API : /api/auth/validateuser ===> Message : validateUserDB() Invoked !
info: ===> TimeStamp : 2024-12-06 20:56:37===> API : /api/auth/validateuser ===> Message : validateUserResponse() invoked!
info: ===> TimeStamp : 2024-12-06 20:56:37===> API : /api/auth/validateuser ===> Message : validateUserResponse() completed
info: ===> TimeStamp : 2024-12-06 20:56:38===> API : null ===> Message : validateRequest() invoked
info: ===> TimeStamp : 2024-12-06 20:56:38===> API : null ===> Message : fetchDBSettings()
info: ===> TimeStamp : 2024-12-06 20:56:38===> API : null ===> Message : validateRequest() Invoked!
info: ===> TimeStamp : 2024-12-06 20:56:38===> API : null ===> Message : validRequest() :: Api validated Successfully
info: ===> TimeStamp : 2024-12-06 20:56:38===> API : /api/auth/login ===> Message : loginUser() invoked!!
info: ===> TimeStamp : 2024-12-06 20:56:38===> API : /api/auth/login ===> Message : loginUser() :: Request Object :: [object Object]
info: ===> TimeStamp : 2024-12-06 20:56:38===> API : /api/auth/login ===> Message : loginUserDB() Invoked !
info: ===> TimeStamp : 2024-12-06 20:56:38===> API : /api/auth/login ===> Message : loginUserResponse() invoked!
info: ===> TimeStamp : 2024-12-06 20:56:38===> API : /api/auth/login ===> Message : loginUserResponse() completed
info: ===> TimeStamp : 2024-12-06 21:36:18===> API : null ===> Message : validateRequest() invoked
info: ===> TimeStamp : 2024-12-06 21:36:18===> API : null ===> Message : fetchDBSettings()
info: ===> TimeStamp : 2024-12-06 21:36:18===> API : null ===> Message : validateRequest() Invoked!
info: ===> TimeStamp : 2024-12-06 21:36:18===> API : null ===> Message : validRequest() :: Api validated Successfully
info: ===> TimeStamp : 2024-12-06 21:36:18===> API : /api/auth/validateuser ===> Message : validateUser() :: Request Object :: [object Object]
info: ===> TimeStamp : 2024-12-06 21:36:18===> API : /api/auth/validateuser ===> Message : validateUserDB() Invoked !
info: ===> TimeStamp : 2024-12-06 21:36:18===> API : /api/auth/validateuser ===> Message : validateUser() invoked!!
info: ===> TimeStamp : 2024-12-06 21:36:18===> API : /api/auth/validateuser ===> Message : validateUserResponse() invoked!
info: ===> TimeStamp : 2024-12-06 21:36:18===> API : /api/auth/validateuser ===> Message : validateUserResponse() completed
info: ===> TimeStamp : 2024-12-06 21:36:19===> API : null ===> Message : validateRequest() invoked
info: ===> TimeStamp : 2024-12-06 21:36:19===> API : null ===> Message : fetchDBSettings()
info: ===> TimeStamp : 2024-12-06 21:36:19===> API : null ===> Message : validateRequest() Invoked!
info: ===> TimeStamp : 2024-12-06 21:36:19===> API : null ===> Message : validRequest() :: Api validated Successfully
info: ===> TimeStamp : 2024-12-06 21:36:19===> API : /api/auth/login ===> Message : loginUser() invoked!!
info: ===> TimeStamp : 2024-12-06 21:36:19===> API : /api/auth/login ===> Message : loginUser() :: Request Object :: [object Object]
info: ===> TimeStamp : 2024-12-06 21:36:19===> API : /api/auth/login ===> Message : loginUserDB() Invoked !
info: ===> TimeStamp : 2024-12-06 21:36:19===> API : /api/auth/login ===> Message : loginUserResponse() invoked!
info: ===> TimeStamp : 2024-12-06 21:36:19===> API : /api/auth/login ===> Message : loginUserResponse() completed
info: ===> TimeStamp : 2024-12-06 21:45:36===> API : null ===> Message : validateRequest() invoked
info: ===> TimeStamp : 2024-12-06 21:45:36===> API : null ===> Message : fetchDBSettings()
info: ===> TimeStamp : 2024-12-06 21:45:36===> API : null ===> Message : validateRequest() Invoked!
info: ===> TimeStamp : 2024-12-06 21:45:36===> API : null ===> Message : validRequest() :: Api validated Successfully
info: ===> TimeStamp : 2024-12-06 21:45:36===> API : /api/auth/logout ===> Message : logoutUser() invoked!!
info: ===> TimeStamp : 2024-12-06 21:45:36===> API : /api/auth/logout ===> Message : logoutUser() :: Request Object :: [object Object]
info: ===> TimeStamp : 2024-12-06 21:45:36===> API : /api/auth/logout ===> Message : logoutUserDB() Invoked !
info: ===> TimeStamp : 2024-12-06 21:45:36===> API : /api/auth/logout ===> Message : logoutUserResponse() invoked!
info: ===> TimeStamp : 2024-12-06 21:45:36===> API : /api/auth/logout ===> Message : logoutUserResponse() completed
info: ===> TimeStamp : 2024-12-06 21:46:16===> API : null ===> Message : validateRequest() invoked
info: ===> TimeStamp : 2024-12-06 21:46:16===> API : null ===> Message : fetchDBSettings()
info: ===> TimeStamp : 2024-12-06 21:46:16===> API : null ===> Message : validateRequest() Invoked!
info: ===> TimeStamp : 2024-12-06 21:46:16===> API : null ===> Message : validRequest() :: Api validated Successfully
info: ===> TimeStamp : 2024-12-06 21:46:16===> API : /api/auth/logout ===> Message : logoutUser() invoked!!
info: ===> TimeStamp : 2024-12-06 21:46:16===> API : /api/auth/logout ===> Message : logoutUser() :: Request Object :: [object Object]
info: ===> TimeStamp : 2024-12-06 21:46:16===> API : /api/auth/logout ===> Message : logoutUserDB() Invoked !
info: ===> TimeStamp : 2024-12-06 21:46:16===> API : /api/auth/logout ===> Message : logoutUserResponse() invoked!
info: ===> TimeStamp : 2024-12-06 21:46:16===> API : /api/auth/logout ===> Message : logoutUserResponse() completed
info: ===> TimeStamp : 2024-12-06 21:46:26===> API : null ===> Message : validateRequest() invoked
info: ===> TimeStamp : 2024-12-06 21:46:26===> API : null ===> Message : fetchDBSettings()
info: ===> TimeStamp : 2024-12-06 21:46:26===> API : null ===> Message : validateRequest() Invoked!
info: ===> TimeStamp : 2024-12-06 21:46:26===> API : null ===> Message : validRequest() :: Api validated Successfully
info: ===> TimeStamp : 2024-12-06 21:46:26===> API : /api/auth/validateuser ===> Message : validateUser() invoked!!
info: ===> TimeStamp : 2024-12-06 21:46:26===> API : /api/auth/validateuser ===> Message : validateUser() :: Request Object :: [object Object]
info: ===> TimeStamp : 2024-12-06 21:46:26===> API : /api/auth/validateuser ===> Message : validateUserDB() Invoked !
info: ===> TimeStamp : 2024-12-06 21:46:26===> API : /api/auth/validateuser ===> Message : validateUserResponse() invoked!
info: ===> TimeStamp : 2024-12-06 21:46:26===> API : /api/auth/validateuser ===> Message : validateUserResponse() completed
info: ===> TimeStamp : 2024-12-06 21:46:26===> API : null ===> Message : validateRequest() invoked
info: ===> TimeStamp : 2024-12-06 21:46:26===> API : null ===> Message : fetchDBSettings()
info: ===> TimeStamp : 2024-12-06 21:46:26===> API : null ===> Message : validateRequest() Invoked!
info: ===> TimeStamp : 2024-12-06 21:46:26===> API : null ===> Message : validRequest() :: Api validated Successfully
info: ===> TimeStamp : 2024-12-06 21:46:26===> API : /api/auth/checkIP ===> Message : checkIP() invoked!!
info: ===> TimeStamp : 2024-12-06 21:46:26===> API : /api/auth/checkIP ===> Message : IPs match: 103.225.102.194
info: ===> TimeStamp : 2024-12-06 21:46:26===> API : /api/auth/checkIP ===> Message : checkIPResponse() invoked!
info: ===> TimeStamp : 2024-12-06 21:46:26===> API : /api/auth/checkIP ===> Message : checkIPResponse() completed
info: ===> TimeStamp : 2024-12-06 21:46:26===> API : null ===> Message : validateRequest() invoked
info: ===> TimeStamp : 2024-12-06 21:46:26===> API : null ===> Message : fetchDBSettings()
info: ===> TimeStamp : 2024-12-06 21:46:26===> API : null ===> Message : validateRequest() Invoked!
info: ===> TimeStamp : 2024-12-06 21:46:26===> API : null ===> Message : validRequest() :: Api validated Successfully
info: ===> TimeStamp : 2024-12-06 21:46:26===> API : /api/auth/login ===> Message : loginUser() invoked!!
info: ===> TimeStamp : 2024-12-06 21:46:26===> API : /api/auth/login ===> Message : loginUser() :: Request Object :: [object Object]
info: ===> TimeStamp : 2024-12-06 21:46:26===> API : /api/auth/login ===> Message : loginUserDB() Invoked !
info: ===> TimeStamp : 2024-12-06 21:46:26===> API : /api/auth/login ===> Message : loginUserResponse() invoked!
info: ===> TimeStamp : 2024-12-06 21:46:26===> API : /api/auth/login ===> Message : loginUserResponse() completed
info: ===> TimeStamp : 2024-12-06 21:47:00===> API : null ===> Message : validateRequest() invoked
info: ===> TimeStamp : 2024-12-06 21:47:00===> API : null ===> Message : fetchDBSettings()
info: ===> TimeStamp : 2024-12-06 21:47:00===> API : null ===> Message : validateRequest() Invoked!
info: ===> TimeStamp : 2024-12-06 21:47:00===> API : null ===> Message : validRequest() :: Api validated Successfully
info: ===> TimeStamp : 2024-12-06 21:47:00===> API : /api/auth/validateuser ===> Message : validateUser() invoked!!
info: ===> TimeStamp : 2024-12-06 21:47:00===> API : /api/auth/validateuser ===> Message : validateUser() :: Request Object :: [object Object]
info: ===> TimeStamp : 2024-12-06 21:47:00===> API : /api/auth/validateuser ===> Message : validateUserDB() Invoked !
info: ===> TimeStamp : 2024-12-06 21:47:00===> API : /api/auth/validateuser ===> Message : validateUserResponse() invoked!
info: ===> TimeStamp : 2024-12-06 21:47:00===> API : /api/auth/validateuser ===> Message : validateUserResponse() completed
info: ===> TimeStamp : 2024-12-06 21:47:00===> API : null ===> Message : validateRequest() invoked
info: ===> TimeStamp : 2024-12-06 21:47:00===> API : null ===> Message : fetchDBSettings()
info: ===> TimeStamp : 2024-12-06 21:47:00===> API : null ===> Message : validateRequest() Invoked!
info: ===> TimeStamp : 2024-12-06 21:47:00===> API : null ===> Message : validRequest() :: Api validated Successfully
info: ===> TimeStamp : 2024-12-06 21:47:00===> API : /api/auth/checkIP ===> Message : checkIP() invoked!!
info: ===> TimeStamp : 2024-12-06 21:47:00===> API : /api/auth/checkIP ===> Message : IPs match: 103.225.102.194
info: ===> TimeStamp : 2024-12-06 21:47:00===> API : /api/auth/checkIP ===> Message : checkIPResponse() invoked!
info: ===> TimeStamp : 2024-12-06 21:47:00===> API : /api/auth/checkIP ===> Message : checkIPResponse() completed
info: ===> TimeStamp : 2024-12-06 21:47:00===> API : null ===> Message : validateRequest() invoked
info: ===> TimeStamp : 2024-12-06 21:47:00===> API : null ===> Message : fetchDBSettings()
info: ===> TimeStamp : 2024-12-06 21:47:00===> API : null ===> Message : validateRequest() Invoked!
info: ===> TimeStamp : 2024-12-06 21:47:00===> API : /api/auth/login ===> Message : loginUser() invoked!!
info: ===> TimeStamp : 2024-12-06 21:47:00===> API : /api/auth/login ===> Message : loginUser() :: Request Object :: [object Object]
info: ===> TimeStamp : 2024-12-06 21:47:00===> API : null ===> Message : validRequest() :: Api validated Successfully
info: ===> TimeStamp : 2024-12-06 21:47:00===> API : /api/auth/login ===> Message : loginUserDB() Invoked !
info: ===> TimeStamp : 2024-12-06 21:47:00===> API : /api/auth/login ===> Message : loginUserResponse() invoked!
info: ===> TimeStamp : 2024-12-06 21:47:00===> API : /api/auth/login ===> Message : loginUserResponse() completed
info: ===> TimeStamp : 2024-12-06 21:50:16===> API : null ===> Message : validateRequest() invoked
info: ===> TimeStamp : 2024-12-06 21:50:16===> API : null ===> Message : fetchDBSettings()
info: ===> TimeStamp : 2024-12-06 21:50:16===> API : null ===> Message : validateRequest() Invoked!
info: ===> TimeStamp : 2024-12-06 21:50:17===> API : null ===> Message : validRequest() :: Api validated Successfully
info: ===> TimeStamp : 2024-12-06 21:50:17===> API : /api/auth/logout ===> Message : logoutUser() invoked!!
info: ===> TimeStamp : 2024-12-06 21:50:17===> API : /api/auth/logout ===> Message : logoutUser() :: Request Object :: [object Object]
info: ===> TimeStamp : 2024-12-06 21:50:17===> API : /api/auth/logout ===> Message : logoutUserDB() Invoked !
info: ===> TimeStamp : 2024-12-06 21:50:17===> API : /api/auth/logout ===> Message : logoutUserResponse() invoked!
info: ===> TimeStamp : 2024-12-06 21:50:17===> API : /api/auth/logout ===> Message : logoutUserResponse() completed
info: ===> TimeStamp : 2024-12-06 21:50:28===> API : null ===> Message : validateRequest() invoked
info: ===> TimeStamp : 2024-12-06 21:50:28===> API : null ===> Message : fetchDBSettings()
info: ===> TimeStamp : 2024-12-06 21:50:28===> API : null ===> Message : validateRequest() Invoked!
info: ===> TimeStamp : 2024-12-06 21:50:28===> API : null ===> Message : validRequest() :: Api validated Successfully
info: ===> TimeStamp : 2024-12-06 21:50:28===> API : /api/auth/validateuser ===> Message : validateUser() invoked!!
info: ===> TimeStamp : 2024-12-06 21:50:28===> API : /api/auth/validateuser ===> Message : validateUser() :: Request Object :: [object Object]
info: ===> TimeStamp : 2024-12-06 21:50:28===> API : /api/auth/validateuser ===> Message : validateUserDB() Invoked !
info: ===> TimeStamp : 2024-12-06 21:50:28===> API : /api/auth/validateuser ===> Message : validateUserResponse() invoked!
info: ===> TimeStamp : 2024-12-06 21:50:28===> API : /api/auth/validateuser ===> Message : validateUserResponse() completed
info: ===> TimeStamp : 2024-12-06 21:50:28===> API : null ===> Message : validateRequest() invoked
info: ===> TimeStamp : 2024-12-06 21:50:28===> API : null ===> Message : fetchDBSettings()
info: ===> TimeStamp : 2024-12-06 21:50:28===> API : null ===> Message : validateRequest() Invoked!
info: ===> TimeStamp : 2024-12-06 21:50:28===> API : null ===> Message : validRequest() :: Api validated Successfully
info: ===> TimeStamp : 2024-12-06 21:50:28===> API : /api/auth/checkIP ===> Message : checkIP() invoked!!
info: ===> TimeStamp : 2024-12-06 21:50:28===> API : /api/auth/checkIP ===> Message : IPs match: 103.225.102.194
info: ===> TimeStamp : 2024-12-06 21:50:28===> API : /api/auth/checkIP ===> Message : checkIPResponse() invoked!
info: ===> TimeStamp : 2024-12-06 21:50:28===> API : /api/auth/checkIP ===> Message : checkIPResponse() completed
info: ===> TimeStamp : 2024-12-06 21:50:28===> API : null ===> Message : validateRequest() invoked
info: ===> TimeStamp : 2024-12-06 21:50:28===> API : null ===> Message : fetchDBSettings()
info: ===> TimeStamp : 2024-12-06 21:50:28===> API : null ===> Message : validateRequest() Invoked!
info: ===> TimeStamp : 2024-12-06 21:50:28===> API : null ===> Message : validRequest() :: Api validated Successfully
info: ===> TimeStamp : 2024-12-06 21:50:28===> API : /api/auth/login ===> Message : loginUser() invoked!!
info: ===> TimeStamp : 2024-12-06 21:50:28===> API : /api/auth/login ===> Message : loginUser() :: Request Object :: [object Object]
info: ===> TimeStamp : 2024-12-06 21:50:28===> API : /api/auth/login ===> Message : loginUserDB() Invoked !
info: ===> TimeStamp : 2024-12-06 21:50:28===> API : /api/auth/login ===> Message : loginUserResponse() invoked!
info: ===> TimeStamp : 2024-12-06 21:50:28===> API : /api/auth/login ===> Message : loginUserResponse() completed
info: ===> TimeStamp : 2024-12-06 22:30:20===> API : null ===> Message : validateRequest() invoked
info: ===> TimeStamp : 2024-12-06 22:30:20===> API : null ===> Message : fetchDBSettings()
info: ===> TimeStamp : 2024-12-06 22:30:20===> API : null ===> Message : validateRequest() Invoked!
info: ===> TimeStamp : 2024-12-06 22:30:20===> API : null ===> Message : validRequest() :: Api validated Successfully
info: ===> TimeStamp : 2024-12-06 22:30:20===> API : /api/auth/logout ===> Message : logoutUser() invoked!!
info: ===> TimeStamp : 2024-12-06 22:30:20===> API : /api/auth/logout ===> Message : logoutUser() :: Request Object :: [object Object]
info: ===> TimeStamp : 2024-12-06 22:30:20===> API : /api/auth/logout ===> Message : logoutUserDB() Invoked !
info: ===> TimeStamp : 2024-12-06 22:30:20===> API : /api/auth/logout ===> Message : logoutUserResponse() invoked!
info: ===> TimeStamp : 2024-12-06 22:30:20===> API : /api/auth/logout ===> Message : logoutUserResponse() completed
info: ===> TimeStamp : 2024-12-06 22:32:54===> API : null ===> Message : validateRequest() invoked
info: ===> TimeStamp : 2024-12-06 22:32:54===> API : null ===> Message : fetchDBSettings()
info: ===> TimeStamp : 2024-12-06 22:32:55===> API : null ===> Message : validateRequest() Invoked!
info: ===> TimeStamp : 2024-12-06 22:32:55===> API : null ===> Message : validRequest() :: Api validated Successfully
info: ===> TimeStamp : 2024-12-06 22:32:55===> API : /api/auth/validateuser ===> Message : validateUser() invoked!!
info: ===> TimeStamp : 2024-12-06 22:32:55===> API : /api/auth/validateuser ===> Message : validateUser() :: Request Object :: [object Object]
info: ===> TimeStamp : 2024-12-06 22:32:55===> API : /api/auth/validateuser ===> Message : validateUserDB() Invoked !
info: ===> TimeStamp : 2024-12-06 22:32:55===> API : /api/auth/validateuser ===> Message : validateUserResponse() invoked!
info: ===> TimeStamp : 2024-12-06 22:32:55===> API : /api/auth/validateuser ===> Message : validateUserResponse() completed
info: ===> TimeStamp : 2024-12-06 22:32:55===> API : null ===> Message : validateRequest() invoked
info: ===> TimeStamp : 2024-12-06 22:32:55===> API : null ===> Message : fetchDBSettings()
info: ===> TimeStamp : 2024-12-06 22:32:55===> API : null ===> Message : validateRequest() Invoked!
info: ===> TimeStamp : 2024-12-06 22:32:55===> API : null ===> Message : validRequest() :: Api validated Successfully
info: ===> TimeStamp : 2024-12-06 22:32:55===> API : /api/auth/login ===> Message : loginUser() invoked!!
info: ===> TimeStamp : 2024-12-06 22:32:55===> API : /api/auth/login ===> Message : loginUser() :: Request Object :: [object Object]
info: ===> TimeStamp : 2024-12-06 22:32:55===> API : /api/auth/login ===> Message : loginUserDB() Invoked !
info: ===> TimeStamp : 2024-12-06 22:32:55===> API : /api/auth/login ===> Message : loginUserResponse() invoked!
info: ===> TimeStamp : 2024-12-06 22:32:55===> API : /api/auth/login ===> Message : loginUserResponse() completed
info: ===> TimeStamp : 2024-12-06 22:36:55===> API : null ===> Message : validateRequest() invoked
info: ===> TimeStamp : 2024-12-06 22:36:55===> API : null ===> Message : fetchDBSettings()
info: ===> TimeStamp : 2024-12-06 22:36:55===> API : null ===> Message : validateRequest() Invoked!
info: ===> TimeStamp : 2024-12-06 22:36:55===> API : null ===> Message : validRequest() :: Api validated Successfully
info: ===> TimeStamp : 2024-12-06 22:36:55===> API : /api/auth/validateuser ===> Message : validateUser() invoked!!
info: ===> TimeStamp : 2024-12-06 22:36:55===> API : /api/auth/validateuser ===> Message : validateUser() :: Request Object :: [object Object]
info: ===> TimeStamp : 2024-12-06 22:36:55===> API : /api/auth/validateuser ===> Message : validateUserDB() Invoked !
info: ===> TimeStamp : 2024-12-06 22:36:55===> API : /api/auth/validateuser ===> Message : validateUserResponse() invoked!
info: ===> TimeStamp : 2024-12-06 22:36:55===> API : /api/auth/validateuser ===> Message : validateUserResponse() completed
info: ===> TimeStamp : 2024-12-06 22:36:55===> API : null ===> Message : validateRequest() invoked
info: ===> TimeStamp : 2024-12-06 22:36:55===> API : null ===> Message : fetchDBSettings()
info: ===> TimeStamp : 2024-12-06 22:36:55===> API : null ===> Message : validateRequest() Invoked!
info: ===> TimeStamp : 2024-12-06 22:36:55===> API : null ===> Message : validRequest() :: Api validated Successfully
info: ===> TimeStamp : 2024-12-06 22:36:55===> API : /api/auth/login ===> Message : loginUser() invoked!!
info: ===> TimeStamp : 2024-12-06 22:36:55===> API : /api/auth/login ===> Message : loginUser() :: Request Object :: [object Object]
info: ===> TimeStamp : 2024-12-06 22:36:55===> API : /api/auth/login ===> Message : loginUserDB() Invoked !
info: ===> TimeStamp : 2024-12-06 22:36:55===> API : /api/auth/login ===> Message : loginUserResponse() invoked!
info: ===> TimeStamp : 2024-12-06 22:36:55===> API : /api/auth/login ===> Message : loginUserResponse() completed
info: ===> TimeStamp : 2024-12-06 22:39:05===> API : null ===> Message : validateRequest() invoked
info: ===> TimeStamp : 2024-12-06 22:39:05===> API : null ===> Message : fetchDBSettings()
info: ===> TimeStamp : 2024-12-06 22:39:05===> API : null ===> Message : validateRequest() Invoked!
info: ===> TimeStamp : 2024-12-06 22:39:05===> API : null ===> Message : validateRequest() :: Error :: Helper {"code":"ER_SIGNAL_EXCEPTION","errno":1644,"sqlState":"10003","sqlMessage":"Invalid User Credentials","sql":"CALL usp_validate_request(\n              '/api/auth/logout',\n              'eyJhbGciOiJIUzI1NiIsInR5cCI6IkpXVCJ9.eyJ0aW1lIjoiRnJpIERlYyAwNiAyMDI0IDE2OjIwOjI4IEdNVCswMDAwIChDb29yZGluYXRlZCBVbml2ZXJzYWwgVGltZSkiLCJ1c2VySWQiOjE1LCJpYXQiOjE3MzM1MDIwMjh9.cPWVbupKzFdIPEJDwYOU68gQ9zrVH1nVSetCaViCjZk')"}
info: ===> TimeStamp : 2024-12-06 22:39:05===> API : null ===> Message : validateRequest() :: Error :: PP {"ErrorCode":10003,"ErrorMessage":"Invalid User Credentials"}
info: ===> TimeStamp : 2024-12-06 22:39:16===> API : null ===> Message : validateRequest() invoked
info: ===> TimeStamp : 2024-12-06 22:39:16===> API : null ===> Message : fetchDBSettings()
info: ===> TimeStamp : 2024-12-06 22:39:16===> API : null ===> Message : validateRequest() Invoked!
info: ===> TimeStamp : 2024-12-06 22:39:16===> API : null ===> Message : validRequest() :: Api validated Successfully
info: ===> TimeStamp : 2024-12-06 22:39:16===> API : /api/auth/validateuser ===> Message : validateUser() invoked!!
info: ===> TimeStamp : 2024-12-06 22:39:16===> API : /api/auth/validateuser ===> Message : validateUser() :: Request Object :: [object Object]
info: ===> TimeStamp : 2024-12-06 22:39:16===> API : /api/auth/validateuser ===> Message : validateUserDB() Invoked !
info: ===> TimeStamp : 2024-12-06 22:39:16===> API : /api/auth/validateuser ===> Message : validateUserResponse() invoked!
info: ===> TimeStamp : 2024-12-06 22:39:16===> API : /api/auth/validateuser ===> Message : validateUserResponse() completed
info: ===> TimeStamp : 2024-12-06 22:39:16===> API : null ===> Message : validateRequest() invoked
info: ===> TimeStamp : 2024-12-06 22:39:16===> API : null ===> Message : fetchDBSettings()
info: ===> TimeStamp : 2024-12-06 22:39:16===> API : null ===> Message : validateRequest() Invoked!
info: ===> TimeStamp : 2024-12-06 22:39:16===> API : null ===> Message : validRequest() :: Api validated Successfully
info: ===> TimeStamp : 2024-12-06 22:39:16===> API : /api/auth/login ===> Message : loginUser() invoked!!
info: ===> TimeStamp : 2024-12-06 22:39:16===> API : /api/auth/login ===> Message : loginUser() :: Request Object :: [object Object]
info: ===> TimeStamp : 2024-12-06 22:39:16===> API : /api/auth/login ===> Message : loginUserDB() Invoked !
info: ===> TimeStamp : 2024-12-06 22:39:16===> API : /api/auth/login ===> Message : loginUserResponse() invoked!
info: ===> TimeStamp : 2024-12-06 22:39:16===> API : /api/auth/login ===> Message : loginUserResponse() completed
info: ===> TimeStamp : 2024-12-06 22:39:51===> API : null ===> Message : fetchDBSettings()
info: ===> TimeStamp : 2024-12-06 22:39:51===> API : null ===> Message : validateRequest() invoked
info: ===> TimeStamp : 2024-12-06 22:39:51===> API : null ===> Message : validateRequest() Invoked!
info: ===> TimeStamp : 2024-12-06 22:39:51===> API : null ===> Message : validRequest() :: Api validated Successfully
info: ===> TimeStamp : 2024-12-06 22:39:51===> API : /api/auth/validateuser ===> Message : validateUser() invoked!!
info: ===> TimeStamp : 2024-12-06 22:39:51===> API : /api/auth/validateuser ===> Message : validateUser() :: Request Object :: [object Object]
info: ===> TimeStamp : 2024-12-06 22:39:51===> API : /api/auth/validateuser ===> Message : validateUserDB() Invoked !
info: ===> TimeStamp : 2024-12-06 22:39:51===> API : /api/auth/validateuser ===> Message : validateUserResponse() invoked!
info: ===> TimeStamp : 2024-12-06 22:39:51===> API : /api/auth/validateuser ===> Message : validateUserResponse() completed
info: ===> TimeStamp : 2024-12-06 22:39:51===> API : null ===> Message : validateRequest() invoked
info: ===> TimeStamp : 2024-12-06 22:39:51===> API : null ===> Message : fetchDBSettings()
info: ===> TimeStamp : 2024-12-06 22:39:51===> API : null ===> Message : validateRequest() Invoked!
info: ===> TimeStamp : 2024-12-06 22:39:51===> API : null ===> Message : validRequest() :: Api validated Successfully
info: ===> TimeStamp : 2024-12-06 22:39:51===> API : /api/auth/checkIP ===> Message : checkIP() invoked!!
info: ===> TimeStamp : 2024-12-06 22:39:51===> API : /api/auth/checkIP ===> Message : IPs match: 103.225.102.194
info: ===> TimeStamp : 2024-12-06 22:39:51===> API : /api/auth/checkIP ===> Message : checkIPResponse() invoked!
info: ===> TimeStamp : 2024-12-06 22:39:51===> API : /api/auth/checkIP ===> Message : checkIPResponse() completed
info: ===> TimeStamp : 2024-12-06 22:39:51===> API : null ===> Message : validateRequest() invoked
info: ===> TimeStamp : 2024-12-06 22:39:51===> API : null ===> Message : fetchDBSettings()
info: ===> TimeStamp : 2024-12-06 22:39:51===> API : null ===> Message : validateRequest() Invoked!
info: ===> TimeStamp : 2024-12-06 22:39:51===> API : null ===> Message : validRequest() :: Api validated Successfully
info: ===> TimeStamp : 2024-12-06 22:39:51===> API : /api/auth/login ===> Message : loginUser() invoked!!
info: ===> TimeStamp : 2024-12-06 22:39:51===> API : /api/auth/login ===> Message : loginUser() :: Request Object :: [object Object]
info: ===> TimeStamp : 2024-12-06 22:39:51===> API : /api/auth/login ===> Message : loginUserDB() Invoked !
info: ===> TimeStamp : 2024-12-06 22:39:51===> API : /api/auth/login ===> Message : loginUserResponse() invoked!
info: ===> TimeStamp : 2024-12-06 22:39:51===> API : /api/auth/login ===> Message : loginUserResponse() completed
info: ===> TimeStamp : 2024-12-06 23:41:09===> API : null ===> Message : validateRequest() invoked
info: ===> TimeStamp : 2024-12-06 23:41:09===> API : null ===> Message : fetchDBSettings()
info: ===> TimeStamp : 2024-12-06 23:41:09===> API : null ===> Message : validateRequest() Invoked!
info: ===> TimeStamp : 2024-12-06 23:41:09===> API : null ===> Message : validRequest() :: Api validated Successfully
info: ===> TimeStamp : 2024-12-06 23:41:09===> API : /api/auth/validateuser ===> Message : validateUser() invoked!!
info: ===> TimeStamp : 2024-12-06 23:41:09===> API : /api/auth/validateuser ===> Message : validateUser() :: Request Object :: [object Object]
info: ===> TimeStamp : 2024-12-06 23:41:09===> API : /api/auth/validateuser ===> Message : validateUserDB() Invoked !
info: ===> TimeStamp : 2024-12-06 23:41:09===> API : /api/auth/validateuser ===> Message : validateUserResponse() invoked!
info: ===> TimeStamp : 2024-12-06 23:41:09===> API : /api/auth/validateuser ===> Message : validateUserResponse() completed
info: ===> TimeStamp : 2024-12-06 23:41:09===> API : null ===> Message : validateRequest() invoked
info: ===> TimeStamp : 2024-12-06 23:41:09===> API : null ===> Message : fetchDBSettings()
info: ===> TimeStamp : 2024-12-06 23:41:09===> API : null ===> Message : validateRequest() Invoked!
info: ===> TimeStamp : 2024-12-06 23:41:09===> API : null ===> Message : validRequest() :: Api validated Successfully
info: ===> TimeStamp : 2024-12-06 23:41:09===> API : /api/auth/login ===> Message : loginUser() invoked!!
info: ===> TimeStamp : 2024-12-06 23:41:09===> API : /api/auth/login ===> Message : loginUser() :: Request Object :: [object Object]
info: ===> TimeStamp : 2024-12-06 23:41:09===> API : /api/auth/login ===> Message : loginUserDB() Invoked !
info: ===> TimeStamp : 2024-12-06 23:41:10===> API : /api/auth/login ===> Message : loginUserResponse() invoked!
info: ===> TimeStamp : 2024-12-06 23:41:10===> API : /api/auth/login ===> Message : loginUserResponse() completed
info: ===> TimeStamp : 2024-12-07 01:12:54===> API : null ===> Message : validateRequest() invoked
info: ===> TimeStamp : 2024-12-07 01:12:54===> API : null ===> Message : fetchDBSettings()
info: ===> TimeStamp : 2024-12-07 01:12:54===> API : null ===> Message : validateRequest() Invoked!
info: ===> TimeStamp : 2024-12-07 01:12:54===> API : null ===> Message : validRequest() :: Api validated Successfully
info: ===> TimeStamp : 2024-12-07 01:12:54===> API : /api/auth/logout ===> Message : logoutUser() invoked!!
info: ===> TimeStamp : 2024-12-07 01:12:54===> API : /api/auth/logout ===> Message : logoutUser() :: Request Object :: [object Object]
info: ===> TimeStamp : 2024-12-07 01:12:54===> API : /api/auth/logout ===> Message : logoutUserDB() Invoked !
info: ===> TimeStamp : 2024-12-07 01:12:54===> API : /api/auth/logout ===> Message : logoutUserResponse() invoked!
info: ===> TimeStamp : 2024-12-07 01:12:54===> API : /api/auth/logout ===> Message : logoutUserResponse() completed
info: ===> TimeStamp : 2024-12-07 01:13:06===> API : null ===> Message : validateRequest() invoked
info: ===> TimeStamp : 2024-12-07 01:13:06===> API : null ===> Message : fetchDBSettings()
info: ===> TimeStamp : 2024-12-07 01:13:06===> API : null ===> Message : validateRequest() Invoked!
info: ===> TimeStamp : 2024-12-07 01:13:06===> API : null ===> Message : validRequest() :: Api validated Successfully
info: ===> TimeStamp : 2024-12-07 01:13:06===> API : /api/auth/validateuser ===> Message : validateUser() invoked!!
info: ===> TimeStamp : 2024-12-07 01:13:06===> API : /api/auth/validateuser ===> Message : validateUser() :: Request Object :: [object Object]
info: ===> TimeStamp : 2024-12-07 01:13:06===> API : /api/auth/validateuser ===> Message : validateUserDB() Invoked !
info: ===> TimeStamp : 2024-12-07 01:13:06===> API : /api/auth/validateuser ===> Message : validateUserResponse() invoked!
info: ===> TimeStamp : 2024-12-07 01:13:06===> API : /api/auth/validateuser ===> Message : validateUserResponse() completed
info: ===> TimeStamp : 2024-12-07 01:13:06===> API : null ===> Message : validateRequest() invoked
info: ===> TimeStamp : 2024-12-07 01:13:06===> API : null ===> Message : fetchDBSettings()
info: ===> TimeStamp : 2024-12-07 01:13:06===> API : null ===> Message : validateRequest() Invoked!
info: ===> TimeStamp : 2024-12-07 01:13:06===> API : null ===> Message : validRequest() :: Api validated Successfully
info: ===> TimeStamp : 2024-12-07 01:13:06===> API : /api/auth/checkIP ===> Message : checkIP() invoked!!
info: ===> TimeStamp : 2024-12-07 01:13:06===> API : /api/auth/checkIP ===> Message : IPs match: 103.225.102.194
info: ===> TimeStamp : 2024-12-07 01:13:06===> API : /api/auth/checkIP ===> Message : checkIPResponse() invoked!
info: ===> TimeStamp : 2024-12-07 01:13:06===> API : /api/auth/checkIP ===> Message : checkIPResponse() completed
info: ===> TimeStamp : 2024-12-07 01:13:06===> API : null ===> Message : validateRequest() invoked
info: ===> TimeStamp : 2024-12-07 01:13:06===> API : null ===> Message : fetchDBSettings()
info: ===> TimeStamp : 2024-12-07 01:13:06===> API : null ===> Message : validateRequest() Invoked!
info: ===> TimeStamp : 2024-12-07 01:13:06===> API : null ===> Message : validRequest() :: Api validated Successfully
info: ===> TimeStamp : 2024-12-07 01:13:06===> API : /api/auth/login ===> Message : loginUser() invoked!!
info: ===> TimeStamp : 2024-12-07 01:13:06===> API : /api/auth/login ===> Message : loginUser() :: Request Object :: [object Object]
info: ===> TimeStamp : 2024-12-07 01:13:06===> API : /api/auth/login ===> Message : loginUserDB() Invoked !
info: ===> TimeStamp : 2024-12-07 01:13:06===> API : /api/auth/login ===> Message : loginUserResponse() invoked!
info: ===> TimeStamp : 2024-12-07 01:13:06===> API : /api/auth/login ===> Message : loginUserResponse() completed
info: ===> TimeStamp : 2024-12-07 03:10:39===> API : null ===> Message : validateRequest() invoked
info: ===> TimeStamp : 2024-12-07 03:10:39===> API : null ===> Message : fetchDBSettings()
info: ===> TimeStamp : 2024-12-07 03:10:39===> API : null ===> Message : validateRequest() Invoked!
info: ===> TimeStamp : 2024-12-07 03:10:39===> API : null ===> Message : validRequest() :: Api validated Successfully
info: ===> TimeStamp : 2024-12-07 03:10:39===> API : /api/auth/logout ===> Message : logoutUser() invoked!!
info: ===> TimeStamp : 2024-12-07 03:10:39===> API : /api/auth/logout ===> Message : logoutUser() :: Request Object :: [object Object]
info: ===> TimeStamp : 2024-12-07 03:10:39===> API : /api/auth/logout ===> Message : logoutUserDB() Invoked !
info: ===> TimeStamp : 2024-12-07 03:10:39===> API : /api/auth/logout ===> Message : logoutUserResponse() invoked!
info: ===> TimeStamp : 2024-12-07 03:10:39===> API : /api/auth/logout ===> Message : logoutUserResponse() completed
info: ===> TimeStamp : 2024-12-07 03:42:34===> API : null ===> Message : validateRequest() invoked
info: ===> TimeStamp : 2024-12-07 03:42:34===> API : null ===> Message : fetchDBSettings()
info: ===> TimeStamp : 2024-12-07 03:42:34===> API : null ===> Message : validateRequest() Invoked!
info: ===> TimeStamp : 2024-12-07 03:42:34===> API : null ===> Message : validateRequest() :: Error :: Helper {"code":"ER_SIGNAL_EXCEPTION","errno":1644,"sqlState":"10003","sqlMessage":"Invalid User Credentials","sql":"CALL usp_validate_request(\n              '/api/auth/logout',\n              'eyJhbGciOiJIUzI1NiIsInR5cCI6IkpXVCJ9.eyJ0aW1lIjoiRnJpIERlYyAwNiAyMDI0IDE5OjQzOjA2IEdNVCswMDAwIChDb29yZGluYXRlZCBVbml2ZXJzYWwgVGltZSkiLCJ1c2VySWQiOjE1LCJpYXQiOjE3MzM1MTQxODZ9.xiKXxc5Jx4K_Yh3kFJ4xuoMGozk7_i2gZTjPANrx00s')"}
info: ===> TimeStamp : 2024-12-07 03:42:34===> API : null ===> Message : validateRequest() :: Error :: PP {"ErrorCode":10003,"ErrorMessage":"Invalid User Credentials"}
info: ===> TimeStamp : 2024-12-07 03:43:04===> API : null ===> Message : validateRequest() invoked
info: ===> TimeStamp : 2024-12-07 03:43:04===> API : null ===> Message : fetchDBSettings()
info: ===> TimeStamp : 2024-12-07 03:43:04===> API : null ===> Message : validateRequest() Invoked!
info: ===> TimeStamp : 2024-12-07 03:43:04===> API : null ===> Message : validateRequest() :: Error :: Helper {"code":"ER_SIGNAL_EXCEPTION","errno":1644,"sqlState":"10003","sqlMessage":"Invalid User Credentials","sql":"CALL usp_validate_request(\n              '/api/auth/logout',\n              'eyJhbGciOiJIUzI1NiIsInR5cCI6IkpXVCJ9.eyJ0aW1lIjoiRnJpIERlYyAwNiAyMDI0IDE5OjQzOjA2IEdNVCswMDAwIChDb29yZGluYXRlZCBVbml2ZXJzYWwgVGltZSkiLCJ1c2VySWQiOjE1LCJpYXQiOjE3MzM1MTQxODZ9.xiKXxc5Jx4K_Yh3kFJ4xuoMGozk7_i2gZTjPANrx00s')"}
info: ===> TimeStamp : 2024-12-07 03:43:04===> API : null ===> Message : validateRequest() :: Error :: PP {"ErrorCode":10003,"ErrorMessage":"Invalid User Credentials"}
info: ===> TimeStamp : 2024-12-07 03:43:46===> API : null ===> Message : validateRequest() invoked
info: ===> TimeStamp : 2024-12-07 03:43:46===> API : null ===> Message : fetchDBSettings()
info: ===> TimeStamp : 2024-12-07 03:43:46===> API : null ===> Message : validateRequest() Invoked!
info: ===> TimeStamp : 2024-12-07 03:43:46===> API : null ===> Message : validateRequest() :: Error :: Helper {"code":"ER_SIGNAL_EXCEPTION","errno":1644,"sqlState":"10003","sqlMessage":"Invalid User Credentials","sql":"CALL usp_validate_request(\n              '/api/auth/logout',\n              'eyJhbGciOiJIUzI1NiIsInR5cCI6IkpXVCJ9.eyJ0aW1lIjoiRnJpIERlYyAwNiAyMDI0IDE5OjQzOjA2IEdNVCswMDAwIChDb29yZGluYXRlZCBVbml2ZXJzYWwgVGltZSkiLCJ1c2VySWQiOjE1LCJpYXQiOjE3MzM1MTQxODZ9.xiKXxc5Jx4K_Yh3kFJ4xuoMGozk7_i2gZTjPANrx00s')"}
info: ===> TimeStamp : 2024-12-07 03:43:46===> API : null ===> Message : validateRequest() :: Error :: PP {"ErrorCode":10003,"ErrorMessage":"Invalid User Credentials"}
info: ===> TimeStamp : 2024-12-07 03:44:24===> API : null ===> Message : validateRequest() invoked
info: ===> TimeStamp : 2024-12-07 03:44:24===> API : null ===> Message : fetchDBSettings()
info: ===> TimeStamp : 2024-12-07 03:44:24===> API : null ===> Message : validateRequest() Invoked!
info: ===> TimeStamp : 2024-12-07 03:44:24===> API : null ===> Message : validateRequest() :: Error :: Helper {"code":"ER_SIGNAL_EXCEPTION","errno":1644,"sqlState":"10003","sqlMessage":"Invalid User Credentials","sql":"CALL usp_validate_request(\n              '/api/auth/logout',\n              'eyJhbGciOiJIUzI1NiIsInR5cCI6IkpXVCJ9.eyJ0aW1lIjoiRnJpIERlYyAwNiAyMDI0IDE5OjQzOjA2IEdNVCswMDAwIChDb29yZGluYXRlZCBVbml2ZXJzYWwgVGltZSkiLCJ1c2VySWQiOjE1LCJpYXQiOjE3MzM1MTQxODZ9.xiKXxc5Jx4K_Yh3kFJ4xuoMGozk7_i2gZTjPANrx00s')"}
info: ===> TimeStamp : 2024-12-07 03:44:24===> API : null ===> Message : validateRequest() :: Error :: PP {"ErrorCode":10003,"ErrorMessage":"Invalid User Credentials"}
info: ===> TimeStamp : 2024-12-07 03:44:34===> API : null ===> Message : validateRequest() invoked
info: ===> TimeStamp : 2024-12-07 03:44:34===> API : null ===> Message : fetchDBSettings()
info: ===> TimeStamp : 2024-12-07 03:44:34===> API : null ===> Message : validateRequest() Invoked!
info: ===> TimeStamp : 2024-12-07 03:44:34===> API : null ===> Message : validateRequest() :: Error :: Helper {"code":"ER_SIGNAL_EXCEPTION","errno":1644,"sqlState":"10003","sqlMessage":"Invalid User Credentials","sql":"CALL usp_validate_request(\n              '/api/auth/logout',\n              'eyJhbGciOiJIUzI1NiIsInR5cCI6IkpXVCJ9.eyJ0aW1lIjoiRnJpIERlYyAwNiAyMDI0IDE5OjQzOjA2IEdNVCswMDAwIChDb29yZGluYXRlZCBVbml2ZXJzYWwgVGltZSkiLCJ1c2VySWQiOjE1LCJpYXQiOjE3MzM1MTQxODZ9.xiKXxc5Jx4K_Yh3kFJ4xuoMGozk7_i2gZTjPANrx00s')"}
info: ===> TimeStamp : 2024-12-07 03:44:34===> API : null ===> Message : validateRequest() :: Error :: PP {"ErrorCode":10003,"ErrorMessage":"Invalid User Credentials"}
info: ===> TimeStamp : 2024-12-07 03:44:44===> API : null ===> Message : validateRequest() invoked
info: ===> TimeStamp : 2024-12-07 03:44:44===> API : null ===> Message : fetchDBSettings()
info: ===> TimeStamp : 2024-12-07 03:44:44===> API : null ===> Message : validateRequest() Invoked!
info: ===> TimeStamp : 2024-12-07 03:44:44===> API : null ===> Message : validateRequest() :: Error :: Helper {"code":"ER_SIGNAL_EXCEPTION","errno":1644,"sqlState":"10003","sqlMessage":"Invalid User Credentials","sql":"CALL usp_validate_request(\n              '/api/auth/logout',\n              'eyJhbGciOiJIUzI1NiIsInR5cCI6IkpXVCJ9.eyJ0aW1lIjoiRnJpIERlYyAwNiAyMDI0IDE5OjQzOjA2IEdNVCswMDAwIChDb29yZGluYXRlZCBVbml2ZXJzYWwgVGltZSkiLCJ1c2VySWQiOjE1LCJpYXQiOjE3MzM1MTQxODZ9.xiKXxc5Jx4K_Yh3kFJ4xuoMGozk7_i2gZTjPANrx00s')"}
info: ===> TimeStamp : 2024-12-07 03:44:44===> API : null ===> Message : validateRequest() :: Error :: PP {"ErrorCode":10003,"ErrorMessage":"Invalid User Credentials"}
info: ===> TimeStamp : 2024-12-07 03:45:27===> API : null ===> Message : validateRequest() invoked
info: ===> TimeStamp : 2024-12-07 03:45:27===> API : null ===> Message : fetchDBSettings()
info: ===> TimeStamp : 2024-12-07 03:45:28===> API : null ===> Message : validateRequest() Invoked!
info: ===> TimeStamp : 2024-12-07 03:45:28===> API : null ===> Message : validRequest() :: Api validated Successfully
info: ===> TimeStamp : 2024-12-07 03:45:28===> API : /api/auth/logout ===> Message : logoutUser() invoked!!
info: ===> TimeStamp : 2024-12-07 03:45:28===> API : /api/auth/logout ===> Message : logoutUser() :: Request Object :: [object Object]
info: ===> TimeStamp : 2024-12-07 03:45:28===> API : /api/auth/logout ===> Message : logoutUserDB() Invoked !
info: ===> TimeStamp : 2024-12-07 03:45:28===> API : /api/auth/logout ===> Message : logoutUserResponse() invoked!
info: ===> TimeStamp : 2024-12-07 03:45:28===> API : /api/auth/logout ===> Message : logoutUserResponse() completed
info: ===> TimeStamp : 2024-12-07 03:45:30===> API : null ===> Message : validateRequest() invoked
info: ===> TimeStamp : 2024-12-07 03:45:30===> API : null ===> Message : fetchDBSettings()
info: ===> TimeStamp : 2024-12-07 03:45:30===> API : null ===> Message : validateRequest() Invoked!
info: ===> TimeStamp : 2024-12-07 03:45:30===> API : /api/auth/validateuser ===> Message : validateUser() invoked!!
info: ===> TimeStamp : 2024-12-07 03:45:30===> API : null ===> Message : validRequest() :: Api validated Successfully
info: ===> TimeStamp : 2024-12-07 03:45:30===> API : /api/auth/validateuser ===> Message : validateUser() :: Request Object :: [object Object]
info: ===> TimeStamp : 2024-12-07 03:45:30===> API : /api/auth/validateuser ===> Message : validateUserDB() Invoked !
info: ===> TimeStamp : 2024-12-07 03:45:30===> API : /api/auth/validateuser ===> Message : validateUserResponse() invoked!
info: ===> TimeStamp : 2024-12-07 03:45:30===> API : /api/auth/validateuser ===> Message : validateUserResponse() completed
info: ===> TimeStamp : 2024-12-07 03:45:30===> API : null ===> Message : validateRequest() invoked
info: ===> TimeStamp : 2024-12-07 03:45:30===> API : null ===> Message : fetchDBSettings()
info: ===> TimeStamp : 2024-12-07 03:45:30===> API : null ===> Message : validateRequest() Invoked!
info: ===> TimeStamp : 2024-12-07 03:45:30===> API : null ===> Message : validRequest() :: Api validated Successfully
info: ===> TimeStamp : 2024-12-07 03:45:30===> API : /api/auth/checkIP ===> Message : checkIP() invoked!!
info: ===> TimeStamp : 2024-12-07 03:45:30===> API : /api/auth/checkIP ===> Message : IPs match: 103.225.102.194
info: ===> TimeStamp : 2024-12-07 03:45:30===> API : /api/auth/checkIP ===> Message : checkIPResponse() invoked!
info: ===> TimeStamp : 2024-12-07 03:45:30===> API : /api/auth/checkIP ===> Message : checkIPResponse() completed
info: ===> TimeStamp : 2024-12-07 03:45:30===> API : null ===> Message : validateRequest() invoked
info: ===> TimeStamp : 2024-12-07 03:45:30===> API : null ===> Message : fetchDBSettings()
info: ===> TimeStamp : 2024-12-07 03:45:30===> API : null ===> Message : validateRequest() Invoked!
info: ===> TimeStamp : 2024-12-07 03:45:31===> API : null ===> Message : validRequest() :: Api validated Successfully
info: ===> TimeStamp : 2024-12-07 03:45:31===> API : /api/auth/login ===> Message : loginUser() invoked!!
info: ===> TimeStamp : 2024-12-07 03:45:31===> API : /api/auth/login ===> Message : loginUser() :: Request Object :: [object Object]
info: ===> TimeStamp : 2024-12-07 03:45:31===> API : /api/auth/login ===> Message : loginUserDB() Invoked !
info: ===> TimeStamp : 2024-12-07 03:45:31===> API : /api/auth/login ===> Message : loginUserResponse() invoked!
info: ===> TimeStamp : 2024-12-07 03:45:31===> API : /api/auth/login ===> Message : loginUserResponse() completed
info: ===> TimeStamp : 2024-12-07 03:55:46===> API : null ===> Message : validateRequest() invoked
info: ===> TimeStamp : 2024-12-07 03:55:46===> API : null ===> Message : fetchDBSettings()
info: ===> TimeStamp : 2024-12-07 03:55:46===> API : null ===> Message : validateRequest() Invoked!
info: ===> TimeStamp : 2024-12-07 03:55:46===> API : null ===> Message : validRequest() :: Api validated Successfully
info: ===> TimeStamp : 2024-12-07 03:55:46===> API : /api/auth/validateuser ===> Message : validateUser() :: Request Object :: [object Object]
info: ===> TimeStamp : 2024-12-07 03:55:46===> API : /api/auth/validateuser ===> Message : validateUser() invoked!!
info: ===> TimeStamp : 2024-12-07 03:55:46===> API : /api/auth/validateuser ===> Message : validateUserDB() Invoked !
info: ===> TimeStamp : 2024-12-07 03:55:46===> API : /api/auth/validateuser ===> Message : validateUserResponse() invoked!
info: ===> TimeStamp : 2024-12-07 03:55:46===> API : /api/auth/validateuser ===> Message : validateUserResponse() completed
info: ===> TimeStamp : 2024-12-07 03:55:46===> API : null ===> Message : validateRequest() invoked
info: ===> TimeStamp : 2024-12-07 03:55:46===> API : null ===> Message : fetchDBSettings()
info: ===> TimeStamp : 2024-12-07 03:55:46===> API : null ===> Message : validateRequest() Invoked!
info: ===> TimeStamp : 2024-12-07 03:55:46===> API : null ===> Message : validRequest() :: Api validated Successfully
info: ===> TimeStamp : 2024-12-07 03:55:46===> API : /api/auth/checkIP ===> Message : checkIP() invoked!!
info: ===> TimeStamp : 2024-12-07 03:55:46===> API : /api/auth/checkIP ===> Message : IPs match: 103.225.102.194
info: ===> TimeStamp : 2024-12-07 03:55:46===> API : /api/auth/checkIP ===> Message : checkIPResponse() invoked!
info: ===> TimeStamp : 2024-12-07 03:55:46===> API : /api/auth/checkIP ===> Message : checkIPResponse() completed
info: ===> TimeStamp : 2024-12-07 03:55:46===> API : null ===> Message : validateRequest() invoked
info: ===> TimeStamp : 2024-12-07 03:55:46===> API : null ===> Message : fetchDBSettings()
info: ===> TimeStamp : 2024-12-07 03:55:46===> API : null ===> Message : validateRequest() Invoked!
info: ===> TimeStamp : 2024-12-07 03:55:46===> API : null ===> Message : validRequest() :: Api validated Successfully
info: ===> TimeStamp : 2024-12-07 03:55:46===> API : /api/auth/login ===> Message : loginUser() invoked!!
info: ===> TimeStamp : 2024-12-07 03:55:46===> API : /api/auth/login ===> Message : loginUser() :: Request Object :: [object Object]
info: ===> TimeStamp : 2024-12-07 03:55:46===> API : /api/auth/login ===> Message : loginUserDB() Invoked !
info: ===> TimeStamp : 2024-12-07 03:55:46===> API : /api/auth/login ===> Message : loginUserResponse() invoked!
info: ===> TimeStamp : 2024-12-07 03:55:46===> API : /api/auth/login ===> Message : loginUserResponse() completed
