info: ===> TimeStamp : 2024-11-01 05:50:22===> API : null ===> Message : validateRequest() invoked
info: ===> TimeStamp : 2024-11-01 05:50:22===> API : null ===> Message : validateRequest() Error:: Invalid Request :: 
      {"apiUri":"/"}
info: ===> TimeStamp : 2024-11-01 05:50:30===> API : null ===> Message : validateRequest() invoked
info: ===> TimeStamp : 2024-11-01 05:50:30===> API : null ===> Message : validateRequest() Error:: Invalid Request :: 
      {"apiUri":"/favicon.ico"}
info: ===> TimeStamp : 2024-11-01 06:57:46===> API : null ===> Message : validateRequest() invoked
info: ===> TimeStamp : 2024-11-01 06:57:46===> API : null ===> Message : validateRequest() Error:: Invalid Request :: 
      {"apiUri":"/"}
info: ===> TimeStamp : 2024-11-01 06:57:47===> API : null ===> Message : validateRequest() invoked
info: ===> TimeStamp : 2024-11-01 06:57:47===> API : null ===> Message : validateRequest() Error:: Invalid Request :: 
      {"apiUri":"/.env"}
info: ===> TimeStamp : 2024-11-01 06:57:48===> API : null ===> Message : validateRequest() invoked
info: ===> TimeStamp : 2024-11-01 06:57:48===> API : null ===> Message : validateRequest() Error:: Invalid Request :: 
      {"apiUri":"/.env"}
info: ===> TimeStamp : 2024-11-01 06:57:49===> API : null ===> Message : validateRequest() invoked
info: ===> TimeStamp : 2024-11-01 06:57:49===> API : null ===> Message : validateRequest() Error:: Invalid Request :: 
      {"apiUri":"/.env.prod"}
info: ===> TimeStamp : 2024-11-01 06:57:50===> API : null ===> Message : validateRequest() invoked
info: ===> TimeStamp : 2024-11-01 06:57:50===> API : null ===> Message : validateRequest() Error:: Invalid Request :: 
      {"apiUri":"/.env.prod"}
info: ===> TimeStamp : 2024-11-01 06:57:51===> API : null ===> Message : validateRequest() invoked
info: ===> TimeStamp : 2024-11-01 06:57:51===> API : null ===> Message : validateRequest() Error:: Invalid Request :: 
      {"apiUri":"/.env.production"}
info: ===> TimeStamp : 2024-11-01 06:57:52===> API : null ===> Message : validateRequest() invoked
info: ===> TimeStamp : 2024-11-01 06:57:52===> API : null ===> Message : validateRequest() Error:: Invalid Request :: 
      {"apiUri":"/.env.production"}
info: ===> TimeStamp : 2024-11-01 06:57:53===> API : null ===> Message : validateRequest() invoked
info: ===> TimeStamp : 2024-11-01 06:57:53===> API : null ===> Message : validateRequest() Error:: Invalid Request :: 
      {"apiUri":"/redmine/.env"}
info: ===> TimeStamp : 2024-11-01 06:57:54===> API : null ===> Message : validateRequest() invoked
info: ===> TimeStamp : 2024-11-01 06:57:54===> API : null ===> Message : validateRequest() Error:: Invalid Request :: 
      {"apiUri":"/redmine/.env"}
info: ===> TimeStamp : 2024-11-01 06:57:55===> API : null ===> Message : validateRequest() invoked
info: ===> TimeStamp : 2024-11-01 06:57:55===> API : null ===> Message : fetchDBSettings()
info: ===> TimeStamp : 2024-11-01 06:57:55===> API : null ===> Message : validateRequest() Invoked!
info: ===> TimeStamp : 2024-11-01 06:57:55===> API : null ===> Message : validRequest() :: Api validated Successfully
info: ===> TimeStamp : 2024-11-01 06:57:55===> API : /api/auth/logout ===> Message : logoutUser() invoked!!
info: ===> TimeStamp : 2024-11-01 06:57:55===> API : /api/auth/logout ===> Message : logoutUser() :: Request Object :: [object Object]
info: ===> TimeStamp : 2024-11-01 06:57:55===> API : /api/auth/logout ===> Message : logoutUserDB() Invoked !
info: ===> TimeStamp : 2024-11-01 06:57:55===> API : /api/auth/logout ===> Message : logoutUserResponse() invoked!
info: ===> TimeStamp : 2024-11-01 06:57:55===> API : /api/auth/logout ===> Message : logoutUserResponse() completed
info: ===> TimeStamp : 2024-11-01 06:57:56===> API : null ===> Message : validateRequest() invoked
info: ===> TimeStamp : 2024-11-01 06:57:56===> API : null ===> Message : validateRequest() Error:: Invalid Request :: 
      {"apiUri":"/__tests__/test-become/.env"}
info: ===> TimeStamp : 2024-11-01 06:57:57===> API : null ===> Message : validateRequest() invoked
info: ===> TimeStamp : 2024-11-01 06:57:57===> API : null ===> Message : validateRequest() Error:: Invalid Request :: 
      {"apiUri":"/__tests__/test-become/.env"}
info: ===> TimeStamp : 2024-11-01 06:57:58===> API : null ===> Message : validateRequest() invoked
info: ===> TimeStamp : 2024-11-01 06:57:58===> API : null ===> Message : validateRequest() Error:: Invalid Request :: 
      {"apiUri":"/"}
info: ===> TimeStamp : 2024-11-01 06:57:59===> API : null ===> Message : validateRequest() invoked
info: ===> TimeStamp : 2024-11-01 06:57:59===> API : null ===> Message : validateRequest() Error:: Invalid Request :: 
      {"apiUri":"/"}
info: ===> TimeStamp : 2024-11-01 06:58:01===> API : null ===> Message : validateRequest() invoked
info: ===> TimeStamp : 2024-11-01 06:58:01===> API : null ===> Message : validateRequest() Error:: Invalid Request :: 
      {"apiUri":"/debug/default/view"}
info: ===> TimeStamp : 2024-11-01 06:58:02===> API : null ===> Message : validateRequest() invoked
info: ===> TimeStamp : 2024-11-01 06:58:02===> API : null ===> Message : validateRequest() Error:: Invalid Request :: 
      {"apiUri":"/debug/default/view.html"}
info: ===> TimeStamp : 2024-11-01 06:58:03===> API : null ===> Message : validateRequest() invoked
info: ===> TimeStamp : 2024-11-01 06:58:03===> API : null ===> Message : validateRequest() Error:: Invalid Request :: 
      {"apiUri":"/debug/default/view"}
info: ===> TimeStamp : 2024-11-01 06:58:04===> API : null ===> Message : validateRequest() invoked
info: ===> TimeStamp : 2024-11-01 06:58:04===> API : null ===> Message : validateRequest() Error:: Invalid Request :: 
      {"apiUri":"/frontend/web/debug/default/view"}
info: ===> TimeStamp : 2024-11-01 06:58:05===> API : null ===> Message : validateRequest() invoked
info: ===> TimeStamp : 2024-11-01 06:58:05===> API : null ===> Message : validateRequest() Error:: Invalid Request :: 
      {"apiUri":"/web/debug/default/view"}
info: ===> TimeStamp : 2024-11-01 06:58:06===> API : null ===> Message : validateRequest() invoked
info: ===> TimeStamp : 2024-11-01 06:58:06===> API : null ===> Message : validateRequest() Error:: Invalid Request :: 
      {"apiUri":"/sapi/debug/default/view"}
info: ===> TimeStamp : 2024-11-01 06:58:08===> API : null ===> Message : validateRequest() invoked
info: ===> TimeStamp : 2024-11-01 06:58:08===> API : null ===> Message : validateRequest() Error:: Invalid Request :: 
      {"apiUri":"/config.json"}
info: ===> TimeStamp : 2024-11-01 06:58:09===> API : null ===> Message : validateRequest() invoked
info: ===> TimeStamp : 2024-11-01 06:58:09===> API : null ===> Message : validateRequest() Error:: Invalid Request :: 
      {"apiUri":"/AwsConfig.json"}
info: ===> TimeStamp : 2024-11-01 06:58:10===> API : null ===> Message : validateRequest() invoked
info: ===> TimeStamp : 2024-11-01 06:58:10===> API : null ===> Message : validateRequest() Error:: Invalid Request :: 
      {"apiUri":"/awsconfig.json"}
info: ===> TimeStamp : 2024-11-01 06:58:12===> API : null ===> Message : validateRequest() invoked
info: ===> TimeStamp : 2024-11-01 06:58:12===> API : null ===> Message : validateRequest() Error:: Invalid Request :: 
      {"apiUri":"/aws.json"}
info: ===> TimeStamp : 2024-11-01 06:58:12===> API : null ===> Message : validateRequest() invoked
info: ===> TimeStamp : 2024-11-01 06:58:12===> API : null ===> Message : validateRequest() Error:: Invalid Request :: 
      {"apiUri":"/conf.json"}
info: ===> TimeStamp : 2024-11-01 06:58:14===> API : null ===> Message : validateRequest() invoked
info: ===> TimeStamp : 2024-11-01 06:58:14===> API : null ===> Message : validateRequest() Error:: Invalid Request :: 
      {"apiUri":"/env.json"}
info: ===> TimeStamp : 2024-11-01 06:58:15===> API : null ===> Message : validateRequest() invoked
info: ===> TimeStamp : 2024-11-01 06:58:15===> API : null ===> Message : validateRequest() Error:: Invalid Request :: 
      {"apiUri":"/.vscode/sftp.json"}
info: ===> TimeStamp : 2024-11-01 06:58:16===> API : null ===> Message : validateRequest() invoked
info: ===> TimeStamp : 2024-11-01 06:58:16===> API : null ===> Message : validateRequest() Error:: Invalid Request :: 
      {"apiUri":"/.json"}
info: ===> TimeStamp : 2024-11-01 06:58:16===> API : null ===> Message : validateRequest() invoked
info: ===> TimeStamp : 2024-11-01 06:58:16===> API : null ===> Message : validateRequest() Error:: Invalid Request :: 
      {"apiUri":"/smtp.json"}
info: ===> TimeStamp : 2024-11-01 06:58:18===> API : null ===> Message : validateRequest() invoked
info: ===> TimeStamp : 2024-11-01 06:58:18===> API : null ===> Message : validateRequest() Error:: Invalid Request :: 
      {"apiUri":"/db.json"}
info: ===> TimeStamp : 2024-11-01 06:58:19===> API : null ===> Message : validateRequest() invoked
info: ===> TimeStamp : 2024-11-01 06:58:19===> API : null ===> Message : validateRequest() Error:: Invalid Request :: 
      {"apiUri":"/sendgrid.json"}
info: ===> TimeStamp : 2024-11-01 06:58:20===> API : null ===> Message : validateRequest() invoked
info: ===> TimeStamp : 2024-11-01 06:58:20===> API : null ===> Message : validateRequest() Error:: Invalid Request :: 
      {"apiUri":"/ws-config.json"}
info: ===> TimeStamp : 2024-11-01 06:58:22===> API : null ===> Message : validateRequest() invoked
info: ===> TimeStamp : 2024-11-01 06:58:22===> API : null ===> Message : validateRequest() Error:: Invalid Request :: 
      {"apiUri":"/_wpeprivate/config.json"}
info: ===> TimeStamp : 2024-11-01 06:58:23===> API : null ===> Message : validateRequest() invoked
info: ===> TimeStamp : 2024-11-01 06:58:23===> API : null ===> Message : validateRequest() Error:: Invalid Request :: 
      {"apiUri":"/deployment-config.json"}
info: ===> TimeStamp : 2024-11-01 06:58:24===> API : null ===> Message : validateRequest() invoked
info: ===> TimeStamp : 2024-11-01 06:58:24===> API : null ===> Message : validateRequest() Error:: Invalid Request :: 
      {"apiUri":"/sftp-config.json"}
info: ===> TimeStamp : 2024-11-01 06:58:24===> API : null ===> Message : validateRequest() invoked
info: ===> TimeStamp : 2024-11-01 06:58:24===> API : null ===> Message : validateRequest() Error:: Invalid Request :: 
      {"apiUri":"/db/robomongo.json"}
info: ===> TimeStamp : 2024-11-01 06:58:25===> API : null ===> Message : validateRequest() invoked
info: ===> TimeStamp : 2024-11-01 06:58:25===> API : null ===> Message : validateRequest() Error:: Invalid Request :: 
      {"apiUri":"/robomongo.json"}
info: ===> TimeStamp : 2024-11-01 06:58:26===> API : null ===> Message : validateRequest() invoked
info: ===> TimeStamp : 2024-11-01 06:58:26===> API : null ===> Message : validateRequest() Error:: Invalid Request :: 
      {"apiUri":"/client_secrets.json"}
info: ===> TimeStamp : 2024-11-01 06:58:27===> API : null ===> Message : validateRequest() invoked
info: ===> TimeStamp : 2024-11-01 06:58:27===> API : null ===> Message : validateRequest() Error:: Invalid Request :: 
      {"apiUri":"/user-config.json"}
info: ===> TimeStamp : 2024-11-01 06:58:28===> API : null ===> Message : validateRequest() invoked
info: ===> TimeStamp : 2024-11-01 06:58:28===> API : null ===> Message : validateRequest() Error:: Invalid Request :: 
      {"apiUri":"/ssh-config.json"}
info: ===> TimeStamp : 2024-11-01 06:58:29===> API : null ===> Message : validateRequest() invoked
info: ===> TimeStamp : 2024-11-01 06:58:29===> API : null ===> Message : validateRequest() Error:: Invalid Request :: 
      {"apiUri":"/database-config.json"}
info: ===> TimeStamp : 2024-11-01 06:58:30===> API : null ===> Message : validateRequest() invoked
info: ===> TimeStamp : 2024-11-01 06:58:30===> API : null ===> Message : validateRequest() Error:: Invalid Request :: 
      {"apiUri":"/config/default.json"}
info: ===> TimeStamp : 2024-11-01 06:58:31===> API : null ===> Message : validateRequest() invoked
info: ===> TimeStamp : 2024-11-01 06:58:31===> API : null ===> Message : validateRequest() Error:: Invalid Request :: 
      {"apiUri":"/config/config.json"}
info: ===> TimeStamp : 2024-11-01 06:58:32===> API : null ===> Message : validateRequest() invoked
info: ===> TimeStamp : 2024-11-01 06:58:32===> API : null ===> Message : validateRequest() Error:: Invalid Request :: 
      {"apiUri":"/credentials/config.json"}
info: ===> TimeStamp : 2024-11-01 06:58:33===> API : null ===> Message : validateRequest() invoked
info: ===> TimeStamp : 2024-11-01 06:58:33===> API : null ===> Message : validateRequest() Error:: Invalid Request :: 
      {"apiUri":"/"}
info: ===> TimeStamp : 2024-11-01 06:58:35===> API : null ===> Message : validateRequest() invoked
info: ===> TimeStamp : 2024-11-01 06:58:35===> API : null ===> Message : validateRequest() Error:: Invalid Request :: 
      {"apiUri":"/app_dev.php/_profiler/open"}
info: ===> TimeStamp : 2024-11-01 06:58:36===> API : null ===> Message : validateRequest() invoked
info: ===> TimeStamp : 2024-11-01 06:58:36===> API : null ===> Message : validateRequest() Error:: Invalid Request :: 
      {"apiUri":"/_profiler/open"}
info: ===> TimeStamp : 2024-11-01 06:58:37===> API : null ===> Message : validateRequest() invoked
info: ===> TimeStamp : 2024-11-01 06:58:37===> API : null ===> Message : validateRequest() Error:: Invalid Request :: 
      {"apiUri":"/app/config/parameters.yml"}
info: ===> TimeStamp : 2024-11-01 06:58:38===> API : null ===> Message : validateRequest() invoked
info: ===> TimeStamp : 2024-11-01 06:58:38===> API : null ===> Message : validateRequest() Error:: Invalid Request :: 
      {"apiUri":"/config/parameters.yml"}
info: ===> TimeStamp : 2024-11-01 06:58:39===> API : null ===> Message : validateRequest() invoked
info: ===> TimeStamp : 2024-11-01 06:58:39===> API : null ===> Message : validateRequest() Error:: Invalid Request :: 
      {"apiUri":"/parameters.yml"}
info: ===> TimeStamp : 2024-11-01 06:58:40===> API : null ===> Message : validateRequest() invoked
info: ===> TimeStamp : 2024-11-01 06:58:40===> API : null ===> Message : validateRequest() Error:: Invalid Request :: 
      {"apiUri":"/_profiler/phpinfo"}
info: ===> TimeStamp : 2024-11-01 06:58:41===> API : null ===> Message : validateRequest() invoked
info: ===> TimeStamp : 2024-11-01 06:58:41===> API : null ===> Message : validateRequest() Error:: Invalid Request :: 
      {"apiUri":"/app_dev.php/_profiler/phpinfo"}
info: ===> TimeStamp : 2024-11-01 06:58:42===> API : null ===> Message : validateRequest() invoked
info: ===> TimeStamp : 2024-11-01 06:58:42===> API : null ===> Message : validateRequest() Error:: Invalid Request :: 
      {"apiUri":"/phpinfo.php"}
info: ===> TimeStamp : 2024-11-01 06:58:43===> API : null ===> Message : validateRequest() invoked
info: ===> TimeStamp : 2024-11-01 06:58:43===> API : null ===> Message : validateRequest() Error:: Invalid Request :: 
      {"apiUri":"/owncloud/apps/graphapi/vendor/microsoft/microsoft-graph/tests/GetPhpInfo.php"}
info: ===> TimeStamp : 2024-11-01 06:58:44===> API : null ===> Message : validateRequest() invoked
info: ===> TimeStamp : 2024-11-01 06:58:44===> API : null ===> Message : validateRequest() Error:: Invalid Request :: 
      {"apiUri":"/info.php"}
info: ===> TimeStamp : 2024-11-01 06:58:45===> API : null ===> Message : validateRequest() invoked
info: ===> TimeStamp : 2024-11-01 06:58:45===> API : null ===> Message : validateRequest() Error:: Invalid Request :: 
      {"apiUri":"/"}
info: ===> TimeStamp : 2024-11-01 07:00:49===> API : null ===> Message : validateRequest() invoked
info: ===> TimeStamp : 2024-11-01 07:00:49===> API : null ===> Message : fetchDBSettings()
info: ===> TimeStamp : 2024-11-01 07:00:50===> API : null ===> Message : validateRequest() Invoked!
info: ===> TimeStamp : 2024-11-01 07:00:50===> API : null ===> Message : validRequest() :: Api validated Successfully
info: ===> TimeStamp : 2024-11-01 07:00:50===> API : /api/auth/validateuser ===> Message : validateUser() invoked!!
info: ===> TimeStamp : 2024-11-01 07:00:50===> API : /api/auth/validateuser ===> Message : validateUser() :: Request Object :: [object Object]
info: ===> TimeStamp : 2024-11-01 07:00:50===> API : /api/auth/validateuser ===> Message : validateUserDB() Invoked !
info: ===> TimeStamp : 2024-11-01 07:00:50===> API : /api/auth/validateuser ===> Message : validateUserResponse() invoked!
info: ===> TimeStamp : 2024-11-01 07:00:50===> API : /api/auth/validateuser ===> Message : validateUserResponse() completed
info: ===> TimeStamp : 2024-11-01 07:00:50===> API : null ===> Message : validateRequest() invoked
info: ===> TimeStamp : 2024-11-01 07:00:50===> API : null ===> Message : fetchDBSettings()
info: ===> TimeStamp : 2024-11-01 07:00:50===> API : null ===> Message : validateRequest() Invoked!
info: ===> TimeStamp : 2024-11-01 07:00:50===> API : null ===> Message : validRequest() :: Api validated Successfully
info: ===> TimeStamp : 2024-11-01 07:00:50===> API : /api/auth/checkIP ===> Message : checkIP() invoked!!
info: ===> TimeStamp : 2024-11-01 07:00:50===> API : /api/auth/checkIP ===> Message : IPs match: 103.225.102.194
info: ===> TimeStamp : 2024-11-01 07:00:50===> API : /api/auth/checkIP ===> Message : checkIPResponse() invoked!
info: ===> TimeStamp : 2024-11-01 07:00:50===> API : /api/auth/checkIP ===> Message : checkIPResponse() completed
info: ===> TimeStamp : 2024-11-01 07:00:50===> API : null ===> Message : validateRequest() invoked
info: ===> TimeStamp : 2024-11-01 07:00:50===> API : null ===> Message : fetchDBSettings()
info: ===> TimeStamp : 2024-11-01 07:00:50===> API : null ===> Message : validateRequest() Invoked!
info: ===> TimeStamp : 2024-11-01 07:00:50===> API : null ===> Message : validRequest() :: Api validated Successfully
info: ===> TimeStamp : 2024-11-01 07:00:50===> API : /api/auth/login ===> Message : loginUser() invoked!!
info: ===> TimeStamp : 2024-11-01 07:00:50===> API : /api/auth/login ===> Message : loginUser() :: Request Object :: [object Object]
info: ===> TimeStamp : 2024-11-01 07:00:50===> API : /api/auth/login ===> Message : loginUserDB() Invoked !
info: ===> TimeStamp : 2024-11-01 07:00:50===> API : /api/auth/login ===> Message : loginUserResponse() invoked!
info: ===> TimeStamp : 2024-11-01 07:00:50===> API : /api/auth/login ===> Message : loginUserResponse() completed
info: ===> TimeStamp : 2024-11-01 07:01:03===> API : null ===> Message : fetchDBSettings()
info: ===> TimeStamp : 2024-11-01 07:01:03===> API : null ===> Message : validateRequest() invoked
info: ===> TimeStamp : 2024-11-01 07:01:03===> API : null ===> Message : validateRequest() Invoked!
info: ===> TimeStamp : 2024-11-01 07:01:03===> API : null ===> Message : validRequest() :: Api validated Successfully
info: ===> TimeStamp : 2024-11-01 07:01:03===> API : /api/auth/logout ===> Message : logoutUser() invoked!!
info: ===> TimeStamp : 2024-11-01 07:01:03===> API : /api/auth/logout ===> Message : logoutUser() :: Request Object :: [object Object]
info: ===> TimeStamp : 2024-11-01 07:01:03===> API : /api/auth/logout ===> Message : logoutUserDB() Invoked !
info: ===> TimeStamp : 2024-11-01 07:01:03===> API : /api/auth/logout ===> Message : logoutUserResponse() invoked!
info: ===> TimeStamp : 2024-11-01 07:01:03===> API : /api/auth/logout ===> Message : logoutUserResponse() completed
info: ===> TimeStamp : 2024-11-01 07:01:06===> API : null ===> Message : validateRequest() invoked
info: ===> TimeStamp : 2024-11-01 07:01:06===> API : null ===> Message : fetchDBSettings()
info: ===> TimeStamp : 2024-11-01 07:01:06===> API : null ===> Message : validateRequest() Invoked!
info: ===> TimeStamp : 2024-11-01 07:01:06===> API : null ===> Message : validRequest() :: Api validated Successfully
info: ===> TimeStamp : 2024-11-01 07:01:06===> API : /api/auth/validateuser ===> Message : validateUser() invoked!!
info: ===> TimeStamp : 2024-11-01 07:01:06===> API : /api/auth/validateuser ===> Message : validateUser() :: Request Object :: [object Object]
info: ===> TimeStamp : 2024-11-01 07:01:06===> API : /api/auth/validateuser ===> Message : validateUserDB() Invoked !
info: ===> TimeStamp : 2024-11-01 07:01:06===> API : /api/auth/validateuser ===> Message : validateUserResponse() invoked!
info: ===> TimeStamp : 2024-11-01 07:01:06===> API : /api/auth/validateuser ===> Message : validateUserResponse() completed
info: ===> TimeStamp : 2024-11-01 07:01:06===> API : null ===> Message : validateRequest() invoked
info: ===> TimeStamp : 2024-11-01 07:01:06===> API : null ===> Message : fetchDBSettings()
info: ===> TimeStamp : 2024-11-01 07:01:06===> API : null ===> Message : validateRequest() Invoked!
info: ===> TimeStamp : 2024-11-01 07:01:06===> API : null ===> Message : validRequest() :: Api validated Successfully
info: ===> TimeStamp : 2024-11-01 07:01:06===> API : /api/auth/checkIP ===> Message : checkIP() invoked!!
info: ===> TimeStamp : 2024-11-01 07:01:06===> API : /api/auth/checkIP ===> Message : IPs match: 103.225.102.194
info: ===> TimeStamp : 2024-11-01 07:01:06===> API : /api/auth/checkIP ===> Message : checkIPResponse() invoked!
info: ===> TimeStamp : 2024-11-01 07:01:06===> API : /api/auth/checkIP ===> Message : checkIPResponse() completed
info: ===> TimeStamp : 2024-11-01 07:01:06===> API : null ===> Message : validateRequest() invoked
info: ===> TimeStamp : 2024-11-01 07:01:06===> API : null ===> Message : fetchDBSettings()
info: ===> TimeStamp : 2024-11-01 07:01:06===> API : null ===> Message : validateRequest() Invoked!
info: ===> TimeStamp : 2024-11-01 07:01:06===> API : null ===> Message : validRequest() :: Api validated Successfully
info: ===> TimeStamp : 2024-11-01 07:01:06===> API : /api/auth/login ===> Message : loginUser() :: Request Object :: [object Object]
info: ===> TimeStamp : 2024-11-01 07:01:06===> API : /api/auth/login ===> Message : loginUser() invoked!!
info: ===> TimeStamp : 2024-11-01 07:01:06===> API : /api/auth/login ===> Message : loginUserDB() Invoked !
info: ===> TimeStamp : 2024-11-01 07:01:06===> API : /api/auth/login ===> Message : loginUserResponse() invoked!
info: ===> TimeStamp : 2024-11-01 07:01:06===> API : /api/auth/login ===> Message : loginUserResponse() completed
info: ===> TimeStamp : 2024-11-01 08:31:44===> API : null ===> Message : validateRequest() invoked
info: ===> TimeStamp : 2024-11-01 08:31:44===> API : null ===> Message : fetchDBSettings()
info: ===> TimeStamp : 2024-11-01 08:31:44===> API : null ===> Message : validateRequest() Invoked!
info: ===> TimeStamp : 2024-11-01 08:31:44===> API : null ===> Message : validRequest() :: Api validated Successfully
info: ===> TimeStamp : 2024-11-01 08:31:44===> API : /api/auth/validateuser ===> Message : validateUser() invoked!!
info: ===> TimeStamp : 2024-11-01 08:31:44===> API : /api/auth/validateuser ===> Message : validateUser() :: Request Object :: [object Object]
info: ===> TimeStamp : 2024-11-01 08:31:44===> API : /api/auth/validateuser ===> Message : validateUserDB() Invoked !
info: ===> TimeStamp : 2024-11-01 08:31:44===> API : /api/auth/validateuser ===> Message : validateUserResponse() invoked!
info: ===> TimeStamp : 2024-11-01 08:31:44===> API : /api/auth/validateuser ===> Message : validateUserResponse() completed
info: ===> TimeStamp : 2024-11-01 08:31:44===> API : null ===> Message : validateRequest() invoked
info: ===> TimeStamp : 2024-11-01 08:31:44===> API : null ===> Message : fetchDBSettings()
info: ===> TimeStamp : 2024-11-01 08:31:44===> API : null ===> Message : validateRequest() Invoked!
info: ===> TimeStamp : 2024-11-01 08:31:45===> API : null ===> Message : validRequest() :: Api validated Successfully
info: ===> TimeStamp : 2024-11-01 08:31:45===> API : /api/auth/login ===> Message : loginUser() invoked!!
info: ===> TimeStamp : 2024-11-01 08:31:45===> API : /api/auth/login ===> Message : loginUser() :: Request Object :: [object Object]
info: ===> TimeStamp : 2024-11-01 08:31:45===> API : /api/auth/login ===> Message : loginUserDB() Invoked !
info: ===> TimeStamp : 2024-11-01 08:31:45===> API : /api/auth/login ===> Message : loginUserResponse() invoked!
info: ===> TimeStamp : 2024-11-01 08:31:45===> API : /api/auth/login ===> Message : loginUserResponse() completed
info: ===> TimeStamp : 2024-11-01 09:07:24===> API : null ===> Message : validateRequest() invoked
info: ===> TimeStamp : 2024-11-01 09:07:24===> API : null ===> Message : fetchDBSettings()
info: ===> TimeStamp : 2024-11-01 09:07:24===> API : null ===> Message : validateRequest() Invoked!
info: ===> TimeStamp : 2024-11-01 09:07:24===> API : /api/auth/validateuser ===> Message : validateUser() invoked!!
info: ===> TimeStamp : 2024-11-01 09:07:24===> API : null ===> Message : validRequest() :: Api validated Successfully
info: ===> TimeStamp : 2024-11-01 09:07:24===> API : /api/auth/validateuser ===> Message : validateUser() :: Request Object :: [object Object]
info: ===> TimeStamp : 2024-11-01 09:07:24===> API : /api/auth/validateuser ===> Message : validateUserDB() Invoked !
info: ===> TimeStamp : 2024-11-01 09:07:24===> API : /api/auth/validateuser ===> Message : validateUserResponse() invoked!
info: ===> TimeStamp : 2024-11-01 09:07:24===> API : /api/auth/validateuser ===> Message : validateUserResponse() completed
info: ===> TimeStamp : 2024-11-01 09:07:24===> API : null ===> Message : validateRequest() invoked
info: ===> TimeStamp : 2024-11-01 09:07:24===> API : null ===> Message : fetchDBSettings()
info: ===> TimeStamp : 2024-11-01 09:07:24===> API : null ===> Message : validateRequest() Invoked!
info: ===> TimeStamp : 2024-11-01 09:07:24===> API : null ===> Message : validRequest() :: Api validated Successfully
info: ===> TimeStamp : 2024-11-01 09:07:24===> API : /api/auth/checkIP ===> Message : checkIP() invoked!!
info: ===> TimeStamp : 2024-11-01 09:07:24===> API : /api/auth/checkIP ===> Message : IPs match: 103.225.102.194
info: ===> TimeStamp : 2024-11-01 09:07:24===> API : /api/auth/checkIP ===> Message : checkIPResponse() invoked!
info: ===> TimeStamp : 2024-11-01 09:07:24===> API : /api/auth/checkIP ===> Message : checkIPResponse() completed
info: ===> TimeStamp : 2024-11-01 09:07:24===> API : null ===> Message : validateRequest() invoked
info: ===> TimeStamp : 2024-11-01 09:07:24===> API : null ===> Message : fetchDBSettings()
info: ===> TimeStamp : 2024-11-01 09:07:24===> API : null ===> Message : validateRequest() Invoked!
info: ===> TimeStamp : 2024-11-01 09:07:24===> API : null ===> Message : validRequest() :: Api validated Successfully
info: ===> TimeStamp : 2024-11-01 09:07:24===> API : /api/auth/login ===> Message : loginUser() invoked!!
info: ===> TimeStamp : 2024-11-01 09:07:24===> API : /api/auth/login ===> Message : loginUser() :: Request Object :: [object Object]
info: ===> TimeStamp : 2024-11-01 09:07:24===> API : /api/auth/login ===> Message : loginUserDB() Invoked !
info: ===> TimeStamp : 2024-11-01 09:07:24===> API : /api/auth/login ===> Message : loginUserResponse() invoked!
info: ===> TimeStamp : 2024-11-01 09:07:24===> API : /api/auth/login ===> Message : loginUserResponse() completed
info: ===> TimeStamp : 2024-11-01 11:24:43===> API : null ===> Message : validateRequest() invoked
info: ===> TimeStamp : 2024-11-01 11:24:43===> API : null ===> Message : validateRequest() Error:: Invalid Request :: 
      {"apiUri":"/"}
info: ===> TimeStamp : 2024-11-01 11:24:47===> API : null ===> Message : validateRequest() invoked
info: ===> TimeStamp : 2024-11-01 11:24:47===> API : null ===> Message : validateRequest() Error:: Invalid Request :: 
      {"apiUri":"/"}
info: ===> TimeStamp : 2024-11-01 11:24:47===> API : null ===> Message : validateRequest() invoked
info: ===> TimeStamp : 2024-11-01 11:24:47===> API : null ===> Message : validateRequest() Error:: Invalid Request :: 
      {"apiUri":"/php-cgi/php-cgi.exe"}
info: ===> TimeStamp : 2024-11-01 11:24:47===> API : null ===> Message : validateRequest() invoked
info: ===> TimeStamp : 2024-11-01 11:24:47===> API : null ===> Message : validateRequest() Error:: Invalid Request :: 
      {"apiUri":"/server"}
info: ===> TimeStamp : 2024-11-01 11:24:48===> API : null ===> Message : validateRequest() invoked
info: ===> TimeStamp : 2024-11-01 11:24:48===> API : null ===> Message : validateRequest() Error:: Invalid Request :: 
      {"apiUri":"/.vscode/sftp.json"}
info: ===> TimeStamp : 2024-11-01 11:24:48===> API : null ===> Message : validateRequest() invoked
info: ===> TimeStamp : 2024-11-01 11:24:48===> API : null ===> Message : validateRequest() Error:: Invalid Request :: 
      {"apiUri":"/about"}
info: ===> TimeStamp : 2024-11-01 11:24:49===> API : null ===> Message : validateRequest() invoked
info: ===> TimeStamp : 2024-11-01 11:24:49===> API : null ===> Message : validateRequest() Error:: Invalid Request :: 
      {"apiUri":"/debug/default/view"}
info: ===> TimeStamp : 2024-11-01 11:24:49===> API : null ===> Message : validateRequest() invoked
info: ===> TimeStamp : 2024-11-01 11:24:49===> API : null ===> Message : validateRequest() Error:: Invalid Request :: 
      {"apiUri":"/v2/_catalog"}
info: ===> TimeStamp : 2024-11-01 11:24:49===> API : null ===> Message : validateRequest() invoked
info: ===> TimeStamp : 2024-11-01 11:24:49===> API : null ===> Message : validateRequest() Error:: Invalid Request :: 
      {"apiUri":"/ecp/Current/exporttool/microsoft.exchange.ediscovery.exporttool.application"}
info: ===> TimeStamp : 2024-11-01 11:24:50===> API : null ===> Message : validateRequest() invoked
info: ===> TimeStamp : 2024-11-01 11:24:50===> API : null ===> Message : validateRequest() Error:: Invalid Request :: 
      {"apiUri":"/server-status"}
info: ===> TimeStamp : 2024-11-01 11:24:50===> API : null ===> Message : validateRequest() invoked
info: ===> TimeStamp : 2024-11-01 11:24:50===> API : null ===> Message : validateRequest() Error:: Invalid Request :: 
      {"apiUri":"/login.action"}
info: ===> TimeStamp : 2024-11-01 11:24:51===> API : null ===> Message : validateRequest() invoked
info: ===> TimeStamp : 2024-11-01 11:24:51===> API : null ===> Message : validateRequest() Error:: Invalid Request :: 
      {"apiUri":"/_all_dbs"}
info: ===> TimeStamp : 2024-11-01 11:24:51===> API : null ===> Message : validateRequest() invoked
info: ===> TimeStamp : 2024-11-01 11:24:51===> API : null ===> Message : validateRequest() Error:: Invalid Request :: 
      {"apiUri":"/.DS_Store"}
info: ===> TimeStamp : 2024-11-01 11:24:52===> API : null ===> Message : validateRequest() invoked
info: ===> TimeStamp : 2024-11-01 11:24:52===> API : null ===> Message : validateRequest() Error:: Invalid Request :: 
      {"apiUri":"/.env"}
info: ===> TimeStamp : 2024-11-01 11:24:52===> API : null ===> Message : validateRequest() invoked
info: ===> TimeStamp : 2024-11-01 11:24:52===> API : null ===> Message : validateRequest() Error:: Invalid Request :: 
      {"apiUri":"/.git/config"}
info: ===> TimeStamp : 2024-11-01 11:24:52===> API : null ===> Message : validateRequest() invoked
info: ===> TimeStamp : 2024-11-01 11:24:52===> API : null ===> Message : validateRequest() Error:: Invalid Request :: 
      {"apiUri":"/s/535313e27313e273e233/_/;/META-INF/maven/com.atlassian.jira/jira-webapp-dist/pom.properties"}
info: ===> TimeStamp : 2024-11-01 11:24:53===> API : null ===> Message : validateRequest() invoked
info: ===> TimeStamp : 2024-11-01 11:24:53===> API : null ===> Message : validateRequest() Error:: Invalid Request :: 
      {"apiUri":"/config.json"}
info: ===> TimeStamp : 2024-11-01 11:24:53===> API : null ===> Message : validateRequest() invoked
info: ===> TimeStamp : 2024-11-01 11:24:53===> API : null ===> Message : validateRequest() Error:: Invalid Request :: 
      {"apiUri":"/telescope/requests"}
info: ===> TimeStamp : 2024-11-01 11:24:54===> API : null ===> Message : validateRequest() invoked
info: ===> TimeStamp : 2024-11-01 11:24:54===> API : null ===> Message : validateRequest() Error:: Invalid Request :: 
      {"apiUri":"/"}
info: ===> TimeStamp : 2024-11-01 11:25:23===> API : null ===> Message : validateRequest() invoked
info: ===> TimeStamp : 2024-11-01 11:25:23===> API : null ===> Message : fetchDBSettings()
info: ===> TimeStamp : 2024-11-01 11:25:23===> API : null ===> Message : validateRequest() Invoked!
info: ===> TimeStamp : 2024-11-01 11:25:24===> API : null ===> Message : validRequest() :: Api validated Successfully
info: ===> TimeStamp : 2024-11-01 11:25:24===> API : /api/auth/validateuser ===> Message : validateUser() invoked!!
info: ===> TimeStamp : 2024-11-01 11:25:24===> API : /api/auth/validateuser ===> Message : validateUser() :: Request Object :: [object Object]
info: ===> TimeStamp : 2024-11-01 11:25:24===> API : /api/auth/validateuser ===> Message : validateUserDB() Invoked !
info: ===> TimeStamp : 2024-11-01 11:25:24===> API : /api/auth/validateuser ===> Message : validateUserResponse() invoked!
info: ===> TimeStamp : 2024-11-01 11:25:24===> API : /api/auth/validateuser ===> Message : validateUserResponse() completed
info: ===> TimeStamp : 2024-11-01 11:25:24===> API : null ===> Message : validateRequest() invoked
info: ===> TimeStamp : 2024-11-01 11:25:24===> API : null ===> Message : fetchDBSettings()
info: ===> TimeStamp : 2024-11-01 11:25:24===> API : null ===> Message : validateRequest() Invoked!
info: ===> TimeStamp : 2024-11-01 11:25:24===> API : null ===> Message : validRequest() :: Api validated Successfully
info: ===> TimeStamp : 2024-11-01 11:25:24===> API : /api/auth/login ===> Message : loginUser() invoked!!
info: ===> TimeStamp : 2024-11-01 11:25:24===> API : /api/auth/login ===> Message : loginUser() :: Request Object :: [object Object]
info: ===> TimeStamp : 2024-11-01 11:25:24===> API : /api/auth/login ===> Message : loginUserDB() Invoked !
info: ===> TimeStamp : 2024-11-01 11:25:24===> API : /api/auth/login ===> Message : loginUserResponse() invoked!
info: ===> TimeStamp : 2024-11-01 11:25:24===> API : /api/auth/login ===> Message : loginUserResponse() completed
info: ===> TimeStamp : 2024-11-01 14:12:36===> API : null ===> Message : validateRequest() invoked
info: ===> TimeStamp : 2024-11-01 14:12:36===> API : null ===> Message : fetchDBSettings()
info: ===> TimeStamp : 2024-11-01 14:12:36===> API : null ===> Message : validateRequest() Invoked!
info: ===> TimeStamp : 2024-11-01 14:12:36===> API : null ===> Message : validRequest() :: Api validated Successfully
info: ===> TimeStamp : 2024-11-01 14:12:36===> API : /api/auth/validateuser ===> Message : validateUser() invoked!!
info: ===> TimeStamp : 2024-11-01 14:12:36===> API : /api/auth/validateuser ===> Message : validateUser() :: Request Object :: [object Object]
info: ===> TimeStamp : 2024-11-01 14:12:36===> API : /api/auth/validateuser ===> Message : validateUserDB() Invoked !
info: ===> TimeStamp : 2024-11-01 14:12:36===> API : /api/auth/validateuser ===> Message : validateUserResponse() completed
info: ===> TimeStamp : 2024-11-01 14:12:36===> API : /api/auth/validateuser ===> Message : validateUserResponse() invoked!
info: ===> TimeStamp : 2024-11-01 14:12:36===> API : null ===> Message : validateRequest() invoked
info: ===> TimeStamp : 2024-11-01 14:12:36===> API : null ===> Message : fetchDBSettings()
info: ===> TimeStamp : 2024-11-01 14:12:36===> API : null ===> Message : validateRequest() Invoked!
info: ===> TimeStamp : 2024-11-01 14:12:36===> API : null ===> Message : validRequest() :: Api validated Successfully
info: ===> TimeStamp : 2024-11-01 14:12:36===> API : /api/auth/login ===> Message : loginUser() invoked!!
info: ===> TimeStamp : 2024-11-01 14:12:36===> API : /api/auth/login ===> Message : loginUser() :: Request Object :: [object Object]
info: ===> TimeStamp : 2024-11-01 14:12:36===> API : /api/auth/login ===> Message : loginUserDB() Invoked !
info: ===> TimeStamp : 2024-11-01 14:12:36===> API : /api/auth/login ===> Message : loginUserResponse() invoked!
info: ===> TimeStamp : 2024-11-01 14:12:36===> API : /api/auth/login ===> Message : loginUserResponse() completed
info: ===> TimeStamp : 2024-11-01 14:45:50===> API : null ===> Message : validateRequest() invoked
info: ===> TimeStamp : 2024-11-01 14:45:50===> API : null ===> Message : fetchDBSettings()
info: ===> TimeStamp : 2024-11-01 14:45:50===> API : null ===> Message : validateRequest() Invoked!
info: ===> TimeStamp : 2024-11-01 14:45:50===> API : null ===> Message : validRequest() :: Api validated Successfully
info: ===> TimeStamp : 2024-11-01 14:45:50===> API : /api/auth/validateuser ===> Message : validateUser() invoked!!
info: ===> TimeStamp : 2024-11-01 14:45:50===> API : /api/auth/validateuser ===> Message : validateUser() :: Request Object :: [object Object]
info: ===> TimeStamp : 2024-11-01 14:45:50===> API : /api/auth/validateuser ===> Message : validateUserDB() Invoked !
info: ===> TimeStamp : 2024-11-01 14:45:50===> API : /api/auth/validateuser ===> Message : validateUserResponse() invoked!
info: ===> TimeStamp : 2024-11-01 14:45:50===> API : /api/auth/validateuser ===> Message : validateUserResponse() completed
info: ===> TimeStamp : 2024-11-01 14:45:50===> API : null ===> Message : validateRequest() invoked
info: ===> TimeStamp : 2024-11-01 14:45:50===> API : null ===> Message : fetchDBSettings()
info: ===> TimeStamp : 2024-11-01 14:45:50===> API : null ===> Message : validateRequest() Invoked!
info: ===> TimeStamp : 2024-11-01 14:45:50===> API : null ===> Message : validRequest() :: Api validated Successfully
info: ===> TimeStamp : 2024-11-01 14:45:50===> API : /api/auth/login ===> Message : loginUser() invoked!!
info: ===> TimeStamp : 2024-11-01 14:45:50===> API : /api/auth/login ===> Message : loginUser() :: Request Object :: [object Object]
info: ===> TimeStamp : 2024-11-01 14:45:50===> API : /api/auth/login ===> Message : loginUserDB() Invoked !
info: ===> TimeStamp : 2024-11-01 14:45:50===> API : /api/auth/login ===> Message : loginUserResponse() invoked!
info: ===> TimeStamp : 2024-11-01 14:45:50===> API : /api/auth/login ===> Message : loginUserResponse() completed
info: ===> TimeStamp : 2024-11-01 14:48:51===> API : null ===> Message : validateRequest() invoked
info: ===> TimeStamp : 2024-11-01 14:48:51===> API : null ===> Message : fetchDBSettings()
info: ===> TimeStamp : 2024-11-01 14:48:51===> API : null ===> Message : validateRequest() Invoked!
info: ===> TimeStamp : 2024-11-01 14:48:51===> API : null ===> Message : validRequest() :: Api validated Successfully
info: ===> TimeStamp : 2024-11-01 14:48:51===> API : /api/auth/validateuser ===> Message : validateUser() invoked!!
info: ===> TimeStamp : 2024-11-01 14:48:51===> API : /api/auth/validateuser ===> Message : validateUser() :: Request Object :: [object Object]
info: ===> TimeStamp : 2024-11-01 14:48:51===> API : /api/auth/validateuser ===> Message : validateUserDB() Invoked !
info: ===> TimeStamp : 2024-11-01 14:48:51===> API : /api/auth/validateuser ===> Message : validateUserResponse() invoked!
info: ===> TimeStamp : 2024-11-01 14:48:51===> API : /api/auth/validateuser ===> Message : validateUserResponse() completed
info: ===> TimeStamp : 2024-11-01 14:48:51===> API : null ===> Message : validateRequest() invoked
info: ===> TimeStamp : 2024-11-01 14:48:51===> API : null ===> Message : fetchDBSettings()
info: ===> TimeStamp : 2024-11-01 14:48:51===> API : null ===> Message : validateRequest() Invoked!
info: ===> TimeStamp : 2024-11-01 14:48:51===> API : null ===> Message : validRequest() :: Api validated Successfully
info: ===> TimeStamp : 2024-11-01 14:48:51===> API : /api/auth/login ===> Message : loginUser() invoked!!
info: ===> TimeStamp : 2024-11-01 14:48:51===> API : /api/auth/login ===> Message : loginUser() :: Request Object :: [object Object]
info: ===> TimeStamp : 2024-11-01 14:48:51===> API : /api/auth/login ===> Message : loginUserDB() Invoked !
info: ===> TimeStamp : 2024-11-01 14:48:51===> API : /api/auth/login ===> Message : loginUserResponse() invoked!
info: ===> TimeStamp : 2024-11-01 14:48:51===> API : /api/auth/login ===> Message : loginUserResponse() completed
info: ===> TimeStamp : 2024-11-01 14:53:38===> API : null ===> Message : validateRequest() invoked
info: ===> TimeStamp : 2024-11-01 14:53:38===> API : null ===> Message : fetchDBSettings()
info: ===> TimeStamp : 2024-11-01 14:53:38===> API : null ===> Message : validateRequest() Invoked!
info: ===> TimeStamp : 2024-11-01 14:53:38===> API : null ===> Message : validRequest() :: Api validated Successfully
info: ===> TimeStamp : 2024-11-01 14:53:38===> API : /api/auth/logout ===> Message : logoutUser() invoked!!
info: ===> TimeStamp : 2024-11-01 14:53:38===> API : /api/auth/logout ===> Message : logoutUser() :: Request Object :: [object Object]
info: ===> TimeStamp : 2024-11-01 14:53:38===> API : /api/auth/logout ===> Message : logoutUserDB() Invoked !
info: ===> TimeStamp : 2024-11-01 14:53:38===> API : /api/auth/logout ===> Message : logoutUserResponse() invoked!
info: ===> TimeStamp : 2024-11-01 14:53:38===> API : /api/auth/logout ===> Message : logoutUserResponse() completed
info: ===> TimeStamp : 2024-11-01 14:53:48===> API : null ===> Message : validateRequest() invoked
info: ===> TimeStamp : 2024-11-01 14:53:48===> API : null ===> Message : fetchDBSettings()
info: ===> TimeStamp : 2024-11-01 14:53:48===> API : null ===> Message : validateRequest() Invoked!
info: ===> TimeStamp : 2024-11-01 14:53:48===> API : null ===> Message : validRequest() :: Api validated Successfully
info: ===> TimeStamp : 2024-11-01 14:53:48===> API : /api/auth/validateuser ===> Message : validateUser() invoked!!
info: ===> TimeStamp : 2024-11-01 14:53:48===> API : /api/auth/validateuser ===> Message : validateUser() :: Request Object :: [object Object]
info: ===> TimeStamp : 2024-11-01 14:53:48===> API : /api/auth/validateuser ===> Message : validateUserDB() Invoked !
info: ===> TimeStamp : 2024-11-01 14:53:48===> API : /api/auth/validateuser ===> Message : validateUserResponse() invoked!
info: ===> TimeStamp : 2024-11-01 14:53:48===> API : /api/auth/validateuser ===> Message : validateUserResponse() completed
info: ===> TimeStamp : 2024-11-01 14:53:48===> API : null ===> Message : validateRequest() invoked
info: ===> TimeStamp : 2024-11-01 14:53:48===> API : null ===> Message : fetchDBSettings()
info: ===> TimeStamp : 2024-11-01 14:53:48===> API : null ===> Message : validateRequest() Invoked!
info: ===> TimeStamp : 2024-11-01 14:53:48===> API : null ===> Message : validRequest() :: Api validated Successfully
info: ===> TimeStamp : 2024-11-01 14:53:48===> API : /api/auth/checkIP ===> Message : checkIP() invoked!!
info: ===> TimeStamp : 2024-11-01 14:53:48===> API : /api/auth/checkIP ===> Message : IPs match: 103.225.102.194
info: ===> TimeStamp : 2024-11-01 14:53:48===> API : /api/auth/checkIP ===> Message : checkIPResponse() invoked!
info: ===> TimeStamp : 2024-11-01 14:53:48===> API : /api/auth/checkIP ===> Message : checkIPResponse() completed
info: ===> TimeStamp : 2024-11-01 14:53:48===> API : null ===> Message : validateRequest() invoked
info: ===> TimeStamp : 2024-11-01 14:53:48===> API : null ===> Message : fetchDBSettings()
info: ===> TimeStamp : 2024-11-01 14:53:48===> API : null ===> Message : validateRequest() Invoked!
info: ===> TimeStamp : 2024-11-01 14:53:48===> API : null ===> Message : validRequest() :: Api validated Successfully
info: ===> TimeStamp : 2024-11-01 14:53:48===> API : /api/auth/login ===> Message : loginUser() invoked!!
info: ===> TimeStamp : 2024-11-01 14:53:48===> API : /api/auth/login ===> Message : loginUser() :: Request Object :: [object Object]
info: ===> TimeStamp : 2024-11-01 14:53:48===> API : /api/auth/login ===> Message : loginUserDB() Invoked !
info: ===> TimeStamp : 2024-11-01 14:53:48===> API : /api/auth/login ===> Message : loginUserResponse() invoked!
info: ===> TimeStamp : 2024-11-01 14:53:48===> API : /api/auth/login ===> Message : loginUserResponse() completed
info: ===> TimeStamp : 2024-11-01 14:54:00===> API : null ===> Message : validateRequest() invoked
info: ===> TimeStamp : 2024-11-01 14:54:00===> API : null ===> Message : fetchDBSettings()
info: ===> TimeStamp : 2024-11-01 14:54:00===> API : null ===> Message : validateRequest() Invoked!
info: ===> TimeStamp : 2024-11-01 14:54:00===> API : null ===> Message : validRequest() :: Api validated Successfully
info: ===> TimeStamp : 2024-11-01 14:54:00===> API : /api/auth/logout ===> Message : logoutUser() invoked!!
info: ===> TimeStamp : 2024-11-01 14:54:00===> API : /api/auth/logout ===> Message : logoutUser() :: Request Object :: [object Object]
info: ===> TimeStamp : 2024-11-01 14:54:00===> API : /api/auth/logout ===> Message : logoutUserDB() Invoked !
info: ===> TimeStamp : 2024-11-01 14:54:00===> API : /api/auth/logout ===> Message : logoutUserResponse() invoked!
info: ===> TimeStamp : 2024-11-01 14:54:00===> API : /api/auth/logout ===> Message : logoutUserResponse() completed
info: ===> TimeStamp : 2024-11-01 14:54:04===> API : null ===> Message : fetchDBSettings()
info: ===> TimeStamp : 2024-11-01 14:54:04===> API : null ===> Message : validateRequest() invoked
info: ===> TimeStamp : 2024-11-01 14:54:04===> API : null ===> Message : validateRequest() Invoked!
info: ===> TimeStamp : 2024-11-01 14:54:04===> API : null ===> Message : validRequest() :: Api validated Successfully
info: ===> TimeStamp : 2024-11-01 14:54:04===> API : /api/auth/validateuser ===> Message : validateUser() invoked!!
info: ===> TimeStamp : 2024-11-01 14:54:04===> API : /api/auth/validateuser ===> Message : validateUser() :: Request Object :: [object Object]
info: ===> TimeStamp : 2024-11-01 14:54:04===> API : /api/auth/validateuser ===> Message : validateUserDB() Invoked !
info: ===> TimeStamp : 2024-11-01 14:54:04===> API : /api/auth/validateuser ===> Message : validateUserResponse() invoked!
info: ===> TimeStamp : 2024-11-01 14:54:04===> API : /api/auth/validateuser ===> Message : validateUserResponse() completed
info: ===> TimeStamp : 2024-11-01 14:54:04===> API : null ===> Message : validateRequest() invoked
info: ===> TimeStamp : 2024-11-01 14:54:04===> API : null ===> Message : fetchDBSettings()
info: ===> TimeStamp : 2024-11-01 14:54:04===> API : null ===> Message : validateRequest() Invoked!
info: ===> TimeStamp : 2024-11-01 14:54:04===> API : null ===> Message : validRequest() :: Api validated Successfully
info: ===> TimeStamp : 2024-11-01 14:54:04===> API : /api/auth/checkIP ===> Message : checkIP() invoked!!
info: ===> TimeStamp : 2024-11-01 14:54:04===> API : /api/auth/checkIP ===> Message : IPs match: 103.225.102.194
info: ===> TimeStamp : 2024-11-01 14:54:04===> API : /api/auth/checkIP ===> Message : checkIPResponse() invoked!
info: ===> TimeStamp : 2024-11-01 14:54:04===> API : /api/auth/checkIP ===> Message : checkIPResponse() completed
info: ===> TimeStamp : 2024-11-01 14:54:04===> API : null ===> Message : validateRequest() invoked
info: ===> TimeStamp : 2024-11-01 14:54:04===> API : null ===> Message : fetchDBSettings()
info: ===> TimeStamp : 2024-11-01 14:54:04===> API : null ===> Message : validateRequest() Invoked!
info: ===> TimeStamp : 2024-11-01 14:54:04===> API : null ===> Message : validRequest() :: Api validated Successfully
info: ===> TimeStamp : 2024-11-01 14:54:04===> API : /api/auth/login ===> Message : loginUser() invoked!!
info: ===> TimeStamp : 2024-11-01 14:54:04===> API : /api/auth/login ===> Message : loginUser() :: Request Object :: [object Object]
info: ===> TimeStamp : 2024-11-01 14:54:04===> API : /api/auth/login ===> Message : loginUserDB() Invoked !
info: ===> TimeStamp : 2024-11-01 14:54:04===> API : /api/auth/login ===> Message : loginUserResponse() invoked!
info: ===> TimeStamp : 2024-11-01 14:54:04===> API : /api/auth/login ===> Message : loginUserResponse() completed
info: ===> TimeStamp : 2024-11-01 15:31:28===> API : null ===> Message : validateRequest() invoked
info: ===> TimeStamp : 2024-11-01 15:31:28===> API : null ===> Message : fetchDBSettings()
info: ===> TimeStamp : 2024-11-01 15:31:28===> API : null ===> Message : validateRequest() Invoked!
info: ===> TimeStamp : 2024-11-01 15:31:28===> API : null ===> Message : validRequest() :: Api validated Successfully
info: ===> TimeStamp : 2024-11-01 15:31:28===> API : /api/auth/validateuser ===> Message : validateUser() :: Request Object :: [object Object]
info: ===> TimeStamp : 2024-11-01 15:31:28===> API : /api/auth/validateuser ===> Message : validateUser() invoked!!
info: ===> TimeStamp : 2024-11-01 15:31:28===> API : /api/auth/validateuser ===> Message : validateUserDB() Invoked !
info: ===> TimeStamp : 2024-11-01 15:31:28===> API : /api/auth/validateuser ===> Message : validateUserResponse() invoked!
info: ===> TimeStamp : 2024-11-01 15:31:28===> API : /api/auth/validateuser ===> Message : validateUserResponse() completed
info: ===> TimeStamp : 2024-11-01 15:31:28===> API : null ===> Message : validateRequest() invoked
info: ===> TimeStamp : 2024-11-01 15:31:28===> API : null ===> Message : fetchDBSettings()
info: ===> TimeStamp : 2024-11-01 15:31:28===> API : null ===> Message : validateRequest() Invoked!
info: ===> TimeStamp : 2024-11-01 15:31:28===> API : null ===> Message : validRequest() :: Api validated Successfully
info: ===> TimeStamp : 2024-11-01 15:31:28===> API : /api/auth/login ===> Message : loginUser() invoked!!
info: ===> TimeStamp : 2024-11-01 15:31:28===> API : /api/auth/login ===> Message : loginUser() :: Request Object :: [object Object]
info: ===> TimeStamp : 2024-11-01 15:31:28===> API : /api/auth/login ===> Message : loginUserDB() Invoked !
info: ===> TimeStamp : 2024-11-01 15:31:28===> API : /api/auth/login ===> Message : loginUserResponse() invoked!
info: ===> TimeStamp : 2024-11-01 15:31:28===> API : /api/auth/login ===> Message : loginUserResponse() completed
info: ===> TimeStamp : 2024-11-01 15:47:35===> API : null ===> Message : validateRequest() invoked
info: ===> TimeStamp : 2024-11-01 15:47:35===> API : null ===> Message : fetchDBSettings()
info: ===> TimeStamp : 2024-11-01 15:47:35===> API : null ===> Message : validateRequest() Invoked!
info: ===> TimeStamp : 2024-11-01 15:47:35===> API : null ===> Message : validRequest() :: Api validated Successfully
info: ===> TimeStamp : 2024-11-01 15:47:35===> API : /api/auth/validateuser ===> Message : validateUser() invoked!!
info: ===> TimeStamp : 2024-11-01 15:47:35===> API : /api/auth/validateuser ===> Message : validateUser() :: Request Object :: [object Object]
info: ===> TimeStamp : 2024-11-01 15:47:35===> API : /api/auth/validateuser ===> Message : validateUserDB() Invoked !
info: ===> TimeStamp : 2024-11-01 15:47:35===> API : /api/auth/validateuser ===> Message : validateUserResponse() invoked!
info: ===> TimeStamp : 2024-11-01 15:47:35===> API : /api/auth/validateuser ===> Message : validateUserResponse() completed
info: ===> TimeStamp : 2024-11-01 15:47:35===> API : null ===> Message : validateRequest() invoked
info: ===> TimeStamp : 2024-11-01 15:47:35===> API : null ===> Message : fetchDBSettings()
info: ===> TimeStamp : 2024-11-01 15:47:35===> API : null ===> Message : validateRequest() Invoked!
info: ===> TimeStamp : 2024-11-01 15:47:35===> API : null ===> Message : validRequest() :: Api validated Successfully
info: ===> TimeStamp : 2024-11-01 15:47:35===> API : /api/auth/login ===> Message : loginUser() invoked!!
info: ===> TimeStamp : 2024-11-01 15:47:35===> API : /api/auth/login ===> Message : loginUser() :: Request Object :: [object Object]
info: ===> TimeStamp : 2024-11-01 15:47:35===> API : /api/auth/login ===> Message : loginUserDB() Invoked !
info: ===> TimeStamp : 2024-11-01 15:47:35===> API : /api/auth/login ===> Message : loginUserResponse() invoked!
info: ===> TimeStamp : 2024-11-01 15:47:35===> API : /api/auth/login ===> Message : loginUserResponse() completed
info: ===> TimeStamp : 2024-11-01 15:58:02===> API : null ===> Message : validateRequest() invoked
info: ===> TimeStamp : 2024-11-01 15:58:02===> API : null ===> Message : fetchDBSettings()
info: ===> TimeStamp : 2024-11-01 15:58:02===> API : null ===> Message : validateRequest() Invoked!
info: ===> TimeStamp : 2024-11-01 15:58:02===> API : null ===> Message : validRequest() :: Api validated Successfully
info: ===> TimeStamp : 2024-11-01 15:58:02===> API : /api/auth/validateuser ===> Message : validateUser() invoked!!
info: ===> TimeStamp : 2024-11-01 15:58:02===> API : /api/auth/validateuser ===> Message : validateUser() :: Request Object :: [object Object]
info: ===> TimeStamp : 2024-11-01 15:58:02===> API : /api/auth/validateuser ===> Message : validateUserDB() Invoked !
info: ===> TimeStamp : 2024-11-01 15:58:02===> API : /api/auth/validateuser ===> Message : validateUserResponse() invoked!
info: ===> TimeStamp : 2024-11-01 15:58:02===> API : /api/auth/validateuser ===> Message : validateUserResponse() completed
info: ===> TimeStamp : 2024-11-01 15:58:02===> API : null ===> Message : validateRequest() invoked
info: ===> TimeStamp : 2024-11-01 15:58:02===> API : null ===> Message : fetchDBSettings()
info: ===> TimeStamp : 2024-11-01 15:58:02===> API : null ===> Message : validateRequest() Invoked!
info: ===> TimeStamp : 2024-11-01 15:58:02===> API : null ===> Message : validRequest() :: Api validated Successfully
info: ===> TimeStamp : 2024-11-01 15:58:02===> API : /api/auth/login ===> Message : loginUser() invoked!!
info: ===> TimeStamp : 2024-11-01 15:58:02===> API : /api/auth/login ===> Message : loginUser() :: Request Object :: [object Object]
info: ===> TimeStamp : 2024-11-01 15:58:02===> API : /api/auth/login ===> Message : loginUserDB() Invoked !
info: ===> TimeStamp : 2024-11-01 15:58:02===> API : /api/auth/login ===> Message : loginUserResponse() invoked!
info: ===> TimeStamp : 2024-11-01 15:58:02===> API : /api/auth/login ===> Message : loginUserResponse() completed
info: ===> TimeStamp : 2024-11-01 16:11:05===> API : null ===> Message : validateRequest() invoked
info: ===> TimeStamp : 2024-11-01 16:11:05===> API : null ===> Message : fetchDBSettings()
info: ===> TimeStamp : 2024-11-01 16:11:05===> API : null ===> Message : validateRequest() Invoked!
info: ===> TimeStamp : 2024-11-01 16:11:05===> API : null ===> Message : validRequest() :: Api validated Successfully
info: ===> TimeStamp : 2024-11-01 16:11:05===> API : /api/auth/validateuser ===> Message : validateUser() invoked!!
info: ===> TimeStamp : 2024-11-01 16:11:05===> API : /api/auth/validateuser ===> Message : validateUser() :: Request Object :: [object Object]
info: ===> TimeStamp : 2024-11-01 16:11:05===> API : /api/auth/validateuser ===> Message : validateUserDB() Invoked !
info: ===> TimeStamp : 2024-11-01 16:11:05===> API : /api/auth/validateuser ===> Message : validateUserResponse() invoked!
info: ===> TimeStamp : 2024-11-01 16:11:05===> API : /api/auth/validateuser ===> Message : validateUserResponse() completed
info: ===> TimeStamp : 2024-11-01 16:11:05===> API : null ===> Message : validateRequest() invoked
info: ===> TimeStamp : 2024-11-01 16:11:05===> API : null ===> Message : fetchDBSettings()
info: ===> TimeStamp : 2024-11-01 16:11:05===> API : null ===> Message : validateRequest() Invoked!
info: ===> TimeStamp : 2024-11-01 16:11:05===> API : null ===> Message : validRequest() :: Api validated Successfully
info: ===> TimeStamp : 2024-11-01 16:11:05===> API : /api/auth/login ===> Message : loginUser() invoked!!
info: ===> TimeStamp : 2024-11-01 16:11:05===> API : /api/auth/login ===> Message : loginUser() :: Request Object :: [object Object]
info: ===> TimeStamp : 2024-11-01 16:11:05===> API : /api/auth/login ===> Message : loginUserDB() Invoked !
info: ===> TimeStamp : 2024-11-01 16:11:05===> API : /api/auth/login ===> Message : loginUserResponse() invoked!
info: ===> TimeStamp : 2024-11-01 16:11:05===> API : /api/auth/login ===> Message : loginUserResponse() completed
info: ===> TimeStamp : 2024-11-01 16:19:40===> API : null ===> Message : validateRequest() invoked
info: ===> TimeStamp : 2024-11-01 16:19:40===> API : null ===> Message : fetchDBSettings()
info: ===> TimeStamp : 2024-11-01 16:19:40===> API : null ===> Message : validateRequest() Invoked!
info: ===> TimeStamp : 2024-11-01 16:19:40===> API : null ===> Message : validRequest() :: Api validated Successfully
info: ===> TimeStamp : 2024-11-01 16:19:40===> API : /api/auth/validateuser ===> Message : validateUser() invoked!!
info: ===> TimeStamp : 2024-11-01 16:19:40===> API : /api/auth/validateuser ===> Message : validateUser() :: Request Object :: [object Object]
info: ===> TimeStamp : 2024-11-01 16:19:40===> API : /api/auth/validateuser ===> Message : validateUserDB() Invoked !
info: ===> TimeStamp : 2024-11-01 16:19:40===> API : /api/auth/validateuser ===> Message : validateUserResponse() invoked!
info: ===> TimeStamp : 2024-11-01 16:19:40===> API : /api/auth/validateuser ===> Message : validateUserResponse() completed
info: ===> TimeStamp : 2024-11-01 16:19:40===> API : null ===> Message : validateRequest() invoked
info: ===> TimeStamp : 2024-11-01 16:19:40===> API : null ===> Message : fetchDBSettings()
info: ===> TimeStamp : 2024-11-01 16:19:40===> API : null ===> Message : validateRequest() Invoked!
info: ===> TimeStamp : 2024-11-01 16:19:40===> API : null ===> Message : validRequest() :: Api validated Successfully
info: ===> TimeStamp : 2024-11-01 16:19:40===> API : /api/auth/login ===> Message : loginUser() invoked!!
info: ===> TimeStamp : 2024-11-01 16:19:40===> API : /api/auth/login ===> Message : loginUser() :: Request Object :: [object Object]
info: ===> TimeStamp : 2024-11-01 16:19:40===> API : /api/auth/login ===> Message : loginUserDB() Invoked !
info: ===> TimeStamp : 2024-11-01 16:19:40===> API : /api/auth/login ===> Message : loginUserResponse() invoked!
info: ===> TimeStamp : 2024-11-01 16:19:40===> API : /api/auth/login ===> Message : loginUserResponse() completed
info: ===> TimeStamp : 2024-11-01 16:26:58===> API : null ===> Message : validateRequest() invoked
info: ===> TimeStamp : 2024-11-01 16:26:58===> API : null ===> Message : fetchDBSettings()
info: ===> TimeStamp : 2024-11-01 16:26:58===> API : null ===> Message : validateRequest() Invoked!
info: ===> TimeStamp : 2024-11-01 16:26:58===> API : null ===> Message : validRequest() :: Api validated Successfully
info: ===> TimeStamp : 2024-11-01 16:26:58===> API : /api/auth/validateuser ===> Message : validateUser() invoked!!
info: ===> TimeStamp : 2024-11-01 16:26:58===> API : /api/auth/validateuser ===> Message : validateUser() :: Request Object :: [object Object]
info: ===> TimeStamp : 2024-11-01 16:26:58===> API : /api/auth/validateuser ===> Message : validateUserDB() Invoked !
info: ===> TimeStamp : 2024-11-01 16:26:58===> API : /api/auth/validateuser ===> Message : validateUserResponse() invoked!
info: ===> TimeStamp : 2024-11-01 16:26:58===> API : /api/auth/validateuser ===> Message : validateUserResponse() completed
info: ===> TimeStamp : 2024-11-01 16:26:58===> API : null ===> Message : validateRequest() invoked
info: ===> TimeStamp : 2024-11-01 16:26:58===> API : null ===> Message : fetchDBSettings()
info: ===> TimeStamp : 2024-11-01 16:26:58===> API : null ===> Message : validateRequest() Invoked!
info: ===> TimeStamp : 2024-11-01 16:26:58===> API : null ===> Message : validRequest() :: Api validated Successfully
info: ===> TimeStamp : 2024-11-01 16:26:58===> API : /api/auth/login ===> Message : loginUser() invoked!!
info: ===> TimeStamp : 2024-11-01 16:26:58===> API : /api/auth/login ===> Message : loginUser() :: Request Object :: [object Object]
info: ===> TimeStamp : 2024-11-01 16:26:58===> API : /api/auth/login ===> Message : loginUserDB() Invoked !
info: ===> TimeStamp : 2024-11-01 16:26:58===> API : /api/auth/login ===> Message : loginUserResponse() invoked!
info: ===> TimeStamp : 2024-11-01 16:26:58===> API : /api/auth/login ===> Message : loginUserResponse() completed
info: ===> TimeStamp : 2024-11-01 16:53:14===> API : null ===> Message : validateRequest() invoked
info: ===> TimeStamp : 2024-11-01 16:53:14===> API : null ===> Message : fetchDBSettings()
info: ===> TimeStamp : 2024-11-01 16:53:14===> API : null ===> Message : validateRequest() Invoked!
info: ===> TimeStamp : 2024-11-01 16:53:14===> API : null ===> Message : validRequest() :: Api validated Successfully
info: ===> TimeStamp : 2024-11-01 16:53:14===> API : /api/auth/validateuser ===> Message : validateUser() invoked!!
info: ===> TimeStamp : 2024-11-01 16:53:14===> API : /api/auth/validateuser ===> Message : validateUser() :: Request Object :: [object Object]
info: ===> TimeStamp : 2024-11-01 16:53:14===> API : /api/auth/validateuser ===> Message : validateUserDB() Invoked !
info: ===> TimeStamp : 2024-11-01 16:53:14===> API : /api/auth/validateuser ===> Message : validateUserResponse() invoked!
info: ===> TimeStamp : 2024-11-01 16:53:14===> API : /api/auth/validateuser ===> Message : validateUserResponse() completed
info: ===> TimeStamp : 2024-11-01 16:53:14===> API : null ===> Message : validateRequest() invoked
info: ===> TimeStamp : 2024-11-01 16:53:14===> API : null ===> Message : fetchDBSettings()
info: ===> TimeStamp : 2024-11-01 16:53:14===> API : null ===> Message : validateRequest() Invoked!
info: ===> TimeStamp : 2024-11-01 16:53:14===> API : null ===> Message : validRequest() :: Api validated Successfully
info: ===> TimeStamp : 2024-11-01 16:53:14===> API : /api/auth/login ===> Message : loginUser() invoked!!
info: ===> TimeStamp : 2024-11-01 16:53:14===> API : /api/auth/login ===> Message : loginUser() :: Request Object :: [object Object]
info: ===> TimeStamp : 2024-11-01 16:53:14===> API : /api/auth/login ===> Message : loginUserDB() Invoked !
info: ===> TimeStamp : 2024-11-01 16:53:14===> API : /api/auth/login ===> Message : loginUserResponse() invoked!
info: ===> TimeStamp : 2024-11-01 16:53:14===> API : /api/auth/login ===> Message : loginUserResponse() completed
info: ===> TimeStamp : 2024-11-01 17:36:42===> API : null ===> Message : validateRequest() invoked
info: ===> TimeStamp : 2024-11-01 17:36:42===> API : null ===> Message : fetchDBSettings()
info: ===> TimeStamp : 2024-11-01 17:36:42===> API : null ===> Message : validateRequest() Invoked!
info: ===> TimeStamp : 2024-11-01 17:36:42===> API : null ===> Message : validRequest() :: Api validated Successfully
info: ===> TimeStamp : 2024-11-01 17:36:42===> API : /api/auth/validateuser ===> Message : validateUser() invoked!!
info: ===> TimeStamp : 2024-11-01 17:36:42===> API : /api/auth/validateuser ===> Message : validateUser() :: Request Object :: [object Object]
info: ===> TimeStamp : 2024-11-01 17:36:42===> API : /api/auth/validateuser ===> Message : validateUserDB() Invoked !
info: ===> TimeStamp : 2024-11-01 17:36:42===> API : /api/auth/validateuser ===> Message : validateUserResponse() invoked!
info: ===> TimeStamp : 2024-11-01 17:36:42===> API : /api/auth/validateuser ===> Message : validateUserResponse() completed
info: ===> TimeStamp : 2024-11-01 17:36:42===> API : null ===> Message : validateRequest() invoked
info: ===> TimeStamp : 2024-11-01 17:36:42===> API : null ===> Message : fetchDBSettings()
info: ===> TimeStamp : 2024-11-01 17:36:42===> API : null ===> Message : validateRequest() Invoked!
info: ===> TimeStamp : 2024-11-01 17:36:42===> API : null ===> Message : validRequest() :: Api validated Successfully
info: ===> TimeStamp : 2024-11-01 17:36:42===> API : /api/auth/login ===> Message : loginUser() invoked!!
info: ===> TimeStamp : 2024-11-01 17:36:42===> API : /api/auth/login ===> Message : loginUser() :: Request Object :: [object Object]
info: ===> TimeStamp : 2024-11-01 17:36:42===> API : /api/auth/login ===> Message : loginUserDB() Invoked !
info: ===> TimeStamp : 2024-11-01 17:36:43===> API : /api/auth/login ===> Message : loginUserResponse() invoked!
info: ===> TimeStamp : 2024-11-01 17:36:43===> API : /api/auth/login ===> Message : loginUserResponse() completed
info: ===> TimeStamp : 2024-11-01 17:46:28===> API : null ===> Message : validateRequest() invoked
info: ===> TimeStamp : 2024-11-01 17:46:28===> API : null ===> Message : fetchDBSettings()
info: ===> TimeStamp : 2024-11-01 17:46:28===> API : null ===> Message : validateRequest() Invoked!
info: ===> TimeStamp : 2024-11-01 17:46:28===> API : null ===> Message : validRequest() :: Api validated Successfully
info: ===> TimeStamp : 2024-11-01 17:46:28===> API : /api/auth/logout ===> Message : logoutUser() invoked!!
info: ===> TimeStamp : 2024-11-01 17:46:28===> API : /api/auth/logout ===> Message : logoutUser() :: Request Object :: [object Object]
info: ===> TimeStamp : 2024-11-01 17:46:28===> API : /api/auth/logout ===> Message : logoutUserDB() Invoked !
info: ===> TimeStamp : 2024-11-01 17:46:28===> API : /api/auth/logout ===> Message : logoutUserResponse() invoked!
info: ===> TimeStamp : 2024-11-01 17:46:28===> API : /api/auth/logout ===> Message : logoutUserResponse() completed
info: ===> TimeStamp : 2024-11-01 17:46:31===> API : null ===> Message : validateRequest() invoked
info: ===> TimeStamp : 2024-11-01 17:46:31===> API : null ===> Message : fetchDBSettings()
info: ===> TimeStamp : 2024-11-01 17:46:32===> API : null ===> Message : validateRequest() Invoked!
info: ===> TimeStamp : 2024-11-01 17:46:32===> API : null ===> Message : validRequest() :: Api validated Successfully
info: ===> TimeStamp : 2024-11-01 17:46:32===> API : /api/auth/validateuser ===> Message : validateUser() invoked!!
info: ===> TimeStamp : 2024-11-01 17:46:32===> API : /api/auth/validateuser ===> Message : validateUser() :: Request Object :: [object Object]
info: ===> TimeStamp : 2024-11-01 17:46:32===> API : /api/auth/validateuser ===> Message : validateUserDB() Invoked !
info: ===> TimeStamp : 2024-11-01 17:46:32===> API : /api/auth/validateuser ===> Message : validateUserResponse() invoked!
info: ===> TimeStamp : 2024-11-01 17:46:32===> API : /api/auth/validateuser ===> Message : validateUserResponse() completed
info: ===> TimeStamp : 2024-11-01 17:46:32===> API : null ===> Message : validateRequest() invoked
info: ===> TimeStamp : 2024-11-01 17:46:32===> API : null ===> Message : fetchDBSettings()
info: ===> TimeStamp : 2024-11-01 17:46:32===> API : null ===> Message : validateRequest() Invoked!
info: ===> TimeStamp : 2024-11-01 17:46:32===> API : null ===> Message : validRequest() :: Api validated Successfully
info: ===> TimeStamp : 2024-11-01 17:46:32===> API : /api/auth/login ===> Message : loginUser() invoked!!
info: ===> TimeStamp : 2024-11-01 17:46:32===> API : /api/auth/login ===> Message : loginUser() :: Request Object :: [object Object]
info: ===> TimeStamp : 2024-11-01 17:46:32===> API : /api/auth/login ===> Message : loginUserDB() Invoked !
info: ===> TimeStamp : 2024-11-01 17:46:32===> API : /api/auth/login ===> Message : loginUserResponse() invoked!
info: ===> TimeStamp : 2024-11-01 17:46:32===> API : /api/auth/login ===> Message : loginUserResponse() completed
info: ===> TimeStamp : 2024-11-01 18:03:04===> API : null ===> Message : validateRequest() invoked
info: ===> TimeStamp : 2024-11-01 18:03:04===> API : null ===> Message : validateRequest() Error:: Invalid Request :: 
      {"apiUri":"/"}
info: ===> TimeStamp : 2024-11-01 18:22:33===> API : null ===> Message : validateRequest() invoked
info: ===> TimeStamp : 2024-11-01 18:22:33===> API : null ===> Message : fetchDBSettings()
info: ===> TimeStamp : 2024-11-01 18:22:33===> API : null ===> Message : validateRequest() Invoked!
info: ===> TimeStamp : 2024-11-01 18:22:33===> API : null ===> Message : validRequest() :: Api validated Successfully
info: ===> TimeStamp : 2024-11-01 18:22:33===> API : /api/auth/validateuser ===> Message : validateUser() invoked!!
info: ===> TimeStamp : 2024-11-01 18:22:33===> API : /api/auth/validateuser ===> Message : validateUser() :: Request Object :: [object Object]
info: ===> TimeStamp : 2024-11-01 18:22:33===> API : /api/auth/validateuser ===> Message : validateUserDB() Invoked !
info: ===> TimeStamp : 2024-11-01 18:22:33===> API : /api/auth/validateuser ===> Message : validateUserResponse() invoked!
info: ===> TimeStamp : 2024-11-01 18:22:33===> API : /api/auth/validateuser ===> Message : validateUserResponse() completed
info: ===> TimeStamp : 2024-11-01 18:22:33===> API : null ===> Message : validateRequest() invoked
info: ===> TimeStamp : 2024-11-01 18:22:33===> API : null ===> Message : fetchDBSettings()
info: ===> TimeStamp : 2024-11-01 18:22:33===> API : null ===> Message : validateRequest() Invoked!
info: ===> TimeStamp : 2024-11-01 18:22:33===> API : null ===> Message : validRequest() :: Api validated Successfully
info: ===> TimeStamp : 2024-11-01 18:22:33===> API : /api/auth/login ===> Message : loginUser() invoked!!
info: ===> TimeStamp : 2024-11-01 18:22:33===> API : /api/auth/login ===> Message : loginUser() :: Request Object :: [object Object]
info: ===> TimeStamp : 2024-11-01 18:22:33===> API : /api/auth/login ===> Message : loginUserDB() Invoked !
info: ===> TimeStamp : 2024-11-01 18:22:33===> API : /api/auth/login ===> Message : loginUserResponse() invoked!
info: ===> TimeStamp : 2024-11-01 18:22:33===> API : /api/auth/login ===> Message : loginUserResponse() completed
info: ===> TimeStamp : 2024-11-01 18:34:42===> API : null ===> Message : validateRequest() invoked
info: ===> TimeStamp : 2024-11-01 18:34:42===> API : null ===> Message : fetchDBSettings()
info: ===> TimeStamp : 2024-11-01 18:34:42===> API : null ===> Message : validateRequest() Invoked!
info: ===> TimeStamp : 2024-11-01 18:34:42===> API : null ===> Message : validRequest() :: Api validated Successfully
info: ===> TimeStamp : 2024-11-01 18:34:42===> API : /api/auth/validateuser ===> Message : validateUser() invoked!!
info: ===> TimeStamp : 2024-11-01 18:34:42===> API : /api/auth/validateuser ===> Message : validateUser() :: Request Object :: [object Object]
info: ===> TimeStamp : 2024-11-01 18:34:42===> API : /api/auth/validateuser ===> Message : validateUserDB() Invoked !
info: ===> TimeStamp : 2024-11-01 18:34:42===> API : /api/auth/validateuser ===> Message : validateUserResponse() invoked!
info: ===> TimeStamp : 2024-11-01 18:34:42===> API : /api/auth/validateuser ===> Message : validateUserResponse() completed
info: ===> TimeStamp : 2024-11-01 18:34:42===> API : null ===> Message : validateRequest() invoked
info: ===> TimeStamp : 2024-11-01 18:34:42===> API : null ===> Message : fetchDBSettings()
info: ===> TimeStamp : 2024-11-01 18:34:42===> API : null ===> Message : validateRequest() Invoked!
info: ===> TimeStamp : 2024-11-01 18:34:42===> API : null ===> Message : validRequest() :: Api validated Successfully
info: ===> TimeStamp : 2024-11-01 18:34:42===> API : /api/auth/login ===> Message : loginUser() invoked!!
info: ===> TimeStamp : 2024-11-01 18:34:42===> API : /api/auth/login ===> Message : loginUser() :: Request Object :: [object Object]
info: ===> TimeStamp : 2024-11-01 18:34:42===> API : /api/auth/login ===> Message : loginUserDB() Invoked !
info: ===> TimeStamp : 2024-11-01 18:34:42===> API : /api/auth/login ===> Message : loginUserResponse() invoked!
info: ===> TimeStamp : 2024-11-01 18:34:42===> API : /api/auth/login ===> Message : loginUserResponse() completed
info: ===> TimeStamp : 2024-11-01 18:51:44===> API : null ===> Message : validateRequest() invoked
info: ===> TimeStamp : 2024-11-01 18:51:44===> API : null ===> Message : fetchDBSettings()
info: ===> TimeStamp : 2024-11-01 18:51:44===> API : null ===> Message : validateRequest() Invoked!
info: ===> TimeStamp : 2024-11-01 18:51:44===> API : null ===> Message : validRequest() :: Api validated Successfully
info: ===> TimeStamp : 2024-11-01 18:51:44===> API : /api/auth/validateuser ===> Message : validateUser() invoked!!
info: ===> TimeStamp : 2024-11-01 18:51:44===> API : /api/auth/validateuser ===> Message : validateUser() :: Request Object :: [object Object]
info: ===> TimeStamp : 2024-11-01 18:51:44===> API : /api/auth/validateuser ===> Message : validateUserDB() Invoked !
info: ===> TimeStamp : 2024-11-01 18:51:44===> API : /api/auth/validateuser ===> Message : validateUserResponse() invoked!
info: ===> TimeStamp : 2024-11-01 18:51:44===> API : /api/auth/validateuser ===> Message : validateUserResponse() completed
info: ===> TimeStamp : 2024-11-01 18:51:45===> API : null ===> Message : validateRequest() invoked
info: ===> TimeStamp : 2024-11-01 18:51:45===> API : null ===> Message : fetchDBSettings()
info: ===> TimeStamp : 2024-11-01 18:51:45===> API : null ===> Message : validateRequest() Invoked!
info: ===> TimeStamp : 2024-11-01 18:51:45===> API : null ===> Message : validRequest() :: Api validated Successfully
info: ===> TimeStamp : 2024-11-01 18:51:45===> API : /api/auth/login ===> Message : loginUser() invoked!!
info: ===> TimeStamp : 2024-11-01 18:51:45===> API : /api/auth/login ===> Message : loginUser() :: Request Object :: [object Object]
info: ===> TimeStamp : 2024-11-01 18:51:45===> API : /api/auth/login ===> Message : loginUserDB() Invoked !
info: ===> TimeStamp : 2024-11-01 18:51:45===> API : /api/auth/login ===> Message : loginUserResponse() invoked!
info: ===> TimeStamp : 2024-11-01 18:51:45===> API : /api/auth/login ===> Message : loginUserResponse() completed
info: ===> TimeStamp : 2024-11-01 18:52:50===> API : null ===> Message : validateRequest() invoked
info: ===> TimeStamp : 2024-11-01 18:52:50===> API : null ===> Message : fetchDBSettings()
info: ===> TimeStamp : 2024-11-01 18:52:50===> API : null ===> Message : validateRequest() Invoked!
info: ===> TimeStamp : 2024-11-01 18:52:50===> API : null ===> Message : validRequest() :: Api validated Successfully
info: ===> TimeStamp : 2024-11-01 18:52:50===> API : /api/auth/validateuser ===> Message : validateUser() invoked!!
info: ===> TimeStamp : 2024-11-01 18:52:50===> API : /api/auth/validateuser ===> Message : validateUser() :: Request Object :: [object Object]
info: ===> TimeStamp : 2024-11-01 18:52:50===> API : /api/auth/validateuser ===> Message : validateUserDB() Invoked !
info: ===> TimeStamp : 2024-11-01 18:52:50===> API : /api/auth/validateuser ===> Message : validateUserResponse() invoked!
info: ===> TimeStamp : 2024-11-01 18:52:50===> API : /api/auth/validateuser ===> Message : validateUserResponse() completed
info: ===> TimeStamp : 2024-11-01 18:52:50===> API : null ===> Message : validateRequest() invoked
info: ===> TimeStamp : 2024-11-01 18:52:50===> API : null ===> Message : fetchDBSettings()
info: ===> TimeStamp : 2024-11-01 18:52:50===> API : null ===> Message : validateRequest() Invoked!
info: ===> TimeStamp : 2024-11-01 18:52:50===> API : null ===> Message : validRequest() :: Api validated Successfully
info: ===> TimeStamp : 2024-11-01 18:52:50===> API : /api/auth/login ===> Message : loginUser() invoked!!
info: ===> TimeStamp : 2024-11-01 18:52:50===> API : /api/auth/login ===> Message : loginUserDB() Invoked !
info: ===> TimeStamp : 2024-11-01 18:52:50===> API : /api/auth/login ===> Message : loginUser() :: Request Object :: [object Object]
info: ===> TimeStamp : 2024-11-01 18:52:50===> API : /api/auth/login ===> Message : loginUserResponse() invoked!
info: ===> TimeStamp : 2024-11-01 18:52:50===> API : /api/auth/login ===> Message : loginUserResponse() completed
info: ===> TimeStamp : 2024-11-01 18:56:24===> API : null ===> Message : validateRequest() invoked
info: ===> TimeStamp : 2024-11-01 18:56:24===> API : null ===> Message : fetchDBSettings()
info: ===> TimeStamp : 2024-11-01 18:56:24===> API : null ===> Message : validateRequest() Invoked!
info: ===> TimeStamp : 2024-11-01 18:56:24===> API : null ===> Message : validRequest() :: Api validated Successfully
info: ===> TimeStamp : 2024-11-01 18:56:24===> API : /api/auth/validateuser ===> Message : validateUser() invoked!!
info: ===> TimeStamp : 2024-11-01 18:56:24===> API : /api/auth/validateuser ===> Message : validateUser() :: Request Object :: [object Object]
info: ===> TimeStamp : 2024-11-01 18:56:24===> API : /api/auth/validateuser ===> Message : validateUserDB() Invoked !
info: ===> TimeStamp : 2024-11-01 18:56:24===> API : /api/auth/validateuser ===> Message : validateUserResponse() invoked!
info: ===> TimeStamp : 2024-11-01 18:56:24===> API : /api/auth/validateuser ===> Message : validateUserResponse() completed
info: ===> TimeStamp : 2024-11-01 18:56:24===> API : null ===> Message : validateRequest() invoked
info: ===> TimeStamp : 2024-11-01 18:56:24===> API : null ===> Message : fetchDBSettings()
info: ===> TimeStamp : 2024-11-01 18:56:24===> API : null ===> Message : validateRequest() Invoked!
info: ===> TimeStamp : 2024-11-01 18:56:24===> API : null ===> Message : validRequest() :: Api validated Successfully
info: ===> TimeStamp : 2024-11-01 18:56:24===> API : /api/auth/login ===> Message : loginUser() invoked!!
info: ===> TimeStamp : 2024-11-01 18:56:24===> API : /api/auth/login ===> Message : loginUser() :: Request Object :: [object Object]
info: ===> TimeStamp : 2024-11-01 18:56:24===> API : /api/auth/login ===> Message : loginUserDB() Invoked !
info: ===> TimeStamp : 2024-11-01 18:56:24===> API : /api/auth/login ===> Message : loginUserResponse() invoked!
info: ===> TimeStamp : 2024-11-01 18:56:24===> API : /api/auth/login ===> Message : loginUserResponse() completed
info: ===> TimeStamp : 2024-11-01 19:07:47===> API : null ===> Message : validateRequest() invoked
info: ===> TimeStamp : 2024-11-01 19:07:47===> API : null ===> Message : fetchDBSettings()
info: ===> TimeStamp : 2024-11-01 19:07:47===> API : null ===> Message : validateRequest() Invoked!
info: ===> TimeStamp : 2024-11-01 19:07:47===> API : null ===> Message : validRequest() :: Api validated Successfully
info: ===> TimeStamp : 2024-11-01 19:07:47===> API : /api/auth/validateuser ===> Message : validateUser() invoked!!
info: ===> TimeStamp : 2024-11-01 19:07:47===> API : /api/auth/validateuser ===> Message : validateUser() :: Request Object :: [object Object]
info: ===> TimeStamp : 2024-11-01 19:07:47===> API : /api/auth/validateuser ===> Message : validateUserDB() Invoked !
info: ===> TimeStamp : 2024-11-01 19:07:47===> API : /api/auth/validateuser ===> Message : validateUserResponse() invoked!
info: ===> TimeStamp : 2024-11-01 19:07:47===> API : /api/auth/validateuser ===> Message : validateUserResponse() completed
info: ===> TimeStamp : 2024-11-01 19:07:47===> API : null ===> Message : validateRequest() invoked
info: ===> TimeStamp : 2024-11-01 19:07:47===> API : null ===> Message : fetchDBSettings()
info: ===> TimeStamp : 2024-11-01 19:07:47===> API : null ===> Message : validateRequest() Invoked!
info: ===> TimeStamp : 2024-11-01 19:07:47===> API : null ===> Message : validRequest() :: Api validated Successfully
info: ===> TimeStamp : 2024-11-01 19:07:47===> API : /api/auth/login ===> Message : loginUser() invoked!!
info: ===> TimeStamp : 2024-11-01 19:07:47===> API : /api/auth/login ===> Message : loginUser() :: Request Object :: [object Object]
info: ===> TimeStamp : 2024-11-01 19:07:47===> API : /api/auth/login ===> Message : loginUserDB() Invoked !
info: ===> TimeStamp : 2024-11-01 19:07:47===> API : /api/auth/login ===> Message : loginUserResponse() invoked!
info: ===> TimeStamp : 2024-11-01 19:07:47===> API : /api/auth/login ===> Message : loginUserResponse() completed
info: ===> TimeStamp : 2024-11-01 19:21:05===> API : null ===> Message : validateRequest() invoked
info: ===> TimeStamp : 2024-11-01 19:21:05===> API : null ===> Message : fetchDBSettings()
info: ===> TimeStamp : 2024-11-01 19:21:05===> API : null ===> Message : validateRequest() Invoked!
info: ===> TimeStamp : 2024-11-01 19:21:05===> API : null ===> Message : validRequest() :: Api validated Successfully
info: ===> TimeStamp : 2024-11-01 19:21:05===> API : /api/auth/logout ===> Message : logoutUser() invoked!!
info: ===> TimeStamp : 2024-11-01 19:21:05===> API : /api/auth/logout ===> Message : logoutUser() :: Request Object :: [object Object]
info: ===> TimeStamp : 2024-11-01 19:21:05===> API : /api/auth/logout ===> Message : logoutUserDB() Invoked !
info: ===> TimeStamp : 2024-11-01 19:21:05===> API : /api/auth/logout ===> Message : logoutUserResponse() invoked!
info: ===> TimeStamp : 2024-11-01 19:21:05===> API : /api/auth/logout ===> Message : logoutUserResponse() completed
info: ===> TimeStamp : 2024-11-01 19:21:15===> API : null ===> Message : validateRequest() invoked
info: ===> TimeStamp : 2024-11-01 19:21:15===> API : null ===> Message : fetchDBSettings()
info: ===> TimeStamp : 2024-11-01 19:21:15===> API : null ===> Message : validateRequest() Invoked!
info: ===> TimeStamp : 2024-11-01 19:21:15===> API : null ===> Message : validRequest() :: Api validated Successfully
info: ===> TimeStamp : 2024-11-01 19:21:15===> API : /api/auth/validateuser ===> Message : validateUser() invoked!!
info: ===> TimeStamp : 2024-11-01 19:21:15===> API : /api/auth/validateuser ===> Message : validateUser() :: Request Object :: [object Object]
info: ===> TimeStamp : 2024-11-01 19:21:15===> API : /api/auth/validateuser ===> Message : validateUserDB() Invoked !
info: ===> TimeStamp : 2024-11-01 19:21:15===> API : /api/auth/validateuser ===> Message : validateUserResponse() invoked!
info: ===> TimeStamp : 2024-11-01 19:21:15===> API : /api/auth/validateuser ===> Message : validateUserResponse() completed
info: ===> TimeStamp : 2024-11-01 19:21:15===> API : null ===> Message : validateRequest() invoked
info: ===> TimeStamp : 2024-11-01 19:21:15===> API : null ===> Message : fetchDBSettings()
info: ===> TimeStamp : 2024-11-01 19:21:15===> API : null ===> Message : validateRequest() Invoked!
info: ===> TimeStamp : 2024-11-01 19:21:15===> API : null ===> Message : validRequest() :: Api validated Successfully
info: ===> TimeStamp : 2024-11-01 19:21:15===> API : /api/auth/checkIP ===> Message : checkIP() invoked!!
info: ===> TimeStamp : 2024-11-01 19:21:15===> API : /api/auth/checkIP ===> Message : IPs match: 103.225.102.194
info: ===> TimeStamp : 2024-11-01 19:21:15===> API : /api/auth/checkIP ===> Message : checkIPResponse() invoked!
info: ===> TimeStamp : 2024-11-01 19:21:15===> API : /api/auth/checkIP ===> Message : checkIPResponse() completed
info: ===> TimeStamp : 2024-11-01 19:21:15===> API : null ===> Message : validateRequest() invoked
info: ===> TimeStamp : 2024-11-01 19:21:15===> API : null ===> Message : fetchDBSettings()
info: ===> TimeStamp : 2024-11-01 19:21:15===> API : null ===> Message : validateRequest() Invoked!
info: ===> TimeStamp : 2024-11-01 19:21:15===> API : null ===> Message : validRequest() :: Api validated Successfully
info: ===> TimeStamp : 2024-11-01 19:21:15===> API : /api/auth/login ===> Message : loginUser() invoked!!
info: ===> TimeStamp : 2024-11-01 19:21:15===> API : /api/auth/login ===> Message : loginUser() :: Request Object :: [object Object]
info: ===> TimeStamp : 2024-11-01 19:21:15===> API : /api/auth/login ===> Message : loginUserDB() Invoked !
info: ===> TimeStamp : 2024-11-01 19:21:15===> API : /api/auth/login ===> Message : loginUserResponse() invoked!
info: ===> TimeStamp : 2024-11-01 19:21:15===> API : /api/auth/login ===> Message : loginUserResponse() completed
info: ===> TimeStamp : 2024-11-01 19:22:03===> API : null ===> Message : validateRequest() invoked
info: ===> TimeStamp : 2024-11-01 19:22:03===> API : null ===> Message : fetchDBSettings()
info: ===> TimeStamp : 2024-11-01 19:22:03===> API : null ===> Message : validateRequest() Invoked!
info: ===> TimeStamp : 2024-11-01 19:22:03===> API : null ===> Message : validRequest() :: Api validated Successfully
info: ===> TimeStamp : 2024-11-01 19:22:03===> API : /api/auth/validateuser ===> Message : validateUser() invoked!!
info: ===> TimeStamp : 2024-11-01 19:22:03===> API : /api/auth/validateuser ===> Message : validateUser() :: Request Object :: [object Object]
info: ===> TimeStamp : 2024-11-01 19:22:03===> API : /api/auth/validateuser ===> Message : validateUserDB() Invoked !
info: ===> TimeStamp : 2024-11-01 19:22:03===> API : /api/auth/validateuser ===> Message : validateUserResponse() invoked!
info: ===> TimeStamp : 2024-11-01 19:22:03===> API : /api/auth/validateuser ===> Message : validateUserResponse() completed
info: ===> TimeStamp : 2024-11-01 19:22:03===> API : null ===> Message : validateRequest() invoked
info: ===> TimeStamp : 2024-11-01 19:22:03===> API : null ===> Message : fetchDBSettings()
info: ===> TimeStamp : 2024-11-01 19:22:04===> API : null ===> Message : validateRequest() Invoked!
info: ===> TimeStamp : 2024-11-01 19:22:04===> API : null ===> Message : validRequest() :: Api validated Successfully
info: ===> TimeStamp : 2024-11-01 19:22:04===> API : /api/auth/login ===> Message : loginUser() invoked!!
info: ===> TimeStamp : 2024-11-01 19:22:04===> API : /api/auth/login ===> Message : loginUser() :: Request Object :: [object Object]
info: ===> TimeStamp : 2024-11-01 19:22:04===> API : /api/auth/login ===> Message : loginUserDB() Invoked !
info: ===> TimeStamp : 2024-11-01 19:22:04===> API : /api/auth/login ===> Message : loginUserResponse() invoked!
info: ===> TimeStamp : 2024-11-01 19:22:04===> API : /api/auth/login ===> Message : loginUserResponse() completed
info: ===> TimeStamp : 2024-11-01 19:31:39===> API : null ===> Message : validateRequest() invoked
info: ===> TimeStamp : 2024-11-01 19:31:39===> API : null ===> Message : fetchDBSettings()
info: ===> TimeStamp : 2024-11-01 19:31:39===> API : null ===> Message : validateRequest() Invoked!
info: ===> TimeStamp : 2024-11-01 19:31:39===> API : null ===> Message : validRequest() :: Api validated Successfully
info: ===> TimeStamp : 2024-11-01 19:31:39===> API : /api/auth/logout ===> Message : logoutUser() invoked!!
info: ===> TimeStamp : 2024-11-01 19:31:39===> API : /api/auth/logout ===> Message : logoutUser() :: Request Object :: [object Object]
info: ===> TimeStamp : 2024-11-01 19:31:39===> API : /api/auth/logout ===> Message : logoutUserDB() Invoked !
info: ===> TimeStamp : 2024-11-01 19:31:39===> API : /api/auth/logout ===> Message : logoutUserResponse() invoked!
info: ===> TimeStamp : 2024-11-01 19:31:39===> API : /api/auth/logout ===> Message : logoutUserResponse() completed
info: ===> TimeStamp : 2024-11-01 19:32:02===> API : null ===> Message : validateRequest() invoked
info: ===> TimeStamp : 2024-11-01 19:32:02===> API : null ===> Message : fetchDBSettings()
info: ===> TimeStamp : 2024-11-01 19:32:02===> API : null ===> Message : validateRequest() Invoked!
info: ===> TimeStamp : 2024-11-01 19:32:02===> API : null ===> Message : validRequest() :: Api validated Successfully
info: ===> TimeStamp : 2024-11-01 19:32:02===> API : /api/auth/validateuser ===> Message : validateUser() invoked!!
info: ===> TimeStamp : 2024-11-01 19:32:02===> API : /api/auth/validateuser ===> Message : validateUser() :: Request Object :: [object Object]
info: ===> TimeStamp : 2024-11-01 19:32:02===> API : /api/auth/validateuser ===> Message : validateUserDB() Invoked !
info: ===> TimeStamp : 2024-11-01 19:32:02===> API : /api/auth/validateuser ===> Message : validateUserResponse() invoked!
info: ===> TimeStamp : 2024-11-01 19:32:02===> API : /api/auth/validateuser ===> Message : validateUserResponse() completed
info: ===> TimeStamp : 2024-11-01 19:32:03===> API : null ===> Message : validateRequest() invoked
info: ===> TimeStamp : 2024-11-01 19:32:03===> API : null ===> Message : fetchDBSettings()
info: ===> TimeStamp : 2024-11-01 19:32:03===> API : null ===> Message : validateRequest() Invoked!
info: ===> TimeStamp : 2024-11-01 19:32:03===> API : null ===> Message : validRequest() :: Api validated Successfully
info: ===> TimeStamp : 2024-11-01 19:32:03===> API : /api/auth/checkIP ===> Message : checkIP() invoked!!
info: ===> TimeStamp : 2024-11-01 19:32:03===> API : /api/auth/checkIP ===> Message : IPs match: 103.225.102.194
info: ===> TimeStamp : 2024-11-01 19:32:03===> API : /api/auth/checkIP ===> Message : checkIPResponse() invoked!
info: ===> TimeStamp : 2024-11-01 19:32:03===> API : /api/auth/checkIP ===> Message : checkIPResponse() completed
info: ===> TimeStamp : 2024-11-01 19:32:03===> API : null ===> Message : validateRequest() invoked
info: ===> TimeStamp : 2024-11-01 19:32:03===> API : null ===> Message : fetchDBSettings()
info: ===> TimeStamp : 2024-11-01 19:32:03===> API : null ===> Message : validateRequest() Invoked!
info: ===> TimeStamp : 2024-11-01 19:32:03===> API : null ===> Message : validRequest() :: Api validated Successfully
info: ===> TimeStamp : 2024-11-01 19:32:03===> API : /api/auth/login ===> Message : loginUser() invoked!!
info: ===> TimeStamp : 2024-11-01 19:32:03===> API : /api/auth/login ===> Message : loginUser() :: Request Object :: [object Object]
info: ===> TimeStamp : 2024-11-01 19:32:03===> API : /api/auth/login ===> Message : loginUserDB() Invoked !
info: ===> TimeStamp : 2024-11-01 19:32:03===> API : /api/auth/login ===> Message : loginUserResponse() invoked!
info: ===> TimeStamp : 2024-11-01 19:32:03===> API : /api/auth/login ===> Message : loginUserResponse() completed
info: ===> TimeStamp : 2024-11-01 19:32:58===> API : null ===> Message : validateRequest() invoked
info: ===> TimeStamp : 2024-11-01 19:32:58===> API : null ===> Message : fetchDBSettings()
info: ===> TimeStamp : 2024-11-01 19:32:58===> API : null ===> Message : validateRequest() Invoked!
info: ===> TimeStamp : 2024-11-01 19:32:58===> API : /api/auth/validateuser ===> Message : validateUser() invoked!!
info: ===> TimeStamp : 2024-11-01 19:32:58===> API : null ===> Message : validRequest() :: Api validated Successfully
info: ===> TimeStamp : 2024-11-01 19:32:58===> API : /api/auth/validateuser ===> Message : validateUser() :: Request Object :: [object Object]
info: ===> TimeStamp : 2024-11-01 19:32:58===> API : /api/auth/validateuser ===> Message : validateUserDB() Invoked !
info: ===> TimeStamp : 2024-11-01 19:32:58===> API : /api/auth/validateuser ===> Message : validateUserResponse() invoked!
info: ===> TimeStamp : 2024-11-01 19:32:58===> API : /api/auth/validateuser ===> Message : validateUserResponse() completed
info: ===> TimeStamp : 2024-11-01 19:32:59===> API : null ===> Message : validateRequest() invoked
info: ===> TimeStamp : 2024-11-01 19:32:59===> API : null ===> Message : fetchDBSettings()
info: ===> TimeStamp : 2024-11-01 19:32:59===> API : null ===> Message : validateRequest() Invoked!
info: ===> TimeStamp : 2024-11-01 19:32:59===> API : null ===> Message : validRequest() :: Api validated Successfully
info: ===> TimeStamp : 2024-11-01 19:32:59===> API : /api/auth/login ===> Message : loginUser() invoked!!
info: ===> TimeStamp : 2024-11-01 19:32:59===> API : /api/auth/login ===> Message : loginUser() :: Request Object :: [object Object]
info: ===> TimeStamp : 2024-11-01 19:32:59===> API : /api/auth/login ===> Message : loginUserDB() Invoked !
info: ===> TimeStamp : 2024-11-01 19:32:59===> API : /api/auth/login ===> Message : loginUserResponse() invoked!
info: ===> TimeStamp : 2024-11-01 19:32:59===> API : /api/auth/login ===> Message : loginUserResponse() completed
info: ===> TimeStamp : 2024-11-01 19:33:04===> API : null ===> Message : fetchDBSettings()
info: ===> TimeStamp : 2024-11-01 19:33:04===> API : null ===> Message : validateRequest() invoked
info: ===> TimeStamp : 2024-11-01 19:33:04===> API : null ===> Message : validateRequest() Invoked!
info: ===> TimeStamp : 2024-11-01 19:33:04===> API : null ===> Message : validRequest() :: Api validated Successfully
info: ===> TimeStamp : 2024-11-01 19:33:04===> API : /api/auth/logout ===> Message : logoutUser() invoked!!
info: ===> TimeStamp : 2024-11-01 19:33:04===> API : /api/auth/logout ===> Message : logoutUser() :: Request Object :: [object Object]
info: ===> TimeStamp : 2024-11-01 19:33:04===> API : /api/auth/logout ===> Message : logoutUserDB() Invoked !
info: ===> TimeStamp : 2024-11-01 19:33:04===> API : /api/auth/logout ===> Message : logoutUserResponse() invoked!
info: ===> TimeStamp : 2024-11-01 19:33:04===> API : /api/auth/logout ===> Message : logoutUserResponse() completed
info: ===> TimeStamp : 2024-11-01 19:33:15===> API : null ===> Message : validateRequest() invoked
info: ===> TimeStamp : 2024-11-01 19:33:15===> API : null ===> Message : fetchDBSettings()
info: ===> TimeStamp : 2024-11-01 19:33:15===> API : null ===> Message : validateRequest() Invoked!
info: ===> TimeStamp : 2024-11-01 19:33:15===> API : null ===> Message : validRequest() :: Api validated Successfully
info: ===> TimeStamp : 2024-11-01 19:33:15===> API : /api/auth/validateuser ===> Message : validateUser() invoked!!
info: ===> TimeStamp : 2024-11-01 19:33:15===> API : /api/auth/validateuser ===> Message : validateUser() :: Request Object :: [object Object]
info: ===> TimeStamp : 2024-11-01 19:33:15===> API : /api/auth/validateuser ===> Message : validateUserDB() Invoked !
info: ===> TimeStamp : 2024-11-01 19:33:15===> API : /api/auth/validateuser ===> Message : validateUserResponse() invoked!
info: ===> TimeStamp : 2024-11-01 19:33:15===> API : /api/auth/validateuser ===> Message : validateUserResponse() completed
info: ===> TimeStamp : 2024-11-01 19:33:15===> API : null ===> Message : validateRequest() invoked
info: ===> TimeStamp : 2024-11-01 19:33:15===> API : null ===> Message : fetchDBSettings()
info: ===> TimeStamp : 2024-11-01 19:33:15===> API : null ===> Message : validateRequest() Invoked!
info: ===> TimeStamp : 2024-11-01 19:33:15===> API : null ===> Message : validRequest() :: Api validated Successfully
info: ===> TimeStamp : 2024-11-01 19:33:15===> API : /api/auth/checkIP ===> Message : checkIP() invoked!!
info: ===> TimeStamp : 2024-11-01 19:33:15===> API : /api/auth/checkIP ===> Message : IPs match: 103.225.102.194
info: ===> TimeStamp : 2024-11-01 19:33:15===> API : /api/auth/checkIP ===> Message : checkIPResponse() invoked!
info: ===> TimeStamp : 2024-11-01 19:33:15===> API : /api/auth/checkIP ===> Message : checkIPResponse() completed
info: ===> TimeStamp : 2024-11-01 19:33:15===> API : null ===> Message : validateRequest() invoked
info: ===> TimeStamp : 2024-11-01 19:33:15===> API : null ===> Message : fetchDBSettings()
info: ===> TimeStamp : 2024-11-01 19:33:15===> API : null ===> Message : validateRequest() Invoked!
info: ===> TimeStamp : 2024-11-01 19:33:15===> API : null ===> Message : validRequest() :: Api validated Successfully
info: ===> TimeStamp : 2024-11-01 19:33:15===> API : /api/auth/login ===> Message : loginUser() invoked!!
info: ===> TimeStamp : 2024-11-01 19:33:15===> API : /api/auth/login ===> Message : loginUser() :: Request Object :: [object Object]
info: ===> TimeStamp : 2024-11-01 19:33:15===> API : /api/auth/login ===> Message : loginUserDB() Invoked !
info: ===> TimeStamp : 2024-11-01 19:33:15===> API : /api/auth/login ===> Message : loginUserResponse() invoked!
info: ===> TimeStamp : 2024-11-01 19:33:15===> API : /api/auth/login ===> Message : loginUserResponse() completed
info: ===> TimeStamp : 2024-11-01 19:40:35===> API : null ===> Message : validateRequest() invoked
info: ===> TimeStamp : 2024-11-01 19:40:35===> API : null ===> Message : fetchDBSettings()
info: ===> TimeStamp : 2024-11-01 19:40:35===> API : null ===> Message : validateRequest() Invoked!
info: ===> TimeStamp : 2024-11-01 19:40:35===> API : null ===> Message : validRequest() :: Api validated Successfully
info: ===> TimeStamp : 2024-11-01 19:40:35===> API : /api/auth/validateuser ===> Message : validateUser() invoked!!
info: ===> TimeStamp : 2024-11-01 19:40:35===> API : /api/auth/validateuser ===> Message : validateUser() :: Request Object :: [object Object]
info: ===> TimeStamp : 2024-11-01 19:40:35===> API : /api/auth/validateuser ===> Message : validateUserDB() Invoked !
info: ===> TimeStamp : 2024-11-01 19:40:35===> API : /api/auth/validateuser ===> Message : validateUserResponse() invoked!
info: ===> TimeStamp : 2024-11-01 19:40:35===> API : /api/auth/validateuser ===> Message : validateUserResponse() completed
info: ===> TimeStamp : 2024-11-01 19:40:36===> API : null ===> Message : validateRequest() invoked
info: ===> TimeStamp : 2024-11-01 19:40:36===> API : null ===> Message : fetchDBSettings()
info: ===> TimeStamp : 2024-11-01 19:40:36===> API : null ===> Message : validateRequest() Invoked!
info: ===> TimeStamp : 2024-11-01 19:40:36===> API : null ===> Message : validRequest() :: Api validated Successfully
info: ===> TimeStamp : 2024-11-01 19:40:36===> API : /api/auth/login ===> Message : loginUser() invoked!!
info: ===> TimeStamp : 2024-11-01 19:40:36===> API : /api/auth/login ===> Message : loginUser() :: Request Object :: [object Object]
info: ===> TimeStamp : 2024-11-01 19:40:36===> API : /api/auth/login ===> Message : loginUserDB() Invoked !
info: ===> TimeStamp : 2024-11-01 19:40:36===> API : /api/auth/login ===> Message : loginUserResponse() invoked!
info: ===> TimeStamp : 2024-11-01 19:40:36===> API : /api/auth/login ===> Message : loginUserResponse() completed
info: ===> TimeStamp : 2024-11-01 19:56:33===> API : null ===> Message : validateRequest() invoked
info: ===> TimeStamp : 2024-11-01 19:56:33===> API : null ===> Message : fetchDBSettings()
info: ===> TimeStamp : 2024-11-01 19:56:33===> API : null ===> Message : validateRequest() Invoked!
info: ===> TimeStamp : 2024-11-01 19:56:33===> API : null ===> Message : validRequest() :: Api validated Successfully
info: ===> TimeStamp : 2024-11-01 19:56:33===> API : /api/auth/validateuser ===> Message : validateUser() invoked!!
info: ===> TimeStamp : 2024-11-01 19:56:33===> API : /api/auth/validateuser ===> Message : validateUser() :: Request Object :: [object Object]
info: ===> TimeStamp : 2024-11-01 19:56:33===> API : /api/auth/validateuser ===> Message : validateUserDB() Invoked !
info: ===> TimeStamp : 2024-11-01 19:56:33===> API : /api/auth/validateuser ===> Message : validateUserResponse() invoked!
info: ===> TimeStamp : 2024-11-01 19:56:33===> API : /api/auth/validateuser ===> Message : validateUserResponse() completed
info: ===> TimeStamp : 2024-11-01 19:56:33===> API : null ===> Message : validateRequest() invoked
info: ===> TimeStamp : 2024-11-01 19:56:33===> API : null ===> Message : fetchDBSettings()
info: ===> TimeStamp : 2024-11-01 19:56:33===> API : null ===> Message : validateRequest() Invoked!
info: ===> TimeStamp : 2024-11-01 19:56:33===> API : null ===> Message : validRequest() :: Api validated Successfully
info: ===> TimeStamp : 2024-11-01 19:56:33===> API : /api/auth/login ===> Message : loginUser() invoked!!
info: ===> TimeStamp : 2024-11-01 19:56:33===> API : /api/auth/login ===> Message : loginUser() :: Request Object :: [object Object]
info: ===> TimeStamp : 2024-11-01 19:56:33===> API : /api/auth/login ===> Message : loginUserDB() Invoked !
info: ===> TimeStamp : 2024-11-01 19:56:33===> API : /api/auth/login ===> Message : loginUserResponse() invoked!
info: ===> TimeStamp : 2024-11-01 19:56:33===> API : /api/auth/login ===> Message : loginUserResponse() completed
info: ===> TimeStamp : 2024-11-01 19:57:01===> API : null ===> Message : validateRequest() invoked
info: ===> TimeStamp : 2024-11-01 19:57:01===> API : null ===> Message : fetchDBSettings()
info: ===> TimeStamp : 2024-11-01 19:57:01===> API : null ===> Message : validateRequest() Invoked!
info: ===> TimeStamp : 2024-11-01 19:57:01===> API : null ===> Message : validRequest() :: Api validated Successfully
info: ===> TimeStamp : 2024-11-01 19:57:01===> API : /api/auth/validateuser ===> Message : validateUser() invoked!!
info: ===> TimeStamp : 2024-11-01 19:57:01===> API : /api/auth/validateuser ===> Message : validateUser() :: Request Object :: [object Object]
info: ===> TimeStamp : 2024-11-01 19:57:01===> API : /api/auth/validateuser ===> Message : validateUserDB() Invoked !
info: ===> TimeStamp : 2024-11-01 19:57:01===> API : /api/auth/validateuser ===> Message : validateUserResponse() invoked!
info: ===> TimeStamp : 2024-11-01 19:57:01===> API : /api/auth/validateuser ===> Message : validateUserResponse() completed
info: ===> TimeStamp : 2024-11-01 19:57:01===> API : null ===> Message : validateRequest() invoked
info: ===> TimeStamp : 2024-11-01 19:57:01===> API : null ===> Message : fetchDBSettings()
info: ===> TimeStamp : 2024-11-01 19:57:01===> API : null ===> Message : validateRequest() Invoked!
info: ===> TimeStamp : 2024-11-01 19:57:01===> API : null ===> Message : validRequest() :: Api validated Successfully
info: ===> TimeStamp : 2024-11-01 19:57:01===> API : /api/auth/login ===> Message : loginUser() invoked!!
info: ===> TimeStamp : 2024-11-01 19:57:01===> API : /api/auth/login ===> Message : loginUser() :: Request Object :: [object Object]
info: ===> TimeStamp : 2024-11-01 19:57:01===> API : /api/auth/login ===> Message : loginUserDB() Invoked !
info: ===> TimeStamp : 2024-11-01 19:57:01===> API : /api/auth/login ===> Message : loginUserResponse() invoked!
info: ===> TimeStamp : 2024-11-01 19:57:01===> API : /api/auth/login ===> Message : loginUserResponse() completed
info: ===> TimeStamp : 2024-11-01 20:21:43===> API : null ===> Message : fetchDBSettings()
info: ===> TimeStamp : 2024-11-01 20:21:43===> API : null ===> Message : validateRequest() invoked
info: ===> TimeStamp : 2024-11-01 20:21:43===> API : null ===> Message : validateRequest() Invoked!
info: ===> TimeStamp : 2024-11-01 20:21:43===> API : /api/auth/validateuser ===> Message : validateUser() invoked!!
info: ===> TimeStamp : 2024-11-01 20:21:43===> API : /api/auth/validateuser ===> Message : validateUser() :: Request Object :: [object Object]
info: ===> TimeStamp : 2024-11-01 20:21:43===> API : /api/auth/validateuser ===> Message : validateUserDB() Invoked !
info: ===> TimeStamp : 2024-11-01 20:21:43===> API : null ===> Message : validRequest() :: Api validated Successfully
info: ===> TimeStamp : 2024-11-01 20:21:43===> API : /api/auth/validateuser ===> Message : validateUserResponse() invoked!
info: ===> TimeStamp : 2024-11-01 20:21:43===> API : /api/auth/validateuser ===> Message : validateUserResponse() completed
info: ===> TimeStamp : 2024-11-01 20:21:43===> API : null ===> Message : validateRequest() invoked
info: ===> TimeStamp : 2024-11-01 20:21:43===> API : null ===> Message : fetchDBSettings()
info: ===> TimeStamp : 2024-11-01 20:21:43===> API : null ===> Message : validateRequest() Invoked!
info: ===> TimeStamp : 2024-11-01 20:21:43===> API : null ===> Message : validRequest() :: Api validated Successfully
info: ===> TimeStamp : 2024-11-01 20:21:43===> API : /api/auth/login ===> Message : loginUser() invoked!!
info: ===> TimeStamp : 2024-11-01 20:21:43===> API : /api/auth/login ===> Message : loginUser() :: Request Object :: [object Object]
info: ===> TimeStamp : 2024-11-01 20:21:43===> API : /api/auth/login ===> Message : loginUserDB() Invoked !
info: ===> TimeStamp : 2024-11-01 20:21:43===> API : /api/auth/login ===> Message : loginUserResponse() invoked!
info: ===> TimeStamp : 2024-11-01 20:21:43===> API : /api/auth/login ===> Message : loginUserResponse() completed
info: ===> TimeStamp : 2024-11-01 20:35:08===> API : null ===> Message : validateRequest() invoked
info: ===> TimeStamp : 2024-11-01 20:35:08===> API : null ===> Message : fetchDBSettings()
info: ===> TimeStamp : 2024-11-01 20:35:08===> API : null ===> Message : validateRequest() Invoked!
info: ===> TimeStamp : 2024-11-01 20:35:08===> API : null ===> Message : validateRequest() invoked
info: ===> TimeStamp : 2024-11-01 20:35:08===> API : null ===> Message : fetchDBSettings()
info: ===> TimeStamp : 2024-11-01 20:35:08===> API : null ===> Message : validRequest() :: Api validated Successfully
info: ===> TimeStamp : 2024-11-01 20:35:08===> API : /api/auth/validateuser ===> Message : validateUser() invoked!!
info: ===> TimeStamp : 2024-11-01 20:35:08===> API : /api/auth/validateuser ===> Message : validateUser() :: Request Object :: [object Object]
info: ===> TimeStamp : 2024-11-01 20:35:08===> API : /api/auth/validateuser ===> Message : validateUserDB() Invoked !
info: ===> TimeStamp : 2024-11-01 20:35:08===> API : null ===> Message : validateRequest() Invoked!
info: ===> TimeStamp : 2024-11-01 20:35:08===> API : /api/auth/validateuser ===> Message : validateUserResponse() invoked!
info: ===> TimeStamp : 2024-11-01 20:35:08===> API : /api/auth/validateuser ===> Message : validateUserResponse() completed
info: ===> TimeStamp : 2024-11-01 20:35:08===> API : null ===> Message : validRequest() :: Api validated Successfully
info: ===> TimeStamp : 2024-11-01 20:35:08===> API : /api/auth/validateuser ===> Message : validateUser() invoked!!
info: ===> TimeStamp : 2024-11-01 20:35:08===> API : /api/auth/validateuser ===> Message : validateUser() :: Request Object :: [object Object]
info: ===> TimeStamp : 2024-11-01 20:35:08===> API : /api/auth/validateuser ===> Message : validateUserDB() Invoked !
info: ===> TimeStamp : 2024-11-01 20:35:08===> API : null ===> Message : validateRequest() invoked
info: ===> TimeStamp : 2024-11-01 20:35:08===> API : null ===> Message : fetchDBSettings()
info: ===> TimeStamp : 2024-11-01 20:35:08===> API : /api/auth/validateuser ===> Message : validateUserResponse() invoked!
info: ===> TimeStamp : 2024-11-01 20:35:08===> API : /api/auth/validateuser ===> Message : validateUserResponse() completed
info: ===> TimeStamp : 2024-11-01 20:35:08===> API : null ===> Message : validateRequest() invoked
info: ===> TimeStamp : 2024-11-01 20:35:08===> API : null ===> Message : fetchDBSettings()
info: ===> TimeStamp : 2024-11-01 20:35:08===> API : null ===> Message : validateRequest() Invoked!
info: ===> TimeStamp : 2024-11-01 20:35:08===> API : null ===> Message : validateRequest() Invoked!
info: ===> TimeStamp : 2024-11-01 20:35:08===> API : null ===> Message : validRequest() :: Api validated Successfully
info: ===> TimeStamp : 2024-11-01 20:35:08===> API : /api/auth/login ===> Message : loginUser() invoked!!
info: ===> TimeStamp : 2024-11-01 20:35:08===> API : /api/auth/login ===> Message : loginUser() :: Request Object :: [object Object]
info: ===> TimeStamp : 2024-11-01 20:35:08===> API : /api/auth/login ===> Message : loginUserDB() Invoked !
info: ===> TimeStamp : 2024-11-01 20:35:08===> API : null ===> Message : validRequest() :: Api validated Successfully
info: ===> TimeStamp : 2024-11-01 20:35:08===> API : /api/auth/login ===> Message : loginUser() invoked!!
info: ===> TimeStamp : 2024-11-01 20:35:08===> API : /api/auth/login ===> Message : loginUser() :: Request Object :: [object Object]
info: ===> TimeStamp : 2024-11-01 20:35:08===> API : /api/auth/login ===> Message : loginUserDB() Invoked !
info: ===> TimeStamp : 2024-11-01 20:35:08===> API : /api/auth/login ===> Message : loginUserResponse() invoked!
info: ===> TimeStamp : 2024-11-01 20:35:08===> API : /api/auth/login ===> Message : loginUserResponse() completed
info: ===> TimeStamp : 2024-11-01 20:35:08===> API : /api/auth/login ===> Message : loginUserResponse() invoked!
info: ===> TimeStamp : 2024-11-01 20:35:08===> API : /api/auth/login ===> Message : loginUserResponse() completed
info: ===> TimeStamp : 2024-11-01 20:38:12===> API : null ===> Message : validateRequest() invoked
info: ===> TimeStamp : 2024-11-01 20:38:12===> API : null ===> Message : fetchDBSettings()
info: ===> TimeStamp : 2024-11-01 20:38:12===> API : null ===> Message : validateRequest() Invoked!
info: ===> TimeStamp : 2024-11-01 20:38:12===> API : null ===> Message : validRequest() :: Api validated Successfully
info: ===> TimeStamp : 2024-11-01 20:38:12===> API : /api/auth/validateuser ===> Message : validateUser() invoked!!
info: ===> TimeStamp : 2024-11-01 20:38:12===> API : /api/auth/validateuser ===> Message : validateUser() :: Request Object :: [object Object]
info: ===> TimeStamp : 2024-11-01 20:38:12===> API : /api/auth/validateuser ===> Message : validateUserDB() Invoked !
info: ===> TimeStamp : 2024-11-01 20:38:12===> API : /api/auth/validateuser ===> Message : validateUserResponse() invoked!
info: ===> TimeStamp : 2024-11-01 20:38:12===> API : /api/auth/validateuser ===> Message : validateUserResponse() completed
info: ===> TimeStamp : 2024-11-01 20:38:12===> API : null ===> Message : validateRequest() invoked
info: ===> TimeStamp : 2024-11-01 20:38:12===> API : null ===> Message : fetchDBSettings()
info: ===> TimeStamp : 2024-11-01 20:38:12===> API : null ===> Message : validateRequest() Invoked!
info: ===> TimeStamp : 2024-11-01 20:38:12===> API : null ===> Message : validRequest() :: Api validated Successfully
info: ===> TimeStamp : 2024-11-01 20:38:12===> API : /api/auth/login ===> Message : loginUser() invoked!!
info: ===> TimeStamp : 2024-11-01 20:38:12===> API : /api/auth/login ===> Message : loginUser() :: Request Object :: [object Object]
info: ===> TimeStamp : 2024-11-01 20:38:12===> API : /api/auth/login ===> Message : loginUserDB() Invoked !
info: ===> TimeStamp : 2024-11-01 20:38:12===> API : /api/auth/login ===> Message : loginUserResponse() invoked!
info: ===> TimeStamp : 2024-11-01 20:38:12===> API : /api/auth/login ===> Message : loginUserResponse() completed
info: ===> TimeStamp : 2024-11-01 20:38:12===> API : null ===> Message : validateRequest() invoked
info: ===> TimeStamp : 2024-11-01 20:38:12===> API : null ===> Message : fetchDBSettings()
info: ===> TimeStamp : 2024-11-01 20:38:12===> API : null ===> Message : validateRequest() Invoked!
info: ===> TimeStamp : 2024-11-01 20:38:12===> API : null ===> Message : validRequest() :: Api validated Successfully
info: ===> TimeStamp : 2024-11-01 20:38:12===> API : /api/auth/validateuser ===> Message : validateUser() invoked!!
info: ===> TimeStamp : 2024-11-01 20:38:12===> API : /api/auth/validateuser ===> Message : validateUser() :: Request Object :: [object Object]
info: ===> TimeStamp : 2024-11-01 20:38:12===> API : /api/auth/validateuser ===> Message : validateUserDB() Invoked !
info: ===> TimeStamp : 2024-11-01 20:38:12===> API : /api/auth/validateuser ===> Message : validateUserResponse() invoked!
info: ===> TimeStamp : 2024-11-01 20:38:12===> API : /api/auth/validateuser ===> Message : validateUserResponse() completed
info: ===> TimeStamp : 2024-11-01 20:38:12===> API : null ===> Message : validateRequest() invoked
info: ===> TimeStamp : 2024-11-01 20:38:12===> API : null ===> Message : fetchDBSettings()
info: ===> TimeStamp : 2024-11-01 20:38:12===> API : null ===> Message : validateRequest() Invoked!
info: ===> TimeStamp : 2024-11-01 20:38:12===> API : null ===> Message : validRequest() :: Api validated Successfully
info: ===> TimeStamp : 2024-11-01 20:38:12===> API : /api/auth/login ===> Message : loginUser() invoked!!
info: ===> TimeStamp : 2024-11-01 20:38:12===> API : /api/auth/login ===> Message : loginUser() :: Request Object :: [object Object]
info: ===> TimeStamp : 2024-11-01 20:38:12===> API : /api/auth/login ===> Message : loginUserDB() Invoked !
info: ===> TimeStamp : 2024-11-01 20:38:12===> API : /api/auth/login ===> Message : loginUserResponse() invoked!
info: ===> TimeStamp : 2024-11-01 20:38:12===> API : /api/auth/login ===> Message : loginUserResponse() completed
info: ===> TimeStamp : 2024-11-01 20:39:19===> API : null ===> Message : validateRequest() invoked
info: ===> TimeStamp : 2024-11-01 20:39:19===> API : null ===> Message : fetchDBSettings()
info: ===> TimeStamp : 2024-11-01 20:39:19===> API : null ===> Message : validateRequest() Invoked!
info: ===> TimeStamp : 2024-11-01 20:39:19===> API : null ===> Message : validRequest() :: Api validated Successfully
info: ===> TimeStamp : 2024-11-01 20:39:19===> API : /api/auth/validateuser ===> Message : validateUser() invoked!!
info: ===> TimeStamp : 2024-11-01 20:39:19===> API : /api/auth/validateuser ===> Message : validateUser() :: Request Object :: [object Object]
info: ===> TimeStamp : 2024-11-01 20:39:19===> API : /api/auth/validateuser ===> Message : validateUserDB() Invoked !
info: ===> TimeStamp : 2024-11-01 20:39:19===> API : /api/auth/validateuser ===> Message : validateUserResponse() invoked!
info: ===> TimeStamp : 2024-11-01 20:39:19===> API : /api/auth/validateuser ===> Message : validateUserResponse() completed
info: ===> TimeStamp : 2024-11-01 20:39:19===> API : null ===> Message : validateRequest() invoked
info: ===> TimeStamp : 2024-11-01 20:39:19===> API : null ===> Message : fetchDBSettings()
info: ===> TimeStamp : 2024-11-01 20:39:19===> API : null ===> Message : validateRequest() Invoked!
info: ===> TimeStamp : 2024-11-01 20:39:19===> API : null ===> Message : validRequest() :: Api validated Successfully
info: ===> TimeStamp : 2024-11-01 20:39:19===> API : /api/auth/login ===> Message : loginUser() :: Request Object :: [object Object]
info: ===> TimeStamp : 2024-11-01 20:39:19===> API : /api/auth/login ===> Message : loginUser() invoked!!
info: ===> TimeStamp : 2024-11-01 20:39:19===> API : /api/auth/login ===> Message : loginUserDB() Invoked !
info: ===> TimeStamp : 2024-11-01 20:39:19===> API : /api/auth/login ===> Message : loginUserResponse() invoked!
info: ===> TimeStamp : 2024-11-01 20:39:19===> API : /api/auth/login ===> Message : loginUserResponse() completed
info: ===> TimeStamp : 2024-11-01 20:40:24===> API : null ===> Message : validateRequest() invoked
info: ===> TimeStamp : 2024-11-01 20:40:24===> API : null ===> Message : fetchDBSettings()
info: ===> TimeStamp : 2024-11-01 20:40:24===> API : null ===> Message : validateRequest() Invoked!
info: ===> TimeStamp : 2024-11-01 20:40:24===> API : null ===> Message : validRequest() :: Api validated Successfully
info: ===> TimeStamp : 2024-11-01 20:40:24===> API : /api/auth/validateuser ===> Message : validateUser() invoked!!
info: ===> TimeStamp : 2024-11-01 20:40:24===> API : /api/auth/validateuser ===> Message : validateUser() :: Request Object :: [object Object]
info: ===> TimeStamp : 2024-11-01 20:40:24===> API : /api/auth/validateuser ===> Message : validateUserDB() Invoked !
info: ===> TimeStamp : 2024-11-01 20:40:24===> API : /api/auth/validateuser ===> Message : validateUserResponse() invoked!
info: ===> TimeStamp : 2024-11-01 20:40:24===> API : /api/auth/validateuser ===> Message : validateUserResponse() completed
info: ===> TimeStamp : 2024-11-01 20:40:24===> API : null ===> Message : validateRequest() invoked
info: ===> TimeStamp : 2024-11-01 20:40:24===> API : null ===> Message : fetchDBSettings()
info: ===> TimeStamp : 2024-11-01 20:40:24===> API : null ===> Message : validateRequest() Invoked!
info: ===> TimeStamp : 2024-11-01 20:40:24===> API : /api/auth/login ===> Message : loginUser() invoked!!
info: ===> TimeStamp : 2024-11-01 20:40:24===> API : null ===> Message : validRequest() :: Api validated Successfully
info: ===> TimeStamp : 2024-11-01 20:40:24===> API : /api/auth/login ===> Message : loginUser() :: Request Object :: [object Object]
info: ===> TimeStamp : 2024-11-01 20:40:24===> API : /api/auth/login ===> Message : loginUserDB() Invoked !
info: ===> TimeStamp : 2024-11-01 20:40:24===> API : /api/auth/login ===> Message : loginUserResponse() invoked!
info: ===> TimeStamp : 2024-11-01 20:40:24===> API : /api/auth/login ===> Message : loginUserResponse() completed
info: ===> TimeStamp : 2024-11-01 20:56:34===> API : null ===> Message : validateRequest() invoked
info: ===> TimeStamp : 2024-11-01 20:56:34===> API : null ===> Message : fetchDBSettings()
info: ===> TimeStamp : 2024-11-01 20:56:34===> API : null ===> Message : validateRequest() Invoked!
info: ===> TimeStamp : 2024-11-01 20:56:34===> API : null ===> Message : validRequest() :: Api validated Successfully
info: ===> TimeStamp : 2024-11-01 20:56:34===> API : /api/auth/validateuser ===> Message : validateUser() invoked!!
info: ===> TimeStamp : 2024-11-01 20:56:34===> API : /api/auth/validateuser ===> Message : validateUser() :: Request Object :: [object Object]
info: ===> TimeStamp : 2024-11-01 20:56:34===> API : /api/auth/validateuser ===> Message : validateUserDB() Invoked !
info: ===> TimeStamp : 2024-11-01 20:56:34===> API : /api/auth/validateuser ===> Message : validateUserResponse() invoked!
info: ===> TimeStamp : 2024-11-01 20:56:34===> API : /api/auth/validateuser ===> Message : validateUserResponse() completed
info: ===> TimeStamp : 2024-11-01 20:56:34===> API : null ===> Message : validateRequest() invoked
info: ===> TimeStamp : 2024-11-01 20:56:34===> API : null ===> Message : fetchDBSettings()
info: ===> TimeStamp : 2024-11-01 20:56:34===> API : null ===> Message : validateRequest() Invoked!
info: ===> TimeStamp : 2024-11-01 20:56:34===> API : null ===> Message : validRequest() :: Api validated Successfully
info: ===> TimeStamp : 2024-11-01 20:56:34===> API : /api/auth/login ===> Message : loginUser() invoked!!
info: ===> TimeStamp : 2024-11-01 20:56:34===> API : /api/auth/login ===> Message : loginUser() :: Request Object :: [object Object]
info: ===> TimeStamp : 2024-11-01 20:56:34===> API : /api/auth/login ===> Message : loginUserDB() Invoked !
info: ===> TimeStamp : 2024-11-01 20:56:34===> API : /api/auth/login ===> Message : loginUserResponse() invoked!
info: ===> TimeStamp : 2024-11-01 20:56:34===> API : /api/auth/login ===> Message : loginUserResponse() completed
info: ===> TimeStamp : 2024-11-01 21:13:41===> API : null ===> Message : validateRequest() invoked
info: ===> TimeStamp : 2024-11-01 21:13:41===> API : null ===> Message : fetchDBSettings()
info: ===> TimeStamp : 2024-11-01 21:13:41===> API : null ===> Message : validateRequest() Invoked!
info: ===> TimeStamp : 2024-11-01 21:13:41===> API : null ===> Message : validRequest() :: Api validated Successfully
info: ===> TimeStamp : 2024-11-01 21:13:41===> API : /api/auth/validateuser ===> Message : validateUser() invoked!!
info: ===> TimeStamp : 2024-11-01 21:13:41===> API : /api/auth/validateuser ===> Message : validateUser() :: Request Object :: [object Object]
info: ===> TimeStamp : 2024-11-01 21:13:41===> API : /api/auth/validateuser ===> Message : validateUserDB() Invoked !
info: ===> TimeStamp : 2024-11-01 21:13:41===> API : /api/auth/validateuser ===> Message : validateUserResponse() invoked!
info: ===> TimeStamp : 2024-11-01 21:13:41===> API : /api/auth/validateuser ===> Message : validateUserResponse() completed
info: ===> TimeStamp : 2024-11-01 21:13:41===> API : null ===> Message : validateRequest() invoked
info: ===> TimeStamp : 2024-11-01 21:13:41===> API : null ===> Message : fetchDBSettings()
info: ===> TimeStamp : 2024-11-01 21:13:41===> API : null ===> Message : validateRequest() Invoked!
info: ===> TimeStamp : 2024-11-01 21:13:41===> API : null ===> Message : validRequest() :: Api validated Successfully
info: ===> TimeStamp : 2024-11-01 21:13:41===> API : /api/auth/login ===> Message : loginUser() invoked!!
info: ===> TimeStamp : 2024-11-01 21:13:41===> API : /api/auth/login ===> Message : loginUser() :: Request Object :: [object Object]
info: ===> TimeStamp : 2024-11-01 21:13:41===> API : /api/auth/login ===> Message : loginUserDB() Invoked !
info: ===> TimeStamp : 2024-11-01 21:13:42===> API : /api/auth/login ===> Message : loginUserResponse() invoked!
info: ===> TimeStamp : 2024-11-01 21:13:42===> API : /api/auth/login ===> Message : loginUserResponse() completed
info: ===> TimeStamp : 2024-11-01 21:36:31===> API : null ===> Message : validateRequest() invoked
info: ===> TimeStamp : 2024-11-01 21:36:31===> API : null ===> Message : fetchDBSettings()
info: ===> TimeStamp : 2024-11-01 21:36:31===> API : null ===> Message : validateRequest() Invoked!
info: ===> TimeStamp : 2024-11-01 21:36:31===> API : null ===> Message : validRequest() :: Api validated Successfully
info: ===> TimeStamp : 2024-11-01 21:36:31===> API : /api/auth/validateuser ===> Message : validateUser() invoked!!
info: ===> TimeStamp : 2024-11-01 21:36:31===> API : /api/auth/validateuser ===> Message : validateUser() :: Request Object :: [object Object]
info: ===> TimeStamp : 2024-11-01 21:36:31===> API : /api/auth/validateuser ===> Message : validateUserDB() Invoked !
info: ===> TimeStamp : 2024-11-01 21:36:31===> API : /api/auth/validateuser ===> Message : validateUserResponse() invoked!
info: ===> TimeStamp : 2024-11-01 21:36:31===> API : /api/auth/validateuser ===> Message : validateUserResponse() completed
info: ===> TimeStamp : 2024-11-01 21:36:31===> API : null ===> Message : validateRequest() invoked
info: ===> TimeStamp : 2024-11-01 21:36:31===> API : null ===> Message : fetchDBSettings()
info: ===> TimeStamp : 2024-11-01 21:36:31===> API : null ===> Message : validateRequest() Invoked!
info: ===> TimeStamp : 2024-11-01 21:36:31===> API : null ===> Message : validRequest() :: Api validated Successfully
info: ===> TimeStamp : 2024-11-01 21:36:31===> API : /api/auth/login ===> Message : loginUser() invoked!!
info: ===> TimeStamp : 2024-11-01 21:36:31===> API : /api/auth/login ===> Message : loginUser() :: Request Object :: [object Object]
info: ===> TimeStamp : 2024-11-01 21:36:31===> API : /api/auth/login ===> Message : loginUserDB() Invoked !
info: ===> TimeStamp : 2024-11-01 21:36:31===> API : /api/auth/login ===> Message : loginUserResponse() invoked!
info: ===> TimeStamp : 2024-11-01 21:36:31===> API : /api/auth/login ===> Message : loginUserResponse() completed
info: ===> TimeStamp : 2024-11-01 21:53:29===> API : null ===> Message : validateRequest() invoked
info: ===> TimeStamp : 2024-11-01 21:53:29===> API : null ===> Message : fetchDBSettings()
info: ===> TimeStamp : 2024-11-01 21:53:29===> API : null ===> Message : validateRequest() Invoked!
info: ===> TimeStamp : 2024-11-01 21:53:29===> API : null ===> Message : validRequest() :: Api validated Successfully
info: ===> TimeStamp : 2024-11-01 21:53:29===> API : /api/auth/logout ===> Message : logoutUser() invoked!!
info: ===> TimeStamp : 2024-11-01 21:53:29===> API : /api/auth/logout ===> Message : logoutUser() :: Request Object :: [object Object]
info: ===> TimeStamp : 2024-11-01 21:53:29===> API : /api/auth/logout ===> Message : logoutUserDB() Invoked !
info: ===> TimeStamp : 2024-11-01 21:53:29===> API : /api/auth/logout ===> Message : logoutUserResponse() invoked!
info: ===> TimeStamp : 2024-11-01 21:53:29===> API : /api/auth/logout ===> Message : logoutUserResponse() completed
info: ===> TimeStamp : 2024-11-01 21:53:40===> API : null ===> Message : validateRequest() invoked
info: ===> TimeStamp : 2024-11-01 21:53:40===> API : null ===> Message : fetchDBSettings()
info: ===> TimeStamp : 2024-11-01 21:53:40===> API : null ===> Message : validateRequest() Invoked!
info: ===> TimeStamp : 2024-11-01 21:53:40===> API : null ===> Message : validRequest() :: Api validated Successfully
info: ===> TimeStamp : 2024-11-01 21:53:40===> API : /api/auth/validateuser ===> Message : validateUser() invoked!!
info: ===> TimeStamp : 2024-11-01 21:53:40===> API : /api/auth/validateuser ===> Message : validateUser() :: Request Object :: [object Object]
info: ===> TimeStamp : 2024-11-01 21:53:40===> API : /api/auth/validateuser ===> Message : validateUserDB() Invoked !
info: ===> TimeStamp : 2024-11-01 21:53:40===> API : /api/auth/validateuser ===> Message : validateUserResponse() invoked!
info: ===> TimeStamp : 2024-11-01 21:53:40===> API : /api/auth/validateuser ===> Message : validateUserResponse() completed
info: ===> TimeStamp : 2024-11-01 21:53:40===> API : null ===> Message : validateRequest() invoked
info: ===> TimeStamp : 2024-11-01 21:53:40===> API : null ===> Message : fetchDBSettings()
info: ===> TimeStamp : 2024-11-01 21:53:40===> API : null ===> Message : validateRequest() Invoked!
info: ===> TimeStamp : 2024-11-01 21:53:40===> API : null ===> Message : validRequest() :: Api validated Successfully
info: ===> TimeStamp : 2024-11-01 21:53:40===> API : /api/auth/checkIP ===> Message : checkIP() invoked!!
info: ===> TimeStamp : 2024-11-01 21:53:40===> API : /api/auth/checkIP ===> Message : IPs match: 103.225.102.194
info: ===> TimeStamp : 2024-11-01 21:53:40===> API : /api/auth/checkIP ===> Message : checkIPResponse() invoked!
info: ===> TimeStamp : 2024-11-01 21:53:40===> API : /api/auth/checkIP ===> Message : checkIPResponse() completed
info: ===> TimeStamp : 2024-11-01 21:53:40===> API : null ===> Message : validateRequest() invoked
info: ===> TimeStamp : 2024-11-01 21:53:40===> API : null ===> Message : fetchDBSettings()
info: ===> TimeStamp : 2024-11-01 21:53:40===> API : null ===> Message : validateRequest() Invoked!
info: ===> TimeStamp : 2024-11-01 21:53:40===> API : null ===> Message : validRequest() :: Api validated Successfully
info: ===> TimeStamp : 2024-11-01 21:53:40===> API : /api/auth/login ===> Message : loginUser() invoked!!
info: ===> TimeStamp : 2024-11-01 21:53:40===> API : /api/auth/login ===> Message : loginUser() :: Request Object :: [object Object]
info: ===> TimeStamp : 2024-11-01 21:53:40===> API : /api/auth/login ===> Message : loginUserDB() Invoked !
info: ===> TimeStamp : 2024-11-01 21:53:40===> API : /api/auth/login ===> Message : loginUserResponse() invoked!
info: ===> TimeStamp : 2024-11-01 21:53:40===> API : /api/auth/login ===> Message : loginUserResponse() completed
info: ===> TimeStamp : 2024-11-01 21:53:45===> API : null ===> Message : validateRequest() invoked
info: ===> TimeStamp : 2024-11-01 21:53:45===> API : null ===> Message : fetchDBSettings()
info: ===> TimeStamp : 2024-11-01 21:53:45===> API : null ===> Message : validateRequest() Invoked!
info: ===> TimeStamp : 2024-11-01 21:53:45===> API : null ===> Message : validRequest() :: Api validated Successfully
info: ===> TimeStamp : 2024-11-01 21:53:45===> API : /api/auth/logout ===> Message : logoutUser() invoked!!
info: ===> TimeStamp : 2024-11-01 21:53:45===> API : /api/auth/logout ===> Message : logoutUser() :: Request Object :: [object Object]
info: ===> TimeStamp : 2024-11-01 21:53:45===> API : /api/auth/logout ===> Message : logoutUserDB() Invoked !
info: ===> TimeStamp : 2024-11-01 21:53:45===> API : /api/auth/logout ===> Message : logoutUserResponse() invoked!
info: ===> TimeStamp : 2024-11-01 21:53:45===> API : /api/auth/logout ===> Message : logoutUserResponse() completed
info: ===> TimeStamp : 2024-11-01 22:00:21===> API : null ===> Message : validateRequest() invoked
info: ===> TimeStamp : 2024-11-01 22:00:21===> API : null ===> Message : fetchDBSettings()
info: ===> TimeStamp : 2024-11-01 22:00:21===> API : null ===> Message : validateRequest() Invoked!
info: ===> TimeStamp : 2024-11-01 22:00:21===> API : null ===> Message : validRequest() :: Api validated Successfully
info: ===> TimeStamp : 2024-11-01 22:00:21===> API : /api/auth/validateuser ===> Message : validateUser() invoked!!
info: ===> TimeStamp : 2024-11-01 22:00:21===> API : /api/auth/validateuser ===> Message : validateUser() :: Request Object :: [object Object]
info: ===> TimeStamp : 2024-11-01 22:00:21===> API : /api/auth/validateuser ===> Message : validateUserDB() Invoked !
info: ===> TimeStamp : 2024-11-01 22:00:21===> API : /api/auth/validateuser ===> Message : validateUserResponse() invoked!
info: ===> TimeStamp : 2024-11-01 22:00:21===> API : /api/auth/validateuser ===> Message : validateUserResponse() completed
info: ===> TimeStamp : 2024-11-01 22:00:21===> API : null ===> Message : validateRequest() invoked
info: ===> TimeStamp : 2024-11-01 22:00:21===> API : null ===> Message : fetchDBSettings()
info: ===> TimeStamp : 2024-11-01 22:00:21===> API : null ===> Message : validateRequest() Invoked!
info: ===> TimeStamp : 2024-11-01 22:00:21===> API : null ===> Message : validRequest() :: Api validated Successfully
info: ===> TimeStamp : 2024-11-01 22:00:21===> API : /api/auth/checkIP ===> Message : checkIP() invoked!!
info: ===> TimeStamp : 2024-11-01 22:00:21===> API : /api/auth/checkIP ===> Message : IPs match: 103.225.102.194
info: ===> TimeStamp : 2024-11-01 22:00:21===> API : /api/auth/checkIP ===> Message : checkIPResponse() invoked!
info: ===> TimeStamp : 2024-11-01 22:00:21===> API : /api/auth/checkIP ===> Message : checkIPResponse() completed
info: ===> TimeStamp : 2024-11-01 22:00:21===> API : null ===> Message : validateRequest() invoked
info: ===> TimeStamp : 2024-11-01 22:00:21===> API : null ===> Message : fetchDBSettings()
info: ===> TimeStamp : 2024-11-01 22:00:21===> API : null ===> Message : validateRequest() Invoked!
info: ===> TimeStamp : 2024-11-01 22:00:21===> API : null ===> Message : validRequest() :: Api validated Successfully
info: ===> TimeStamp : 2024-11-01 22:00:21===> API : /api/auth/login ===> Message : loginUser() invoked!!
info: ===> TimeStamp : 2024-11-01 22:00:21===> API : /api/auth/login ===> Message : loginUser() :: Request Object :: [object Object]
info: ===> TimeStamp : 2024-11-01 22:00:21===> API : /api/auth/login ===> Message : loginUserDB() Invoked !
info: ===> TimeStamp : 2024-11-01 22:00:21===> API : /api/auth/login ===> Message : loginUserResponse() invoked!
info: ===> TimeStamp : 2024-11-01 22:00:21===> API : /api/auth/login ===> Message : loginUserResponse() completed
info: ===> TimeStamp : 2024-11-01 22:06:42===> API : null ===> Message : validateRequest() invoked
info: ===> TimeStamp : 2024-11-01 22:06:42===> API : null ===> Message : fetchDBSettings()
info: ===> TimeStamp : 2024-11-01 22:06:42===> API : null ===> Message : validateRequest() Invoked!
info: ===> TimeStamp : 2024-11-01 22:06:42===> API : null ===> Message : validRequest() :: Api validated Successfully
info: ===> TimeStamp : 2024-11-01 22:06:42===> API : /api/auth/validateuser ===> Message : validateUser() invoked!!
info: ===> TimeStamp : 2024-11-01 22:06:42===> API : /api/auth/validateuser ===> Message : validateUser() :: Request Object :: [object Object]
info: ===> TimeStamp : 2024-11-01 22:06:42===> API : /api/auth/validateuser ===> Message : validateUserDB() Invoked !
info: ===> TimeStamp : 2024-11-01 22:06:42===> API : /api/auth/validateuser ===> Message : validateUserResponse() invoked!
info: ===> TimeStamp : 2024-11-01 22:06:42===> API : /api/auth/validateuser ===> Message : validateUserResponse() completed
info: ===> TimeStamp : 2024-11-01 22:06:43===> API : null ===> Message : validateRequest() invoked
info: ===> TimeStamp : 2024-11-01 22:06:43===> API : null ===> Message : fetchDBSettings()
info: ===> TimeStamp : 2024-11-01 22:06:43===> API : null ===> Message : validateRequest() Invoked!
info: ===> TimeStamp : 2024-11-01 22:06:43===> API : null ===> Message : validRequest() :: Api validated Successfully
info: ===> TimeStamp : 2024-11-01 22:06:43===> API : /api/auth/login ===> Message : loginUser() invoked!!
info: ===> TimeStamp : 2024-11-01 22:06:43===> API : /api/auth/login ===> Message : loginUser() :: Request Object :: [object Object]
info: ===> TimeStamp : 2024-11-01 22:06:43===> API : /api/auth/login ===> Message : loginUserDB() Invoked !
info: ===> TimeStamp : 2024-11-01 22:06:43===> API : /api/auth/login ===> Message : loginUserResponse() invoked!
info: ===> TimeStamp : 2024-11-01 22:06:43===> API : /api/auth/login ===> Message : loginUserResponse() completed
info: ===> TimeStamp : 2024-11-01 22:30:00===> API : null ===> Message : validateRequest() invoked
info: ===> TimeStamp : 2024-11-01 22:30:00===> API : null ===> Message : fetchDBSettings()
info: ===> TimeStamp : 2024-11-01 22:30:00===> API : null ===> Message : validateRequest() Invoked!
info: ===> TimeStamp : 2024-11-01 22:30:00===> API : null ===> Message : validRequest() :: Api validated Successfully
info: ===> TimeStamp : 2024-11-01 22:30:00===> API : /api/auth/validateuser ===> Message : validateUser() invoked!!
info: ===> TimeStamp : 2024-11-01 22:30:00===> API : /api/auth/validateuser ===> Message : validateUser() :: Request Object :: [object Object]
info: ===> TimeStamp : 2024-11-01 22:30:00===> API : /api/auth/validateuser ===> Message : validateUserDB() Invoked !
info: ===> TimeStamp : 2024-11-01 22:30:00===> API : /api/auth/validateuser ===> Message : validateUserResponse() invoked!
info: ===> TimeStamp : 2024-11-01 22:30:00===> API : /api/auth/validateuser ===> Message : validateUserResponse() completed
info: ===> TimeStamp : 2024-11-01 22:30:00===> API : null ===> Message : validateRequest() invoked
info: ===> TimeStamp : 2024-11-01 22:30:00===> API : null ===> Message : fetchDBSettings()
info: ===> TimeStamp : 2024-11-01 22:30:00===> API : null ===> Message : validateRequest() Invoked!
info: ===> TimeStamp : 2024-11-01 22:30:00===> API : null ===> Message : validRequest() :: Api validated Successfully
info: ===> TimeStamp : 2024-11-01 22:30:00===> API : /api/auth/login ===> Message : loginUser() invoked!!
info: ===> TimeStamp : 2024-11-01 22:30:00===> API : /api/auth/login ===> Message : loginUser() :: Request Object :: [object Object]
info: ===> TimeStamp : 2024-11-01 22:30:00===> API : /api/auth/login ===> Message : loginUserDB() Invoked !
info: ===> TimeStamp : 2024-11-01 22:30:00===> API : /api/auth/login ===> Message : loginUserResponse() invoked!
info: ===> TimeStamp : 2024-11-01 22:30:00===> API : /api/auth/login ===> Message : loginUserResponse() completed
info: ===> TimeStamp : 2024-11-01 22:41:39===> API : null ===> Message : validateRequest() invoked
info: ===> TimeStamp : 2024-11-01 22:41:39===> API : null ===> Message : fetchDBSettings()
info: ===> TimeStamp : 2024-11-01 22:41:39===> API : null ===> Message : validateRequest() Invoked!
info: ===> TimeStamp : 2024-11-01 22:41:39===> API : null ===> Message : validRequest() :: Api validated Successfully
info: ===> TimeStamp : 2024-11-01 22:41:39===> API : /api/auth/validateuser ===> Message : validateUser() invoked!!
info: ===> TimeStamp : 2024-11-01 22:41:39===> API : /api/auth/validateuser ===> Message : validateUser() :: Request Object :: [object Object]
info: ===> TimeStamp : 2024-11-01 22:41:39===> API : /api/auth/validateuser ===> Message : validateUserDB() Invoked !
info: ===> TimeStamp : 2024-11-01 22:41:39===> API : /api/auth/validateuser ===> Message : validateUserResponse() invoked!
info: ===> TimeStamp : 2024-11-01 22:41:39===> API : /api/auth/validateuser ===> Message : validateUserResponse() completed
info: ===> TimeStamp : 2024-11-01 22:41:39===> API : null ===> Message : validateRequest() invoked
info: ===> TimeStamp : 2024-11-01 22:41:39===> API : null ===> Message : fetchDBSettings()
info: ===> TimeStamp : 2024-11-01 22:41:39===> API : null ===> Message : validateRequest() Invoked!
info: ===> TimeStamp : 2024-11-01 22:41:39===> API : null ===> Message : validRequest() :: Api validated Successfully
info: ===> TimeStamp : 2024-11-01 22:41:39===> API : /api/auth/login ===> Message : loginUser() invoked!!
info: ===> TimeStamp : 2024-11-01 22:41:39===> API : /api/auth/login ===> Message : loginUser() :: Request Object :: [object Object]
info: ===> TimeStamp : 2024-11-01 22:41:39===> API : /api/auth/login ===> Message : loginUserDB() Invoked !
info: ===> TimeStamp : 2024-11-01 22:41:39===> API : /api/auth/login ===> Message : loginUserResponse() invoked!
info: ===> TimeStamp : 2024-11-01 22:41:39===> API : /api/auth/login ===> Message : loginUserResponse() completed
info: ===> TimeStamp : 2024-11-01 22:42:40===> API : null ===> Message : validateRequest() invoked
info: ===> TimeStamp : 2024-11-01 22:42:40===> API : null ===> Message : fetchDBSettings()
info: ===> TimeStamp : 2024-11-01 22:42:40===> API : null ===> Message : validateRequest() Invoked!
info: ===> TimeStamp : 2024-11-01 22:42:40===> API : null ===> Message : validRequest() :: Api validated Successfully
info: ===> TimeStamp : 2024-11-01 22:42:40===> API : /api/auth/validateuser ===> Message : validateUser() invoked!!
info: ===> TimeStamp : 2024-11-01 22:42:40===> API : /api/auth/validateuser ===> Message : validateUser() :: Request Object :: [object Object]
info: ===> TimeStamp : 2024-11-01 22:42:40===> API : /api/auth/validateuser ===> Message : validateUserDB() Invoked !
info: ===> TimeStamp : 2024-11-01 22:42:40===> API : /api/auth/validateuser ===> Message : validateUserResponse() invoked!
info: ===> TimeStamp : 2024-11-01 22:42:40===> API : /api/auth/validateuser ===> Message : validateUserResponse() completed
info: ===> TimeStamp : 2024-11-01 22:42:40===> API : null ===> Message : validateRequest() invoked
info: ===> TimeStamp : 2024-11-01 22:42:40===> API : null ===> Message : fetchDBSettings()
info: ===> TimeStamp : 2024-11-01 22:42:40===> API : null ===> Message : validateRequest() Invoked!
info: ===> TimeStamp : 2024-11-01 22:42:40===> API : null ===> Message : validRequest() :: Api validated Successfully
info: ===> TimeStamp : 2024-11-01 22:42:40===> API : /api/auth/login ===> Message : loginUser() invoked!!
info: ===> TimeStamp : 2024-11-01 22:42:40===> API : /api/auth/login ===> Message : loginUser() :: Request Object :: [object Object]
info: ===> TimeStamp : 2024-11-01 22:42:40===> API : /api/auth/login ===> Message : loginUserDB() Invoked !
info: ===> TimeStamp : 2024-11-01 22:42:40===> API : /api/auth/login ===> Message : loginUserResponse() invoked!
info: ===> TimeStamp : 2024-11-01 22:42:40===> API : /api/auth/login ===> Message : loginUserResponse() completed
info: ===> TimeStamp : 2024-11-01 22:50:45===> API : null ===> Message : validateRequest() invoked
info: ===> TimeStamp : 2024-11-01 22:50:45===> API : null ===> Message : fetchDBSettings()
info: ===> TimeStamp : 2024-11-01 22:50:45===> API : null ===> Message : validateRequest() Invoked!
info: ===> TimeStamp : 2024-11-01 22:50:45===> API : null ===> Message : validRequest() :: Api validated Successfully
info: ===> TimeStamp : 2024-11-01 22:50:45===> API : /api/auth/logout ===> Message : logoutUser() :: Request Object :: [object Object]
info: ===> TimeStamp : 2024-11-01 22:50:45===> API : /api/auth/logout ===> Message : logoutUser() invoked!!
info: ===> TimeStamp : 2024-11-01 22:50:45===> API : /api/auth/logout ===> Message : logoutUserDB() Invoked !
info: ===> TimeStamp : 2024-11-01 22:50:45===> API : /api/auth/logout ===> Message : logoutUserResponse() invoked!
info: ===> TimeStamp : 2024-11-01 22:50:45===> API : /api/auth/logout ===> Message : logoutUserResponse() completed
info: ===> TimeStamp : 2024-11-01 22:50:49===> API : null ===> Message : validateRequest() invoked
info: ===> TimeStamp : 2024-11-01 22:50:49===> API : null ===> Message : fetchDBSettings()
info: ===> TimeStamp : 2024-11-01 22:50:49===> API : null ===> Message : validateRequest() Invoked!
info: ===> TimeStamp : 2024-11-01 22:50:49===> API : null ===> Message : validRequest() :: Api validated Successfully
info: ===> TimeStamp : 2024-11-01 22:50:49===> API : /api/auth/validateuser ===> Message : validateUser() invoked!!
info: ===> TimeStamp : 2024-11-01 22:50:49===> API : /api/auth/validateuser ===> Message : validateUser() :: Request Object :: [object Object]
info: ===> TimeStamp : 2024-11-01 22:50:49===> API : /api/auth/validateuser ===> Message : validateUserDB() Invoked !
info: ===> TimeStamp : 2024-11-01 22:50:49===> API : /api/auth/validateuser ===> Message : validateUserResponse() invoked!
info: ===> TimeStamp : 2024-11-01 22:50:49===> API : /api/auth/validateuser ===> Message : validateUserResponse() completed
info: ===> TimeStamp : 2024-11-01 22:50:49===> API : null ===> Message : validateRequest() invoked
info: ===> TimeStamp : 2024-11-01 22:50:49===> API : null ===> Message : fetchDBSettings()
info: ===> TimeStamp : 2024-11-01 22:50:49===> API : null ===> Message : validateRequest() Invoked!
info: ===> TimeStamp : 2024-11-01 22:50:49===> API : null ===> Message : validRequest() :: Api validated Successfully
info: ===> TimeStamp : 2024-11-01 22:50:49===> API : /api/auth/login ===> Message : loginUser() invoked!!
info: ===> TimeStamp : 2024-11-01 22:50:49===> API : /api/auth/login ===> Message : loginUser() :: Request Object :: [object Object]
info: ===> TimeStamp : 2024-11-01 22:50:49===> API : /api/auth/login ===> Message : loginUserDB() Invoked !
info: ===> TimeStamp : 2024-11-01 22:50:49===> API : /api/auth/login ===> Message : loginUserResponse() invoked!
info: ===> TimeStamp : 2024-11-01 22:50:49===> API : /api/auth/login ===> Message : loginUserResponse() completed
info: ===> TimeStamp : 2024-11-01 22:59:03===> API : null ===> Message : validateRequest() invoked
info: ===> TimeStamp : 2024-11-01 22:59:03===> API : null ===> Message : fetchDBSettings()
info: ===> TimeStamp : 2024-11-01 22:59:03===> API : null ===> Message : validateRequest() Invoked!
info: ===> TimeStamp : 2024-11-01 22:59:03===> API : null ===> Message : validRequest() :: Api validated Successfully
info: ===> TimeStamp : 2024-11-01 22:59:03===> API : /api/auth/validateuser ===> Message : validateUser() invoked!!
info: ===> TimeStamp : 2024-11-01 22:59:03===> API : /api/auth/validateuser ===> Message : validateUser() :: Request Object :: [object Object]
info: ===> TimeStamp : 2024-11-01 22:59:03===> API : /api/auth/validateuser ===> Message : validateUserDB() Invoked !
info: ===> TimeStamp : 2024-11-01 22:59:03===> API : /api/auth/validateuser ===> Message : validateUserResponse() invoked!
info: ===> TimeStamp : 2024-11-01 22:59:03===> API : /api/auth/validateuser ===> Message : validateUserResponse() completed
info: ===> TimeStamp : 2024-11-01 22:59:03===> API : null ===> Message : validateRequest() invoked
info: ===> TimeStamp : 2024-11-01 22:59:03===> API : null ===> Message : fetchDBSettings()
info: ===> TimeStamp : 2024-11-01 22:59:03===> API : null ===> Message : validateRequest() Invoked!
info: ===> TimeStamp : 2024-11-01 22:59:03===> API : null ===> Message : validRequest() :: Api validated Successfully
info: ===> TimeStamp : 2024-11-01 22:59:03===> API : /api/auth/login ===> Message : loginUser() invoked!!
info: ===> TimeStamp : 2024-11-01 22:59:03===> API : /api/auth/login ===> Message : loginUser() :: Request Object :: [object Object]
info: ===> TimeStamp : 2024-11-01 22:59:03===> API : /api/auth/login ===> Message : loginUserDB() Invoked !
info: ===> TimeStamp : 2024-11-01 22:59:03===> API : /api/auth/login ===> Message : loginUserResponse() invoked!
info: ===> TimeStamp : 2024-11-01 22:59:03===> API : /api/auth/login ===> Message : loginUserResponse() completed
info: ===> TimeStamp : 2024-11-01 23:23:34===> API : null ===> Message : validateRequest() invoked
info: ===> TimeStamp : 2024-11-01 23:23:34===> API : null ===> Message : fetchDBSettings()
info: ===> TimeStamp : 2024-11-01 23:23:34===> API : null ===> Message : validateRequest() Invoked!
info: ===> TimeStamp : 2024-11-01 23:23:34===> API : null ===> Message : validRequest() :: Api validated Successfully
info: ===> TimeStamp : 2024-11-01 23:23:34===> API : /api/auth/validateuser ===> Message : validateUser() :: Request Object :: [object Object]
info: ===> TimeStamp : 2024-11-01 23:23:34===> API : /api/auth/validateuser ===> Message : validateUser() invoked!!
info: ===> TimeStamp : 2024-11-01 23:23:34===> API : /api/auth/validateuser ===> Message : validateUserDB() Invoked !
info: ===> TimeStamp : 2024-11-01 23:23:34===> API : /api/auth/validateuser ===> Message : validateUserResponse() invoked!
info: ===> TimeStamp : 2024-11-01 23:23:34===> API : /api/auth/validateuser ===> Message : validateUserResponse() completed
info: ===> TimeStamp : 2024-11-01 23:23:36===> API : null ===> Message : validateRequest() invoked
info: ===> TimeStamp : 2024-11-01 23:23:36===> API : null ===> Message : fetchDBSettings()
info: ===> TimeStamp : 2024-11-01 23:23:36===> API : null ===> Message : validateRequest() Invoked!
info: ===> TimeStamp : 2024-11-01 23:23:36===> API : null ===> Message : validRequest() :: Api validated Successfully
info: ===> TimeStamp : 2024-11-01 23:23:36===> API : /api/auth/login ===> Message : loginUser() invoked!!
info: ===> TimeStamp : 2024-11-01 23:23:36===> API : /api/auth/login ===> Message : loginUser() :: Request Object :: [object Object]
info: ===> TimeStamp : 2024-11-01 23:23:36===> API : /api/auth/login ===> Message : loginUserDB() Invoked !
info: ===> TimeStamp : 2024-11-01 23:23:36===> API : /api/auth/login ===> Message : loginUserResponse() invoked!
info: ===> TimeStamp : 2024-11-01 23:23:36===> API : /api/auth/login ===> Message : loginUserResponse() completed
info: ===> TimeStamp : 2024-11-01 23:28:39===> API : null ===> Message : fetchDBSettings()
info: ===> TimeStamp : 2024-11-01 23:28:39===> API : null ===> Message : validateRequest() invoked
info: ===> TimeStamp : 2024-11-01 23:28:39===> API : null ===> Message : validateRequest() Invoked!
info: ===> TimeStamp : 2024-11-01 23:28:39===> API : null ===> Message : validRequest() :: Api validated Successfully
info: ===> TimeStamp : 2024-11-01 23:28:39===> API : /api/auth/logout ===> Message : logoutUser() invoked!!
info: ===> TimeStamp : 2024-11-01 23:28:39===> API : /api/auth/logout ===> Message : logoutUser() :: Request Object :: [object Object]
info: ===> TimeStamp : 2024-11-01 23:28:39===> API : /api/auth/logout ===> Message : logoutUserDB() Invoked !
info: ===> TimeStamp : 2024-11-01 23:28:39===> API : /api/auth/logout ===> Message : logoutUserResponse() invoked!
info: ===> TimeStamp : 2024-11-01 23:28:39===> API : /api/auth/logout ===> Message : logoutUserResponse() completed
info: ===> TimeStamp : 2024-11-01 23:28:49===> API : null ===> Message : validateRequest() invoked
info: ===> TimeStamp : 2024-11-01 23:28:49===> API : null ===> Message : fetchDBSettings()
info: ===> TimeStamp : 2024-11-01 23:28:49===> API : null ===> Message : validateRequest() Invoked!
info: ===> TimeStamp : 2024-11-01 23:28:49===> API : null ===> Message : validRequest() :: Api validated Successfully
info: ===> TimeStamp : 2024-11-01 23:28:49===> API : /api/auth/validateuser ===> Message : validateUser() invoked!!
info: ===> TimeStamp : 2024-11-01 23:28:49===> API : /api/auth/validateuser ===> Message : validateUser() :: Request Object :: [object Object]
info: ===> TimeStamp : 2024-11-01 23:28:49===> API : /api/auth/validateuser ===> Message : validateUserDB() Invoked !
info: ===> TimeStamp : 2024-11-01 23:28:49===> API : /api/auth/validateuser ===> Message : validateUserResponse() invoked!
info: ===> TimeStamp : 2024-11-01 23:28:49===> API : /api/auth/validateuser ===> Message : validateUserResponse() completed
info: ===> TimeStamp : 2024-11-01 23:28:50===> API : null ===> Message : validateRequest() invoked
info: ===> TimeStamp : 2024-11-01 23:28:50===> API : null ===> Message : fetchDBSettings()
info: ===> TimeStamp : 2024-11-01 23:28:50===> API : null ===> Message : validateRequest() Invoked!
info: ===> TimeStamp : 2024-11-01 23:28:50===> API : null ===> Message : validRequest() :: Api validated Successfully
info: ===> TimeStamp : 2024-11-01 23:28:50===> API : /api/auth/checkIP ===> Message : checkIP() invoked!!
info: ===> TimeStamp : 2024-11-01 23:28:50===> API : /api/auth/checkIP ===> Message : IPs match: 103.225.102.194
info: ===> TimeStamp : 2024-11-01 23:28:50===> API : /api/auth/checkIP ===> Message : checkIPResponse() invoked!
info: ===> TimeStamp : 2024-11-01 23:28:50===> API : /api/auth/checkIP ===> Message : checkIPResponse() completed
info: ===> TimeStamp : 2024-11-01 23:28:50===> API : null ===> Message : validateRequest() invoked
info: ===> TimeStamp : 2024-11-01 23:28:50===> API : null ===> Message : fetchDBSettings()
info: ===> TimeStamp : 2024-11-01 23:28:50===> API : null ===> Message : validateRequest() Invoked!
info: ===> TimeStamp : 2024-11-01 23:28:50===> API : null ===> Message : validRequest() :: Api validated Successfully
info: ===> TimeStamp : 2024-11-01 23:28:50===> API : /api/auth/login ===> Message : loginUser() invoked!!
info: ===> TimeStamp : 2024-11-01 23:28:50===> API : /api/auth/login ===> Message : loginUser() :: Request Object :: [object Object]
info: ===> TimeStamp : 2024-11-01 23:28:50===> API : /api/auth/login ===> Message : loginUserDB() Invoked !
info: ===> TimeStamp : 2024-11-01 23:28:50===> API : /api/auth/login ===> Message : loginUserResponse() invoked!
info: ===> TimeStamp : 2024-11-01 23:28:50===> API : /api/auth/login ===> Message : loginUserResponse() completed
info: ===> TimeStamp : 2024-11-01 23:45:08===> API : null ===> Message : validateRequest() invoked
info: ===> TimeStamp : 2024-11-01 23:45:08===> API : null ===> Message : fetchDBSettings()
info: ===> TimeStamp : 2024-11-01 23:45:08===> API : null ===> Message : validateRequest() Invoked!
info: ===> TimeStamp : 2024-11-01 23:45:08===> API : null ===> Message : validRequest() :: Api validated Successfully
info: ===> TimeStamp : 2024-11-01 23:45:08===> API : /api/auth/validateuser ===> Message : validateUser() invoked!!
info: ===> TimeStamp : 2024-11-01 23:45:08===> API : /api/auth/validateuser ===> Message : validateUser() :: Request Object :: [object Object]
info: ===> TimeStamp : 2024-11-01 23:45:08===> API : /api/auth/validateuser ===> Message : validateUserDB() Invoked !
info: ===> TimeStamp : 2024-11-01 23:45:08===> API : /api/auth/validateuser ===> Message : validateUserDB() :: Error :: {"code":"ER_SIGNAL_EXCEPTION","errno":1644,"sqlState":"10005","sqlMessage":"User Does Not Exist","sql":"CALL usp_validate_user('Jash', '1234')"}
info: ===> TimeStamp : 2024-11-01 23:45:08===> API : /api/auth/validateuser ===> Message : validateUserDBResult :: Error :: {"ErrorCode":10005,"ErrorMessage":"User Does Not Exist"}
info: ===> TimeStamp : 2024-11-01 23:45:08===> API : /api/auth/validateuser ===> Message : validateUserResponse() invoked!
info: ===> TimeStamp : 2024-11-01 23:45:08===> API : /api/auth/validateuser ===> Message : validateUserResponse() completed
info: ===> TimeStamp : 2024-11-02 00:06:51===> API : null ===> Message : validateRequest() invoked
info: ===> TimeStamp : 2024-11-02 00:06:51===> API : null ===> Message : fetchDBSettings()
info: ===> TimeStamp : 2024-11-02 00:06:51===> API : null ===> Message : validateRequest() Invoked!
info: ===> TimeStamp : 2024-11-02 00:06:51===> API : null ===> Message : validRequest() :: Api validated Successfully
info: ===> TimeStamp : 2024-11-02 00:06:51===> API : /api/auth/logout ===> Message : logoutUser() invoked!!
info: ===> TimeStamp : 2024-11-02 00:06:51===> API : /api/auth/logout ===> Message : logoutUser() :: Request Object :: [object Object]
info: ===> TimeStamp : 2024-11-02 00:06:51===> API : /api/auth/logout ===> Message : logoutUserDB() Invoked !
info: ===> TimeStamp : 2024-11-02 00:06:51===> API : /api/auth/logout ===> Message : logoutUserResponse() invoked!
info: ===> TimeStamp : 2024-11-02 00:06:51===> API : /api/auth/logout ===> Message : logoutUserResponse() completed
info: ===> TimeStamp : 2024-11-02 00:06:57===> API : null ===> Message : validateRequest() invoked
info: ===> TimeStamp : 2024-11-02 00:06:57===> API : null ===> Message : fetchDBSettings()
info: ===> TimeStamp : 2024-11-02 00:06:57===> API : null ===> Message : validateRequest() Invoked!
info: ===> TimeStamp : 2024-11-02 00:06:57===> API : null ===> Message : validRequest() :: Api validated Successfully
info: ===> TimeStamp : 2024-11-02 00:06:57===> API : /api/auth/validateuser ===> Message : validateUser() invoked!!
info: ===> TimeStamp : 2024-11-02 00:06:57===> API : /api/auth/validateuser ===> Message : validateUser() :: Request Object :: [object Object]
info: ===> TimeStamp : 2024-11-02 00:06:57===> API : /api/auth/validateuser ===> Message : validateUserDB() Invoked !
info: ===> TimeStamp : 2024-11-02 00:06:57===> API : /api/auth/validateuser ===> Message : validateUserResponse() invoked!
info: ===> TimeStamp : 2024-11-02 00:06:57===> API : /api/auth/validateuser ===> Message : validateUserResponse() completed
info: ===> TimeStamp : 2024-11-02 00:06:57===> API : null ===> Message : validateRequest() invoked
info: ===> TimeStamp : 2024-11-02 00:06:57===> API : null ===> Message : fetchDBSettings()
info: ===> TimeStamp : 2024-11-02 00:06:58===> API : null ===> Message : validateRequest() Invoked!
info: ===> TimeStamp : 2024-11-02 00:06:58===> API : null ===> Message : validRequest() :: Api validated Successfully
info: ===> TimeStamp : 2024-11-02 00:06:58===> API : /api/auth/checkIP ===> Message : checkIP() invoked!!
info: ===> TimeStamp : 2024-11-02 00:06:58===> API : /api/auth/checkIP ===> Message : IPs match: 103.225.102.194
info: ===> TimeStamp : 2024-11-02 00:06:58===> API : /api/auth/checkIP ===> Message : checkIPResponse() invoked!
info: ===> TimeStamp : 2024-11-02 00:06:58===> API : /api/auth/checkIP ===> Message : checkIPResponse() completed
info: ===> TimeStamp : 2024-11-02 00:06:58===> API : null ===> Message : validateRequest() invoked
info: ===> TimeStamp : 2024-11-02 00:06:58===> API : null ===> Message : fetchDBSettings()
info: ===> TimeStamp : 2024-11-02 00:06:58===> API : null ===> Message : validateRequest() Invoked!
info: ===> TimeStamp : 2024-11-02 00:06:58===> API : null ===> Message : validRequest() :: Api validated Successfully
info: ===> TimeStamp : 2024-11-02 00:06:58===> API : /api/auth/login ===> Message : loginUser() invoked!!
info: ===> TimeStamp : 2024-11-02 00:06:58===> API : /api/auth/login ===> Message : loginUser() :: Request Object :: [object Object]
info: ===> TimeStamp : 2024-11-02 00:06:58===> API : /api/auth/login ===> Message : loginUserDB() Invoked !
info: ===> TimeStamp : 2024-11-02 00:06:58===> API : /api/auth/login ===> Message : loginUserResponse() invoked!
info: ===> TimeStamp : 2024-11-02 00:06:58===> API : /api/auth/login ===> Message : loginUserResponse() completed
info: ===> TimeStamp : 2024-11-02 00:24:40===> API : null ===> Message : validateRequest() invoked
info: ===> TimeStamp : 2024-11-02 00:24:40===> API : null ===> Message : fetchDBSettings()
info: ===> TimeStamp : 2024-11-02 00:24:40===> API : null ===> Message : validateRequest() Invoked!
info: ===> TimeStamp : 2024-11-02 00:24:40===> API : null ===> Message : validRequest() :: Api validated Successfully
info: ===> TimeStamp : 2024-11-02 00:24:40===> API : /api/auth/logout ===> Message : logoutUser() invoked!!
info: ===> TimeStamp : 2024-11-02 00:24:40===> API : /api/auth/logout ===> Message : logoutUser() :: Request Object :: [object Object]
info: ===> TimeStamp : 2024-11-02 00:24:40===> API : /api/auth/logout ===> Message : logoutUserDB() Invoked !
info: ===> TimeStamp : 2024-11-02 00:24:40===> API : /api/auth/logout ===> Message : logoutUserResponse() invoked!
info: ===> TimeStamp : 2024-11-02 00:24:40===> API : /api/auth/logout ===> Message : logoutUserResponse() completed
info: ===> TimeStamp : 2024-11-02 00:24:40===> API : null ===> Message : validateRequest() invoked
info: ===> TimeStamp : 2024-11-02 00:24:40===> API : null ===> Message : fetchDBSettings()
info: ===> TimeStamp : 2024-11-02 00:24:40===> API : null ===> Message : validateRequest() Invoked!
info: ===> TimeStamp : 2024-11-02 00:24:40===> API : null ===> Message : validateRequest() :: Error :: Helper {"code":"ER_SIGNAL_EXCEPTION","errno":1644,"sqlState":"10003","sqlMessage":"Invalid User Credentials","sql":"CALL usp_validate_request(\n              '/api/auth/logout',\n              'eyJhbGciOiJIUzI1NiIsInR5cCI6IkpXVCJ9.eyJ0aW1lIjoiRnJpIE5vdiAwMSAyMDI0IDE4OjM2OjU4IEdNVCswMDAwIChDb29yZGluYXRlZCBVbml2ZXJzYWwgVGltZSkiLCJ1c2VySWQiOjE1LCJpYXQiOjE3MzA0ODYyMTh9.-NgMaBakydukVT-pJoCTx-CglCj9fLamePS34c5sYYU')"}
info: ===> TimeStamp : 2024-11-02 00:24:40===> API : null ===> Message : validateRequest() :: Error :: PP {"ErrorCode":10003,"ErrorMessage":"Invalid User Credentials"}
info: ===> TimeStamp : 2024-11-02 00:25:02===> API : null ===> Message : validateRequest() invoked
info: ===> TimeStamp : 2024-11-02 00:25:02===> API : null ===> Message : fetchDBSettings()
info: ===> TimeStamp : 2024-11-02 00:25:02===> API : null ===> Message : validateRequest() Invoked!
info: ===> TimeStamp : 2024-11-02 00:25:02===> API : null ===> Message : validateRequest() :: Error :: Helper {"code":"ER_SIGNAL_EXCEPTION","errno":1644,"sqlState":"10003","sqlMessage":"Invalid User Credentials","sql":"CALL usp_validate_request(\n              '/api/auth/logout',\n              'eyJhbGciOiJIUzI1NiIsInR5cCI6IkpXVCJ9.eyJ0aW1lIjoiRnJpIE5vdiAwMSAyMDI0IDE4OjM2OjU4IEdNVCswMDAwIChDb29yZGluYXRlZCBVbml2ZXJzYWwgVGltZSkiLCJ1c2VySWQiOjE1LCJpYXQiOjE3MzA0ODYyMTh9.-NgMaBakydukVT-pJoCTx-CglCj9fLamePS34c5sYYU')"}
info: ===> TimeStamp : 2024-11-02 00:25:02===> API : null ===> Message : validateRequest() :: Error :: PP {"ErrorCode":10003,"ErrorMessage":"Invalid User Credentials"}
info: ===> TimeStamp : 2024-11-02 00:25:04===> API : null ===> Message : validateRequest() invoked
info: ===> TimeStamp : 2024-11-02 00:25:04===> API : null ===> Message : fetchDBSettings()
info: ===> TimeStamp : 2024-11-02 00:25:04===> API : null ===> Message : validateRequest() Invoked!
info: ===> TimeStamp : 2024-11-02 00:25:04===> API : null ===> Message : validateRequest() :: Error :: Helper {"code":"ER_SIGNAL_EXCEPTION","errno":1644,"sqlState":"10003","sqlMessage":"Invalid User Credentials","sql":"CALL usp_validate_request(\n              '/api/auth/logout',\n              'eyJhbGciOiJIUzI1NiIsInR5cCI6IkpXVCJ9.eyJ0aW1lIjoiRnJpIE5vdiAwMSAyMDI0IDE4OjM2OjU4IEdNVCswMDAwIChDb29yZGluYXRlZCBVbml2ZXJzYWwgVGltZSkiLCJ1c2VySWQiOjE1LCJpYXQiOjE3MzA0ODYyMTh9.-NgMaBakydukVT-pJoCTx-CglCj9fLamePS34c5sYYU')"}
info: ===> TimeStamp : 2024-11-02 00:25:04===> API : null ===> Message : validateRequest() :: Error :: PP {"ErrorCode":10003,"ErrorMessage":"Invalid User Credentials"}
info: ===> TimeStamp : 2024-11-02 00:25:08===> API : null ===> Message : validateRequest() invoked
info: ===> TimeStamp : 2024-11-02 00:25:08===> API : null ===> Message : fetchDBSettings()
info: ===> TimeStamp : 2024-11-02 00:25:08===> API : null ===> Message : validateRequest() Invoked!
info: ===> TimeStamp : 2024-11-02 00:25:08===> API : null ===> Message : validateRequest() :: Error :: Helper {"code":"ER_SIGNAL_EXCEPTION","errno":1644,"sqlState":"10003","sqlMessage":"Invalid User Credentials","sql":"CALL usp_validate_request(\n              '/api/auth/logout',\n              'eyJhbGciOiJIUzI1NiIsInR5cCI6IkpXVCJ9.eyJ0aW1lIjoiRnJpIE5vdiAwMSAyMDI0IDE4OjM2OjU4IEdNVCswMDAwIChDb29yZGluYXRlZCBVbml2ZXJzYWwgVGltZSkiLCJ1c2VySWQiOjE1LCJpYXQiOjE3MzA0ODYyMTh9.-NgMaBakydukVT-pJoCTx-CglCj9fLamePS34c5sYYU')"}
info: ===> TimeStamp : 2024-11-02 00:25:08===> API : null ===> Message : validateRequest() :: Error :: PP {"ErrorCode":10003,"ErrorMessage":"Invalid User Credentials"}
info: ===> TimeStamp : 2024-11-02 00:25:13===> API : null ===> Message : validateRequest() invoked
info: ===> TimeStamp : 2024-11-02 00:25:13===> API : null ===> Message : fetchDBSettings()
info: ===> TimeStamp : 2024-11-02 00:25:13===> API : null ===> Message : validateRequest() Invoked!
info: ===> TimeStamp : 2024-11-02 00:25:13===> API : null ===> Message : validateRequest() :: Error :: Helper {"code":"ER_SIGNAL_EXCEPTION","errno":1644,"sqlState":"10003","sqlMessage":"Invalid User Credentials","sql":"CALL usp_validate_request(\n              '/api/auth/logout',\n              'eyJhbGciOiJIUzI1NiIsInR5cCI6IkpXVCJ9.eyJ0aW1lIjoiRnJpIE5vdiAwMSAyMDI0IDE4OjM2OjU4IEdNVCswMDAwIChDb29yZGluYXRlZCBVbml2ZXJzYWwgVGltZSkiLCJ1c2VySWQiOjE1LCJpYXQiOjE3MzA0ODYyMTh9.-NgMaBakydukVT-pJoCTx-CglCj9fLamePS34c5sYYU')"}
info: ===> TimeStamp : 2024-11-02 00:25:13===> API : null ===> Message : validateRequest() :: Error :: PP {"ErrorCode":10003,"ErrorMessage":"Invalid User Credentials"}
info: ===> TimeStamp : 2024-11-02 00:25:18===> API : null ===> Message : validateRequest() invoked
info: ===> TimeStamp : 2024-11-02 00:25:18===> API : null ===> Message : fetchDBSettings()
info: ===> TimeStamp : 2024-11-02 00:25:18===> API : null ===> Message : validateRequest() Invoked!
info: ===> TimeStamp : 2024-11-02 00:25:18===> API : null ===> Message : validateRequest() :: Error :: Helper {"code":"ER_SIGNAL_EXCEPTION","errno":1644,"sqlState":"10003","sqlMessage":"Invalid User Credentials","sql":"CALL usp_validate_request(\n              '/api/auth/logout',\n              'eyJhbGciOiJIUzI1NiIsInR5cCI6IkpXVCJ9.eyJ0aW1lIjoiRnJpIE5vdiAwMSAyMDI0IDE4OjM2OjU4IEdNVCswMDAwIChDb29yZGluYXRlZCBVbml2ZXJzYWwgVGltZSkiLCJ1c2VySWQiOjE1LCJpYXQiOjE3MzA0ODYyMTh9.-NgMaBakydukVT-pJoCTx-CglCj9fLamePS34c5sYYU')"}
info: ===> TimeStamp : 2024-11-02 00:25:18===> API : null ===> Message : validateRequest() :: Error :: PP {"ErrorCode":10003,"ErrorMessage":"Invalid User Credentials"}
info: ===> TimeStamp : 2024-11-02 00:25:28===> API : null ===> Message : validateRequest() invoked
info: ===> TimeStamp : 2024-11-02 00:25:28===> API : null ===> Message : fetchDBSettings()
info: ===> TimeStamp : 2024-11-02 00:25:28===> API : null ===> Message : validateRequest() Invoked!
info: ===> TimeStamp : 2024-11-02 00:25:28===> API : null ===> Message : validateRequest() :: Error :: Helper {"code":"ER_SIGNAL_EXCEPTION","errno":1644,"sqlState":"10003","sqlMessage":"Invalid User Credentials","sql":"CALL usp_validate_request(\n              '/api/auth/logout',\n              'eyJhbGciOiJIUzI1NiIsInR5cCI6IkpXVCJ9.eyJ0aW1lIjoiRnJpIE5vdiAwMSAyMDI0IDE4OjM2OjU4IEdNVCswMDAwIChDb29yZGluYXRlZCBVbml2ZXJzYWwgVGltZSkiLCJ1c2VySWQiOjE1LCJpYXQiOjE3MzA0ODYyMTh9.-NgMaBakydukVT-pJoCTx-CglCj9fLamePS34c5sYYU')"}
info: ===> TimeStamp : 2024-11-02 00:25:28===> API : null ===> Message : validateRequest() :: Error :: PP {"ErrorCode":10003,"ErrorMessage":"Invalid User Credentials"}
info: ===> TimeStamp : 2024-11-02 00:25:49===> API : null ===> Message : validateRequest() invoked
info: ===> TimeStamp : 2024-11-02 00:25:49===> API : null ===> Message : fetchDBSettings()
info: ===> TimeStamp : 2024-11-02 00:25:49===> API : null ===> Message : validateRequest() Invoked!
info: ===> TimeStamp : 2024-11-02 00:25:49===> API : null ===> Message : validateRequest() :: Error :: Helper {"code":"ER_SIGNAL_EXCEPTION","errno":1644,"sqlState":"10003","sqlMessage":"Invalid User Credentials","sql":"CALL usp_validate_request(\n              '/api/auth/logout',\n              'eyJhbGciOiJIUzI1NiIsInR5cCI6IkpXVCJ9.eyJ0aW1lIjoiRnJpIE5vdiAwMSAyMDI0IDE4OjM2OjU4IEdNVCswMDAwIChDb29yZGluYXRlZCBVbml2ZXJzYWwgVGltZSkiLCJ1c2VySWQiOjE1LCJpYXQiOjE3MzA0ODYyMTh9.-NgMaBakydukVT-pJoCTx-CglCj9fLamePS34c5sYYU')"}
info: ===> TimeStamp : 2024-11-02 00:25:49===> API : null ===> Message : validateRequest() :: Error :: PP {"ErrorCode":10003,"ErrorMessage":"Invalid User Credentials"}
info: ===> TimeStamp : 2024-11-02 00:26:14===> API : null ===> Message : fetchDBSettings()
info: ===> TimeStamp : 2024-11-02 00:26:14===> API : null ===> Message : validateRequest() invoked
info: ===> TimeStamp : 2024-11-02 00:26:14===> API : null ===> Message : validateRequest() Invoked!
info: ===> TimeStamp : 2024-11-02 00:26:14===> API : null ===> Message : validRequest() :: Api validated Successfully
info: ===> TimeStamp : 2024-11-02 00:26:14===> API : /api/auth/logout ===> Message : logoutUser() invoked!!
info: ===> TimeStamp : 2024-11-02 00:26:14===> API : /api/auth/logout ===> Message : logoutUser() :: Request Object :: [object Object]
info: ===> TimeStamp : 2024-11-02 00:26:14===> API : /api/auth/logout ===> Message : logoutUserDB() Invoked !
info: ===> TimeStamp : 2024-11-02 00:26:14===> API : /api/auth/logout ===> Message : logoutUserResponse() invoked!
info: ===> TimeStamp : 2024-11-02 00:26:14===> API : /api/auth/logout ===> Message : logoutUserResponse() completed
info: ===> TimeStamp : 2024-11-02 00:26:26===> API : null ===> Message : validateRequest() invoked
info: ===> TimeStamp : 2024-11-02 00:26:26===> API : null ===> Message : fetchDBSettings()
info: ===> TimeStamp : 2024-11-02 00:26:26===> API : null ===> Message : validateRequest() Invoked!
info: ===> TimeStamp : 2024-11-02 00:26:26===> API : null ===> Message : validRequest() :: Api validated Successfully
info: ===> TimeStamp : 2024-11-02 00:26:26===> API : /api/auth/validateuser ===> Message : validateUser() invoked!!
info: ===> TimeStamp : 2024-11-02 00:26:26===> API : /api/auth/validateuser ===> Message : validateUser() :: Request Object :: [object Object]
info: ===> TimeStamp : 2024-11-02 00:26:26===> API : /api/auth/validateuser ===> Message : validateUserDB() Invoked !
info: ===> TimeStamp : 2024-11-02 00:26:26===> API : /api/auth/validateuser ===> Message : validateUserResponse() invoked!
info: ===> TimeStamp : 2024-11-02 00:26:26===> API : /api/auth/validateuser ===> Message : validateUserResponse() completed
info: ===> TimeStamp : 2024-11-02 00:26:26===> API : null ===> Message : validateRequest() invoked
info: ===> TimeStamp : 2024-11-02 00:26:26===> API : null ===> Message : fetchDBSettings()
info: ===> TimeStamp : 2024-11-02 00:26:26===> API : null ===> Message : validateRequest() Invoked!
info: ===> TimeStamp : 2024-11-02 00:26:26===> API : null ===> Message : validRequest() :: Api validated Successfully
info: ===> TimeStamp : 2024-11-02 00:26:26===> API : /api/auth/checkIP ===> Message : checkIP() invoked!!
info: ===> TimeStamp : 2024-11-02 00:26:26===> API : /api/auth/checkIP ===> Message : IPs match: 103.225.102.194
info: ===> TimeStamp : 2024-11-02 00:26:26===> API : /api/auth/checkIP ===> Message : checkIPResponse() invoked!
info: ===> TimeStamp : 2024-11-02 00:26:26===> API : /api/auth/checkIP ===> Message : checkIPResponse() completed
info: ===> TimeStamp : 2024-11-02 00:26:26===> API : null ===> Message : validateRequest() invoked
info: ===> TimeStamp : 2024-11-02 00:26:26===> API : null ===> Message : fetchDBSettings()
info: ===> TimeStamp : 2024-11-02 00:26:26===> API : null ===> Message : validateRequest() Invoked!
info: ===> TimeStamp : 2024-11-02 00:26:26===> API : null ===> Message : validRequest() :: Api validated Successfully
info: ===> TimeStamp : 2024-11-02 00:26:26===> API : /api/auth/login ===> Message : loginUser() invoked!!
info: ===> TimeStamp : 2024-11-02 00:26:26===> API : /api/auth/login ===> Message : loginUser() :: Request Object :: [object Object]
info: ===> TimeStamp : 2024-11-02 00:26:26===> API : /api/auth/login ===> Message : loginUserDB() Invoked !
info: ===> TimeStamp : 2024-11-02 00:26:26===> API : /api/auth/login ===> Message : loginUserResponse() invoked!
info: ===> TimeStamp : 2024-11-02 00:26:26===> API : /api/auth/login ===> Message : loginUserResponse() completed
info: ===> TimeStamp : 2024-11-02 00:26:28===> API : null ===> Message : validateRequest() invoked
info: ===> TimeStamp : 2024-11-02 00:26:28===> API : null ===> Message : fetchDBSettings()
info: ===> TimeStamp : 2024-11-02 00:26:28===> API : null ===> Message : validateRequest() Invoked!
info: ===> TimeStamp : 2024-11-02 00:26:28===> API : null ===> Message : validRequest() :: Api validated Successfully
info: ===> TimeStamp : 2024-11-02 00:26:28===> API : /api/auth/validateuser ===> Message : validateUser() invoked!!
info: ===> TimeStamp : 2024-11-02 00:26:28===> API : /api/auth/validateuser ===> Message : validateUser() :: Request Object :: [object Object]
info: ===> TimeStamp : 2024-11-02 00:26:28===> API : /api/auth/validateuser ===> Message : validateUserDB() Invoked !
info: ===> TimeStamp : 2024-11-02 00:26:28===> API : /api/auth/validateuser ===> Message : validateUserResponse() invoked!
info: ===> TimeStamp : 2024-11-02 00:26:28===> API : /api/auth/validateuser ===> Message : validateUserResponse() completed
info: ===> TimeStamp : 2024-11-02 00:26:28===> API : null ===> Message : validateRequest() invoked
info: ===> TimeStamp : 2024-11-02 00:26:28===> API : null ===> Message : fetchDBSettings()
info: ===> TimeStamp : 2024-11-02 00:26:28===> API : null ===> Message : validateRequest() Invoked!
info: ===> TimeStamp : 2024-11-02 00:26:28===> API : null ===> Message : validRequest() :: Api validated Successfully
info: ===> TimeStamp : 2024-11-02 00:26:28===> API : /api/auth/checkIP ===> Message : checkIP() invoked!!
info: ===> TimeStamp : 2024-11-02 00:26:28===> API : /api/auth/checkIP ===> Message : IPs match: 103.225.102.194
info: ===> TimeStamp : 2024-11-02 00:26:28===> API : /api/auth/checkIP ===> Message : checkIPResponse() invoked!
info: ===> TimeStamp : 2024-11-02 00:26:28===> API : /api/auth/checkIP ===> Message : checkIPResponse() completed
info: ===> TimeStamp : 2024-11-02 00:26:28===> API : null ===> Message : validateRequest() invoked
info: ===> TimeStamp : 2024-11-02 00:26:28===> API : null ===> Message : fetchDBSettings()
info: ===> TimeStamp : 2024-11-02 00:26:28===> API : null ===> Message : validateRequest() Invoked!
info: ===> TimeStamp : 2024-11-02 00:26:28===> API : null ===> Message : validRequest() :: Api validated Successfully
info: ===> TimeStamp : 2024-11-02 00:26:28===> API : /api/auth/login ===> Message : loginUser() invoked!!
info: ===> TimeStamp : 2024-11-02 00:26:28===> API : /api/auth/login ===> Message : loginUser() :: Request Object :: [object Object]
info: ===> TimeStamp : 2024-11-02 00:26:28===> API : /api/auth/login ===> Message : loginUserDB() Invoked !
info: ===> TimeStamp : 2024-11-02 00:26:28===> API : /api/auth/login ===> Message : loginUserResponse() invoked!
info: ===> TimeStamp : 2024-11-02 00:26:28===> API : /api/auth/login ===> Message : loginUserResponse() completed
info: ===> TimeStamp : 2024-11-02 00:26:38===> API : null ===> Message : validateRequest() invoked
info: ===> TimeStamp : 2024-11-02 00:26:38===> API : null ===> Message : fetchDBSettings()
info: ===> TimeStamp : 2024-11-02 00:26:38===> API : null ===> Message : validateRequest() Invoked!
info: ===> TimeStamp : 2024-11-02 00:26:38===> API : null ===> Message : validRequest() :: Api validated Successfully
info: ===> TimeStamp : 2024-11-02 00:26:38===> API : /api/auth/logout ===> Message : logoutUser() invoked!!
info: ===> TimeStamp : 2024-11-02 00:26:38===> API : /api/auth/logout ===> Message : logoutUser() :: Request Object :: [object Object]
info: ===> TimeStamp : 2024-11-02 00:26:38===> API : /api/auth/logout ===> Message : logoutUserDB() Invoked !
info: ===> TimeStamp : 2024-11-02 00:26:38===> API : /api/auth/logout ===> Message : logoutUserResponse() invoked!
info: ===> TimeStamp : 2024-11-02 00:26:38===> API : /api/auth/logout ===> Message : logoutUserResponse() completed
info: ===> TimeStamp : 2024-11-02 00:26:43===> API : null ===> Message : validateRequest() invoked
info: ===> TimeStamp : 2024-11-02 00:26:43===> API : null ===> Message : fetchDBSettings()
info: ===> TimeStamp : 2024-11-02 00:26:43===> API : null ===> Message : validateRequest() Invoked!
info: ===> TimeStamp : 2024-11-02 00:26:43===> API : null ===> Message : validRequest() :: Api validated Successfully
info: ===> TimeStamp : 2024-11-02 00:26:43===> API : /api/auth/logout ===> Message : logoutUser() invoked!!
info: ===> TimeStamp : 2024-11-02 00:26:43===> API : /api/auth/logout ===> Message : logoutUser() :: Request Object :: [object Object]
info: ===> TimeStamp : 2024-11-02 00:26:43===> API : /api/auth/logout ===> Message : logoutUserDB() Invoked !
info: ===> TimeStamp : 2024-11-02 00:26:44===> API : /api/auth/logout ===> Message : logoutUserResponse() invoked!
info: ===> TimeStamp : 2024-11-02 00:26:44===> API : /api/auth/logout ===> Message : logoutUserResponse() completed
info: ===> TimeStamp : 2024-11-02 00:26:44===> API : null ===> Message : validateRequest() invoked
info: ===> TimeStamp : 2024-11-02 00:26:44===> API : null ===> Message : fetchDBSettings()
info: ===> TimeStamp : 2024-11-02 00:26:44===> API : null ===> Message : validateRequest() Invoked!
info: ===> TimeStamp : 2024-11-02 00:26:44===> API : null ===> Message : validRequest() :: Api validated Successfully
info: ===> TimeStamp : 2024-11-02 00:26:44===> API : /api/auth/validateuser ===> Message : validateUser() invoked!!
info: ===> TimeStamp : 2024-11-02 00:26:44===> API : /api/auth/validateuser ===> Message : validateUser() :: Request Object :: [object Object]
info: ===> TimeStamp : 2024-11-02 00:26:44===> API : /api/auth/validateuser ===> Message : validateUserDB() Invoked !
info: ===> TimeStamp : 2024-11-02 00:26:44===> API : /api/auth/validateuser ===> Message : validateUserResponse() invoked!
info: ===> TimeStamp : 2024-11-02 00:26:44===> API : /api/auth/validateuser ===> Message : validateUserResponse() completed
info: ===> TimeStamp : 2024-11-02 00:26:44===> API : null ===> Message : validateRequest() invoked
info: ===> TimeStamp : 2024-11-02 00:26:44===> API : null ===> Message : fetchDBSettings()
info: ===> TimeStamp : 2024-11-02 00:26:44===> API : null ===> Message : validateRequest() Invoked!
info: ===> TimeStamp : 2024-11-02 00:26:44===> API : null ===> Message : validRequest() :: Api validated Successfully
info: ===> TimeStamp : 2024-11-02 00:26:44===> API : /api/auth/checkIP ===> Message : IPs match: 103.225.102.194
info: ===> TimeStamp : 2024-11-02 00:26:44===> API : /api/auth/checkIP ===> Message : checkIPResponse() invoked!
info: ===> TimeStamp : 2024-11-02 00:26:44===> API : /api/auth/checkIP ===> Message : checkIP() invoked!!
info: ===> TimeStamp : 2024-11-02 00:26:44===> API : /api/auth/checkIP ===> Message : checkIPResponse() completed
info: ===> TimeStamp : 2024-11-02 00:26:44===> API : null ===> Message : validateRequest() invoked
info: ===> TimeStamp : 2024-11-02 00:26:44===> API : null ===> Message : fetchDBSettings()
info: ===> TimeStamp : 2024-11-02 00:26:44===> API : null ===> Message : validateRequest() Invoked!
info: ===> TimeStamp : 2024-11-02 00:26:44===> API : null ===> Message : validRequest() :: Api validated Successfully
info: ===> TimeStamp : 2024-11-02 00:26:44===> API : /api/auth/login ===> Message : loginUser() invoked!!
info: ===> TimeStamp : 2024-11-02 00:26:44===> API : /api/auth/login ===> Message : loginUser() :: Request Object :: [object Object]
info: ===> TimeStamp : 2024-11-02 00:26:44===> API : /api/auth/login ===> Message : loginUserDB() Invoked !
info: ===> TimeStamp : 2024-11-02 00:26:44===> API : /api/auth/login ===> Message : loginUserResponse() invoked!
info: ===> TimeStamp : 2024-11-02 00:26:44===> API : /api/auth/login ===> Message : loginUserResponse() completed
info: ===> TimeStamp : 2024-11-02 00:26:51===> API : null ===> Message : validateRequest() invoked
info: ===> TimeStamp : 2024-11-02 00:26:51===> API : null ===> Message : fetchDBSettings()
info: ===> TimeStamp : 2024-11-02 00:26:51===> API : null ===> Message : validateRequest() Invoked!
info: ===> TimeStamp : 2024-11-02 00:26:51===> API : /api/auth/validateuser ===> Message : validateUser() invoked!!
info: ===> TimeStamp : 2024-11-02 00:26:51===> API : /api/auth/validateuser ===> Message : validateUser() :: Request Object :: [object Object]
info: ===> TimeStamp : 2024-11-02 00:26:51===> API : null ===> Message : validRequest() :: Api validated Successfully
info: ===> TimeStamp : 2024-11-02 00:26:51===> API : /api/auth/validateuser ===> Message : validateUserDB() Invoked !
info: ===> TimeStamp : 2024-11-02 00:26:51===> API : /api/auth/validateuser ===> Message : validateUserResponse() invoked!
info: ===> TimeStamp : 2024-11-02 00:26:51===> API : /api/auth/validateuser ===> Message : validateUserResponse() completed
info: ===> TimeStamp : 2024-11-02 00:26:52===> API : null ===> Message : validateRequest() invoked
info: ===> TimeStamp : 2024-11-02 00:26:52===> API : null ===> Message : fetchDBSettings()
info: ===> TimeStamp : 2024-11-02 00:26:52===> API : null ===> Message : validateRequest() Invoked!
info: ===> TimeStamp : 2024-11-02 00:26:52===> API : null ===> Message : validRequest() :: Api validated Successfully
info: ===> TimeStamp : 2024-11-02 00:26:52===> API : /api/auth/checkIP ===> Message : checkIP() invoked!!
info: ===> TimeStamp : 2024-11-02 00:26:52===> API : /api/auth/checkIP ===> Message : IPs match: 103.225.102.194
info: ===> TimeStamp : 2024-11-02 00:26:52===> API : /api/auth/checkIP ===> Message : checkIPResponse() invoked!
info: ===> TimeStamp : 2024-11-02 00:26:52===> API : /api/auth/checkIP ===> Message : checkIPResponse() completed
info: ===> TimeStamp : 2024-11-02 00:26:52===> API : null ===> Message : validateRequest() invoked
info: ===> TimeStamp : 2024-11-02 00:26:52===> API : null ===> Message : fetchDBSettings()
info: ===> TimeStamp : 2024-11-02 00:26:52===> API : null ===> Message : validateRequest() Invoked!
info: ===> TimeStamp : 2024-11-02 00:26:52===> API : null ===> Message : validRequest() :: Api validated Successfully
info: ===> TimeStamp : 2024-11-02 00:26:52===> API : /api/auth/login ===> Message : loginUser() invoked!!
info: ===> TimeStamp : 2024-11-02 00:26:52===> API : /api/auth/login ===> Message : loginUser() :: Request Object :: [object Object]
info: ===> TimeStamp : 2024-11-02 00:26:52===> API : /api/auth/login ===> Message : loginUserDB() Invoked !
info: ===> TimeStamp : 2024-11-02 00:26:52===> API : /api/auth/login ===> Message : loginUserResponse() invoked!
info: ===> TimeStamp : 2024-11-02 00:26:52===> API : /api/auth/login ===> Message : loginUserResponse() completed
info: ===> TimeStamp : 2024-11-02 00:28:24===> API : null ===> Message : validateRequest() invoked
info: ===> TimeStamp : 2024-11-02 00:28:24===> API : null ===> Message : fetchDBSettings()
info: ===> TimeStamp : 2024-11-02 00:28:24===> API : null ===> Message : validateRequest() Invoked!
info: ===> TimeStamp : 2024-11-02 00:28:24===> API : null ===> Message : validRequest() :: Api validated Successfully
info: ===> TimeStamp : 2024-11-02 00:28:24===> API : /api/auth/logout ===> Message : logoutUser() invoked!!
info: ===> TimeStamp : 2024-11-02 00:28:24===> API : /api/auth/logout ===> Message : logoutUser() :: Request Object :: [object Object]
info: ===> TimeStamp : 2024-11-02 00:28:24===> API : /api/auth/logout ===> Message : logoutUserDB() Invoked !
info: ===> TimeStamp : 2024-11-02 00:28:24===> API : /api/auth/logout ===> Message : logoutUserResponse() invoked!
info: ===> TimeStamp : 2024-11-02 00:28:24===> API : /api/auth/logout ===> Message : logoutUserResponse() completed
info: ===> TimeStamp : 2024-11-02 00:28:31===> API : null ===> Message : validateRequest() invoked
info: ===> TimeStamp : 2024-11-02 00:28:31===> API : null ===> Message : fetchDBSettings()
info: ===> TimeStamp : 2024-11-02 00:28:31===> API : null ===> Message : validateRequest() Invoked!
info: ===> TimeStamp : 2024-11-02 00:28:31===> API : null ===> Message : validRequest() :: Api validated Successfully
info: ===> TimeStamp : 2024-11-02 00:28:31===> API : /api/auth/validateuser ===> Message : validateUser() invoked!!
info: ===> TimeStamp : 2024-11-02 00:28:31===> API : /api/auth/validateuser ===> Message : validateUser() :: Request Object :: [object Object]
info: ===> TimeStamp : 2024-11-02 00:28:31===> API : /api/auth/validateuser ===> Message : validateUserDB() Invoked !
info: ===> TimeStamp : 2024-11-02 00:28:31===> API : /api/auth/validateuser ===> Message : validateUserDB() :: Error :: {"code":"ER_SIGNAL_EXCEPTION","errno":1644,"sqlState":"10005","sqlMessage":"User Does Not Exist","sql":"CALL usp_validate_user('kimi', 'ki,i@4321')"}
info: ===> TimeStamp : 2024-11-02 00:28:31===> API : /api/auth/validateuser ===> Message : validateUserDBResult :: Error :: {"ErrorCode":10005,"ErrorMessage":"User Does Not Exist"}
info: ===> TimeStamp : 2024-11-02 00:28:31===> API : /api/auth/validateuser ===> Message : validateUserResponse() invoked!
info: ===> TimeStamp : 2024-11-02 00:28:31===> API : /api/auth/validateuser ===> Message : validateUserResponse() completed
info: ===> TimeStamp : 2024-11-02 00:28:42===> API : null ===> Message : validateRequest() invoked
info: ===> TimeStamp : 2024-11-02 00:28:42===> API : null ===> Message : fetchDBSettings()
info: ===> TimeStamp : 2024-11-02 00:28:42===> API : null ===> Message : validateRequest() Invoked!
info: ===> TimeStamp : 2024-11-02 00:28:42===> API : null ===> Message : validRequest() :: Api validated Successfully
info: ===> TimeStamp : 2024-11-02 00:28:42===> API : /api/auth/validateuser ===> Message : validateUser() invoked!!
info: ===> TimeStamp : 2024-11-02 00:28:42===> API : /api/auth/validateuser ===> Message : validateUser() :: Request Object :: [object Object]
info: ===> TimeStamp : 2024-11-02 00:28:42===> API : /api/auth/validateuser ===> Message : validateUserDB() Invoked !
info: ===> TimeStamp : 2024-11-02 00:28:42===> API : /api/auth/validateuser ===> Message : validateUserResponse() invoked!
info: ===> TimeStamp : 2024-11-02 00:28:42===> API : /api/auth/validateuser ===> Message : validateUserResponse() completed
info: ===> TimeStamp : 2024-11-02 00:28:42===> API : null ===> Message : validateRequest() invoked
info: ===> TimeStamp : 2024-11-02 00:28:42===> API : null ===> Message : fetchDBSettings()
info: ===> TimeStamp : 2024-11-02 00:28:42===> API : null ===> Message : validateRequest() Invoked!
info: ===> TimeStamp : 2024-11-02 00:28:42===> API : null ===> Message : validRequest() :: Api validated Successfully
info: ===> TimeStamp : 2024-11-02 00:28:42===> API : /api/auth/checkIP ===> Message : checkIP() invoked!!
info: ===> TimeStamp : 2024-11-02 00:28:42===> API : /api/auth/checkIP ===> Message : IPs match: 103.225.102.194
info: ===> TimeStamp : 2024-11-02 00:28:42===> API : /api/auth/checkIP ===> Message : checkIPResponse() invoked!
info: ===> TimeStamp : 2024-11-02 00:28:42===> API : /api/auth/checkIP ===> Message : checkIPResponse() completed
info: ===> TimeStamp : 2024-11-02 00:28:42===> API : null ===> Message : validateRequest() invoked
info: ===> TimeStamp : 2024-11-02 00:28:42===> API : null ===> Message : fetchDBSettings()
info: ===> TimeStamp : 2024-11-02 00:28:42===> API : null ===> Message : validateRequest() Invoked!
info: ===> TimeStamp : 2024-11-02 00:28:42===> API : null ===> Message : validRequest() :: Api validated Successfully
info: ===> TimeStamp : 2024-11-02 00:28:42===> API : /api/auth/login ===> Message : loginUser() invoked!!
info: ===> TimeStamp : 2024-11-02 00:28:42===> API : /api/auth/login ===> Message : loginUser() :: Request Object :: [object Object]
info: ===> TimeStamp : 2024-11-02 00:28:42===> API : /api/auth/login ===> Message : loginUserDB() Invoked !
info: ===> TimeStamp : 2024-11-02 00:28:42===> API : /api/auth/login ===> Message : loginUserResponse() invoked!
info: ===> TimeStamp : 2024-11-02 00:28:42===> API : /api/auth/login ===> Message : loginUserResponse() completed
info: ===> TimeStamp : 2024-11-02 00:35:00===> API : null ===> Message : validateRequest() invoked
info: ===> TimeStamp : 2024-11-02 00:35:00===> API : null ===> Message : fetchDBSettings()
info: ===> TimeStamp : 2024-11-02 00:35:00===> API : null ===> Message : validateRequest() Invoked!
info: ===> TimeStamp : 2024-11-02 00:35:00===> API : null ===> Message : validRequest() :: Api validated Successfully
info: ===> TimeStamp : 2024-11-02 00:35:00===> API : /api/auth/logout ===> Message : logoutUser() invoked!!
info: ===> TimeStamp : 2024-11-02 00:35:00===> API : /api/auth/logout ===> Message : logoutUser() :: Request Object :: [object Object]
info: ===> TimeStamp : 2024-11-02 00:35:00===> API : /api/auth/logout ===> Message : logoutUserDB() Invoked !
info: ===> TimeStamp : 2024-11-02 00:35:00===> API : /api/auth/logout ===> Message : logoutUserResponse() invoked!
info: ===> TimeStamp : 2024-11-02 00:35:00===> API : /api/auth/logout ===> Message : logoutUserResponse() completed
info: ===> TimeStamp : 2024-11-02 00:39:12===> API : null ===> Message : validateRequest() invoked
info: ===> TimeStamp : 2024-11-02 00:39:12===> API : null ===> Message : fetchDBSettings()
info: ===> TimeStamp : 2024-11-02 00:39:12===> API : null ===> Message : validateRequest() Invoked!
info: ===> TimeStamp : 2024-11-02 00:39:12===> API : null ===> Message : validRequest() :: Api validated Successfully
info: ===> TimeStamp : 2024-11-02 00:39:12===> API : /api/auth/validateuser ===> Message : validateUser() invoked!!
info: ===> TimeStamp : 2024-11-02 00:39:12===> API : /api/auth/validateuser ===> Message : validateUser() :: Request Object :: [object Object]
info: ===> TimeStamp : 2024-11-02 00:39:12===> API : /api/auth/validateuser ===> Message : validateUserDB() Invoked !
info: ===> TimeStamp : 2024-11-02 00:39:12===> API : /api/auth/validateuser ===> Message : validateUserResponse() invoked!
info: ===> TimeStamp : 2024-11-02 00:39:12===> API : /api/auth/validateuser ===> Message : validateUserResponse() completed
info: ===> TimeStamp : 2024-11-02 00:39:12===> API : null ===> Message : validateRequest() invoked
info: ===> TimeStamp : 2024-11-02 00:39:12===> API : null ===> Message : fetchDBSettings()
info: ===> TimeStamp : 2024-11-02 00:39:12===> API : null ===> Message : validateRequest() Invoked!
info: ===> TimeStamp : 2024-11-02 00:39:12===> API : null ===> Message : validRequest() :: Api validated Successfully
info: ===> TimeStamp : 2024-11-02 00:39:12===> API : /api/auth/checkIP ===> Message : checkIP() invoked!!
info: ===> TimeStamp : 2024-11-02 00:39:12===> API : /api/auth/checkIP ===> Message : IPs match: 103.225.102.194
info: ===> TimeStamp : 2024-11-02 00:39:12===> API : /api/auth/checkIP ===> Message : checkIPResponse() invoked!
info: ===> TimeStamp : 2024-11-02 00:39:12===> API : /api/auth/checkIP ===> Message : checkIPResponse() completed
info: ===> TimeStamp : 2024-11-02 00:39:12===> API : null ===> Message : validateRequest() invoked
info: ===> TimeStamp : 2024-11-02 00:39:12===> API : null ===> Message : fetchDBSettings()
info: ===> TimeStamp : 2024-11-02 00:39:12===> API : null ===> Message : validateRequest() Invoked!
info: ===> TimeStamp : 2024-11-02 00:39:12===> API : null ===> Message : validRequest() :: Api validated Successfully
info: ===> TimeStamp : 2024-11-02 00:39:12===> API : /api/auth/login ===> Message : loginUser() invoked!!
info: ===> TimeStamp : 2024-11-02 00:39:12===> API : /api/auth/login ===> Message : loginUser() :: Request Object :: [object Object]
info: ===> TimeStamp : 2024-11-02 00:39:12===> API : /api/auth/login ===> Message : loginUserDB() Invoked !
info: ===> TimeStamp : 2024-11-02 00:39:12===> API : /api/auth/login ===> Message : loginUserResponse() invoked!
info: ===> TimeStamp : 2024-11-02 00:39:12===> API : /api/auth/login ===> Message : loginUserResponse() completed
info: ===> TimeStamp : 2024-11-02 00:40:24===> API : null ===> Message : validateRequest() invoked
info: ===> TimeStamp : 2024-11-02 00:40:24===> API : null ===> Message : fetchDBSettings()
info: ===> TimeStamp : 2024-11-02 00:40:24===> API : null ===> Message : validateRequest() Invoked!
info: ===> TimeStamp : 2024-11-02 00:40:24===> API : /api/auth/logout ===> Message : logoutUser() invoked!!
info: ===> TimeStamp : 2024-11-02 00:40:24===> API : null ===> Message : validRequest() :: Api validated Successfully
info: ===> TimeStamp : 2024-11-02 00:40:24===> API : /api/auth/logout ===> Message : logoutUser() :: Request Object :: [object Object]
info: ===> TimeStamp : 2024-11-02 00:40:24===> API : /api/auth/logout ===> Message : logoutUserDB() Invoked !
info: ===> TimeStamp : 2024-11-02 00:40:24===> API : /api/auth/logout ===> Message : logoutUserResponse() invoked!
info: ===> TimeStamp : 2024-11-02 00:40:24===> API : /api/auth/logout ===> Message : logoutUserResponse() completed
info: ===> TimeStamp : 2024-11-02 00:41:23===> API : null ===> Message : validateRequest() invoked
info: ===> TimeStamp : 2024-11-02 00:41:23===> API : null ===> Message : fetchDBSettings()
info: ===> TimeStamp : 2024-11-02 00:41:23===> API : null ===> Message : validateRequest() Invoked!
info: ===> TimeStamp : 2024-11-02 00:41:23===> API : null ===> Message : validateRequest() :: Error :: Helper {"code":"ER_SIGNAL_EXCEPTION","errno":1644,"sqlState":"10003","sqlMessage":"Invalid User Credentials","sql":"CALL usp_validate_request(\n              '/api/auth/logout',\n              'eyJhbGciOiJIUzI1NiIsInR5cCI6IkpXVCJ9.eyJ0aW1lIjoiRnJpIE5vdiAwMSAyMDI0IDE5OjA5OjEyIEdNVCswMDAwIChDb29yZGluYXRlZCBVbml2ZXJzYWwgVGltZSkiLCJ1c2VySWQiOjE1LCJpYXQiOjE3MzA0ODgxNTJ9.d5qI9rYROFlYwzSETifJ7Q6lYTVb1j2OAPMKCEMLj8M')"}
info: ===> TimeStamp : 2024-11-02 00:41:23===> API : null ===> Message : validateRequest() :: Error :: PP {"ErrorCode":10003,"ErrorMessage":"Invalid User Credentials"}
info: ===> TimeStamp : 2024-11-02 00:41:51===> API : null ===> Message : validateRequest() invoked
info: ===> TimeStamp : 2024-11-02 00:41:51===> API : null ===> Message : fetchDBSettings()
info: ===> TimeStamp : 2024-11-02 00:41:51===> API : null ===> Message : validateRequest() Invoked!
info: ===> TimeStamp : 2024-11-02 00:41:51===> API : null ===> Message : validateRequest() :: Error :: Helper {"code":"ER_SIGNAL_EXCEPTION","errno":1644,"sqlState":"10003","sqlMessage":"Invalid User Credentials","sql":"CALL usp_validate_request(\n              '/api/auth/logout',\n              'eyJhbGciOiJIUzI1NiIsInR5cCI6IkpXVCJ9.eyJ0aW1lIjoiRnJpIE5vdiAwMSAyMDI0IDE5OjA5OjEyIEdNVCswMDAwIChDb29yZGluYXRlZCBVbml2ZXJzYWwgVGltZSkiLCJ1c2VySWQiOjE1LCJpYXQiOjE3MzA0ODgxNTJ9.d5qI9rYROFlYwzSETifJ7Q6lYTVb1j2OAPMKCEMLj8M')"}
info: ===> TimeStamp : 2024-11-02 00:41:51===> API : null ===> Message : validateRequest() :: Error :: PP {"ErrorCode":10003,"ErrorMessage":"Invalid User Credentials"}
info: ===> TimeStamp : 2024-11-02 00:41:59===> API : null ===> Message : validateRequest() invoked
info: ===> TimeStamp : 2024-11-02 00:41:59===> API : null ===> Message : fetchDBSettings()
info: ===> TimeStamp : 2024-11-02 00:41:59===> API : null ===> Message : validateRequest() Invoked!
info: ===> TimeStamp : 2024-11-02 00:41:59===> API : null ===> Message : validateRequest() :: Error :: Helper {"code":"ER_SIGNAL_EXCEPTION","errno":1644,"sqlState":"10003","sqlMessage":"Invalid User Credentials","sql":"CALL usp_validate_request(\n              '/api/auth/logout',\n              'eyJhbGciOiJIUzI1NiIsInR5cCI6IkpXVCJ9.eyJ0aW1lIjoiRnJpIE5vdiAwMSAyMDI0IDE5OjA5OjEyIEdNVCswMDAwIChDb29yZGluYXRlZCBVbml2ZXJzYWwgVGltZSkiLCJ1c2VySWQiOjE1LCJpYXQiOjE3MzA0ODgxNTJ9.d5qI9rYROFlYwzSETifJ7Q6lYTVb1j2OAPMKCEMLj8M')"}
info: ===> TimeStamp : 2024-11-02 00:41:59===> API : null ===> Message : validateRequest() :: Error :: PP {"ErrorCode":10003,"ErrorMessage":"Invalid User Credentials"}
info: ===> TimeStamp : 2024-11-02 00:43:29===> API : null ===> Message : validateRequest() invoked
info: ===> TimeStamp : 2024-11-02 00:43:29===> API : null ===> Message : fetchDBSettings()
info: ===> TimeStamp : 2024-11-02 00:43:29===> API : null ===> Message : validateRequest() Invoked!
info: ===> TimeStamp : 2024-11-02 00:43:29===> API : null ===> Message : validRequest() :: Api validated Successfully
info: ===> TimeStamp : 2024-11-02 00:43:29===> API : /api/auth/logout ===> Message : logoutUser() invoked!!
info: ===> TimeStamp : 2024-11-02 00:43:29===> API : /api/auth/logout ===> Message : logoutUser() :: Request Object :: [object Object]
info: ===> TimeStamp : 2024-11-02 00:43:29===> API : /api/auth/logout ===> Message : logoutUserDB() Invoked !
info: ===> TimeStamp : 2024-11-02 00:43:29===> API : /api/auth/logout ===> Message : logoutUserResponse() invoked!
info: ===> TimeStamp : 2024-11-02 00:43:29===> API : /api/auth/logout ===> Message : logoutUserResponse() completed
info: ===> TimeStamp : 2024-11-02 00:43:39===> API : null ===> Message : validateRequest() invoked
info: ===> TimeStamp : 2024-11-02 00:43:39===> API : null ===> Message : fetchDBSettings()
info: ===> TimeStamp : 2024-11-02 00:43:39===> API : null ===> Message : validateRequest() Invoked!
info: ===> TimeStamp : 2024-11-02 00:43:39===> API : null ===> Message : validRequest() :: Api validated Successfully
info: ===> TimeStamp : 2024-11-02 00:43:39===> API : /api/auth/validateuser ===> Message : validateUser() invoked!!
info: ===> TimeStamp : 2024-11-02 00:43:39===> API : /api/auth/validateuser ===> Message : validateUser() :: Request Object :: [object Object]
info: ===> TimeStamp : 2024-11-02 00:43:39===> API : /api/auth/validateuser ===> Message : validateUserDB() Invoked !
info: ===> TimeStamp : 2024-11-02 00:43:39===> API : /api/auth/validateuser ===> Message : validateUserResponse() invoked!
info: ===> TimeStamp : 2024-11-02 00:43:39===> API : /api/auth/validateuser ===> Message : validateUserResponse() completed
info: ===> TimeStamp : 2024-11-02 00:43:39===> API : null ===> Message : validateRequest() invoked
info: ===> TimeStamp : 2024-11-02 00:43:39===> API : null ===> Message : fetchDBSettings()
info: ===> TimeStamp : 2024-11-02 00:43:39===> API : null ===> Message : validateRequest() Invoked!
info: ===> TimeStamp : 2024-11-02 00:43:39===> API : null ===> Message : validRequest() :: Api validated Successfully
info: ===> TimeStamp : 2024-11-02 00:43:39===> API : /api/auth/checkIP ===> Message : checkIP() invoked!!
info: ===> TimeStamp : 2024-11-02 00:43:39===> API : /api/auth/checkIP ===> Message : IPs match: 103.225.102.194
info: ===> TimeStamp : 2024-11-02 00:43:39===> API : /api/auth/checkIP ===> Message : checkIPResponse() invoked!
info: ===> TimeStamp : 2024-11-02 00:43:39===> API : /api/auth/checkIP ===> Message : checkIPResponse() completed
info: ===> TimeStamp : 2024-11-02 00:43:39===> API : null ===> Message : validateRequest() invoked
info: ===> TimeStamp : 2024-11-02 00:43:39===> API : null ===> Message : fetchDBSettings()
info: ===> TimeStamp : 2024-11-02 00:43:39===> API : null ===> Message : validateRequest() Invoked!
info: ===> TimeStamp : 2024-11-02 00:43:39===> API : null ===> Message : validRequest() :: Api validated Successfully
info: ===> TimeStamp : 2024-11-02 00:43:39===> API : /api/auth/login ===> Message : loginUser() invoked!!
info: ===> TimeStamp : 2024-11-02 00:43:39===> API : /api/auth/login ===> Message : loginUser() :: Request Object :: [object Object]
info: ===> TimeStamp : 2024-11-02 00:43:39===> API : /api/auth/login ===> Message : loginUserDB() Invoked !
info: ===> TimeStamp : 2024-11-02 00:43:39===> API : /api/auth/login ===> Message : loginUserResponse() invoked!
info: ===> TimeStamp : 2024-11-02 00:43:39===> API : /api/auth/login ===> Message : loginUserResponse() completed
info: ===> TimeStamp : 2024-11-02 00:49:21===> API : null ===> Message : validateRequest() invoked
info: ===> TimeStamp : 2024-11-02 00:49:21===> API : null ===> Message : fetchDBSettings()
info: ===> TimeStamp : 2024-11-02 00:49:22===> API : null ===> Message : validateRequest() Invoked!
info: ===> TimeStamp : 2024-11-02 00:49:22===> API : null ===> Message : validRequest() :: Api validated Successfully
info: ===> TimeStamp : 2024-11-02 00:49:22===> API : /api/auth/logout ===> Message : logoutUser() invoked!!
info: ===> TimeStamp : 2024-11-02 00:49:22===> API : /api/auth/logout ===> Message : logoutUser() :: Request Object :: [object Object]
info: ===> TimeStamp : 2024-11-02 00:49:22===> API : /api/auth/logout ===> Message : logoutUserDB() Invoked !
info: ===> TimeStamp : 2024-11-02 00:49:22===> API : /api/auth/logout ===> Message : logoutUserResponse() invoked!
info: ===> TimeStamp : 2024-11-02 00:49:22===> API : /api/auth/logout ===> Message : logoutUserResponse() completed
info: ===> TimeStamp : 2024-11-02 00:49:29===> API : null ===> Message : validateRequest() invoked
info: ===> TimeStamp : 2024-11-02 00:49:29===> API : null ===> Message : fetchDBSettings()
info: ===> TimeStamp : 2024-11-02 00:49:29===> API : null ===> Message : validateRequest() Invoked!
info: ===> TimeStamp : 2024-11-02 00:49:29===> API : null ===> Message : validRequest() :: Api validated Successfully
info: ===> TimeStamp : 2024-11-02 00:49:29===> API : /api/auth/validateuser ===> Message : validateUser() invoked!!
info: ===> TimeStamp : 2024-11-02 00:49:29===> API : /api/auth/validateuser ===> Message : validateUser() :: Request Object :: [object Object]
info: ===> TimeStamp : 2024-11-02 00:49:29===> API : /api/auth/validateuser ===> Message : validateUserDB() Invoked !
info: ===> TimeStamp : 2024-11-02 00:49:29===> API : /api/auth/validateuser ===> Message : validateUserResponse() invoked!
info: ===> TimeStamp : 2024-11-02 00:49:29===> API : /api/auth/validateuser ===> Message : validateUserResponse() completed
info: ===> TimeStamp : 2024-11-02 00:49:29===> API : null ===> Message : validateRequest() invoked
info: ===> TimeStamp : 2024-11-02 00:49:29===> API : null ===> Message : fetchDBSettings()
info: ===> TimeStamp : 2024-11-02 00:49:29===> API : null ===> Message : validateRequest() Invoked!
info: ===> TimeStamp : 2024-11-02 00:49:29===> API : null ===> Message : validRequest() :: Api validated Successfully
info: ===> TimeStamp : 2024-11-02 00:49:29===> API : /api/auth/checkIP ===> Message : checkIP() invoked!!
info: ===> TimeStamp : 2024-11-02 00:49:29===> API : /api/auth/checkIP ===> Message : IPs match: 103.225.102.194
info: ===> TimeStamp : 2024-11-02 00:49:29===> API : /api/auth/checkIP ===> Message : checkIPResponse() invoked!
info: ===> TimeStamp : 2024-11-02 00:49:29===> API : /api/auth/checkIP ===> Message : checkIPResponse() completed
info: ===> TimeStamp : 2024-11-02 00:49:29===> API : null ===> Message : validateRequest() invoked
info: ===> TimeStamp : 2024-11-02 00:49:29===> API : null ===> Message : fetchDBSettings()
info: ===> TimeStamp : 2024-11-02 00:49:29===> API : null ===> Message : validateRequest() Invoked!
info: ===> TimeStamp : 2024-11-02 00:49:29===> API : null ===> Message : validRequest() :: Api validated Successfully
info: ===> TimeStamp : 2024-11-02 00:49:29===> API : /api/auth/login ===> Message : loginUser() invoked!!
info: ===> TimeStamp : 2024-11-02 00:49:29===> API : /api/auth/login ===> Message : loginUser() :: Request Object :: [object Object]
info: ===> TimeStamp : 2024-11-02 00:49:29===> API : /api/auth/login ===> Message : loginUserDB() Invoked !
info: ===> TimeStamp : 2024-11-02 00:49:29===> API : /api/auth/login ===> Message : loginUserResponse() invoked!
info: ===> TimeStamp : 2024-11-02 00:49:29===> API : /api/auth/login ===> Message : loginUserResponse() completed
info: ===> TimeStamp : 2024-11-02 00:51:17===> API : null ===> Message : validateRequest() invoked
info: ===> TimeStamp : 2024-11-02 00:51:17===> API : null ===> Message : fetchDBSettings()
info: ===> TimeStamp : 2024-11-02 00:51:17===> API : null ===> Message : validateRequest() Invoked!
info: ===> TimeStamp : 2024-11-02 00:51:17===> API : null ===> Message : validateRequest() :: Error :: Helper {"code":"ER_SIGNAL_EXCEPTION","errno":1644,"sqlState":"10003","sqlMessage":"Invalid User Credentials","sql":"CALL usp_validate_request(\n              '/api/auth/logout',\n              'eyJhbGciOiJIUzI1NiIsInR5cCI6IkpXVCJ9.eyJ0aW1lIjoiRnJpIE5vdiAwMSAyMDI0IDE5OjA5OjEyIEdNVCswMDAwIChDb29yZGluYXRlZCBVbml2ZXJzYWwgVGltZSkiLCJ1c2VySWQiOjE1LCJpYXQiOjE3MzA0ODgxNTJ9.d5qI9rYROFlYwzSETifJ7Q6lYTVb1j2OAPMKCEMLj8M')"}
info: ===> TimeStamp : 2024-11-02 00:51:17===> API : null ===> Message : validateRequest() :: Error :: PP {"ErrorCode":10003,"ErrorMessage":"Invalid User Credentials"}
info: ===> TimeStamp : 2024-11-02 00:51:48===> API : null ===> Message : validateRequest() invoked
info: ===> TimeStamp : 2024-11-02 00:51:48===> API : null ===> Message : fetchDBSettings()
info: ===> TimeStamp : 2024-11-02 00:51:48===> API : null ===> Message : validateRequest() Invoked!
info: ===> TimeStamp : 2024-11-02 00:51:48===> API : null ===> Message : validRequest() :: Api validated Successfully
info: ===> TimeStamp : 2024-11-02 00:51:48===> API : /api/auth/logout ===> Message : logoutUser() :: Request Object :: [object Object]
info: ===> TimeStamp : 2024-11-02 00:51:48===> API : /api/auth/logout ===> Message : logoutUser() invoked!!
info: ===> TimeStamp : 2024-11-02 00:51:48===> API : /api/auth/logout ===> Message : logoutUserDB() Invoked !
info: ===> TimeStamp : 2024-11-02 00:51:48===> API : /api/auth/logout ===> Message : logoutUserResponse() invoked!
info: ===> TimeStamp : 2024-11-02 00:51:48===> API : /api/auth/logout ===> Message : logoutUserResponse() completed
info: ===> TimeStamp : 2024-11-02 00:51:58===> API : null ===> Message : validateRequest() invoked
info: ===> TimeStamp : 2024-11-02 00:51:58===> API : null ===> Message : fetchDBSettings()
info: ===> TimeStamp : 2024-11-02 00:51:58===> API : null ===> Message : validateRequest() Invoked!
info: ===> TimeStamp : 2024-11-02 00:51:58===> API : null ===> Message : validRequest() :: Api validated Successfully
info: ===> TimeStamp : 2024-11-02 00:51:58===> API : /api/auth/validateuser ===> Message : validateUser() invoked!!
info: ===> TimeStamp : 2024-11-02 00:51:58===> API : /api/auth/validateuser ===> Message : validateUser() :: Request Object :: [object Object]
info: ===> TimeStamp : 2024-11-02 00:51:58===> API : /api/auth/validateuser ===> Message : validateUserDB() Invoked !
info: ===> TimeStamp : 2024-11-02 00:51:58===> API : /api/auth/validateuser ===> Message : validateUserResponse() invoked!
info: ===> TimeStamp : 2024-11-02 00:51:58===> API : /api/auth/validateuser ===> Message : validateUserResponse() completed
info: ===> TimeStamp : 2024-11-02 00:51:58===> API : null ===> Message : validateRequest() invoked
info: ===> TimeStamp : 2024-11-02 00:51:58===> API : null ===> Message : fetchDBSettings()
info: ===> TimeStamp : 2024-11-02 00:51:59===> API : null ===> Message : validateRequest() Invoked!
info: ===> TimeStamp : 2024-11-02 00:51:59===> API : null ===> Message : validRequest() :: Api validated Successfully
info: ===> TimeStamp : 2024-11-02 00:51:59===> API : /api/auth/checkIP ===> Message : checkIP() invoked!!
info: ===> TimeStamp : 2024-11-02 00:51:59===> API : /api/auth/checkIP ===> Message : IPs match: 103.225.102.194
info: ===> TimeStamp : 2024-11-02 00:51:59===> API : /api/auth/checkIP ===> Message : checkIPResponse() invoked!
info: ===> TimeStamp : 2024-11-02 00:51:59===> API : /api/auth/checkIP ===> Message : checkIPResponse() completed
info: ===> TimeStamp : 2024-11-02 00:51:59===> API : null ===> Message : validateRequest() invoked
info: ===> TimeStamp : 2024-11-02 00:51:59===> API : null ===> Message : fetchDBSettings()
info: ===> TimeStamp : 2024-11-02 00:51:59===> API : null ===> Message : validateRequest() Invoked!
info: ===> TimeStamp : 2024-11-02 00:51:59===> API : null ===> Message : validRequest() :: Api validated Successfully
info: ===> TimeStamp : 2024-11-02 00:51:59===> API : /api/auth/login ===> Message : loginUser() invoked!!
info: ===> TimeStamp : 2024-11-02 00:51:59===> API : /api/auth/login ===> Message : loginUser() :: Request Object :: [object Object]
info: ===> TimeStamp : 2024-11-02 00:51:59===> API : /api/auth/login ===> Message : loginUserDB() Invoked !
info: ===> TimeStamp : 2024-11-02 00:51:59===> API : /api/auth/login ===> Message : loginUserResponse() invoked!
info: ===> TimeStamp : 2024-11-02 00:51:59===> API : /api/auth/login ===> Message : loginUserResponse() completed
info: ===> TimeStamp : 2024-11-02 00:52:44===> API : null ===> Message : validateRequest() invoked
info: ===> TimeStamp : 2024-11-02 00:52:44===> API : null ===> Message : fetchDBSettings()
info: ===> TimeStamp : 2024-11-02 00:52:44===> API : null ===> Message : validateRequest() Invoked!
info: ===> TimeStamp : 2024-11-02 00:52:44===> API : null ===> Message : validRequest() :: Api validated Successfully
info: ===> TimeStamp : 2024-11-02 00:52:44===> API : /api/auth/validateuser ===> Message : validateUser() invoked!!
info: ===> TimeStamp : 2024-11-02 00:52:44===> API : /api/auth/validateuser ===> Message : validateUser() :: Request Object :: [object Object]
info: ===> TimeStamp : 2024-11-02 00:52:44===> API : /api/auth/validateuser ===> Message : validateUserDB() Invoked !
info: ===> TimeStamp : 2024-11-02 00:52:44===> API : /api/auth/validateuser ===> Message : validateUserResponse() invoked!
info: ===> TimeStamp : 2024-11-02 00:52:44===> API : /api/auth/validateuser ===> Message : validateUserResponse() completed
info: ===> TimeStamp : 2024-11-02 00:52:45===> API : null ===> Message : validateRequest() invoked
info: ===> TimeStamp : 2024-11-02 00:52:45===> API : null ===> Message : fetchDBSettings()
info: ===> TimeStamp : 2024-11-02 00:52:45===> API : null ===> Message : validateRequest() Invoked!
info: ===> TimeStamp : 2024-11-02 00:52:45===> API : null ===> Message : validRequest() :: Api validated Successfully
info: ===> TimeStamp : 2024-11-02 00:52:45===> API : /api/auth/checkIP ===> Message : IPs match: 103.225.102.194
info: ===> TimeStamp : 2024-11-02 00:52:45===> API : /api/auth/checkIP ===> Message : checkIP() invoked!!
info: ===> TimeStamp : 2024-11-02 00:52:45===> API : /api/auth/checkIP ===> Message : checkIPResponse() invoked!
info: ===> TimeStamp : 2024-11-02 00:52:45===> API : /api/auth/checkIP ===> Message : checkIPResponse() completed
info: ===> TimeStamp : 2024-11-02 00:52:45===> API : null ===> Message : validateRequest() invoked
info: ===> TimeStamp : 2024-11-02 00:52:45===> API : null ===> Message : fetchDBSettings()
info: ===> TimeStamp : 2024-11-02 00:52:45===> API : null ===> Message : validateRequest() Invoked!
info: ===> TimeStamp : 2024-11-02 00:52:45===> API : /api/auth/login ===> Message : loginUser() invoked!!
info: ===> TimeStamp : 2024-11-02 00:52:45===> API : null ===> Message : validRequest() :: Api validated Successfully
info: ===> TimeStamp : 2024-11-02 00:52:45===> API : /api/auth/login ===> Message : loginUser() :: Request Object :: [object Object]
info: ===> TimeStamp : 2024-11-02 00:52:45===> API : /api/auth/login ===> Message : loginUserDB() Invoked !
info: ===> TimeStamp : 2024-11-02 00:52:45===> API : /api/auth/login ===> Message : loginUserResponse() invoked!
info: ===> TimeStamp : 2024-11-02 00:52:45===> API : /api/auth/login ===> Message : loginUserResponse() completed
info: ===> TimeStamp : 2024-11-02 00:57:42===> API : null ===> Message : validateRequest() invoked
info: ===> TimeStamp : 2024-11-02 00:57:42===> API : null ===> Message : fetchDBSettings()
info: ===> TimeStamp : 2024-11-02 00:57:42===> API : null ===> Message : validateRequest() Invoked!
info: ===> TimeStamp : 2024-11-02 00:57:42===> API : null ===> Message : validRequest() :: Api validated Successfully
info: ===> TimeStamp : 2024-11-02 00:57:42===> API : /api/auth/validateuser ===> Message : validateUser() invoked!!
info: ===> TimeStamp : 2024-11-02 00:57:42===> API : /api/auth/validateuser ===> Message : validateUser() :: Request Object :: [object Object]
info: ===> TimeStamp : 2024-11-02 00:57:42===> API : /api/auth/validateuser ===> Message : validateUserDB() Invoked !
info: ===> TimeStamp : 2024-11-02 00:57:42===> API : /api/auth/validateuser ===> Message : validateUserResponse() invoked!
info: ===> TimeStamp : 2024-11-02 00:57:42===> API : /api/auth/validateuser ===> Message : validateUserResponse() completed
info: ===> TimeStamp : 2024-11-02 00:57:42===> API : null ===> Message : validateRequest() invoked
info: ===> TimeStamp : 2024-11-02 00:57:42===> API : null ===> Message : fetchDBSettings()
info: ===> TimeStamp : 2024-11-02 00:57:42===> API : null ===> Message : validateRequest() Invoked!
info: ===> TimeStamp : 2024-11-02 00:57:42===> API : null ===> Message : validRequest() :: Api validated Successfully
info: ===> TimeStamp : 2024-11-02 00:57:42===> API : /api/auth/checkIP ===> Message : checkIP() invoked!!
info: ===> TimeStamp : 2024-11-02 00:57:42===> API : /api/auth/checkIP ===> Message : IPs match: 103.225.102.194
info: ===> TimeStamp : 2024-11-02 00:57:42===> API : /api/auth/checkIP ===> Message : checkIPResponse() invoked!
info: ===> TimeStamp : 2024-11-02 00:57:42===> API : /api/auth/checkIP ===> Message : checkIPResponse() completed
info: ===> TimeStamp : 2024-11-02 00:57:42===> API : null ===> Message : validateRequest() invoked
info: ===> TimeStamp : 2024-11-02 00:57:42===> API : null ===> Message : fetchDBSettings()
info: ===> TimeStamp : 2024-11-02 00:57:42===> API : null ===> Message : validateRequest() Invoked!
info: ===> TimeStamp : 2024-11-02 00:57:42===> API : null ===> Message : validRequest() :: Api validated Successfully
info: ===> TimeStamp : 2024-11-02 00:57:42===> API : /api/auth/login ===> Message : loginUser() invoked!!
info: ===> TimeStamp : 2024-11-02 00:57:42===> API : /api/auth/login ===> Message : loginUser() :: Request Object :: [object Object]
info: ===> TimeStamp : 2024-11-02 00:57:42===> API : /api/auth/login ===> Message : loginUserDB() Invoked !
info: ===> TimeStamp : 2024-11-02 00:57:42===> API : /api/auth/login ===> Message : loginUserResponse() invoked!
info: ===> TimeStamp : 2024-11-02 00:57:42===> API : /api/auth/login ===> Message : loginUserResponse() completed
info: ===> TimeStamp : 2024-11-02 01:47:42===> API : null ===> Message : validateRequest() invoked
info: ===> TimeStamp : 2024-11-02 01:47:42===> API : null ===> Message : fetchDBSettings()
info: ===> TimeStamp : 2024-11-02 01:47:42===> API : null ===> Message : validateRequest() Invoked!
info: ===> TimeStamp : 2024-11-02 01:47:42===> API : null ===> Message : validRequest() :: Api validated Successfully
info: ===> TimeStamp : 2024-11-02 01:47:42===> API : /api/auth/validateuser ===> Message : validateUser() invoked!!
info: ===> TimeStamp : 2024-11-02 01:47:42===> API : /api/auth/validateuser ===> Message : validateUser() :: Request Object :: [object Object]
info: ===> TimeStamp : 2024-11-02 01:47:42===> API : /api/auth/validateuser ===> Message : validateUserDB() Invoked !
info: ===> TimeStamp : 2024-11-02 01:47:42===> API : /api/auth/validateuser ===> Message : validateUserResponse() invoked!
info: ===> TimeStamp : 2024-11-02 01:47:42===> API : /api/auth/validateuser ===> Message : validateUserResponse() completed
info: ===> TimeStamp : 2024-11-02 01:47:44===> API : null ===> Message : validateRequest() invoked
info: ===> TimeStamp : 2024-11-02 01:47:44===> API : null ===> Message : fetchDBSettings()
info: ===> TimeStamp : 2024-11-02 01:47:44===> API : null ===> Message : validateRequest() Invoked!
info: ===> TimeStamp : 2024-11-02 01:47:44===> API : null ===> Message : validRequest() :: Api validated Successfully
info: ===> TimeStamp : 2024-11-02 01:47:44===> API : /api/auth/login ===> Message : loginUser() invoked!!
info: ===> TimeStamp : 2024-11-02 01:47:44===> API : /api/auth/login ===> Message : loginUser() :: Request Object :: [object Object]
info: ===> TimeStamp : 2024-11-02 01:47:44===> API : /api/auth/login ===> Message : loginUserDB() Invoked !
info: ===> TimeStamp : 2024-11-02 01:47:44===> API : /api/auth/login ===> Message : loginUserResponse() invoked!
info: ===> TimeStamp : 2024-11-02 01:47:44===> API : /api/auth/login ===> Message : loginUserResponse() completed
info: ===> TimeStamp : 2024-11-02 02:52:10===> API : null ===> Message : validateRequest() invoked
info: ===> TimeStamp : 2024-11-02 02:52:10===> API : null ===> Message : fetchDBSettings()
info: ===> TimeStamp : 2024-11-02 02:52:10===> API : null ===> Message : validateRequest() Invoked!
info: ===> TimeStamp : 2024-11-02 02:52:10===> API : null ===> Message : validRequest() :: Api validated Successfully
info: ===> TimeStamp : 2024-11-02 02:52:10===> API : /api/auth/validateuser ===> Message : validateUser() invoked!!
info: ===> TimeStamp : 2024-11-02 02:52:10===> API : /api/auth/validateuser ===> Message : validateUser() :: Request Object :: [object Object]
info: ===> TimeStamp : 2024-11-02 02:52:10===> API : /api/auth/validateuser ===> Message : validateUserDB() Invoked !
info: ===> TimeStamp : 2024-11-02 02:52:10===> API : /api/auth/validateuser ===> Message : validateUserResponse() invoked!
info: ===> TimeStamp : 2024-11-02 02:52:10===> API : /api/auth/validateuser ===> Message : validateUserResponse() completed
info: ===> TimeStamp : 2024-11-02 02:52:10===> API : null ===> Message : validateRequest() invoked
info: ===> TimeStamp : 2024-11-02 02:52:10===> API : null ===> Message : fetchDBSettings()
info: ===> TimeStamp : 2024-11-02 02:52:10===> API : null ===> Message : validateRequest() Invoked!
info: ===> TimeStamp : 2024-11-02 02:52:10===> API : null ===> Message : validRequest() :: Api validated Successfully
info: ===> TimeStamp : 2024-11-02 02:52:10===> API : /api/auth/checkIP ===> Message : checkIP() invoked!!
info: ===> TimeStamp : 2024-11-02 02:52:10===> API : /api/auth/checkIP ===> Message : IPs match: 103.225.102.194
info: ===> TimeStamp : 2024-11-02 02:52:10===> API : /api/auth/checkIP ===> Message : checkIPResponse() invoked!
info: ===> TimeStamp : 2024-11-02 02:52:10===> API : /api/auth/checkIP ===> Message : checkIPResponse() completed
info: ===> TimeStamp : 2024-11-02 02:52:10===> API : null ===> Message : validateRequest() invoked
info: ===> TimeStamp : 2024-11-02 02:52:10===> API : null ===> Message : fetchDBSettings()
info: ===> TimeStamp : 2024-11-02 02:52:10===> API : null ===> Message : validateRequest() Invoked!
info: ===> TimeStamp : 2024-11-02 02:52:10===> API : null ===> Message : validRequest() :: Api validated Successfully
info: ===> TimeStamp : 2024-11-02 02:52:10===> API : /api/auth/login ===> Message : loginUser() invoked!!
info: ===> TimeStamp : 2024-11-02 02:52:10===> API : /api/auth/login ===> Message : loginUser() :: Request Object :: [object Object]
info: ===> TimeStamp : 2024-11-02 02:52:10===> API : /api/auth/login ===> Message : loginUserDB() Invoked !
info: ===> TimeStamp : 2024-11-02 02:52:10===> API : /api/auth/login ===> Message : loginUserResponse() invoked!
info: ===> TimeStamp : 2024-11-02 02:52:10===> API : /api/auth/login ===> Message : loginUserResponse() completed
info: ===> TimeStamp : 2024-11-02 02:52:29===> API : null ===> Message : validateRequest() invoked
info: ===> TimeStamp : 2024-11-02 02:52:29===> API : null ===> Message : fetchDBSettings()
info: ===> TimeStamp : 2024-11-02 02:52:29===> API : null ===> Message : validateRequest() Invoked!
info: ===> TimeStamp : 2024-11-02 02:52:29===> API : null ===> Message : validRequest() :: Api validated Successfully
info: ===> TimeStamp : 2024-11-02 02:52:29===> API : /api/auth/validateuser ===> Message : validateUser() invoked!!
info: ===> TimeStamp : 2024-11-02 02:52:29===> API : /api/auth/validateuser ===> Message : validateUser() :: Request Object :: [object Object]
info: ===> TimeStamp : 2024-11-02 02:52:29===> API : /api/auth/validateuser ===> Message : validateUserDB() Invoked !
info: ===> TimeStamp : 2024-11-02 02:52:30===> API : /api/auth/validateuser ===> Message : validateUserResponse() invoked!
info: ===> TimeStamp : 2024-11-02 02:52:30===> API : /api/auth/validateuser ===> Message : validateUserResponse() completed
info: ===> TimeStamp : 2024-11-02 02:52:30===> API : null ===> Message : validateRequest() invoked
info: ===> TimeStamp : 2024-11-02 02:52:30===> API : null ===> Message : fetchDBSettings()
info: ===> TimeStamp : 2024-11-02 02:52:30===> API : null ===> Message : validateRequest() Invoked!
info: ===> TimeStamp : 2024-11-02 02:52:30===> API : null ===> Message : validRequest() :: Api validated Successfully
info: ===> TimeStamp : 2024-11-02 02:52:30===> API : /api/auth/checkIP ===> Message : checkIP() invoked!!
info: ===> TimeStamp : 2024-11-02 02:52:30===> API : /api/auth/checkIP ===> Message : IPs match: 103.225.102.194
info: ===> TimeStamp : 2024-11-02 02:52:30===> API : /api/auth/checkIP ===> Message : checkIPResponse() invoked!
info: ===> TimeStamp : 2024-11-02 02:52:30===> API : /api/auth/checkIP ===> Message : checkIPResponse() completed
info: ===> TimeStamp : 2024-11-02 02:52:30===> API : null ===> Message : validateRequest() invoked
info: ===> TimeStamp : 2024-11-02 02:52:30===> API : null ===> Message : fetchDBSettings()
info: ===> TimeStamp : 2024-11-02 02:52:30===> API : null ===> Message : validateRequest() Invoked!
info: ===> TimeStamp : 2024-11-02 02:52:30===> API : null ===> Message : validRequest() :: Api validated Successfully
info: ===> TimeStamp : 2024-11-02 02:52:30===> API : /api/auth/login ===> Message : loginUser() invoked!!
info: ===> TimeStamp : 2024-11-02 02:52:30===> API : /api/auth/login ===> Message : loginUser() :: Request Object :: [object Object]
info: ===> TimeStamp : 2024-11-02 02:52:30===> API : /api/auth/login ===> Message : loginUserDB() Invoked !
info: ===> TimeStamp : 2024-11-02 02:52:30===> API : /api/auth/login ===> Message : loginUserResponse() invoked!
info: ===> TimeStamp : 2024-11-02 02:52:30===> API : /api/auth/login ===> Message : loginUserResponse() completed
info: ===> TimeStamp : 2024-11-02 03:58:47===> API : null ===> Message : validateRequest() invoked
info: ===> TimeStamp : 2024-11-02 03:58:47===> API : null ===> Message : fetchDBSettings()
info: ===> TimeStamp : 2024-11-02 03:58:47===> API : null ===> Message : validateRequest() Invoked!
info: ===> TimeStamp : 2024-11-02 03:58:47===> API : null ===> Message : validRequest() :: Api validated Successfully
info: ===> TimeStamp : 2024-11-02 03:58:47===> API : /api/auth/logout ===> Message : logoutUser() invoked!!
info: ===> TimeStamp : 2024-11-02 03:58:47===> API : /api/auth/logout ===> Message : logoutUser() :: Request Object :: [object Object]
info: ===> TimeStamp : 2024-11-02 03:58:47===> API : /api/auth/logout ===> Message : logoutUserDB() Invoked !
info: ===> TimeStamp : 2024-11-02 03:58:47===> API : /api/auth/logout ===> Message : logoutUserResponse() invoked!
info: ===> TimeStamp : 2024-11-02 03:58:47===> API : /api/auth/logout ===> Message : logoutUserResponse() completed
info: ===> TimeStamp : 2024-11-02 03:58:49===> API : null ===> Message : validateRequest() invoked
info: ===> TimeStamp : 2024-11-02 03:58:49===> API : null ===> Message : fetchDBSettings()
info: ===> TimeStamp : 2024-11-02 03:58:49===> API : null ===> Message : validateRequest() Invoked!
info: ===> TimeStamp : 2024-11-02 03:58:49===> API : null ===> Message : validRequest() :: Api validated Successfully
info: ===> TimeStamp : 2024-11-02 03:58:49===> API : /api/auth/validateuser ===> Message : validateUser() invoked!!
info: ===> TimeStamp : 2024-11-02 03:58:49===> API : /api/auth/validateuser ===> Message : validateUser() :: Request Object :: [object Object]
info: ===> TimeStamp : 2024-11-02 03:58:49===> API : /api/auth/validateuser ===> Message : validateUserDB() Invoked !
info: ===> TimeStamp : 2024-11-02 03:58:49===> API : /api/auth/validateuser ===> Message : validateUserResponse() invoked!
info: ===> TimeStamp : 2024-11-02 03:58:49===> API : /api/auth/validateuser ===> Message : validateUserResponse() completed
info: ===> TimeStamp : 2024-11-02 03:58:49===> API : null ===> Message : validateRequest() invoked
info: ===> TimeStamp : 2024-11-02 03:58:49===> API : null ===> Message : fetchDBSettings()
info: ===> TimeStamp : 2024-11-02 03:58:49===> API : null ===> Message : validateRequest() Invoked!
info: ===> TimeStamp : 2024-11-02 03:58:49===> API : null ===> Message : validRequest() :: Api validated Successfully
info: ===> TimeStamp : 2024-11-02 03:58:49===> API : /api/auth/checkIP ===> Message : checkIP() invoked!!
info: ===> TimeStamp : 2024-11-02 03:58:49===> API : /api/auth/checkIP ===> Message : IPs match: 103.225.102.194
info: ===> TimeStamp : 2024-11-02 03:58:49===> API : /api/auth/checkIP ===> Message : checkIPResponse() invoked!
info: ===> TimeStamp : 2024-11-02 03:58:49===> API : /api/auth/checkIP ===> Message : checkIPResponse() completed
info: ===> TimeStamp : 2024-11-02 03:58:49===> API : null ===> Message : validateRequest() invoked
info: ===> TimeStamp : 2024-11-02 03:58:49===> API : null ===> Message : fetchDBSettings()
info: ===> TimeStamp : 2024-11-02 03:58:49===> API : null ===> Message : validateRequest() Invoked!
info: ===> TimeStamp : 2024-11-02 03:58:49===> API : null ===> Message : validRequest() :: Api validated Successfully
info: ===> TimeStamp : 2024-11-02 03:58:49===> API : /api/auth/login ===> Message : loginUser() invoked!!
info: ===> TimeStamp : 2024-11-02 03:58:49===> API : /api/auth/login ===> Message : loginUser() :: Request Object :: [object Object]
info: ===> TimeStamp : 2024-11-02 03:58:49===> API : /api/auth/login ===> Message : loginUserDB() Invoked !
info: ===> TimeStamp : 2024-11-02 03:58:49===> API : /api/auth/login ===> Message : loginUserResponse() invoked!
info: ===> TimeStamp : 2024-11-02 03:58:49===> API : /api/auth/login ===> Message : loginUserResponse() completed
