info: ===> TimeStamp : 2026-02-22 05:35:34===> API : null ===> Message : validateRequest() invoked
info: ===> TimeStamp : 2026-02-22 05:35:34===> API : null ===> Message : fetchDBSettings()
info: ===> TimeStamp : 2026-02-22 05:35:34===> API : null ===> Message : validateRequest() Invoked!
info: ===> TimeStamp : 2026-02-22 05:35:34===> API : /api/booking/displayPackages ===> Message : displayPackages() invoked!!
info: ===> TimeStamp : 2026-02-22 05:35:34===> API : null ===> Message : validRequest() :: Api validated Successfully
info: ===> TimeStamp : 2026-02-22 05:35:34===> API : /api/booking/displayPackages ===> Message : displayPackages() :: DB :: Invoked !
info: ===> TimeStamp : 2026-02-22 05:35:34===> API : /api/booking/displayPackages ===> Message : displayPackagesResponse() invoked!
info: ===> TimeStamp : 2026-02-22 05:35:34===> API : /api/booking/displayPackages ===> Message : displayPackagesResponse() completed
info: ===> TimeStamp : 2026-02-22 05:37:58===> API : null ===> Message : validateRequest() invoked
info: ===> TimeStamp : 2026-02-22 05:37:58===> API : null ===> Message : fetchDBSettings()
info: ===> TimeStamp : 2026-02-22 05:37:58===> API : null ===> Message : validateRequest() Invoked!
info: ===> TimeStamp : 2026-02-22 05:37:58===> API : null ===> Message : validRequest() :: Api validated Successfully
info: ===> TimeStamp : 2026-02-22 05:37:58===> API : /api/booking/newBooking ===> Message : newBooking() invoked!!
info: ===> TimeStamp : 2026-02-22 05:37:58===> API : /api/booking/newBooking ===> Message : newBooking() :: Request Object :: [object Object]
info: ===> TimeStamp : 2026-02-22 05:37:58===> API : /api/booking/newBooking ===> Message : getUserById() :: DB :: Invoked !
info: ===> TimeStamp : 2026-02-22 05:37:58===> API : /api/booking/newBooking ===> Message : newBooking() :: DB :: Invoked !
info: ===> TimeStamp : 2026-02-22 05:37:59===> API : /api/booking/newBooking ===> Message : newBookingResponse() invoked!
info: ===> TimeStamp : 2026-02-22 05:37:59===> API : /api/booking/newBooking ===> Message : newBookingResponse() completed
info: ===> TimeStamp : 2026-02-22 05:38:14===> API : null ===> Message : validateRequest() invoked
info: ===> TimeStamp : 2026-02-22 05:38:14===> API : null ===> Message : fetchDBSettings()
info: ===> TimeStamp : 2026-02-22 05:38:14===> API : null ===> Message : validateRequest() Invoked!
info: ===> TimeStamp : 2026-02-22 05:38:14===> API : null ===> Message : validRequest() :: Api validated Successfully
info: ===> TimeStamp : 2026-02-22 05:38:14===> API : /api/booking/displayPackages ===> Message : displayPackages() invoked!!
info: ===> TimeStamp : 2026-02-22 05:38:14===> API : /api/booking/displayPackages ===> Message : displayPackages() :: DB :: Invoked !
info: ===> TimeStamp : 2026-02-22 05:38:14===> API : /api/booking/displayPackages ===> Message : displayPackagesResponse() invoked!
info: ===> TimeStamp : 2026-02-22 05:38:14===> API : /api/booking/displayPackages ===> Message : displayPackagesResponse() completed
info: ===> TimeStamp : 2026-02-22 05:40:57===> API : null ===> Message : validateRequest() invoked
info: ===> TimeStamp : 2026-02-22 05:40:57===> API : null ===> Message : validateRequest() Error:: Invalid Request :: 
      {"apiUri":"/robots.txt"}
info: ===> TimeStamp : 2026-02-22 05:41:00===> API : null ===> Message : validateRequest() invoked
info: ===> TimeStamp : 2026-02-22 05:41:00===> API : null ===> Message : validateRequest() Error:: Invalid Request :: 
      {"apiUri":"/"}
info: ===> TimeStamp : 2026-02-22 05:41:15===> API : null ===> Message : validateRequest() invoked
info: ===> TimeStamp : 2026-02-22 05:41:15===> API : null ===> Message : fetchDBSettings()
info: ===> TimeStamp : 2026-02-22 05:41:15===> API : null ===> Message : validateRequest() Invoked!
info: ===> TimeStamp : 2026-02-22 05:41:15===> API : null ===> Message : validRequest() :: Api validated Successfully
info: ===> TimeStamp : 2026-02-22 05:41:15===> API : /api/booking/newBooking ===> Message : newBooking() invoked!!
info: ===> TimeStamp : 2026-02-22 05:41:15===> API : /api/booking/newBooking ===> Message : newBooking() :: Request Object :: [object Object]
info: ===> TimeStamp : 2026-02-22 05:41:15===> API : /api/booking/newBooking ===> Message : getUserById() :: DB :: Invoked !
info: ===> TimeStamp : 2026-02-22 05:41:15===> API : /api/booking/newBooking ===> Message : newBooking() :: DB :: Invoked !
info: ===> TimeStamp : 2026-02-22 05:41:15===> API : /api/booking/newBooking ===> Message : newBookingResponse() invoked!
info: ===> TimeStamp : 2026-02-22 05:41:15===> API : /api/booking/newBooking ===> Message : newBookingResponse() completed
info: ===> TimeStamp : 2026-02-22 05:41:29===> API : null ===> Message : validateRequest() invoked
info: ===> TimeStamp : 2026-02-22 05:41:29===> API : null ===> Message : fetchDBSettings()
info: ===> TimeStamp : 2026-02-22 05:41:29===> API : null ===> Message : validateRequest() Invoked!
info: ===> TimeStamp : 2026-02-22 05:41:29===> API : null ===> Message : validRequest() :: Api validated Successfully
info: ===> TimeStamp : 2026-02-22 05:41:29===> API : /api/booking/displayPackages ===> Message : displayPackages() invoked!!
info: ===> TimeStamp : 2026-02-22 05:41:29===> API : /api/booking/displayPackages ===> Message : displayPackages() :: DB :: Invoked !
info: ===> TimeStamp : 2026-02-22 05:41:29===> API : /api/booking/displayPackages ===> Message : displayPackagesResponse() invoked!
info: ===> TimeStamp : 2026-02-22 05:41:29===> API : /api/booking/displayPackages ===> Message : displayPackagesResponse() completed
info: ===> TimeStamp : 2026-02-22 05:43:00===> API : null ===> Message : validateRequest() invoked
info: ===> TimeStamp : 2026-02-22 05:43:00===> API : null ===> Message : fetchDBSettings()
info: ===> TimeStamp : 2026-02-22 05:43:00===> API : null ===> Message : validateRequest() Invoked!
info: ===> TimeStamp : 2026-02-22 05:43:00===> API : null ===> Message : validRequest() :: Api validated Successfully
info: ===> TimeStamp : 2026-02-22 05:43:00===> API : /api/booking/displayPackages ===> Message : displayPackages() :: DB :: Invoked !
info: ===> TimeStamp : 2026-02-22 05:43:00===> API : /api/booking/displayPackages ===> Message : displayPackages() invoked!!
info: ===> TimeStamp : 2026-02-22 05:43:00===> API : /api/booking/displayPackages ===> Message : displayPackagesResponse() invoked!
info: ===> TimeStamp : 2026-02-22 05:43:00===> API : /api/booking/displayPackages ===> Message : displayPackagesResponse() completed
info: ===> TimeStamp : 2026-02-22 06:09:06===> API : null ===> Message : validateRequest() invoked
info: ===> TimeStamp : 2026-02-22 06:09:06===> API : null ===> Message : fetchDBSettings()
info: ===> TimeStamp : 2026-02-22 06:09:06===> API : null ===> Message : validateRequest() invoked
info: ===> TimeStamp : 2026-02-22 06:09:06===> API : null ===> Message : fetchDBSettings()
info: ===> TimeStamp : 2026-02-22 06:09:06===> API : null ===> Message : validateRequest() Invoked!
info: ===> TimeStamp : 2026-02-22 06:09:06===> API : null ===> Message : validateRequest() Invoked!
info: ===> TimeStamp : 2026-02-22 06:09:06===> API : null ===> Message : validRequest() :: Api validated Successfully
info: ===> TimeStamp : 2026-02-22 06:09:06===> API : /api/booking/displayPackages ===> Message : displayPackages() invoked!!
info: ===> TimeStamp : 2026-02-22 06:09:06===> API : /api/booking/displayPackages ===> Message : displayPackages() :: DB :: Invoked !
info: ===> TimeStamp : 2026-02-22 06:09:06===> API : /api/booking/displayPackages ===> Message : displayPackagesResponse() invoked!
info: ===> TimeStamp : 2026-02-22 06:09:06===> API : /api/booking/displayPackages ===> Message : displayPackagesResponse() completed
info: ===> TimeStamp : 2026-02-22 06:09:07===> API : null ===> Message : validRequest() :: Api validated Successfully
info: ===> TimeStamp : 2026-02-22 06:09:07===> API : /api/booking/fetchBookings?futureDate=2026-02-22 ===> Message : fetchBookings() invoked!!
info: ===> TimeStamp : 2026-02-22 06:09:07===> API : /api/booking/fetchBookings?futureDate=2026-02-22 ===> Message : fetchBookings() :: Request Object :: [object Object]
info: ===> TimeStamp : 2026-02-22 06:09:07===> API : /api/booking/fetchBookings?futureDate=2026-02-22 ===> Message : fetchBookings() :: DB :: Invoked !
info: ===> TimeStamp : 2026-02-22 06:09:08===> API : /api/booking/fetchBookings?futureDate=2026-02-22 ===> Message : fetchBookingsResponse() invoked!
info: ===> TimeStamp : 2026-02-22 06:09:08===> API : /api/booking/fetchBookings?futureDate=2026-02-22 ===> Message : fetchBookingsResponse() completed
info: ===> TimeStamp : 2026-02-22 06:09:08===> API : null ===> Message : validateRequest() invoked
info: ===> TimeStamp : 2026-02-22 06:09:08===> API : null ===> Message : fetchDBSettings()
info: ===> TimeStamp : 2026-02-22 06:09:08===> API : null ===> Message : validateRequest() Invoked!
info: ===> TimeStamp : 2026-02-22 06:09:08===> API : null ===> Message : validRequest() :: Api validated Successfully
info: ===> TimeStamp : 2026-02-22 06:09:08===> API : /api/booking/fetchBookings?futureDate=2026-02-22 ===> Message : fetchBookings() invoked!!
info: ===> TimeStamp : 2026-02-22 06:09:08===> API : /api/booking/fetchBookings?futureDate=2026-02-22 ===> Message : fetchBookings() :: Request Object :: [object Object]
info: ===> TimeStamp : 2026-02-22 06:09:08===> API : /api/booking/fetchBookings?futureDate=2026-02-22 ===> Message : fetchBookings() :: DB :: Invoked !
info: ===> TimeStamp : 2026-02-22 06:09:09===> API : /api/booking/fetchBookings?futureDate=2026-02-22 ===> Message : fetchBookingsResponse() invoked!
info: ===> TimeStamp : 2026-02-22 06:09:09===> API : /api/booking/fetchBookings?futureDate=2026-02-22 ===> Message : fetchBookingsResponse() completed
info: ===> TimeStamp : 2026-02-22 06:09:14===> API : null ===> Message : validateRequest() invoked
info: ===> TimeStamp : 2026-02-22 06:09:14===> API : null ===> Message : fetchDBSettings()
info: ===> TimeStamp : 2026-02-22 06:09:14===> API : null ===> Message : validateRequest() Invoked!
info: ===> TimeStamp : 2026-02-22 06:09:14===> API : null ===> Message : validRequest() :: Api validated Successfully
info: ===> TimeStamp : 2026-02-22 06:09:14===> API : /api/booking/fetchBookings?futureDate=2026-02-22 ===> Message : fetchBookings() :: Request Object :: [object Object]
info: ===> TimeStamp : 2026-02-22 06:09:14===> API : /api/booking/fetchBookings?futureDate=2026-02-22 ===> Message : fetchBookings() invoked!!
info: ===> TimeStamp : 2026-02-22 06:09:14===> API : /api/booking/fetchBookings?futureDate=2026-02-22 ===> Message : fetchBookings() :: DB :: Invoked !
info: ===> TimeStamp : 2026-02-22 06:09:15===> API : /api/booking/fetchBookings?futureDate=2026-02-22 ===> Message : fetchBookingsResponse() invoked!
info: ===> TimeStamp : 2026-02-22 06:09:15===> API : /api/booking/fetchBookings?futureDate=2026-02-22 ===> Message : fetchBookingsResponse() completed
info: ===> TimeStamp : 2026-02-22 06:09:18===> API : null ===> Message : validateRequest() invoked
info: ===> TimeStamp : 2026-02-22 06:09:18===> API : null ===> Message : fetchDBSettings()
info: ===> TimeStamp : 2026-02-22 06:09:18===> API : null ===> Message : validateRequest() Invoked!
info: ===> TimeStamp : 2026-02-22 06:09:19===> API : null ===> Message : validRequest() :: Api validated Successfully
info: ===> TimeStamp : 2026-02-22 06:09:19===> API : /api/booking/fetchBookings?futureDate=2026-02-21 ===> Message : fetchBookings() :: Request Object :: [object Object]
info: ===> TimeStamp : 2026-02-22 06:09:19===> API : /api/booking/fetchBookings?futureDate=2026-02-21 ===> Message : fetchBookings() invoked!!
info: ===> TimeStamp : 2026-02-22 06:09:19===> API : /api/booking/fetchBookings?futureDate=2026-02-21 ===> Message : fetchBookings() :: DB :: Invoked !
info: ===> TimeStamp : 2026-02-22 06:09:20===> API : /api/booking/fetchBookings?futureDate=2026-02-21 ===> Message : fetchBookingsResponse() completed
info: ===> TimeStamp : 2026-02-22 06:09:20===> API : /api/booking/fetchBookings?futureDate=2026-02-21 ===> Message : fetchBookingsResponse() invoked!
info: ===> TimeStamp : 2026-02-22 06:09:26===> API : null ===> Message : validateRequest() invoked
info: ===> TimeStamp : 2026-02-22 06:09:26===> API : null ===> Message : fetchDBSettings()
info: ===> TimeStamp : 2026-02-22 06:09:26===> API : null ===> Message : validateRequest() Invoked!
info: ===> TimeStamp : 2026-02-22 06:09:26===> API : null ===> Message : validRequest() :: Api validated Successfully
info: ===> TimeStamp : 2026-02-22 06:09:26===> API : /api/booking/fetchBookings?futureDate=2026-02-21 ===> Message : fetchBookings() :: Request Object :: [object Object]
info: ===> TimeStamp : 2026-02-22 06:09:26===> API : /api/booking/fetchBookings?futureDate=2026-02-21 ===> Message : fetchBookings() :: DB :: Invoked !
info: ===> TimeStamp : 2026-02-22 06:09:26===> API : /api/booking/fetchBookings?futureDate=2026-02-21 ===> Message : fetchBookings() invoked!!
info: ===> TimeStamp : 2026-02-22 06:09:26===> API : /api/booking/fetchBookings?futureDate=2026-02-21 ===> Message : fetchBookingsResponse() invoked!
info: ===> TimeStamp : 2026-02-22 06:09:26===> API : /api/booking/fetchBookings?futureDate=2026-02-21 ===> Message : fetchBookingsResponse() completed
info: ===> TimeStamp : 2026-02-22 06:09:30===> API : null ===> Message : validateRequest() invoked
info: ===> TimeStamp : 2026-02-22 06:09:30===> API : null ===> Message : fetchDBSettings()
info: ===> TimeStamp : 2026-02-22 06:09:30===> API : null ===> Message : validateRequest() Invoked!
info: ===> TimeStamp : 2026-02-22 06:09:30===> API : null ===> Message : validRequest() :: Api validated Successfully
info: ===> TimeStamp : 2026-02-22 06:09:30===> API : /api/booking/fetchBookings?futureDate=2026-02-20 ===> Message : fetchBookings() invoked!!
info: ===> TimeStamp : 2026-02-22 06:09:30===> API : /api/booking/fetchBookings?futureDate=2026-02-20 ===> Message : fetchBookings() :: Request Object :: [object Object]
info: ===> TimeStamp : 2026-02-22 06:09:30===> API : /api/booking/fetchBookings?futureDate=2026-02-20 ===> Message : fetchBookings() :: DB :: Invoked !
info: ===> TimeStamp : 2026-02-22 06:09:31===> API : /api/booking/fetchBookings?futureDate=2026-02-20 ===> Message : fetchBookingsResponse() invoked!
info: ===> TimeStamp : 2026-02-22 06:09:31===> API : /api/booking/fetchBookings?futureDate=2026-02-20 ===> Message : fetchBookingsResponse() completed
info: ===> TimeStamp : 2026-02-22 06:09:43===> API : null ===> Message : validateRequest() invoked
info: ===> TimeStamp : 2026-02-22 06:09:43===> API : null ===> Message : fetchDBSettings()
info: ===> TimeStamp : 2026-02-22 06:09:44===> API : null ===> Message : validateRequest() Invoked!
info: ===> TimeStamp : 2026-02-22 06:09:44===> API : null ===> Message : validRequest() :: Api validated Successfully
info: ===> TimeStamp : 2026-02-22 06:09:44===> API : /api/booking/fetchBookings?futureDate=2026-02-19 ===> Message : fetchBookings() invoked!!
info: ===> TimeStamp : 2026-02-22 06:09:44===> API : /api/booking/fetchBookings?futureDate=2026-02-19 ===> Message : fetchBookings() :: Request Object :: [object Object]
info: ===> TimeStamp : 2026-02-22 06:09:44===> API : /api/booking/fetchBookings?futureDate=2026-02-19 ===> Message : fetchBookings() :: DB :: Invoked !
info: ===> TimeStamp : 2026-02-22 06:09:44===> API : /api/booking/fetchBookings?futureDate=2026-02-19 ===> Message : fetchBookingsResponse() invoked!
info: ===> TimeStamp : 2026-02-22 06:09:44===> API : /api/booking/fetchBookings?futureDate=2026-02-19 ===> Message : fetchBookingsResponse() completed
info: ===> TimeStamp : 2026-02-22 06:09:47===> API : null ===> Message : validateRequest() invoked
info: ===> TimeStamp : 2026-02-22 06:09:47===> API : null ===> Message : fetchDBSettings()
info: ===> TimeStamp : 2026-02-22 06:09:47===> API : null ===> Message : validateRequest() Invoked!
info: ===> TimeStamp : 2026-02-22 06:09:47===> API : null ===> Message : validRequest() :: Api validated Successfully
info: ===> TimeStamp : 2026-02-22 06:09:47===> API : /api/booking/fetchBookings?futureDate=2026-02-19 ===> Message : fetchBookings() invoked!!
info: ===> TimeStamp : 2026-02-22 06:09:47===> API : /api/booking/fetchBookings?futureDate=2026-02-19 ===> Message : fetchBookings() :: Request Object :: [object Object]
info: ===> TimeStamp : 2026-02-22 06:09:47===> API : /api/booking/fetchBookings?futureDate=2026-02-19 ===> Message : fetchBookings() :: DB :: Invoked !
info: ===> TimeStamp : 2026-02-22 06:09:47===> API : /api/booking/fetchBookings?futureDate=2026-02-19 ===> Message : fetchBookingsResponse() invoked!
info: ===> TimeStamp : 2026-02-22 06:09:47===> API : /api/booking/fetchBookings?futureDate=2026-02-19 ===> Message : fetchBookingsResponse() completed
info: ===> TimeStamp : 2026-02-22 06:09:51===> API : null ===> Message : validateRequest() invoked
info: ===> TimeStamp : 2026-02-22 06:09:51===> API : null ===> Message : fetchDBSettings()
info: ===> TimeStamp : 2026-02-22 06:09:51===> API : null ===> Message : validateRequest() Invoked!
info: ===> TimeStamp : 2026-02-22 06:09:51===> API : null ===> Message : validRequest() :: Api validated Successfully
info: ===> TimeStamp : 2026-02-22 06:09:51===> API : /api/booking/fetchBookings?futureDate=2026-02-19 ===> Message : fetchBookings() invoked!!
info: ===> TimeStamp : 2026-02-22 06:09:51===> API : /api/booking/fetchBookings?futureDate=2026-02-19 ===> Message : fetchBookings() :: Request Object :: [object Object]
info: ===> TimeStamp : 2026-02-22 06:09:51===> API : /api/booking/fetchBookings?futureDate=2026-02-19 ===> Message : fetchBookings() :: DB :: Invoked !
info: ===> TimeStamp : 2026-02-22 06:09:51===> API : /api/booking/fetchBookings?futureDate=2026-02-19 ===> Message : fetchBookingsResponse() invoked!
info: ===> TimeStamp : 2026-02-22 06:09:51===> API : /api/booking/fetchBookings?futureDate=2026-02-19 ===> Message : fetchBookingsResponse() completed
info: ===> TimeStamp : 2026-02-22 06:10:01===> API : null ===> Message : validateRequest() invoked
info: ===> TimeStamp : 2026-02-22 06:10:01===> API : null ===> Message : fetchDBSettings()
info: ===> TimeStamp : 2026-02-22 06:10:01===> API : null ===> Message : validateRequest() Invoked!
info: ===> TimeStamp : 2026-02-22 06:10:01===> API : null ===> Message : validRequest() :: Api validated Successfully
info: ===> TimeStamp : 2026-02-22 06:10:01===> API : /api/booking/displayPackages ===> Message : displayPackages() invoked!!
info: ===> TimeStamp : 2026-02-22 06:10:01===> API : /api/booking/displayPackages ===> Message : displayPackages() :: DB :: Invoked !
info: ===> TimeStamp : 2026-02-22 06:10:01===> API : /api/booking/displayPackages ===> Message : displayPackagesResponse() invoked!
info: ===> TimeStamp : 2026-02-22 06:10:01===> API : /api/booking/displayPackages ===> Message : displayPackagesResponse() completed
info: ===> TimeStamp : 2026-02-22 06:53:22===> API : null ===> Message : validateRequest() invoked
info: ===> TimeStamp : 2026-02-22 06:53:22===> API : null ===> Message : fetchDBSettings()
info: ===> TimeStamp : 2026-02-22 06:53:22===> API : null ===> Message : validateRequest() Invoked!
info: ===> TimeStamp : 2026-02-22 06:53:22===> API : null ===> Message : validRequest() :: Api validated Successfully
info: ===> TimeStamp : 2026-02-22 06:53:22===> API : /api/booking/displayPackages ===> Message : displayPackages() invoked!!
info: ===> TimeStamp : 2026-02-22 06:53:22===> API : /api/booking/displayPackages ===> Message : displayPackages() :: DB :: Invoked !
info: ===> TimeStamp : 2026-02-22 06:53:22===> API : /api/booking/displayPackages ===> Message : displayPackagesResponse() invoked!
info: ===> TimeStamp : 2026-02-22 06:53:22===> API : /api/booking/displayPackages ===> Message : displayPackagesResponse() completed
info: ===> TimeStamp : 2026-02-22 06:53:30===> API : null ===> Message : validateRequest() invoked
info: ===> TimeStamp : 2026-02-22 06:53:30===> API : null ===> Message : fetchDBSettings()
info: ===> TimeStamp : 2026-02-22 06:53:30===> API : null ===> Message : validateRequest() Invoked!
info: ===> TimeStamp : 2026-02-22 06:53:30===> API : null ===> Message : validRequest() :: Api validated Successfully
info: ===> TimeStamp : 2026-02-22 06:53:30===> API : /api/booking/displayPackages ===> Message : displayPackages() invoked!!
info: ===> TimeStamp : 2026-02-22 06:53:30===> API : /api/booking/displayPackages ===> Message : displayPackages() :: DB :: Invoked !
info: ===> TimeStamp : 2026-02-22 06:53:30===> API : /api/booking/displayPackages ===> Message : displayPackagesResponse() invoked!
info: ===> TimeStamp : 2026-02-22 06:53:30===> API : /api/booking/displayPackages ===> Message : displayPackagesResponse() completed
info: ===> TimeStamp : 2026-02-22 07:00:34===> API : null ===> Message : validateRequest() invoked
info: ===> TimeStamp : 2026-02-22 07:00:34===> API : null ===> Message : fetchDBSettings()
info: ===> TimeStamp : 2026-02-22 07:00:35===> API : null ===> Message : validateRequest() Invoked!
info: ===> TimeStamp : 2026-02-22 07:00:35===> API : null ===> Message : validRequest() :: Api validated Successfully
info: ===> TimeStamp : 2026-02-22 07:00:35===> API : /api/booking/displayPackages ===> Message : displayPackages() invoked!!
info: ===> TimeStamp : 2026-02-22 07:00:35===> API : /api/booking/displayPackages ===> Message : displayPackages() :: DB :: Invoked !
info: ===> TimeStamp : 2026-02-22 07:00:35===> API : /api/booking/displayPackages ===> Message : displayPackagesResponse() invoked!
info: ===> TimeStamp : 2026-02-22 07:00:35===> API : /api/booking/displayPackages ===> Message : displayPackagesResponse() completed
info: ===> TimeStamp : 2026-02-22 07:00:37===> API : null ===> Message : validateRequest() invoked
info: ===> TimeStamp : 2026-02-22 07:00:37===> API : null ===> Message : fetchDBSettings()
info: ===> TimeStamp : 2026-02-22 07:00:37===> API : null ===> Message : validateRequest() Invoked!
info: ===> TimeStamp : 2026-02-22 07:00:37===> API : null ===> Message : validRequest() :: Api validated Successfully
info: ===> TimeStamp : 2026-02-22 07:00:37===> API : /api/booking/displayPackages ===> Message : displayPackages() invoked!!
info: ===> TimeStamp : 2026-02-22 07:00:37===> API : /api/booking/displayPackages ===> Message : displayPackages() :: DB :: Invoked !
info: ===> TimeStamp : 2026-02-22 07:00:37===> API : /api/booking/displayPackages ===> Message : displayPackagesResponse() invoked!
info: ===> TimeStamp : 2026-02-22 07:00:37===> API : /api/booking/displayPackages ===> Message : displayPackagesResponse() completed
info: ===> TimeStamp : 2026-02-22 07:18:01===> API : null ===> Message : validateRequest() invoked
info: ===> TimeStamp : 2026-02-22 07:18:01===> API : null ===> Message : fetchDBSettings()
info: ===> TimeStamp : 2026-02-22 07:18:01===> API : null ===> Message : validateRequest() Invoked!
info: ===> TimeStamp : 2026-02-22 07:18:01===> API : null ===> Message : validRequest() :: Api validated Successfully
info: ===> TimeStamp : 2026-02-22 07:18:01===> API : /api/booking/displayPackages ===> Message : displayPackages() invoked!!
info: ===> TimeStamp : 2026-02-22 07:18:01===> API : /api/booking/displayPackages ===> Message : displayPackages() :: DB :: Invoked !
info: ===> TimeStamp : 2026-02-22 07:18:01===> API : /api/booking/displayPackages ===> Message : displayPackagesResponse() invoked!
info: ===> TimeStamp : 2026-02-22 07:18:01===> API : /api/booking/displayPackages ===> Message : displayPackagesResponse() completed
info: ===> TimeStamp : 2026-02-22 07:30:21===> API : null ===> Message : validateRequest() invoked
info: ===> TimeStamp : 2026-02-22 07:30:21===> API : null ===> Message : fetchDBSettings()
info: ===> TimeStamp : 2026-02-22 07:30:21===> API : null ===> Message : validateRequest() Invoked!
info: ===> TimeStamp : 2026-02-22 07:30:21===> API : /api/booking/getUserByPhone?phone=99000 ===> Message : getUserByPhone() invoked!!
info: ===> TimeStamp : 2026-02-22 07:30:21===> API : /api/booking/getUserByPhone?phone=99000 ===> Message : getUserByPhone() :: Request Object :: [object Object]
info: ===> TimeStamp : 2026-02-22 07:30:21===> API : null ===> Message : validRequest() :: Api validated Successfully
info: ===> TimeStamp : 2026-02-22 07:30:21===> API : /api/booking/getUserByPhone?phone=99000 ===> Message : getUserByPhone() :: DB :: Invoked !
info: ===> TimeStamp : 2026-02-22 07:30:23===> API : null ===> Message : validateRequest() invoked
info: ===> TimeStamp : 2026-02-22 07:30:23===> API : null ===> Message : fetchDBSettings()
info: ===> TimeStamp : 2026-02-22 07:30:23===> API : null ===> Message : validateRequest() Invoked!
info: ===> TimeStamp : 2026-02-22 07:30:23===> API : null ===> Message : validRequest() :: Api validated Successfully
info: ===> TimeStamp : 2026-02-22 07:30:23===> API : /api/booking/getUserByPhone?phone=9900088 ===> Message : getUserByPhone() invoked!!
info: ===> TimeStamp : 2026-02-22 07:30:23===> API : /api/booking/getUserByPhone?phone=9900088 ===> Message : getUserByPhone() :: Request Object :: [object Object]
info: ===> TimeStamp : 2026-02-22 07:30:23===> API : /api/booking/getUserByPhone?phone=9900088 ===> Message : getUserByPhone() :: DB :: Invoked !
info: ===> TimeStamp : 2026-02-22 07:30:23===> API : /api/booking/getUserByPhone?phone=99000 ===> Message : getUserByPhoneResponse() invoked!
info: ===> TimeStamp : 2026-02-22 07:30:23===> API : /api/booking/getUserByPhone?phone=99000 ===> Message : getUserByPhoneResponse() completed
info: ===> TimeStamp : 2026-02-22 07:30:23===> API : /api/booking/getUserByPhone?phone=9900088 ===> Message : getUserByPhoneResponse() invoked!
info: ===> TimeStamp : 2026-02-22 07:30:23===> API : /api/booking/getUserByPhone?phone=9900088 ===> Message : getUserByPhoneResponse() completed
info: ===> TimeStamp : 2026-02-22 07:30:24===> API : null ===> Message : validateRequest() invoked
info: ===> TimeStamp : 2026-02-22 07:30:24===> API : null ===> Message : fetchDBSettings()
info: ===> TimeStamp : 2026-02-22 07:30:24===> API : null ===> Message : validateRequest() Invoked!
info: ===> TimeStamp : 2026-02-22 07:30:24===> API : null ===> Message : validRequest() :: Api validated Successfully
info: ===> TimeStamp : 2026-02-22 07:30:24===> API : /api/booking/getUserByPhone?phone=9900088359 ===> Message : getUserByPhone() invoked!!
info: ===> TimeStamp : 2026-02-22 07:30:24===> API : /api/booking/getUserByPhone?phone=9900088359 ===> Message : getUserByPhone() :: Request Object :: [object Object]
info: ===> TimeStamp : 2026-02-22 07:30:24===> API : /api/booking/getUserByPhone?phone=9900088359 ===> Message : getUserByPhone() :: DB :: Invoked !
info: ===> TimeStamp : 2026-02-22 07:30:25===> API : /api/booking/getUserByPhone?phone=9900088359 ===> Message : getUserByPhoneResponse() invoked!
info: ===> TimeStamp : 2026-02-22 07:30:25===> API : /api/booking/getUserByPhone?phone=9900088359 ===> Message : getUserByPhoneResponse() completed
info: ===> TimeStamp : 2026-02-22 07:30:30===> API : null ===> Message : validateRequest() invoked
info: ===> TimeStamp : 2026-02-22 07:30:30===> API : null ===> Message : fetchDBSettings()
info: ===> TimeStamp : 2026-02-22 07:30:30===> API : null ===> Message : validateRequest() Invoked!
info: ===> TimeStamp : 2026-02-22 07:30:30===> API : null ===> Message : validRequest() :: Api validated Successfully
info: ===> TimeStamp : 2026-02-22 07:30:30===> API : /api/booking/newBooking ===> Message : newBooking() invoked!!
info: ===> TimeStamp : 2026-02-22 07:30:30===> API : /api/booking/newBooking ===> Message : newBooking() :: Request Object :: [object Object]
info: ===> TimeStamp : 2026-02-22 07:30:30===> API : /api/booking/newBooking ===> Message : getUserById() :: DB :: Invoked !
info: ===> TimeStamp : 2026-02-22 07:30:30===> API : /api/booking/newBooking ===> Message : newBooking() :: DB :: Invoked !
info: ===> TimeStamp : 2026-02-22 07:30:30===> API : /api/booking/newBooking ===> Message : newBookingResponse() invoked!
info: ===> TimeStamp : 2026-02-22 07:30:30===> API : /api/booking/newBooking ===> Message : newBookingResponse() completed
info: ===> TimeStamp : 2026-02-22 07:30:46===> API : null ===> Message : validateRequest() invoked
info: ===> TimeStamp : 2026-02-22 07:30:46===> API : null ===> Message : fetchDBSettings()
info: ===> TimeStamp : 2026-02-22 07:30:46===> API : null ===> Message : validateRequest() Invoked!
info: ===> TimeStamp : 2026-02-22 07:30:46===> API : null ===> Message : validRequest() :: Api validated Successfully
info: ===> TimeStamp : 2026-02-22 07:30:46===> API : /api/booking/displayPackages ===> Message : displayPackages() invoked!!
info: ===> TimeStamp : 2026-02-22 07:30:46===> API : /api/booking/displayPackages ===> Message : displayPackages() :: DB :: Invoked !
info: ===> TimeStamp : 2026-02-22 07:30:46===> API : /api/booking/displayPackages ===> Message : displayPackagesResponse() invoked!
info: ===> TimeStamp : 2026-02-22 07:30:46===> API : /api/booking/displayPackages ===> Message : displayPackagesResponse() completed
info: ===> TimeStamp : 2026-02-22 07:58:25===> API : null ===> Message : validateRequest() invoked
info: ===> TimeStamp : 2026-02-22 07:58:25===> API : null ===> Message : fetchDBSettings()
info: ===> TimeStamp : 2026-02-22 07:58:25===> API : null ===> Message : validateRequest() Invoked!
info: ===> TimeStamp : 2026-02-22 07:58:25===> API : null ===> Message : validRequest() :: Api validated Successfully
info: ===> TimeStamp : 2026-02-22 07:58:25===> API : /api/booking/displayPackages ===> Message : displayPackages() invoked!!
info: ===> TimeStamp : 2026-02-22 07:58:25===> API : /api/booking/displayPackages ===> Message : displayPackages() :: DB :: Invoked !
info: ===> TimeStamp : 2026-02-22 07:58:25===> API : /api/booking/displayPackages ===> Message : displayPackagesResponse() invoked!
info: ===> TimeStamp : 2026-02-22 07:58:25===> API : /api/booking/displayPackages ===> Message : displayPackagesResponse() completed
info: ===> TimeStamp : 2026-02-22 08:21:44===> API : null ===> Message : validateRequest() invoked
info: ===> TimeStamp : 2026-02-22 08:21:44===> API : null ===> Message : fetchDBSettings()
info: ===> TimeStamp : 2026-02-22 08:21:44===> API : null ===> Message : validateRequest() Invoked!
info: ===> TimeStamp : 2026-02-22 08:21:44===> API : null ===> Message : validRequest() :: Api validated Successfully
info: ===> TimeStamp : 2026-02-22 08:21:44===> API : /api/booking/getUserByPhone?phone=9480 ===> Message : getUserByPhone() invoked!!
info: ===> TimeStamp : 2026-02-22 08:21:44===> API : /api/booking/getUserByPhone?phone=9480 ===> Message : getUserByPhone() :: Request Object :: [object Object]
info: ===> TimeStamp : 2026-02-22 08:21:44===> API : /api/booking/getUserByPhone?phone=9480 ===> Message : getUserByPhone() :: DB :: Invoked !
info: ===> TimeStamp : 2026-02-22 08:21:45===> API : /api/booking/getUserByPhone?phone=9480 ===> Message : getUserByPhoneResponse() invoked!
info: ===> TimeStamp : 2026-02-22 08:21:45===> API : /api/booking/getUserByPhone?phone=9480 ===> Message : getUserByPhoneResponse() completed
info: ===> TimeStamp : 2026-02-22 08:21:49===> API : null ===> Message : validateRequest() invoked
info: ===> TimeStamp : 2026-02-22 08:21:49===> API : null ===> Message : fetchDBSettings()
info: ===> TimeStamp : 2026-02-22 08:21:49===> API : null ===> Message : validateRequest() Invoked!
info: ===> TimeStamp : 2026-02-22 08:21:49===> API : null ===> Message : validRequest() :: Api validated Successfully
info: ===> TimeStamp : 2026-02-22 08:21:49===> API : /api/booking/getUserByPhone?phone=94802828 ===> Message : getUserByPhone() invoked!!
info: ===> TimeStamp : 2026-02-22 08:21:49===> API : /api/booking/getUserByPhone?phone=94802828 ===> Message : getUserByPhone() :: Request Object :: [object Object]
info: ===> TimeStamp : 2026-02-22 08:21:49===> API : /api/booking/getUserByPhone?phone=94802828 ===> Message : getUserByPhone() :: DB :: Invoked !
info: ===> TimeStamp : 2026-02-22 08:21:50===> API : /api/booking/getUserByPhone?phone=94802828 ===> Message : getUserByPhoneResponse() invoked!
info: ===> TimeStamp : 2026-02-22 08:21:50===> API : /api/booking/getUserByPhone?phone=94802828 ===> Message : getUserByPhoneResponse() completed
info: ===> TimeStamp : 2026-02-22 08:21:51===> API : null ===> Message : validateRequest() invoked
info: ===> TimeStamp : 2026-02-22 08:21:51===> API : null ===> Message : fetchDBSettings()
info: ===> TimeStamp : 2026-02-22 08:21:51===> API : null ===> Message : validateRequest() Invoked!
info: ===> TimeStamp : 2026-02-22 08:21:51===> API : null ===> Message : validRequest() :: Api validated Successfully
info: ===> TimeStamp : 2026-02-22 08:21:51===> API : /api/booking/getUserByPhone?phone=9480282800 ===> Message : getUserByPhone() invoked!!
info: ===> TimeStamp : 2026-02-22 08:21:51===> API : /api/booking/getUserByPhone?phone=9480282800 ===> Message : getUserByPhone() :: Request Object :: [object Object]
info: ===> TimeStamp : 2026-02-22 08:21:51===> API : /api/booking/getUserByPhone?phone=9480282800 ===> Message : getUserByPhone() :: DB :: Invoked !
info: ===> TimeStamp : 2026-02-22 08:21:52===> API : /api/booking/getUserByPhone?phone=9480282800 ===> Message : getUserByPhoneResponse() invoked!
info: ===> TimeStamp : 2026-02-22 08:21:52===> API : /api/booking/getUserByPhone?phone=9480282800 ===> Message : getUserByPhoneResponse() completed
info: ===> TimeStamp : 2026-02-22 08:22:13===> API : null ===> Message : validateRequest() invoked
info: ===> TimeStamp : 2026-02-22 08:22:13===> API : null ===> Message : fetchDBSettings()
info: ===> TimeStamp : 2026-02-22 08:22:13===> API : null ===> Message : validateRequest() Invoked!
info: ===> TimeStamp : 2026-02-22 08:22:14===> API : null ===> Message : validRequest() :: Api validated Successfully
info: ===> TimeStamp : 2026-02-22 08:22:14===> API : /api/booking/newBooking ===> Message : newBooking() invoked!!
info: ===> TimeStamp : 2026-02-22 08:22:14===> API : /api/booking/newBooking ===> Message : newBooking() :: Request Object :: [object Object]
info: ===> TimeStamp : 2026-02-22 08:22:14===> API : /api/booking/newBooking ===> Message : getUserById() :: DB :: Invoked !
info: ===> TimeStamp : 2026-02-22 08:22:14===> API : /api/booking/newBooking ===> Message : newBooking() :: DB :: Invoked !
info: ===> TimeStamp : 2026-02-22 08:22:14===> API : /api/booking/newBooking ===> Message : newBookingResponse() invoked!
info: ===> TimeStamp : 2026-02-22 08:22:14===> API : /api/booking/newBooking ===> Message : newBookingResponse() completed
info: ===> TimeStamp : 2026-02-22 08:22:29===> API : null ===> Message : validateRequest() invoked
info: ===> TimeStamp : 2026-02-22 08:22:29===> API : null ===> Message : fetchDBSettings()
info: ===> TimeStamp : 2026-02-22 08:22:29===> API : null ===> Message : validateRequest() Invoked!
info: ===> TimeStamp : 2026-02-22 08:22:29===> API : null ===> Message : validRequest() :: Api validated Successfully
info: ===> TimeStamp : 2026-02-22 08:22:29===> API : /api/booking/displayPackages ===> Message : displayPackages() invoked!!
info: ===> TimeStamp : 2026-02-22 08:22:29===> API : /api/booking/displayPackages ===> Message : displayPackages() :: DB :: Invoked !
info: ===> TimeStamp : 2026-02-22 08:22:29===> API : /api/booking/displayPackages ===> Message : displayPackagesResponse() invoked!
info: ===> TimeStamp : 2026-02-22 08:22:29===> API : /api/booking/displayPackages ===> Message : displayPackagesResponse() completed
info: ===> TimeStamp : 2026-02-22 08:26:46===> API : null ===> Message : validateRequest() invoked
info: ===> TimeStamp : 2026-02-22 08:26:46===> API : null ===> Message : fetchDBSettings()
info: ===> TimeStamp : 2026-02-22 08:26:46===> API : null ===> Message : validateRequest() Invoked!
info: ===> TimeStamp : 2026-02-22 08:26:46===> API : null ===> Message : validRequest() :: Api validated Successfully
info: ===> TimeStamp : 2026-02-22 08:26:46===> API : /api/booking/getUserByPhone?phone=63 ===> Message : getUserByPhone() invoked!!
info: ===> TimeStamp : 2026-02-22 08:26:46===> API : /api/booking/getUserByPhone?phone=63 ===> Message : getUserByPhone() :: Request Object :: [object Object]
info: ===> TimeStamp : 2026-02-22 08:26:46===> API : /api/booking/getUserByPhone?phone=63 ===> Message : getUserByPhone() :: DB :: Invoked !
info: ===> TimeStamp : 2026-02-22 08:26:47===> API : /api/booking/getUserByPhone?phone=63 ===> Message : getUserByPhoneResponse() invoked!
info: ===> TimeStamp : 2026-02-22 08:26:47===> API : /api/booking/getUserByPhone?phone=63 ===> Message : getUserByPhoneResponse() completed
info: ===> TimeStamp : 2026-02-22 08:26:48===> API : null ===> Message : validateRequest() invoked
info: ===> TimeStamp : 2026-02-22 08:26:48===> API : null ===> Message : fetchDBSettings()
info: ===> TimeStamp : 2026-02-22 08:26:48===> API : null ===> Message : validateRequest() Invoked!
info: ===> TimeStamp : 2026-02-22 08:26:48===> API : null ===> Message : validRequest() :: Api validated Successfully
info: ===> TimeStamp : 2026-02-22 08:26:48===> API : /api/booking/getUserByPhone?phone=6362 ===> Message : getUserByPhone() invoked!!
info: ===> TimeStamp : 2026-02-22 08:26:48===> API : /api/booking/getUserByPhone?phone=6362 ===> Message : getUserByPhone() :: Request Object :: [object Object]
info: ===> TimeStamp : 2026-02-22 08:26:48===> API : /api/booking/getUserByPhone?phone=6362 ===> Message : getUserByPhone() :: DB :: Invoked !
info: ===> TimeStamp : 2026-02-22 08:26:48===> API : /api/booking/getUserByPhone?phone=6362 ===> Message : getUserByPhoneResponse() invoked!
info: ===> TimeStamp : 2026-02-22 08:26:48===> API : /api/booking/getUserByPhone?phone=6362 ===> Message : getUserByPhoneResponse() completed
info: ===> TimeStamp : 2026-02-22 08:26:50===> API : null ===> Message : validateRequest() invoked
info: ===> TimeStamp : 2026-02-22 08:26:50===> API : null ===> Message : fetchDBSettings()
info: ===> TimeStamp : 2026-02-22 08:26:50===> API : null ===> Message : validateRequest() Invoked!
info: ===> TimeStamp : 2026-02-22 08:26:50===> API : null ===> Message : validRequest() :: Api validated Successfully
info: ===> TimeStamp : 2026-02-22 08:26:50===> API : /api/booking/getUserByPhone?phone=636268 ===> Message : getUserByPhone() invoked!!
info: ===> TimeStamp : 2026-02-22 08:26:50===> API : /api/booking/getUserByPhone?phone=636268 ===> Message : getUserByPhone() :: Request Object :: [object Object]
info: ===> TimeStamp : 2026-02-22 08:26:50===> API : /api/booking/getUserByPhone?phone=636268 ===> Message : getUserByPhone() :: DB :: Invoked !
info: ===> TimeStamp : 2026-02-22 08:26:50===> API : /api/booking/getUserByPhone?phone=636268 ===> Message : getUserByPhoneResponse() invoked!
info: ===> TimeStamp : 2026-02-22 08:26:50===> API : /api/booking/getUserByPhone?phone=636268 ===> Message : getUserByPhoneResponse() completed
info: ===> TimeStamp : 2026-02-22 08:26:52===> API : null ===> Message : validateRequest() invoked
info: ===> TimeStamp : 2026-02-22 08:26:52===> API : null ===> Message : fetchDBSettings()
info: ===> TimeStamp : 2026-02-22 08:26:52===> API : null ===> Message : validateRequest() Invoked!
info: ===> TimeStamp : 2026-02-22 08:26:52===> API : null ===> Message : validRequest() :: Api validated Successfully
info: ===> TimeStamp : 2026-02-22 08:26:52===> API : /api/booking/getUserByPhone?phone=6362685158 ===> Message : getUserByPhone() :: Request Object :: [object Object]
info: ===> TimeStamp : 2026-02-22 08:26:52===> API : /api/booking/getUserByPhone?phone=6362685158 ===> Message : getUserByPhone() invoked!!
info: ===> TimeStamp : 2026-02-22 08:26:52===> API : /api/booking/getUserByPhone?phone=6362685158 ===> Message : getUserByPhone() :: DB :: Invoked !
info: ===> TimeStamp : 2026-02-22 08:26:53===> API : /api/booking/getUserByPhone?phone=6362685158 ===> Message : getUserByPhoneResponse() invoked!
info: ===> TimeStamp : 2026-02-22 08:26:53===> API : /api/booking/getUserByPhone?phone=6362685158 ===> Message : getUserByPhoneResponse() completed
info: ===> TimeStamp : 2026-02-22 08:27:04===> API : null ===> Message : validateRequest() invoked
info: ===> TimeStamp : 2026-02-22 08:27:04===> API : null ===> Message : fetchDBSettings()
info: ===> TimeStamp : 2026-02-22 08:27:04===> API : null ===> Message : validateRequest() Invoked!
info: ===> TimeStamp : 2026-02-22 08:27:04===> API : null ===> Message : validRequest() :: Api validated Successfully
info: ===> TimeStamp : 2026-02-22 08:27:04===> API : /api/booking/newBooking ===> Message : newBooking() invoked!!
info: ===> TimeStamp : 2026-02-22 08:27:04===> API : /api/booking/newBooking ===> Message : newBooking() :: Request Object :: [object Object]
info: ===> TimeStamp : 2026-02-22 08:27:04===> API : /api/booking/newBooking ===> Message : getUserById() :: DB :: Invoked !
info: ===> TimeStamp : 2026-02-22 08:27:04===> API : /api/booking/newBooking ===> Message : newBooking() :: DB :: Invoked !
info: ===> TimeStamp : 2026-02-22 08:27:05===> API : /api/booking/newBooking ===> Message : newBookingResponse() invoked!
info: ===> TimeStamp : 2026-02-22 08:27:05===> API : /api/booking/newBooking ===> Message : newBookingResponse() completed
info: ===> TimeStamp : 2026-02-22 08:27:19===> API : null ===> Message : validateRequest() invoked
info: ===> TimeStamp : 2026-02-22 08:27:19===> API : null ===> Message : fetchDBSettings()
info: ===> TimeStamp : 2026-02-22 08:27:19===> API : null ===> Message : validateRequest() Invoked!
info: ===> TimeStamp : 2026-02-22 08:27:19===> API : null ===> Message : validRequest() :: Api validated Successfully
info: ===> TimeStamp : 2026-02-22 08:27:19===> API : /api/booking/displayPackages ===> Message : displayPackages() invoked!!
info: ===> TimeStamp : 2026-02-22 08:27:19===> API : /api/booking/displayPackages ===> Message : displayPackages() :: DB :: Invoked !
info: ===> TimeStamp : 2026-02-22 08:27:19===> API : /api/booking/displayPackages ===> Message : displayPackagesResponse() invoked!
info: ===> TimeStamp : 2026-02-22 08:27:19===> API : /api/booking/displayPackages ===> Message : displayPackagesResponse() completed
info: ===> TimeStamp : 2026-02-22 08:27:36===> API : null ===> Message : validateRequest() invoked
info: ===> TimeStamp : 2026-02-22 08:27:36===> API : null ===> Message : fetchDBSettings()
info: ===> TimeStamp : 2026-02-22 08:27:36===> API : null ===> Message : validateRequest() Invoked!
info: ===> TimeStamp : 2026-02-22 08:27:36===> API : null ===> Message : validRequest() :: Api validated Successfully
info: ===> TimeStamp : 2026-02-22 08:27:36===> API : /api/booking/displayPackages ===> Message : displayPackages() invoked!!
info: ===> TimeStamp : 2026-02-22 08:27:36===> API : /api/booking/displayPackages ===> Message : displayPackages() :: DB :: Invoked !
info: ===> TimeStamp : 2026-02-22 08:27:36===> API : /api/booking/displayPackages ===> Message : displayPackagesResponse() invoked!
info: ===> TimeStamp : 2026-02-22 08:27:36===> API : /api/booking/displayPackages ===> Message : displayPackagesResponse() completed
info: ===> TimeStamp : 2026-02-22 08:31:28===> API : null ===> Message : validateRequest() invoked
info: ===> TimeStamp : 2026-02-22 08:31:28===> API : null ===> Message : fetchDBSettings()
info: ===> TimeStamp : 2026-02-22 08:31:28===> API : null ===> Message : validateRequest() Invoked!
info: ===> TimeStamp : 2026-02-22 08:31:28===> API : null ===> Message : validRequest() :: Api validated Successfully
info: ===> TimeStamp : 2026-02-22 08:31:28===> API : /api/booking/displayPackages ===> Message : displayPackages() invoked!!
info: ===> TimeStamp : 2026-02-22 08:31:28===> API : /api/booking/displayPackages ===> Message : displayPackages() :: DB :: Invoked !
info: ===> TimeStamp : 2026-02-22 08:31:28===> API : /api/booking/displayPackages ===> Message : displayPackagesResponse() invoked!
info: ===> TimeStamp : 2026-02-22 08:31:28===> API : /api/booking/displayPackages ===> Message : displayPackagesResponse() completed
info: ===> TimeStamp : 2026-02-22 08:38:34===> API : null ===> Message : validateRequest() invoked
info: ===> TimeStamp : 2026-02-22 08:38:34===> API : null ===> Message : fetchDBSettings()
info: ===> TimeStamp : 2026-02-22 08:38:34===> API : null ===> Message : validateRequest() Invoked!
info: ===> TimeStamp : 2026-02-22 08:38:34===> API : null ===> Message : validRequest() :: Api validated Successfully
info: ===> TimeStamp : 2026-02-22 08:38:34===> API : /api/booking/displayPackages ===> Message : displayPackages() invoked!!
info: ===> TimeStamp : 2026-02-22 08:38:34===> API : /api/booking/displayPackages ===> Message : displayPackages() :: DB :: Invoked !
info: ===> TimeStamp : 2026-02-22 08:38:34===> API : /api/booking/displayPackages ===> Message : displayPackagesResponse() invoked!
info: ===> TimeStamp : 2026-02-22 08:38:34===> API : /api/booking/displayPackages ===> Message : displayPackagesResponse() completed
info: ===> TimeStamp : 2026-02-22 08:39:21===> API : null ===> Message : validateRequest() invoked
info: ===> TimeStamp : 2026-02-22 08:39:21===> API : null ===> Message : fetchDBSettings()
info: ===> TimeStamp : 2026-02-22 08:39:21===> API : null ===> Message : validateRequest() Invoked!
info: ===> TimeStamp : 2026-02-22 08:39:21===> API : null ===> Message : validRequest() :: Api validated Successfully
info: ===> TimeStamp : 2026-02-22 08:39:21===> API : /api/booking/getUserByPhone?phone=9900 ===> Message : getUserByPhone() invoked!!
info: ===> TimeStamp : 2026-02-22 08:39:21===> API : /api/booking/getUserByPhone?phone=9900 ===> Message : getUserByPhone() :: Request Object :: [object Object]
info: ===> TimeStamp : 2026-02-22 08:39:21===> API : /api/booking/getUserByPhone?phone=9900 ===> Message : getUserByPhone() :: DB :: Invoked !
info: ===> TimeStamp : 2026-02-22 08:39:22===> API : /api/booking/getUserByPhone?phone=9900 ===> Message : getUserByPhoneResponse() invoked!
info: ===> TimeStamp : 2026-02-22 08:39:22===> API : /api/booking/getUserByPhone?phone=9900 ===> Message : getUserByPhoneResponse() completed
info: ===> TimeStamp : 2026-02-22 08:39:23===> API : null ===> Message : validateRequest() invoked
info: ===> TimeStamp : 2026-02-22 08:39:23===> API : null ===> Message : fetchDBSettings()
info: ===> TimeStamp : 2026-02-22 08:39:23===> API : null ===> Message : validateRequest() Invoked!
info: ===> TimeStamp : 2026-02-22 08:39:23===> API : null ===> Message : validRequest() :: Api validated Successfully
info: ===> TimeStamp : 2026-02-22 08:39:23===> API : /api/booking/getUserByPhone?phone=990098 ===> Message : getUserByPhone() invoked!!
info: ===> TimeStamp : 2026-02-22 08:39:23===> API : /api/booking/getUserByPhone?phone=990098 ===> Message : getUserByPhone() :: Request Object :: [object Object]
info: ===> TimeStamp : 2026-02-22 08:39:23===> API : /api/booking/getUserByPhone?phone=990098 ===> Message : getUserByPhone() :: DB :: Invoked !
info: ===> TimeStamp : 2026-02-22 08:39:23===> API : /api/booking/getUserByPhone?phone=990098 ===> Message : getUserByPhoneResponse() invoked!
info: ===> TimeStamp : 2026-02-22 08:39:23===> API : /api/booking/getUserByPhone?phone=990098 ===> Message : getUserByPhoneResponse() completed
info: ===> TimeStamp : 2026-02-22 08:39:24===> API : null ===> Message : validateRequest() invoked
info: ===> TimeStamp : 2026-02-22 08:39:24===> API : null ===> Message : fetchDBSettings()
info: ===> TimeStamp : 2026-02-22 08:39:24===> API : null ===> Message : validateRequest() Invoked!
info: ===> TimeStamp : 2026-02-22 08:39:24===> API : null ===> Message : validRequest() :: Api validated Successfully
info: ===> TimeStamp : 2026-02-22 08:39:24===> API : /api/booking/getUserByPhone?phone=99009811 ===> Message : getUserByPhone() invoked!!
info: ===> TimeStamp : 2026-02-22 08:39:24===> API : /api/booking/getUserByPhone?phone=99009811 ===> Message : getUserByPhone() :: Request Object :: [object Object]
info: ===> TimeStamp : 2026-02-22 08:39:24===> API : /api/booking/getUserByPhone?phone=99009811 ===> Message : getUserByPhone() :: DB :: Invoked !
info: ===> TimeStamp : 2026-02-22 08:39:25===> API : /api/booking/getUserByPhone?phone=99009811 ===> Message : getUserByPhoneResponse() invoked!
info: ===> TimeStamp : 2026-02-22 08:39:25===> API : /api/booking/getUserByPhone?phone=99009811 ===> Message : getUserByPhoneResponse() completed
info: ===> TimeStamp : 2026-02-22 08:39:28===> API : null ===> Message : validateRequest() invoked
info: ===> TimeStamp : 2026-02-22 08:39:28===> API : null ===> Message : fetchDBSettings()
info: ===> TimeStamp : 2026-02-22 08:39:28===> API : null ===> Message : validateRequest() Invoked!
info: ===> TimeStamp : 2026-02-22 08:39:28===> API : null ===> Message : validRequest() :: Api validated Successfully
info: ===> TimeStamp : 2026-02-22 08:39:28===> API : /api/booking/getUserByPhone?phone=9900981198 ===> Message : getUserByPhone() :: Request Object :: [object Object]
info: ===> TimeStamp : 2026-02-22 08:39:28===> API : /api/booking/getUserByPhone?phone=9900981198 ===> Message : getUserByPhone() invoked!!
info: ===> TimeStamp : 2026-02-22 08:39:28===> API : /api/booking/getUserByPhone?phone=9900981198 ===> Message : getUserByPhone() :: DB :: Invoked !
info: ===> TimeStamp : 2026-02-22 08:39:29===> API : /api/booking/getUserByPhone?phone=9900981198 ===> Message : getUserByPhoneResponse() invoked!
info: ===> TimeStamp : 2026-02-22 08:39:29===> API : /api/booking/getUserByPhone?phone=9900981198 ===> Message : getUserByPhoneResponse() completed
info: ===> TimeStamp : 2026-02-22 08:39:32===> API : null ===> Message : validateRequest() invoked
info: ===> TimeStamp : 2026-02-22 08:39:32===> API : null ===> Message : fetchDBSettings()
info: ===> TimeStamp : 2026-02-22 08:39:32===> API : null ===> Message : validateRequest() Invoked!
info: ===> TimeStamp : 2026-02-22 08:39:32===> API : null ===> Message : validRequest() :: Api validated Successfully
info: ===> TimeStamp : 2026-02-22 08:39:32===> API : /api/booking/newBooking ===> Message : newBooking() invoked!!
info: ===> TimeStamp : 2026-02-22 08:39:32===> API : /api/booking/newBooking ===> Message : newBooking() :: Request Object :: [object Object]
info: ===> TimeStamp : 2026-02-22 08:39:32===> API : /api/booking/newBooking ===> Message : getUserById() :: DB :: Invoked !
info: ===> TimeStamp : 2026-02-22 08:39:32===> API : /api/booking/newBooking ===> Message : newBooking() :: DB :: Invoked !
info: ===> TimeStamp : 2026-02-22 08:39:33===> API : /api/booking/newBooking ===> Message : newBookingResponse() invoked!
info: ===> TimeStamp : 2026-02-22 08:39:33===> API : /api/booking/newBooking ===> Message : newBookingResponse() completed
info: ===> TimeStamp : 2026-02-22 08:39:50===> API : null ===> Message : validateRequest() invoked
info: ===> TimeStamp : 2026-02-22 08:39:50===> API : null ===> Message : fetchDBSettings()
info: ===> TimeStamp : 2026-02-22 08:39:50===> API : null ===> Message : validateRequest() Invoked!
info: ===> TimeStamp : 2026-02-22 08:39:50===> API : null ===> Message : validRequest() :: Api validated Successfully
info: ===> TimeStamp : 2026-02-22 08:39:50===> API : /api/booking/displayPackages ===> Message : displayPackages() invoked!!
info: ===> TimeStamp : 2026-02-22 08:39:50===> API : /api/booking/displayPackages ===> Message : displayPackages() :: DB :: Invoked !
info: ===> TimeStamp : 2026-02-22 08:39:50===> API : /api/booking/displayPackages ===> Message : displayPackagesResponse() invoked!
info: ===> TimeStamp : 2026-02-22 08:39:50===> API : /api/booking/displayPackages ===> Message : displayPackagesResponse() completed
info: ===> TimeStamp : 2026-02-22 08:40:22===> API : null ===> Message : validateRequest() invoked
info: ===> TimeStamp : 2026-02-22 08:40:22===> API : null ===> Message : fetchDBSettings()
info: ===> TimeStamp : 2026-02-22 08:40:22===> API : null ===> Message : validateRequest() Invoked!
info: ===> TimeStamp : 2026-02-22 08:40:22===> API : null ===> Message : validRequest() :: Api validated Successfully
info: ===> TimeStamp : 2026-02-22 08:40:22===> API : /api/booking/displayPackages ===> Message : displayPackages() invoked!!
info: ===> TimeStamp : 2026-02-22 08:40:22===> API : /api/booking/displayPackages ===> Message : displayPackages() :: DB :: Invoked !
info: ===> TimeStamp : 2026-02-22 08:40:22===> API : /api/booking/displayPackages ===> Message : displayPackagesResponse() invoked!
info: ===> TimeStamp : 2026-02-22 08:40:22===> API : /api/booking/displayPackages ===> Message : displayPackagesResponse() completed
info: ===> TimeStamp : 2026-02-22 09:25:55===> API : null ===> Message : validateRequest() invoked
info: ===> TimeStamp : 2026-02-22 09:25:55===> API : null ===> Message : fetchDBSettings()
info: ===> TimeStamp : 2026-02-22 09:25:55===> API : null ===> Message : validateRequest() Invoked!
info: ===> TimeStamp : 2026-02-22 09:25:55===> API : null ===> Message : validRequest() :: Api validated Successfully
info: ===> TimeStamp : 2026-02-22 09:25:55===> API : /api/booking/displayPackages ===> Message : displayPackages() invoked!!
info: ===> TimeStamp : 2026-02-22 09:25:55===> API : /api/booking/displayPackages ===> Message : displayPackages() :: DB :: Invoked !
info: ===> TimeStamp : 2026-02-22 09:25:55===> API : /api/booking/displayPackages ===> Message : displayPackagesResponse() invoked!
info: ===> TimeStamp : 2026-02-22 09:25:55===> API : /api/booking/displayPackages ===> Message : displayPackagesResponse() completed
info: ===> TimeStamp : 2026-02-22 09:27:42===> API : null ===> Message : validateRequest() invoked
info: ===> TimeStamp : 2026-02-22 09:27:42===> API : null ===> Message : fetchDBSettings()
info: ===> TimeStamp : 2026-02-22 09:27:42===> API : null ===> Message : validateRequest() Invoked!
info: ===> TimeStamp : 2026-02-22 09:27:42===> API : null ===> Message : validRequest() :: Api validated Successfully
info: ===> TimeStamp : 2026-02-22 09:27:42===> API : /api/booking/getUserByPhone?phone=9886 ===> Message : getUserByPhone() invoked!!
info: ===> TimeStamp : 2026-02-22 09:27:42===> API : /api/booking/getUserByPhone?phone=9886 ===> Message : getUserByPhone() :: Request Object :: [object Object]
info: ===> TimeStamp : 2026-02-22 09:27:42===> API : /api/booking/getUserByPhone?phone=9886 ===> Message : getUserByPhone() :: DB :: Invoked !
info: ===> TimeStamp : 2026-02-22 09:27:43===> API : /api/booking/getUserByPhone?phone=9886 ===> Message : getUserByPhoneResponse() invoked!
info: ===> TimeStamp : 2026-02-22 09:27:43===> API : /api/booking/getUserByPhone?phone=9886 ===> Message : getUserByPhoneResponse() completed
info: ===> TimeStamp : 2026-02-22 09:27:43===> API : null ===> Message : validateRequest() invoked
info: ===> TimeStamp : 2026-02-22 09:27:43===> API : null ===> Message : fetchDBSettings()
info: ===> TimeStamp : 2026-02-22 09:27:43===> API : null ===> Message : validateRequest() Invoked!
info: ===> TimeStamp : 2026-02-22 09:27:43===> API : null ===> Message : validRequest() :: Api validated Successfully
info: ===> TimeStamp : 2026-02-22 09:27:43===> API : /api/booking/getUserByPhone?phone=988606 ===> Message : getUserByPhone() invoked!!
info: ===> TimeStamp : 2026-02-22 09:27:43===> API : /api/booking/getUserByPhone?phone=988606 ===> Message : getUserByPhone() :: Request Object :: [object Object]
info: ===> TimeStamp : 2026-02-22 09:27:43===> API : /api/booking/getUserByPhone?phone=988606 ===> Message : getUserByPhone() :: DB :: Invoked !
info: ===> TimeStamp : 2026-02-22 09:27:44===> API : /api/booking/getUserByPhone?phone=988606 ===> Message : getUserByPhoneResponse() invoked!
info: ===> TimeStamp : 2026-02-22 09:27:44===> API : /api/booking/getUserByPhone?phone=988606 ===> Message : getUserByPhoneResponse() completed
info: ===> TimeStamp : 2026-02-22 09:27:47===> API : null ===> Message : validateRequest() invoked
info: ===> TimeStamp : 2026-02-22 09:27:47===> API : null ===> Message : fetchDBSettings()
info: ===> TimeStamp : 2026-02-22 09:27:47===> API : null ===> Message : validateRequest() Invoked!
info: ===> TimeStamp : 2026-02-22 09:27:47===> API : null ===> Message : validRequest() :: Api validated Successfully
info: ===> TimeStamp : 2026-02-22 09:27:47===> API : /api/booking/getUserByPhone?phone=9886065306 ===> Message : getUserByPhone() invoked!!
info: ===> TimeStamp : 2026-02-22 09:27:47===> API : /api/booking/getUserByPhone?phone=9886065306 ===> Message : getUserByPhone() :: Request Object :: [object Object]
info: ===> TimeStamp : 2026-02-22 09:27:47===> API : /api/booking/getUserByPhone?phone=9886065306 ===> Message : getUserByPhone() :: DB :: Invoked !
info: ===> TimeStamp : 2026-02-22 09:27:48===> API : /api/booking/getUserByPhone?phone=9886065306 ===> Message : getUserByPhoneResponse() invoked!
info: ===> TimeStamp : 2026-02-22 09:27:48===> API : /api/booking/getUserByPhone?phone=9886065306 ===> Message : getUserByPhoneResponse() completed
info: ===> TimeStamp : 2026-02-22 09:28:13===> API : null ===> Message : validateRequest() invoked
info: ===> TimeStamp : 2026-02-22 09:28:13===> API : null ===> Message : fetchDBSettings()
info: ===> TimeStamp : 2026-02-22 09:28:13===> API : null ===> Message : validateRequest() Invoked!
info: ===> TimeStamp : 2026-02-22 09:28:13===> API : null ===> Message : validRequest() :: Api validated Successfully
info: ===> TimeStamp : 2026-02-22 09:28:13===> API : /api/booking/newBooking ===> Message : newBooking() invoked!!
info: ===> TimeStamp : 2026-02-22 09:28:13===> API : /api/booking/newBooking ===> Message : newBooking() :: Request Object :: [object Object]
info: ===> TimeStamp : 2026-02-22 09:28:13===> API : /api/booking/newBooking ===> Message : getUserById() :: DB :: Invoked !
info: ===> TimeStamp : 2026-02-22 09:28:13===> API : /api/booking/newBooking ===> Message : newBooking() :: DB :: Invoked !
info: ===> TimeStamp : 2026-02-22 09:28:14===> API : /api/booking/newBooking ===> Message : newBookingResponse() invoked!
info: ===> TimeStamp : 2026-02-22 09:28:14===> API : /api/booking/newBooking ===> Message : newBookingResponse() completed
info: ===> TimeStamp : 2026-02-22 09:28:32===> API : null ===> Message : validateRequest() invoked
info: ===> TimeStamp : 2026-02-22 09:28:32===> API : null ===> Message : fetchDBSettings()
info: ===> TimeStamp : 2026-02-22 09:28:32===> API : null ===> Message : validateRequest() Invoked!
info: ===> TimeStamp : 2026-02-22 09:28:32===> API : null ===> Message : validRequest() :: Api validated Successfully
info: ===> TimeStamp : 2026-02-22 09:28:32===> API : /api/booking/displayPackages ===> Message : displayPackages() invoked!!
info: ===> TimeStamp : 2026-02-22 09:28:32===> API : /api/booking/displayPackages ===> Message : displayPackages() :: DB :: Invoked !
info: ===> TimeStamp : 2026-02-22 09:28:32===> API : /api/booking/displayPackages ===> Message : displayPackagesResponse() invoked!
info: ===> TimeStamp : 2026-02-22 09:28:32===> API : /api/booking/displayPackages ===> Message : displayPackagesResponse() completed
info: ===> TimeStamp : 2026-02-22 09:33:50===> API : null ===> Message : validateRequest() invoked
info: ===> TimeStamp : 2026-02-22 09:33:50===> API : null ===> Message : fetchDBSettings()
info: ===> TimeStamp : 2026-02-22 09:33:50===> API : null ===> Message : validateRequest() Invoked!
info: ===> TimeStamp : 2026-02-22 09:33:50===> API : null ===> Message : validRequest() :: Api validated Successfully
info: ===> TimeStamp : 2026-02-22 09:33:50===> API : /api/booking/displayPackages ===> Message : displayPackages() invoked!!
info: ===> TimeStamp : 2026-02-22 09:33:50===> API : /api/booking/displayPackages ===> Message : displayPackages() :: DB :: Invoked !
info: ===> TimeStamp : 2026-02-22 09:33:50===> API : /api/booking/displayPackages ===> Message : displayPackagesResponse() invoked!
info: ===> TimeStamp : 2026-02-22 09:33:50===> API : /api/booking/displayPackages ===> Message : displayPackagesResponse() completed
info: ===> TimeStamp : 2026-02-22 09:33:59===> API : null ===> Message : validateRequest() invoked
info: ===> TimeStamp : 2026-02-22 09:33:59===> API : null ===> Message : fetchDBSettings()
info: ===> TimeStamp : 2026-02-22 09:33:59===> API : null ===> Message : validateRequest() Invoked!
info: ===> TimeStamp : 2026-02-22 09:33:59===> API : null ===> Message : validRequest() :: Api validated Successfully
info: ===> TimeStamp : 2026-02-22 09:33:59===> API : /api/booking/displayPackages ===> Message : displayPackages() :: DB :: Invoked !
info: ===> TimeStamp : 2026-02-22 09:33:59===> API : /api/booking/displayPackages ===> Message : displayPackages() invoked!!
info: ===> TimeStamp : 2026-02-22 09:33:59===> API : /api/booking/displayPackages ===> Message : displayPackagesResponse() invoked!
info: ===> TimeStamp : 2026-02-22 09:33:59===> API : /api/booking/displayPackages ===> Message : displayPackagesResponse() completed
info: ===> TimeStamp : 2026-02-22 10:00:54===> API : null ===> Message : validateRequest() invoked
info: ===> TimeStamp : 2026-02-22 10:00:54===> API : null ===> Message : fetchDBSettings()
info: ===> TimeStamp : 2026-02-22 10:00:54===> API : null ===> Message : validateRequest() Invoked!
info: ===> TimeStamp : 2026-02-22 10:00:54===> API : null ===> Message : validRequest() :: Api validated Successfully
info: ===> TimeStamp : 2026-02-22 10:00:54===> API : /api/booking/displayPackages ===> Message : displayPackages() invoked!!
info: ===> TimeStamp : 2026-02-22 10:00:54===> API : /api/booking/displayPackages ===> Message : displayPackages() :: DB :: Invoked !
info: ===> TimeStamp : 2026-02-22 10:00:54===> API : /api/booking/displayPackages ===> Message : displayPackagesResponse() invoked!
info: ===> TimeStamp : 2026-02-22 10:00:54===> API : /api/booking/displayPackages ===> Message : displayPackagesResponse() completed
info: ===> TimeStamp : 2026-02-22 10:08:05===> API : null ===> Message : validateRequest() invoked
info: ===> TimeStamp : 2026-02-22 10:08:05===> API : null ===> Message : fetchDBSettings()
info: ===> TimeStamp : 2026-02-22 10:08:05===> API : null ===> Message : validateRequest() Invoked!
info: ===> TimeStamp : 2026-02-22 10:08:05===> API : null ===> Message : validRequest() :: Api validated Successfully
info: ===> TimeStamp : 2026-02-22 10:08:05===> API : /api/booking/displayPackages ===> Message : displayPackages() invoked!!
info: ===> TimeStamp : 2026-02-22 10:08:05===> API : /api/booking/displayPackages ===> Message : displayPackages() :: DB :: Invoked !
info: ===> TimeStamp : 2026-02-22 10:08:05===> API : /api/booking/displayPackages ===> Message : displayPackagesResponse() invoked!
info: ===> TimeStamp : 2026-02-22 10:08:05===> API : /api/booking/displayPackages ===> Message : displayPackagesResponse() completed
info: ===> TimeStamp : 2026-02-22 10:15:15===> API : null ===> Message : validateRequest() invoked
info: ===> TimeStamp : 2026-02-22 10:15:15===> API : null ===> Message : fetchDBSettings()
info: ===> TimeStamp : 2026-02-22 10:15:15===> API : null ===> Message : validateRequest() Invoked!
info: ===> TimeStamp : 2026-02-22 10:15:15===> API : null ===> Message : validRequest() :: Api validated Successfully
info: ===> TimeStamp : 2026-02-22 10:15:15===> API : /api/booking/displayPackages ===> Message : displayPackages() :: DB :: Invoked !
info: ===> TimeStamp : 2026-02-22 10:15:15===> API : /api/booking/displayPackages ===> Message : displayPackages() invoked!!
info: ===> TimeStamp : 2026-02-22 10:15:15===> API : /api/booking/displayPackages ===> Message : displayPackagesResponse() invoked!
info: ===> TimeStamp : 2026-02-22 10:15:15===> API : /api/booking/displayPackages ===> Message : displayPackagesResponse() completed
info: ===> TimeStamp : 2026-02-22 10:16:08===> API : null ===> Message : validateRequest() invoked
info: ===> TimeStamp : 2026-02-22 10:16:08===> API : null ===> Message : fetchDBSettings()
info: ===> TimeStamp : 2026-02-22 10:16:08===> API : null ===> Message : validateRequest() Invoked!
info: ===> TimeStamp : 2026-02-22 10:16:08===> API : null ===> Message : validRequest() :: Api validated Successfully
info: ===> TimeStamp : 2026-02-22 10:16:08===> API : /api/booking/displayPackages ===> Message : displayPackages() :: DB :: Invoked !
info: ===> TimeStamp : 2026-02-22 10:16:08===> API : /api/booking/displayPackages ===> Message : displayPackages() invoked!!
info: ===> TimeStamp : 2026-02-22 10:16:08===> API : /api/booking/displayPackages ===> Message : displayPackagesResponse() invoked!
info: ===> TimeStamp : 2026-02-22 10:16:08===> API : /api/booking/displayPackages ===> Message : displayPackagesResponse() completed
info: ===> TimeStamp : 2026-02-22 10:26:23===> API : null ===> Message : validateRequest() invoked
info: ===> TimeStamp : 2026-02-22 10:26:23===> API : null ===> Message : fetchDBSettings()
info: ===> TimeStamp : 2026-02-22 10:26:23===> API : null ===> Message : validateRequest() Invoked!
info: ===> TimeStamp : 2026-02-22 10:26:23===> API : null ===> Message : validRequest() :: Api validated Successfully
info: ===> TimeStamp : 2026-02-22 10:26:23===> API : /api/booking/displayPackages ===> Message : displayPackages() invoked!!
info: ===> TimeStamp : 2026-02-22 10:26:23===> API : /api/booking/displayPackages ===> Message : displayPackages() :: DB :: Invoked !
info: ===> TimeStamp : 2026-02-22 10:26:23===> API : /api/booking/displayPackages ===> Message : displayPackagesResponse() invoked!
info: ===> TimeStamp : 2026-02-22 10:26:23===> API : /api/booking/displayPackages ===> Message : displayPackagesResponse() completed
info: ===> TimeStamp : 2026-02-22 10:28:02===> API : null ===> Message : validateRequest() invoked
info: ===> TimeStamp : 2026-02-22 10:28:02===> API : null ===> Message : fetchDBSettings()
info: ===> TimeStamp : 2026-02-22 10:28:02===> API : null ===> Message : validateRequest() Invoked!
info: ===> TimeStamp : 2026-02-22 10:28:02===> API : null ===> Message : validRequest() :: Api validated Successfully
info: ===> TimeStamp : 2026-02-22 10:28:02===> API : /api/booking/getUserByPhone?phone=9 ===> Message : getUserByPhone() invoked!!
info: ===> TimeStamp : 2026-02-22 10:28:02===> API : /api/booking/getUserByPhone?phone=9 ===> Message : getUserByPhone() :: Request Object :: [object Object]
info: ===> TimeStamp : 2026-02-22 10:28:02===> API : /api/booking/getUserByPhone?phone=9 ===> Message : getUserByPhone() :: DB :: Invoked !
info: ===> TimeStamp : 2026-02-22 10:28:04===> API : /api/booking/getUserByPhone?phone=9 ===> Message : getUserByPhoneResponse() invoked!
info: ===> TimeStamp : 2026-02-22 10:28:04===> API : /api/booking/getUserByPhone?phone=9 ===> Message : getUserByPhoneResponse() completed
info: ===> TimeStamp : 2026-02-22 10:28:05===> API : null ===> Message : validateRequest() invoked
info: ===> TimeStamp : 2026-02-22 10:28:05===> API : null ===> Message : fetchDBSettings()
info: ===> TimeStamp : 2026-02-22 10:28:05===> API : null ===> Message : validateRequest() Invoked!
info: ===> TimeStamp : 2026-02-22 10:28:06===> API : null ===> Message : validRequest() :: Api validated Successfully
info: ===> TimeStamp : 2026-02-22 10:28:06===> API : /api/booking/getUserByPhone?phone=91106 ===> Message : getUserByPhone() invoked!!
info: ===> TimeStamp : 2026-02-22 10:28:06===> API : /api/booking/getUserByPhone?phone=91106 ===> Message : getUserByPhone() :: Request Object :: [object Object]
info: ===> TimeStamp : 2026-02-22 10:28:06===> API : /api/booking/getUserByPhone?phone=91106 ===> Message : getUserByPhone() :: DB :: Invoked !
info: ===> TimeStamp : 2026-02-22 10:28:06===> API : /api/booking/getUserByPhone?phone=91106 ===> Message : getUserByPhoneResponse() invoked!
info: ===> TimeStamp : 2026-02-22 10:28:06===> API : /api/booking/getUserByPhone?phone=91106 ===> Message : getUserByPhoneResponse() completed
info: ===> TimeStamp : 2026-02-22 10:28:09===> API : null ===> Message : validateRequest() invoked
info: ===> TimeStamp : 2026-02-22 10:28:09===> API : null ===> Message : fetchDBSettings()
info: ===> TimeStamp : 2026-02-22 10:28:09===> API : null ===> Message : validateRequest() Invoked!
info: ===> TimeStamp : 2026-02-22 10:28:09===> API : null ===> Message : validRequest() :: Api validated Successfully
info: ===> TimeStamp : 2026-02-22 10:28:09===> API : /api/booking/getUserByPhone?phone=9110652409 ===> Message : getUserByPhone() invoked!!
info: ===> TimeStamp : 2026-02-22 10:28:09===> API : /api/booking/getUserByPhone?phone=9110652409 ===> Message : getUserByPhone() :: Request Object :: [object Object]
info: ===> TimeStamp : 2026-02-22 10:28:09===> API : /api/booking/getUserByPhone?phone=9110652409 ===> Message : getUserByPhone() :: DB :: Invoked !
info: ===> TimeStamp : 2026-02-22 10:28:09===> API : /api/booking/getUserByPhone?phone=9110652409 ===> Message : getUserByPhoneResponse() invoked!
info: ===> TimeStamp : 2026-02-22 10:28:09===> API : /api/booking/getUserByPhone?phone=9110652409 ===> Message : getUserByPhoneResponse() completed
info: ===> TimeStamp : 2026-02-22 10:29:49===> API : null ===> Message : validateRequest() invoked
info: ===> TimeStamp : 2026-02-22 10:29:49===> API : null ===> Message : fetchDBSettings()
info: ===> TimeStamp : 2026-02-22 10:29:49===> API : null ===> Message : validateRequest() Invoked!
info: ===> TimeStamp : 2026-02-22 10:29:49===> API : null ===> Message : validRequest() :: Api validated Successfully
info: ===> TimeStamp : 2026-02-22 10:29:49===> API : /api/booking/newBooking ===> Message : newBooking() invoked!!
info: ===> TimeStamp : 2026-02-22 10:29:49===> API : /api/booking/newBooking ===> Message : newBooking() :: Request Object :: [object Object]
info: ===> TimeStamp : 2026-02-22 10:29:49===> API : /api/booking/newBooking ===> Message : getUserById() :: DB :: Invoked !
info: ===> TimeStamp : 2026-02-22 10:29:49===> API : /api/booking/newBooking ===> Message : newBooking() :: DB :: Invoked !
info: ===> TimeStamp : 2026-02-22 10:29:50===> API : /api/booking/newBooking ===> Message : newBookingResponse() invoked!
info: ===> TimeStamp : 2026-02-22 10:29:50===> API : /api/booking/newBooking ===> Message : newBookingResponse() completed
info: ===> TimeStamp : 2026-02-22 10:30:06===> API : null ===> Message : validateRequest() invoked
info: ===> TimeStamp : 2026-02-22 10:30:06===> API : null ===> Message : fetchDBSettings()
info: ===> TimeStamp : 2026-02-22 10:30:06===> API : null ===> Message : validateRequest() Invoked!
info: ===> TimeStamp : 2026-02-22 10:30:06===> API : null ===> Message : validRequest() :: Api validated Successfully
info: ===> TimeStamp : 2026-02-22 10:30:06===> API : /api/booking/displayPackages ===> Message : displayPackages() invoked!!
info: ===> TimeStamp : 2026-02-22 10:30:06===> API : /api/booking/displayPackages ===> Message : displayPackages() :: DB :: Invoked !
info: ===> TimeStamp : 2026-02-22 10:30:07===> API : /api/booking/displayPackages ===> Message : displayPackagesResponse() invoked!
info: ===> TimeStamp : 2026-02-22 10:30:07===> API : /api/booking/displayPackages ===> Message : displayPackagesResponse() completed
info: ===> TimeStamp : 2026-02-22 10:45:05===> API : null ===> Message : validateRequest() invoked
info: ===> TimeStamp : 2026-02-22 10:45:05===> API : null ===> Message : fetchDBSettings()
info: ===> TimeStamp : 2026-02-22 10:45:05===> API : null ===> Message : validateRequest() Invoked!
info: ===> TimeStamp : 2026-02-22 10:45:05===> API : null ===> Message : validRequest() :: Api validated Successfully
info: ===> TimeStamp : 2026-02-22 10:45:05===> API : /api/booking/displayPackages ===> Message : displayPackages() invoked!!
info: ===> TimeStamp : 2026-02-22 10:45:05===> API : /api/booking/displayPackages ===> Message : displayPackages() :: DB :: Invoked !
info: ===> TimeStamp : 2026-02-22 10:45:05===> API : /api/booking/displayPackages ===> Message : displayPackagesResponse() invoked!
info: ===> TimeStamp : 2026-02-22 10:45:05===> API : /api/booking/displayPackages ===> Message : displayPackagesResponse() completed
info: ===> TimeStamp : 2026-02-22 10:55:36===> API : null ===> Message : validateRequest() invoked
info: ===> TimeStamp : 2026-02-22 10:55:36===> API : null ===> Message : fetchDBSettings()
info: ===> TimeStamp : 2026-02-22 10:55:36===> API : null ===> Message : validateRequest() Invoked!
info: ===> TimeStamp : 2026-02-22 10:55:36===> API : null ===> Message : validRequest() :: Api validated Successfully
info: ===> TimeStamp : 2026-02-22 10:55:36===> API : /api/booking/displayPackages ===> Message : displayPackages() invoked!!
info: ===> TimeStamp : 2026-02-22 10:55:36===> API : /api/booking/displayPackages ===> Message : displayPackages() :: DB :: Invoked !
info: ===> TimeStamp : 2026-02-22 10:55:36===> API : /api/booking/displayPackages ===> Message : displayPackagesResponse() invoked!
info: ===> TimeStamp : 2026-02-22 10:55:36===> API : /api/booking/displayPackages ===> Message : displayPackagesResponse() completed
info: ===> TimeStamp : 2026-02-22 10:56:06===> API : null ===> Message : validateRequest() invoked
info: ===> TimeStamp : 2026-02-22 10:56:06===> API : null ===> Message : validateRequest() Error:: Invalid Request :: 
      {"apiUri":"/"}
info: ===> TimeStamp : 2026-02-22 10:56:06===> API : null ===> Message : validateRequest() invoked
info: ===> TimeStamp : 2026-02-22 10:56:06===> API : null ===> Message : validateRequest() Error:: Invalid Request :: 
      {"apiUri":"/.env"}
info: ===> TimeStamp : 2026-02-22 10:56:06===> API : null ===> Message : validateRequest() invoked
info: ===> TimeStamp : 2026-02-22 10:56:06===> API : null ===> Message : validateRequest() Error:: Invalid Request :: 
      {"apiUri":"/wp"}
info: ===> TimeStamp : 2026-02-22 10:56:06===> API : null ===> Message : validateRequest() invoked
info: ===> TimeStamp : 2026-02-22 10:56:06===> API : null ===> Message : validateRequest() Error:: Invalid Request :: 
      {"apiUri":"/blog"}
info: ===> TimeStamp : 2026-02-22 10:56:06===> API : null ===> Message : validateRequest() invoked
info: ===> TimeStamp : 2026-02-22 10:56:06===> API : null ===> Message : validateRequest() Error:: Invalid Request :: 
      {"apiUri":"/debug/default/index"}
info: ===> TimeStamp : 2026-02-22 10:56:06===> API : null ===> Message : validateRequest() invoked
info: ===> TimeStamp : 2026-02-22 10:56:06===> API : null ===> Message : validateRequest() Error:: Invalid Request :: 
      {"apiUri":"/wordpress"}
info: ===> TimeStamp : 2026-02-22 10:56:06===> API : null ===> Message : validateRequest() invoked
info: ===> TimeStamp : 2026-02-22 10:56:06===> API : null ===> Message : validateRequest() Error:: Invalid Request :: 
      {"apiUri":"/"}
info: ===> TimeStamp : 2026-02-22 10:56:06===> API : null ===> Message : validateRequest() invoked
info: ===> TimeStamp : 2026-02-22 10:56:06===> API : null ===> Message : validateRequest() Error:: Invalid Request :: 
      {"apiUri":"/demo"}
info: ===> TimeStamp : 2026-02-22 10:56:06===> API : null ===> Message : validateRequest() invoked
info: ===> TimeStamp : 2026-02-22 10:56:06===> API : null ===> Message : validateRequest() Error:: Invalid Request :: 
      {"apiUri":"/.git/config"}
info: ===> TimeStamp : 2026-02-22 10:56:06===> API : null ===> Message : validateRequest() invoked
info: ===> TimeStamp : 2026-02-22 10:56:06===> API : null ===> Message : validateRequest() Error:: Invalid Request :: 
      {"apiUri":"/new"}
info: ===> TimeStamp : 2026-02-22 10:56:06===> API : null ===> Message : validateRequest() invoked
info: ===> TimeStamp : 2026-02-22 10:56:06===> API : null ===> Message : validateRequest() Error:: Invalid Request :: 
      {"apiUri":"/"}
info: ===> TimeStamp : 2026-02-22 10:56:06===> API : null ===> Message : validateRequest() invoked
info: ===> TimeStamp : 2026-02-22 10:56:06===> API : null ===> Message : validateRequest() Error:: Invalid Request :: 
      {"apiUri":"/vendor/phpunit/phpunit/src/Util/PHP/eval-stdin.php"}
info: ===> TimeStamp : 2026-02-22 10:56:06===> API : null ===> Message : validateRequest() invoked
info: ===> TimeStamp : 2026-02-22 10:56:06===> API : null ===> Message : validateRequest() Error:: Invalid Request :: 
      {"apiUri":"/vendor/laravel-filemanager/js/script.js"}
info: ===> TimeStamp : 2026-02-22 10:56:07===> API : null ===> Message : validateRequest() invoked
info: ===> TimeStamp : 2026-02-22 10:56:07===> API : null ===> Message : validateRequest() Error:: Invalid Request :: 
      {"apiUri":"/_ignition/execute-solution"}
info: ===> TimeStamp : 2026-02-22 10:56:07===> API : null ===> Message : validateRequest() Error:: Invalid Request :: 
      {"apiUri":"/public/vendor/laravel-filemanager/js/script.js"}
info: ===> TimeStamp : 2026-02-22 10:56:07===> API : null ===> Message : validateRequest() invoked
info: ===> TimeStamp : 2026-02-22 10:57:32===> API : null ===> Message : validateRequest() invoked
info: ===> TimeStamp : 2026-02-22 10:57:32===> API : null ===> Message : fetchDBSettings()
info: ===> TimeStamp : 2026-02-22 10:57:32===> API : null ===> Message : validateRequest() Invoked!
info: ===> TimeStamp : 2026-02-22 10:57:32===> API : null ===> Message : validRequest() :: Api validated Successfully
info: ===> TimeStamp : 2026-02-22 10:57:32===> API : /api/booking/displayPackages ===> Message : displayPackages() invoked!!
info: ===> TimeStamp : 2026-02-22 10:57:32===> API : /api/booking/displayPackages ===> Message : displayPackages() :: DB :: Invoked !
info: ===> TimeStamp : 2026-02-22 10:57:32===> API : /api/booking/displayPackages ===> Message : displayPackagesResponse() invoked!
info: ===> TimeStamp : 2026-02-22 10:57:32===> API : /api/booking/displayPackages ===> Message : displayPackagesResponse() completed
info: ===> TimeStamp : 2026-02-22 11:08:17===> API : null ===> Message : validateRequest() invoked
info: ===> TimeStamp : 2026-02-22 11:08:17===> API : null ===> Message : fetchDBSettings()
info: ===> TimeStamp : 2026-02-22 11:08:17===> API : null ===> Message : validateRequest() Invoked!
info: ===> TimeStamp : 2026-02-22 11:08:17===> API : null ===> Message : validRequest() :: Api validated Successfully
info: ===> TimeStamp : 2026-02-22 11:08:17===> API : /api/booking/getUserByPhone?phone=8840 ===> Message : getUserByPhone() invoked!!
info: ===> TimeStamp : 2026-02-22 11:08:17===> API : /api/booking/getUserByPhone?phone=8840 ===> Message : getUserByPhone() :: Request Object :: [object Object]
info: ===> TimeStamp : 2026-02-22 11:08:17===> API : /api/booking/getUserByPhone?phone=8840 ===> Message : getUserByPhone() :: DB :: Invoked !
info: ===> TimeStamp : 2026-02-22 11:08:18===> API : /api/booking/getUserByPhone?phone=8840 ===> Message : getUserByPhoneResponse() invoked!
info: ===> TimeStamp : 2026-02-22 11:08:18===> API : /api/booking/getUserByPhone?phone=8840 ===> Message : getUserByPhoneResponse() completed
info: ===> TimeStamp : 2026-02-22 11:08:19===> API : null ===> Message : validateRequest() invoked
info: ===> TimeStamp : 2026-02-22 11:08:19===> API : null ===> Message : fetchDBSettings()
info: ===> TimeStamp : 2026-02-22 11:08:19===> API : null ===> Message : validateRequest() Invoked!
info: ===> TimeStamp : 2026-02-22 11:08:19===> API : null ===> Message : validRequest() :: Api validated Successfully
info: ===> TimeStamp : 2026-02-22 11:08:19===> API : /api/booking/getUserByPhone?phone=88403787 ===> Message : getUserByPhone() invoked!!
info: ===> TimeStamp : 2026-02-22 11:08:19===> API : /api/booking/getUserByPhone?phone=88403787 ===> Message : getUserByPhone() :: Request Object :: [object Object]
info: ===> TimeStamp : 2026-02-22 11:08:19===> API : /api/booking/getUserByPhone?phone=88403787 ===> Message : getUserByPhone() :: DB :: Invoked !
info: ===> TimeStamp : 2026-02-22 11:08:20===> API : /api/booking/getUserByPhone?phone=88403787 ===> Message : getUserByPhoneResponse() invoked!
info: ===> TimeStamp : 2026-02-22 11:08:20===> API : /api/booking/getUserByPhone?phone=88403787 ===> Message : getUserByPhoneResponse() completed
info: ===> TimeStamp : 2026-02-22 11:08:24===> API : null ===> Message : validateRequest() invoked
info: ===> TimeStamp : 2026-02-22 11:08:24===> API : null ===> Message : fetchDBSettings()
info: ===> TimeStamp : 2026-02-22 11:08:24===> API : null ===> Message : validateRequest() Invoked!
info: ===> TimeStamp : 2026-02-22 11:08:24===> API : null ===> Message : validRequest() :: Api validated Successfully
info: ===> TimeStamp : 2026-02-22 11:08:24===> API : /api/booking/getUserByPhone?phone=8840378778 ===> Message : getUserByPhone() :: Request Object :: [object Object]
info: ===> TimeStamp : 2026-02-22 11:08:24===> API : /api/booking/getUserByPhone?phone=8840378778 ===> Message : getUserByPhone() invoked!!
info: ===> TimeStamp : 2026-02-22 11:08:24===> API : /api/booking/getUserByPhone?phone=8840378778 ===> Message : getUserByPhone() :: DB :: Invoked !
info: ===> TimeStamp : 2026-02-22 11:08:24===> API : /api/booking/getUserByPhone?phone=8840378778 ===> Message : getUserByPhoneResponse() invoked!
info: ===> TimeStamp : 2026-02-22 11:08:24===> API : /api/booking/getUserByPhone?phone=8840378778 ===> Message : getUserByPhoneResponse() completed
info: ===> TimeStamp : 2026-02-22 11:08:59===> API : null ===> Message : validateRequest() invoked
info: ===> TimeStamp : 2026-02-22 11:08:59===> API : null ===> Message : fetchDBSettings()
info: ===> TimeStamp : 2026-02-22 11:08:59===> API : null ===> Message : validateRequest() Invoked!
info: ===> TimeStamp : 2026-02-22 11:08:59===> API : null ===> Message : validRequest() :: Api validated Successfully
info: ===> TimeStamp : 2026-02-22 11:08:59===> API : /api/booking/newBooking ===> Message : newBooking() invoked!!
info: ===> TimeStamp : 2026-02-22 11:08:59===> API : /api/booking/newBooking ===> Message : newBooking() :: Request Object :: [object Object]
info: ===> TimeStamp : 2026-02-22 11:08:59===> API : /api/booking/newBooking ===> Message : getUserById() :: DB :: Invoked !
info: ===> TimeStamp : 2026-02-22 11:08:59===> API : /api/booking/newBooking ===> Message : newBooking() :: DB :: Invoked !
info: ===> TimeStamp : 2026-02-22 11:08:59===> API : /api/booking/newBooking ===> Message : newBookingResponse() invoked!
info: ===> TimeStamp : 2026-02-22 11:08:59===> API : /api/booking/newBooking ===> Message : newBookingResponse() completed
info: ===> TimeStamp : 2026-02-22 11:09:14===> API : null ===> Message : validateRequest() invoked
info: ===> TimeStamp : 2026-02-22 11:09:14===> API : null ===> Message : fetchDBSettings()
info: ===> TimeStamp : 2026-02-22 11:09:14===> API : null ===> Message : validateRequest() Invoked!
info: ===> TimeStamp : 2026-02-22 11:09:14===> API : null ===> Message : validRequest() :: Api validated Successfully
info: ===> TimeStamp : 2026-02-22 11:09:14===> API : /api/booking/displayPackages ===> Message : displayPackages() invoked!!
info: ===> TimeStamp : 2026-02-22 11:09:14===> API : /api/booking/displayPackages ===> Message : displayPackages() :: DB :: Invoked !
info: ===> TimeStamp : 2026-02-22 11:09:14===> API : /api/booking/displayPackages ===> Message : displayPackagesResponse() invoked!
info: ===> TimeStamp : 2026-02-22 11:09:14===> API : /api/booking/displayPackages ===> Message : displayPackagesResponse() completed
info: ===> TimeStamp : 2026-02-22 11:15:45===> API : null ===> Message : validateRequest() invoked
info: ===> TimeStamp : 2026-02-22 11:15:45===> API : null ===> Message : fetchDBSettings()
info: ===> TimeStamp : 2026-02-22 11:15:45===> API : null ===> Message : validateRequest() Invoked!
info: ===> TimeStamp : 2026-02-22 11:15:45===> API : null ===> Message : validRequest() :: Api validated Successfully
info: ===> TimeStamp : 2026-02-22 11:15:45===> API : /api/booking/getUserByPhone?phone=97 ===> Message : getUserByPhone() :: Request Object :: [object Object]
info: ===> TimeStamp : 2026-02-22 11:15:45===> API : /api/booking/getUserByPhone?phone=97 ===> Message : getUserByPhone() invoked!!
info: ===> TimeStamp : 2026-02-22 11:15:45===> API : /api/booking/getUserByPhone?phone=97 ===> Message : getUserByPhone() :: DB :: Invoked !
info: ===> TimeStamp : 2026-02-22 11:15:46===> API : /api/booking/getUserByPhone?phone=97 ===> Message : getUserByPhoneResponse() invoked!
info: ===> TimeStamp : 2026-02-22 11:15:46===> API : /api/booking/getUserByPhone?phone=97 ===> Message : getUserByPhoneResponse() completed
info: ===> TimeStamp : 2026-02-22 11:15:49===> API : null ===> Message : validateRequest() invoked
info: ===> TimeStamp : 2026-02-22 11:15:49===> API : null ===> Message : fetchDBSettings()
info: ===> TimeStamp : 2026-02-22 11:15:49===> API : null ===> Message : validateRequest() Invoked!
info: ===> TimeStamp : 2026-02-22 11:15:49===> API : null ===> Message : validRequest() :: Api validated Successfully
info: ===> TimeStamp : 2026-02-22 11:15:49===> API : /api/booking/getUserByPhone?phone=97377 ===> Message : getUserByPhone() invoked!!
info: ===> TimeStamp : 2026-02-22 11:15:49===> API : /api/booking/getUserByPhone?phone=97377 ===> Message : getUserByPhone() :: Request Object :: [object Object]
info: ===> TimeStamp : 2026-02-22 11:15:49===> API : /api/booking/getUserByPhone?phone=97377 ===> Message : getUserByPhone() :: DB :: Invoked !
info: ===> TimeStamp : 2026-02-22 11:15:50===> API : /api/booking/getUserByPhone?phone=97377 ===> Message : getUserByPhoneResponse() invoked!
info: ===> TimeStamp : 2026-02-22 11:15:50===> API : /api/booking/getUserByPhone?phone=97377 ===> Message : getUserByPhoneResponse() completed
info: ===> TimeStamp : 2026-02-22 11:15:51===> API : null ===> Message : validateRequest() invoked
info: ===> TimeStamp : 2026-02-22 11:15:51===> API : null ===> Message : fetchDBSettings()
info: ===> TimeStamp : 2026-02-22 11:15:51===> API : null ===> Message : validateRequest() Invoked!
info: ===> TimeStamp : 2026-02-22 11:15:51===> API : null ===> Message : validRequest() :: Api validated Successfully
info: ===> TimeStamp : 2026-02-22 11:15:51===> API : /api/booking/getUserByPhone?phone=9737722 ===> Message : getUserByPhone() invoked!!
info: ===> TimeStamp : 2026-02-22 11:15:51===> API : /api/booking/getUserByPhone?phone=9737722 ===> Message : getUserByPhone() :: Request Object :: [object Object]
info: ===> TimeStamp : 2026-02-22 11:15:51===> API : /api/booking/getUserByPhone?phone=9737722 ===> Message : getUserByPhone() :: DB :: Invoked !
info: ===> TimeStamp : 2026-02-22 11:15:52===> API : /api/booking/getUserByPhone?phone=9737722 ===> Message : getUserByPhoneResponse() invoked!
info: ===> TimeStamp : 2026-02-22 11:15:52===> API : /api/booking/getUserByPhone?phone=9737722 ===> Message : getUserByPhoneResponse() completed
info: ===> TimeStamp : 2026-02-22 11:15:53===> API : null ===> Message : validateRequest() invoked
info: ===> TimeStamp : 2026-02-22 11:15:53===> API : null ===> Message : fetchDBSettings()
info: ===> TimeStamp : 2026-02-22 11:15:53===> API : null ===> Message : validateRequest() Invoked!
info: ===> TimeStamp : 2026-02-22 11:15:53===> API : null ===> Message : validRequest() :: Api validated Successfully
info: ===> TimeStamp : 2026-02-22 11:15:53===> API : /api/booking/getUserByPhone?phone=9737722004 ===> Message : getUserByPhone() :: Request Object :: [object Object]
info: ===> TimeStamp : 2026-02-22 11:15:53===> API : /api/booking/getUserByPhone?phone=9737722004 ===> Message : getUserByPhone() invoked!!
info: ===> TimeStamp : 2026-02-22 11:15:53===> API : /api/booking/getUserByPhone?phone=9737722004 ===> Message : getUserByPhone() :: DB :: Invoked !
info: ===> TimeStamp : 2026-02-22 11:15:54===> API : /api/booking/getUserByPhone?phone=9737722004 ===> Message : getUserByPhoneResponse() invoked!
info: ===> TimeStamp : 2026-02-22 11:15:54===> API : /api/booking/getUserByPhone?phone=9737722004 ===> Message : getUserByPhoneResponse() completed
info: ===> TimeStamp : 2026-02-22 11:15:59===> API : null ===> Message : validateRequest() invoked
info: ===> TimeStamp : 2026-02-22 11:15:59===> API : null ===> Message : fetchDBSettings()
info: ===> TimeStamp : 2026-02-22 11:15:59===> API : null ===> Message : validateRequest() Invoked!
info: ===> TimeStamp : 2026-02-22 11:15:59===> API : null ===> Message : validRequest() :: Api validated Successfully
info: ===> TimeStamp : 2026-02-22 11:15:59===> API : /api/booking/newBooking ===> Message : newBooking() invoked!!
info: ===> TimeStamp : 2026-02-22 11:15:59===> API : /api/booking/newBooking ===> Message : newBooking() :: Request Object :: [object Object]
info: ===> TimeStamp : 2026-02-22 11:15:59===> API : /api/booking/newBooking ===> Message : getUserById() :: DB :: Invoked !
info: ===> TimeStamp : 2026-02-22 11:15:59===> API : /api/booking/newBooking ===> Message : newBooking() :: DB :: Invoked !
info: ===> TimeStamp : 2026-02-22 11:15:59===> API : /api/booking/newBooking ===> Message : newBookingResponse() invoked!
info: ===> TimeStamp : 2026-02-22 11:15:59===> API : /api/booking/newBooking ===> Message : newBookingResponse() completed
info: ===> TimeStamp : 2026-02-22 11:16:16===> API : null ===> Message : validateRequest() invoked
info: ===> TimeStamp : 2026-02-22 11:16:16===> API : null ===> Message : fetchDBSettings()
info: ===> TimeStamp : 2026-02-22 11:16:16===> API : null ===> Message : validateRequest() Invoked!
info: ===> TimeStamp : 2026-02-22 11:16:16===> API : null ===> Message : validRequest() :: Api validated Successfully
info: ===> TimeStamp : 2026-02-22 11:16:16===> API : /api/booking/displayPackages ===> Message : displayPackages() invoked!!
info: ===> TimeStamp : 2026-02-22 11:16:16===> API : /api/booking/displayPackages ===> Message : displayPackages() :: DB :: Invoked !
info: ===> TimeStamp : 2026-02-22 11:16:16===> API : /api/booking/displayPackages ===> Message : displayPackagesResponse() invoked!
info: ===> TimeStamp : 2026-02-22 11:16:16===> API : /api/booking/displayPackages ===> Message : displayPackagesResponse() completed
info: ===> TimeStamp : 2026-02-22 11:44:48===> API : null ===> Message : fetchDBSettings()
info: ===> TimeStamp : 2026-02-22 11:44:48===> API : null ===> Message : validateRequest() invoked
info: ===> TimeStamp : 2026-02-22 11:44:48===> API : null ===> Message : validateRequest() Invoked!
info: ===> TimeStamp : 2026-02-22 11:44:48===> API : /api/booking/getBookingDetails?bookingId=null ===> Message : getBookingDetails() invoked!!
info: ===> TimeStamp : 2026-02-22 11:44:48===> API : null ===> Message : validRequest() :: Api validated Successfully
info: ===> TimeStamp : 2026-02-22 11:44:48===> API : /api/booking/getBookingDetails?bookingId=null ===> Message : getBookingDetails() :: Request Object :: [object Object]
info: ===> TimeStamp : 2026-02-22 11:44:48===> API : /api/booking/getBookingDetails?bookingId=null ===> Message : getBookingDetails() Error:: Invalid Request :: {"value":{"bookingId":"null"},"error":{"_original":{"bookingId":"null"},"details":[{"message":"\"bookingId\" must be a number","path":["bookingId"],"type":"number.base","context":{"label":"bookingId","value":"null","key":"bookingId"}}]}}
info: ===> TimeStamp : 2026-02-22 11:44:48===> API : /api/booking/getBookingDetails?bookingId=null ===> Message : getBookingDetailsResponse() invoked!
info: ===> TimeStamp : 2026-02-22 11:44:48===> API : /api/booking/getBookingDetails?bookingId=null ===> Message : getBookingDetailsResponse() completed
info: ===> TimeStamp : 2026-02-22 11:48:57===> API : null ===> Message : validateRequest() invoked
info: ===> TimeStamp : 2026-02-22 11:48:57===> API : null ===> Message : fetchDBSettings()
info: ===> TimeStamp : 2026-02-22 11:48:57===> API : null ===> Message : validateRequest() Invoked!
info: ===> TimeStamp : 2026-02-22 11:48:57===> API : null ===> Message : validRequest() :: Api validated Successfully
info: ===> TimeStamp : 2026-02-22 11:48:57===> API : /api/booking/getUserByPhone?phone=7775074 ===> Message : getUserByPhone() invoked!!
info: ===> TimeStamp : 2026-02-22 11:48:57===> API : /api/booking/getUserByPhone?phone=7775074 ===> Message : getUserByPhone() :: Request Object :: [object Object]
info: ===> TimeStamp : 2026-02-22 11:48:57===> API : /api/booking/getUserByPhone?phone=7775074 ===> Message : getUserByPhone() :: DB :: Invoked !
info: ===> TimeStamp : 2026-02-22 11:48:58===> API : /api/booking/getUserByPhone?phone=7775074 ===> Message : getUserByPhoneResponse() invoked!
info: ===> TimeStamp : 2026-02-22 11:48:58===> API : /api/booking/getUserByPhone?phone=7775074 ===> Message : getUserByPhoneResponse() completed
info: ===> TimeStamp : 2026-02-22 11:48:59===> API : null ===> Message : validateRequest() invoked
info: ===> TimeStamp : 2026-02-22 11:48:59===> API : null ===> Message : fetchDBSettings()
info: ===> TimeStamp : 2026-02-22 11:48:59===> API : null ===> Message : validateRequest() Invoked!
info: ===> TimeStamp : 2026-02-22 11:48:59===> API : null ===> Message : validRequest() :: Api validated Successfully
info: ===> TimeStamp : 2026-02-22 11:48:59===> API : /api/booking/getUserByPhone?phone=7775074388 ===> Message : getUserByPhone() invoked!!
info: ===> TimeStamp : 2026-02-22 11:48:59===> API : /api/booking/getUserByPhone?phone=7775074388 ===> Message : getUserByPhone() :: Request Object :: [object Object]
info: ===> TimeStamp : 2026-02-22 11:48:59===> API : /api/booking/getUserByPhone?phone=7775074388 ===> Message : getUserByPhone() :: DB :: Invoked !
info: ===> TimeStamp : 2026-02-22 11:49:00===> API : /api/booking/getUserByPhone?phone=7775074388 ===> Message : getUserByPhoneResponse() invoked!
info: ===> TimeStamp : 2026-02-22 11:49:00===> API : /api/booking/getUserByPhone?phone=7775074388 ===> Message : getUserByPhoneResponse() completed
info: ===> TimeStamp : 2026-02-22 11:49:59===> API : null ===> Message : validateRequest() invoked
info: ===> TimeStamp : 2026-02-22 11:49:59===> API : null ===> Message : fetchDBSettings()
info: ===> TimeStamp : 2026-02-22 11:49:59===> API : null ===> Message : validateRequest() Invoked!
info: ===> TimeStamp : 2026-02-22 11:49:59===> API : null ===> Message : validRequest() :: Api validated Successfully
info: ===> TimeStamp : 2026-02-22 11:49:59===> API : /api/booking/newBooking ===> Message : newBooking() invoked!!
info: ===> TimeStamp : 2026-02-22 11:49:59===> API : /api/booking/newBooking ===> Message : newBooking() :: Request Object :: [object Object]
info: ===> TimeStamp : 2026-02-22 11:49:59===> API : /api/booking/newBooking ===> Message : getUserById() :: DB :: Invoked !
info: ===> TimeStamp : 2026-02-22 11:49:59===> API : /api/booking/newBooking ===> Message : newBooking() :: DB :: Invoked !
info: ===> TimeStamp : 2026-02-22 11:50:00===> API : /api/booking/newBooking ===> Message : newBookingResponse() invoked!
info: ===> TimeStamp : 2026-02-22 11:50:00===> API : /api/booking/newBooking ===> Message : newBookingResponse() completed
info: ===> TimeStamp : 2026-02-22 11:50:25===> API : null ===> Message : validateRequest() invoked
info: ===> TimeStamp : 2026-02-22 11:50:25===> API : null ===> Message : fetchDBSettings()
info: ===> TimeStamp : 2026-02-22 11:50:25===> API : null ===> Message : validateRequest() Invoked!
info: ===> TimeStamp : 2026-02-22 11:50:25===> API : null ===> Message : validRequest() :: Api validated Successfully
info: ===> TimeStamp : 2026-02-22 11:50:25===> API : /api/booking/displayPackages ===> Message : displayPackages() invoked!!
info: ===> TimeStamp : 2026-02-22 11:50:25===> API : /api/booking/displayPackages ===> Message : displayPackages() :: DB :: Invoked !
info: ===> TimeStamp : 2026-02-22 11:50:25===> API : /api/booking/displayPackages ===> Message : displayPackagesResponse() invoked!
info: ===> TimeStamp : 2026-02-22 11:50:25===> API : /api/booking/displayPackages ===> Message : displayPackagesResponse() completed
info: ===> TimeStamp : 2026-02-22 11:52:59===> API : null ===> Message : validateRequest() invoked
info: ===> TimeStamp : 2026-02-22 11:52:59===> API : null ===> Message : fetchDBSettings()
info: ===> TimeStamp : 2026-02-22 11:52:59===> API : null ===> Message : validateRequest() Invoked!
info: ===> TimeStamp : 2026-02-22 11:52:59===> API : null ===> Message : validRequest() :: Api validated Successfully
info: ===> TimeStamp : 2026-02-22 11:52:59===> API : /api/booking/displayPackages ===> Message : displayPackages() :: DB :: Invoked !
info: ===> TimeStamp : 2026-02-22 11:52:59===> API : /api/booking/displayPackages ===> Message : displayPackages() invoked!!
info: ===> TimeStamp : 2026-02-22 11:52:59===> API : /api/booking/displayPackages ===> Message : displayPackagesResponse() invoked!
info: ===> TimeStamp : 2026-02-22 11:52:59===> API : /api/booking/displayPackages ===> Message : displayPackagesResponse() completed
info: ===> TimeStamp : 2026-02-22 11:53:38===> API : null ===> Message : validateRequest() invoked
info: ===> TimeStamp : 2026-02-22 11:53:38===> API : null ===> Message : fetchDBSettings()
info: ===> TimeStamp : 2026-02-22 11:53:38===> API : null ===> Message : validateRequest() Invoked!
info: ===> TimeStamp : 2026-02-22 11:53:38===> API : null ===> Message : validRequest() :: Api validated Successfully
info: ===> TimeStamp : 2026-02-22 11:53:38===> API : /api/booking/displayPackages ===> Message : displayPackages() invoked!!
info: ===> TimeStamp : 2026-02-22 11:53:38===> API : /api/booking/displayPackages ===> Message : displayPackages() :: DB :: Invoked !
info: ===> TimeStamp : 2026-02-22 11:53:38===> API : /api/booking/displayPackages ===> Message : displayPackagesResponse() invoked!
info: ===> TimeStamp : 2026-02-22 11:53:38===> API : /api/booking/displayPackages ===> Message : displayPackagesResponse() completed
info: ===> TimeStamp : 2026-02-22 11:54:58===> API : null ===> Message : validateRequest() invoked
info: ===> TimeStamp : 2026-02-22 11:54:58===> API : null ===> Message : fetchDBSettings()
info: ===> TimeStamp : 2026-02-22 11:54:58===> API : null ===> Message : validateRequest() Invoked!
info: ===> TimeStamp : 2026-02-22 11:54:58===> API : null ===> Message : validRequest() :: Api validated Successfully
info: ===> TimeStamp : 2026-02-22 11:54:58===> API : /api/booking/displayPackages ===> Message : displayPackages() invoked!!
info: ===> TimeStamp : 2026-02-22 11:54:58===> API : /api/booking/displayPackages ===> Message : displayPackages() :: DB :: Invoked !
info: ===> TimeStamp : 2026-02-22 11:54:58===> API : /api/booking/displayPackages ===> Message : displayPackagesResponse() invoked!
info: ===> TimeStamp : 2026-02-22 11:54:58===> API : /api/booking/displayPackages ===> Message : displayPackagesResponse() completed
info: ===> TimeStamp : 2026-02-22 11:55:06===> API : null ===> Message : validateRequest() invoked
info: ===> TimeStamp : 2026-02-22 11:55:06===> API : null ===> Message : fetchDBSettings()
info: ===> TimeStamp : 2026-02-22 11:55:06===> API : null ===> Message : validateRequest() Invoked!
info: ===> TimeStamp : 2026-02-22 11:55:06===> API : null ===> Message : validRequest() :: Api validated Successfully
info: ===> TimeStamp : 2026-02-22 11:55:06===> API : /api/booking/displayPackages ===> Message : displayPackages() invoked!!
info: ===> TimeStamp : 2026-02-22 11:55:06===> API : /api/booking/displayPackages ===> Message : displayPackages() :: DB :: Invoked !
info: ===> TimeStamp : 2026-02-22 11:55:06===> API : /api/booking/displayPackages ===> Message : displayPackagesResponse() invoked!
info: ===> TimeStamp : 2026-02-22 11:55:06===> API : /api/booking/displayPackages ===> Message : displayPackagesResponse() completed
info: ===> TimeStamp : 2026-02-22 11:55:30===> API : null ===> Message : validateRequest() invoked
info: ===> TimeStamp : 2026-02-22 11:55:30===> API : null ===> Message : fetchDBSettings()
info: ===> TimeStamp : 2026-02-22 11:55:30===> API : null ===> Message : validateRequest() Invoked!
info: ===> TimeStamp : 2026-02-22 11:55:30===> API : null ===> Message : validRequest() :: Api validated Successfully
info: ===> TimeStamp : 2026-02-22 11:55:30===> API : /api/booking/getUserByPhone?phone=9963 ===> Message : getUserByPhone() invoked!!
info: ===> TimeStamp : 2026-02-22 11:55:30===> API : /api/booking/getUserByPhone?phone=9963 ===> Message : getUserByPhone() :: Request Object :: [object Object]
info: ===> TimeStamp : 2026-02-22 11:55:30===> API : /api/booking/getUserByPhone?phone=9963 ===> Message : getUserByPhone() :: DB :: Invoked !
info: ===> TimeStamp : 2026-02-22 11:55:31===> API : /api/booking/getUserByPhone?phone=9963 ===> Message : getUserByPhoneResponse() invoked!
info: ===> TimeStamp : 2026-02-22 11:55:31===> API : /api/booking/getUserByPhone?phone=9963 ===> Message : getUserByPhoneResponse() completed
info: ===> TimeStamp : 2026-02-22 11:55:33===> API : null ===> Message : validateRequest() invoked
info: ===> TimeStamp : 2026-02-22 11:55:33===> API : null ===> Message : fetchDBSettings()
info: ===> TimeStamp : 2026-02-22 11:55:33===> API : null ===> Message : validateRequest() Invoked!
info: ===> TimeStamp : 2026-02-22 11:55:33===> API : null ===> Message : validRequest() :: Api validated Successfully
info: ===> TimeStamp : 2026-02-22 11:55:33===> API : /api/booking/getUserByPhone?phone=9963284364 ===> Message : getUserByPhone() invoked!!
info: ===> TimeStamp : 2026-02-22 11:55:33===> API : /api/booking/getUserByPhone?phone=9963284364 ===> Message : getUserByPhone() :: Request Object :: [object Object]
info: ===> TimeStamp : 2026-02-22 11:55:33===> API : /api/booking/getUserByPhone?phone=9963284364 ===> Message : getUserByPhone() :: DB :: Invoked !
info: ===> TimeStamp : 2026-02-22 11:55:34===> API : /api/booking/getUserByPhone?phone=9963284364 ===> Message : getUserByPhoneResponse() invoked!
info: ===> TimeStamp : 2026-02-22 11:55:34===> API : /api/booking/getUserByPhone?phone=9963284364 ===> Message : getUserByPhoneResponse() completed
info: ===> TimeStamp : 2026-02-22 11:55:38===> API : null ===> Message : validateRequest() invoked
info: ===> TimeStamp : 2026-02-22 11:55:38===> API : null ===> Message : fetchDBSettings()
info: ===> TimeStamp : 2026-02-22 11:55:38===> API : null ===> Message : validateRequest() Invoked!
info: ===> TimeStamp : 2026-02-22 11:55:38===> API : null ===> Message : validRequest() :: Api validated Successfully
info: ===> TimeStamp : 2026-02-22 11:55:38===> API : /api/booking/displayPackages ===> Message : displayPackages() invoked!!
info: ===> TimeStamp : 2026-02-22 11:55:38===> API : /api/booking/displayPackages ===> Message : displayPackages() :: DB :: Invoked !
info: ===> TimeStamp : 2026-02-22 11:55:38===> API : /api/booking/displayPackages ===> Message : displayPackagesResponse() invoked!
info: ===> TimeStamp : 2026-02-22 11:55:38===> API : /api/booking/displayPackages ===> Message : displayPackagesResponse() completed
info: ===> TimeStamp : 2026-02-22 11:56:20===> API : null ===> Message : validateRequest() invoked
info: ===> TimeStamp : 2026-02-22 11:56:20===> API : null ===> Message : fetchDBSettings()
info: ===> TimeStamp : 2026-02-22 11:56:20===> API : null ===> Message : validateRequest() Invoked!
info: ===> TimeStamp : 2026-02-22 11:56:20===> API : null ===> Message : validRequest() :: Api validated Successfully
info: ===> TimeStamp : 2026-02-22 11:56:20===> API : /api/booking/newBooking ===> Message : newBooking() invoked!!
info: ===> TimeStamp : 2026-02-22 11:56:20===> API : /api/booking/newBooking ===> Message : newBooking() :: Request Object :: [object Object]
info: ===> TimeStamp : 2026-02-22 11:56:20===> API : /api/booking/newBooking ===> Message : getUserById() :: DB :: Invoked !
info: ===> TimeStamp : 2026-02-22 11:56:20===> API : /api/booking/newBooking ===> Message : newBooking() :: DB :: Invoked !
info: ===> TimeStamp : 2026-02-22 11:56:21===> API : /api/booking/newBooking ===> Message : newBookingResponse() invoked!
info: ===> TimeStamp : 2026-02-22 11:56:21===> API : /api/booking/newBooking ===> Message : newBookingResponse() completed
info: ===> TimeStamp : 2026-02-22 11:56:35===> API : null ===> Message : validateRequest() invoked
info: ===> TimeStamp : 2026-02-22 11:56:35===> API : null ===> Message : fetchDBSettings()
info: ===> TimeStamp : 2026-02-22 11:56:35===> API : null ===> Message : validateRequest() Invoked!
info: ===> TimeStamp : 2026-02-22 11:56:35===> API : null ===> Message : validRequest() :: Api validated Successfully
info: ===> TimeStamp : 2026-02-22 11:56:35===> API : /api/booking/displayPackages ===> Message : displayPackages() invoked!!
info: ===> TimeStamp : 2026-02-22 11:56:35===> API : /api/booking/displayPackages ===> Message : displayPackages() :: DB :: Invoked !
info: ===> TimeStamp : 2026-02-22 11:56:35===> API : /api/booking/displayPackages ===> Message : displayPackagesResponse() invoked!
info: ===> TimeStamp : 2026-02-22 11:56:35===> API : /api/booking/displayPackages ===> Message : displayPackagesResponse() completed
info: ===> TimeStamp : 2026-02-22 11:58:50===> API : null ===> Message : validateRequest() invoked
info: ===> TimeStamp : 2026-02-22 11:58:50===> API : null ===> Message : fetchDBSettings()
info: ===> TimeStamp : 2026-02-22 11:58:50===> API : null ===> Message : validateRequest() Invoked!
info: ===> TimeStamp : 2026-02-22 11:58:50===> API : null ===> Message : validRequest() :: Api validated Successfully
info: ===> TimeStamp : 2026-02-22 11:58:50===> API : /api/booking/getUserByPhone?phone=9585 ===> Message : getUserByPhone() invoked!!
info: ===> TimeStamp : 2026-02-22 11:58:50===> API : /api/booking/getUserByPhone?phone=9585 ===> Message : getUserByPhone() :: Request Object :: [object Object]
info: ===> TimeStamp : 2026-02-22 11:58:50===> API : /api/booking/getUserByPhone?phone=9585 ===> Message : getUserByPhone() :: DB :: Invoked !
info: ===> TimeStamp : 2026-02-22 11:58:51===> API : /api/booking/getUserByPhone?phone=9585 ===> Message : getUserByPhoneResponse() invoked!
info: ===> TimeStamp : 2026-02-22 11:58:51===> API : /api/booking/getUserByPhone?phone=9585 ===> Message : getUserByPhoneResponse() completed
info: ===> TimeStamp : 2026-02-22 11:58:54===> API : null ===> Message : validateRequest() invoked
info: ===> TimeStamp : 2026-02-22 11:58:54===> API : null ===> Message : fetchDBSettings()
info: ===> TimeStamp : 2026-02-22 11:58:54===> API : null ===> Message : validateRequest() Invoked!
info: ===> TimeStamp : 2026-02-22 11:58:54===> API : null ===> Message : validRequest() :: Api validated Successfully
info: ===> TimeStamp : 2026-02-22 11:58:54===> API : /api/booking/getUserByPhone?phone=958571 ===> Message : getUserByPhone() invoked!!
info: ===> TimeStamp : 2026-02-22 11:58:54===> API : /api/booking/getUserByPhone?phone=958571 ===> Message : getUserByPhone() :: Request Object :: [object Object]
info: ===> TimeStamp : 2026-02-22 11:58:54===> API : /api/booking/getUserByPhone?phone=958571 ===> Message : getUserByPhone() :: DB :: Invoked !
info: ===> TimeStamp : 2026-02-22 11:58:54===> API : /api/booking/getUserByPhone?phone=958571 ===> Message : getUserByPhoneResponse() invoked!
info: ===> TimeStamp : 2026-02-22 11:58:54===> API : /api/booking/getUserByPhone?phone=958571 ===> Message : getUserByPhoneResponse() completed
info: ===> TimeStamp : 2026-02-22 11:58:56===> API : null ===> Message : validateRequest() invoked
info: ===> TimeStamp : 2026-02-22 11:58:56===> API : null ===> Message : fetchDBSettings()
info: ===> TimeStamp : 2026-02-22 11:58:56===> API : null ===> Message : validateRequest() Invoked!
info: ===> TimeStamp : 2026-02-22 11:58:56===> API : null ===> Message : validRequest() :: Api validated Successfully
info: ===> TimeStamp : 2026-02-22 11:58:56===> API : /api/booking/getUserByPhone?phone=95857113 ===> Message : getUserByPhone() invoked!!
info: ===> TimeStamp : 2026-02-22 11:58:56===> API : /api/booking/getUserByPhone?phone=95857113 ===> Message : getUserByPhone() :: Request Object :: [object Object]
info: ===> TimeStamp : 2026-02-22 11:58:56===> API : /api/booking/getUserByPhone?phone=95857113 ===> Message : getUserByPhone() :: DB :: Invoked !
info: ===> TimeStamp : 2026-02-22 11:58:57===> API : /api/booking/getUserByPhone?phone=95857113 ===> Message : getUserByPhoneResponse() invoked!
info: ===> TimeStamp : 2026-02-22 11:58:57===> API : /api/booking/getUserByPhone?phone=95857113 ===> Message : getUserByPhoneResponse() completed
info: ===> TimeStamp : 2026-02-22 11:58:57===> API : null ===> Message : validateRequest() invoked
info: ===> TimeStamp : 2026-02-22 11:58:57===> API : null ===> Message : fetchDBSettings()
info: ===> TimeStamp : 2026-02-22 11:58:57===> API : null ===> Message : validateRequest() Invoked!
info: ===> TimeStamp : 2026-02-22 11:58:57===> API : null ===> Message : validRequest() :: Api validated Successfully
info: ===> TimeStamp : 2026-02-22 11:58:57===> API : /api/booking/getUserByPhone?phone=9585711371 ===> Message : getUserByPhone() invoked!!
info: ===> TimeStamp : 2026-02-22 11:58:57===> API : /api/booking/getUserByPhone?phone=9585711371 ===> Message : getUserByPhone() :: Request Object :: [object Object]
info: ===> TimeStamp : 2026-02-22 11:58:57===> API : /api/booking/getUserByPhone?phone=9585711371 ===> Message : getUserByPhone() :: DB :: Invoked !
info: ===> TimeStamp : 2026-02-22 11:58:58===> API : /api/booking/getUserByPhone?phone=9585711371 ===> Message : getUserByPhoneResponse() invoked!
info: ===> TimeStamp : 2026-02-22 11:58:58===> API : /api/booking/getUserByPhone?phone=9585711371 ===> Message : getUserByPhoneResponse() completed
info: ===> TimeStamp : 2026-02-22 12:00:56===> API : null ===> Message : validateRequest() invoked
info: ===> TimeStamp : 2026-02-22 12:00:56===> API : null ===> Message : fetchDBSettings()
info: ===> TimeStamp : 2026-02-22 12:00:56===> API : null ===> Message : validateRequest() Invoked!
info: ===> TimeStamp : 2026-02-22 12:00:56===> API : null ===> Message : validRequest() :: Api validated Successfully
info: ===> TimeStamp : 2026-02-22 12:00:56===> API : /api/booking/newBooking ===> Message : newBooking() invoked!!
info: ===> TimeStamp : 2026-02-22 12:00:56===> API : /api/booking/newBooking ===> Message : newBooking() :: Request Object :: [object Object]
info: ===> TimeStamp : 2026-02-22 12:00:56===> API : /api/booking/newBooking ===> Message : getUserById() :: DB :: Invoked !
info: ===> TimeStamp : 2026-02-22 12:00:56===> API : /api/booking/newBooking ===> Message : newBooking() :: DB :: Invoked !
info: ===> TimeStamp : 2026-02-22 12:00:57===> API : /api/booking/newBooking ===> Message : newBookingResponse() invoked!
info: ===> TimeStamp : 2026-02-22 12:00:57===> API : /api/booking/newBooking ===> Message : newBookingResponse() completed
info: ===> TimeStamp : 2026-02-22 12:01:15===> API : null ===> Message : validateRequest() invoked
info: ===> TimeStamp : 2026-02-22 12:01:15===> API : null ===> Message : fetchDBSettings()
info: ===> TimeStamp : 2026-02-22 12:01:15===> API : null ===> Message : validateRequest() Invoked!
info: ===> TimeStamp : 2026-02-22 12:01:15===> API : null ===> Message : validRequest() :: Api validated Successfully
info: ===> TimeStamp : 2026-02-22 12:01:15===> API : /api/booking/displayPackages ===> Message : displayPackages() invoked!!
info: ===> TimeStamp : 2026-02-22 12:01:15===> API : /api/booking/displayPackages ===> Message : displayPackages() :: DB :: Invoked !
info: ===> TimeStamp : 2026-02-22 12:01:15===> API : /api/booking/displayPackages ===> Message : displayPackagesResponse() invoked!
info: ===> TimeStamp : 2026-02-22 12:01:15===> API : /api/booking/displayPackages ===> Message : displayPackagesResponse() completed
info: ===> TimeStamp : 2026-02-22 12:07:14===> API : null ===> Message : validateRequest() invoked
info: ===> TimeStamp : 2026-02-22 12:07:14===> API : null ===> Message : fetchDBSettings()
info: ===> TimeStamp : 2026-02-22 12:07:14===> API : null ===> Message : validateRequest() Invoked!
info: ===> TimeStamp : 2026-02-22 12:07:14===> API : null ===> Message : validRequest() :: Api validated Successfully
info: ===> TimeStamp : 2026-02-22 12:07:14===> API : /api/booking/displayPackages ===> Message : displayPackages() invoked!!
info: ===> TimeStamp : 2026-02-22 12:07:14===> API : /api/booking/displayPackages ===> Message : displayPackages() :: DB :: Invoked !
info: ===> TimeStamp : 2026-02-22 12:07:14===> API : /api/booking/displayPackages ===> Message : displayPackagesResponse() invoked!
info: ===> TimeStamp : 2026-02-22 12:07:14===> API : /api/booking/displayPackages ===> Message : displayPackagesResponse() completed
info: ===> TimeStamp : 2026-02-22 12:07:48===> API : null ===> Message : validateRequest() invoked
info: ===> TimeStamp : 2026-02-22 12:07:48===> API : null ===> Message : fetchDBSettings()
info: ===> TimeStamp : 2026-02-22 12:07:48===> API : null ===> Message : validateRequest() Invoked!
info: ===> TimeStamp : 2026-02-22 12:07:48===> API : null ===> Message : validRequest() :: Api validated Successfully
info: ===> TimeStamp : 2026-02-22 12:07:48===> API : /api/booking/getUserByPhone?phone=799 ===> Message : getUserByPhone() invoked!!
info: ===> TimeStamp : 2026-02-22 12:07:48===> API : /api/booking/getUserByPhone?phone=799 ===> Message : getUserByPhone() :: Request Object :: [object Object]
info: ===> TimeStamp : 2026-02-22 12:07:48===> API : /api/booking/getUserByPhone?phone=799 ===> Message : getUserByPhone() :: DB :: Invoked !
info: ===> TimeStamp : 2026-02-22 12:07:49===> API : /api/booking/getUserByPhone?phone=799 ===> Message : getUserByPhoneResponse() invoked!
info: ===> TimeStamp : 2026-02-22 12:07:49===> API : /api/booking/getUserByPhone?phone=799 ===> Message : getUserByPhoneResponse() completed
info: ===> TimeStamp : 2026-02-22 12:07:49===> API : null ===> Message : validateRequest() invoked
info: ===> TimeStamp : 2026-02-22 12:07:49===> API : null ===> Message : fetchDBSettings()
info: ===> TimeStamp : 2026-02-22 12:07:49===> API : null ===> Message : validateRequest() Invoked!
info: ===> TimeStamp : 2026-02-22 12:07:49===> API : null ===> Message : validRequest() :: Api validated Successfully
info: ===> TimeStamp : 2026-02-22 12:07:49===> API : /api/booking/getUserByPhone?phone=799621 ===> Message : getUserByPhone() invoked!!
info: ===> TimeStamp : 2026-02-22 12:07:49===> API : /api/booking/getUserByPhone?phone=799621 ===> Message : getUserByPhone() :: Request Object :: [object Object]
info: ===> TimeStamp : 2026-02-22 12:07:49===> API : /api/booking/getUserByPhone?phone=799621 ===> Message : getUserByPhone() :: DB :: Invoked !
info: ===> TimeStamp : 2026-02-22 12:07:50===> API : /api/booking/getUserByPhone?phone=799621 ===> Message : getUserByPhoneResponse() invoked!
info: ===> TimeStamp : 2026-02-22 12:07:50===> API : /api/booking/getUserByPhone?phone=799621 ===> Message : getUserByPhoneResponse() completed
info: ===> TimeStamp : 2026-02-22 12:07:51===> API : null ===> Message : validateRequest() invoked
info: ===> TimeStamp : 2026-02-22 12:07:51===> API : null ===> Message : fetchDBSettings()
info: ===> TimeStamp : 2026-02-22 12:07:51===> API : null ===> Message : validateRequest() Invoked!
info: ===> TimeStamp : 2026-02-22 12:07:51===> API : null ===> Message : validRequest() :: Api validated Successfully
info: ===> TimeStamp : 2026-02-22 12:07:51===> API : /api/booking/getUserByPhone?phone=79962168 ===> Message : getUserByPhone() invoked!!
info: ===> TimeStamp : 2026-02-22 12:07:51===> API : /api/booking/getUserByPhone?phone=79962168 ===> Message : getUserByPhone() :: Request Object :: [object Object]
info: ===> TimeStamp : 2026-02-22 12:07:51===> API : /api/booking/getUserByPhone?phone=79962168 ===> Message : getUserByPhone() :: DB :: Invoked !
info: ===> TimeStamp : 2026-02-22 12:07:52===> API : /api/booking/getUserByPhone?phone=79962168 ===> Message : getUserByPhoneResponse() invoked!
info: ===> TimeStamp : 2026-02-22 12:07:52===> API : /api/booking/getUserByPhone?phone=79962168 ===> Message : getUserByPhoneResponse() completed
info: ===> TimeStamp : 2026-02-22 12:07:55===> API : null ===> Message : validateRequest() invoked
info: ===> TimeStamp : 2026-02-22 12:07:55===> API : null ===> Message : fetchDBSettings()
info: ===> TimeStamp : 2026-02-22 12:07:55===> API : null ===> Message : validateRequest() Invoked!
info: ===> TimeStamp : 2026-02-22 12:07:55===> API : null ===> Message : validRequest() :: Api validated Successfully
info: ===> TimeStamp : 2026-02-22 12:07:55===> API : /api/booking/getUserByPhone?phone=7996216721 ===> Message : getUserByPhone() invoked!!
info: ===> TimeStamp : 2026-02-22 12:07:55===> API : /api/booking/getUserByPhone?phone=7996216721 ===> Message : getUserByPhone() :: Request Object :: [object Object]
info: ===> TimeStamp : 2026-02-22 12:07:55===> API : /api/booking/getUserByPhone?phone=7996216721 ===> Message : getUserByPhone() :: DB :: Invoked !
info: ===> TimeStamp : 2026-02-22 12:07:55===> API : /api/booking/getUserByPhone?phone=7996216721 ===> Message : getUserByPhoneResponse() invoked!
info: ===> TimeStamp : 2026-02-22 12:07:55===> API : /api/booking/getUserByPhone?phone=7996216721 ===> Message : getUserByPhoneResponse() completed
info: ===> TimeStamp : 2026-02-22 12:09:51===> API : null ===> Message : validateRequest() invoked
info: ===> TimeStamp : 2026-02-22 12:09:51===> API : null ===> Message : fetchDBSettings()
info: ===> TimeStamp : 2026-02-22 12:09:51===> API : null ===> Message : validateRequest() Invoked!
info: ===> TimeStamp : 2026-02-22 12:09:51===> API : null ===> Message : validRequest() :: Api validated Successfully
info: ===> TimeStamp : 2026-02-22 12:09:51===> API : /api/booking/newBooking ===> Message : newBooking() invoked!!
info: ===> TimeStamp : 2026-02-22 12:09:51===> API : /api/booking/newBooking ===> Message : newBooking() :: Request Object :: [object Object]
info: ===> TimeStamp : 2026-02-22 12:09:51===> API : /api/booking/newBooking ===> Message : getUserById() :: DB :: Invoked !
info: ===> TimeStamp : 2026-02-22 12:09:51===> API : /api/booking/newBooking ===> Message : newBooking() :: DB :: Invoked !
info: ===> TimeStamp : 2026-02-22 12:09:51===> API : /api/booking/newBooking ===> Message : newBookingResponse() invoked!
info: ===> TimeStamp : 2026-02-22 12:09:51===> API : /api/booking/newBooking ===> Message : newBookingResponse() completed
info: ===> TimeStamp : 2026-02-22 12:10:04===> API : null ===> Message : validateRequest() invoked
info: ===> TimeStamp : 2026-02-22 12:10:04===> API : null ===> Message : fetchDBSettings()
info: ===> TimeStamp : 2026-02-22 12:10:04===> API : null ===> Message : validateRequest() Invoked!
info: ===> TimeStamp : 2026-02-22 12:10:04===> API : null ===> Message : validRequest() :: Api validated Successfully
info: ===> TimeStamp : 2026-02-22 12:10:04===> API : /api/booking/displayPackages ===> Message : displayPackages() invoked!!
info: ===> TimeStamp : 2026-02-22 12:10:04===> API : /api/booking/displayPackages ===> Message : displayPackages() :: DB :: Invoked !
info: ===> TimeStamp : 2026-02-22 12:10:04===> API : /api/booking/displayPackages ===> Message : displayPackagesResponse() invoked!
info: ===> TimeStamp : 2026-02-22 12:10:04===> API : /api/booking/displayPackages ===> Message : displayPackagesResponse() completed
info: ===> TimeStamp : 2026-02-22 12:26:06===> API : null ===> Message : validateRequest() invoked
info: ===> TimeStamp : 2026-02-22 12:26:06===> API : null ===> Message : fetchDBSettings()
info: ===> TimeStamp : 2026-02-22 12:26:06===> API : null ===> Message : validateRequest() Invoked!
info: ===> TimeStamp : 2026-02-22 12:26:06===> API : null ===> Message : validRequest() :: Api validated Successfully
info: ===> TimeStamp : 2026-02-22 12:26:06===> API : /api/booking/getUserByPhone?phone=90045 ===> Message : getUserByPhone() invoked!!
info: ===> TimeStamp : 2026-02-22 12:26:06===> API : /api/booking/getUserByPhone?phone=90045 ===> Message : getUserByPhone() :: Request Object :: [object Object]
info: ===> TimeStamp : 2026-02-22 12:26:06===> API : /api/booking/getUserByPhone?phone=90045 ===> Message : getUserByPhone() :: DB :: Invoked !
info: ===> TimeStamp : 2026-02-22 12:26:07===> API : /api/booking/getUserByPhone?phone=90045 ===> Message : getUserByPhoneResponse() completed
info: ===> TimeStamp : 2026-02-22 12:26:07===> API : /api/booking/getUserByPhone?phone=90045 ===> Message : getUserByPhoneResponse() invoked!
info: ===> TimeStamp : 2026-02-22 12:26:07===> API : null ===> Message : validateRequest() invoked
info: ===> TimeStamp : 2026-02-22 12:26:07===> API : null ===> Message : fetchDBSettings()
info: ===> TimeStamp : 2026-02-22 12:26:07===> API : null ===> Message : validateRequest() Invoked!
info: ===> TimeStamp : 2026-02-22 12:26:07===> API : null ===> Message : validRequest() :: Api validated Successfully
info: ===> TimeStamp : 2026-02-22 12:26:07===> API : /api/booking/getUserByPhone?phone=9004565 ===> Message : getUserByPhone() invoked!!
info: ===> TimeStamp : 2026-02-22 12:26:07===> API : /api/booking/getUserByPhone?phone=9004565 ===> Message : getUserByPhone() :: Request Object :: [object Object]
info: ===> TimeStamp : 2026-02-22 12:26:07===> API : /api/booking/getUserByPhone?phone=9004565 ===> Message : getUserByPhone() :: DB :: Invoked !
info: ===> TimeStamp : 2026-02-22 12:26:08===> API : /api/booking/getUserByPhone?phone=9004565 ===> Message : getUserByPhoneResponse() invoked!
info: ===> TimeStamp : 2026-02-22 12:26:08===> API : /api/booking/getUserByPhone?phone=9004565 ===> Message : getUserByPhoneResponse() completed
info: ===> TimeStamp : 2026-02-22 12:26:09===> API : null ===> Message : validateRequest() invoked
info: ===> TimeStamp : 2026-02-22 12:26:09===> API : null ===> Message : fetchDBSettings()
info: ===> TimeStamp : 2026-02-22 12:26:09===> API : null ===> Message : validateRequest() Invoked!
info: ===> TimeStamp : 2026-02-22 12:26:09===> API : null ===> Message : validRequest() :: Api validated Successfully
info: ===> TimeStamp : 2026-02-22 12:26:09===> API : /api/booking/getUserByPhone?phone=9004565406 ===> Message : getUserByPhone() invoked!!
info: ===> TimeStamp : 2026-02-22 12:26:09===> API : /api/booking/getUserByPhone?phone=9004565406 ===> Message : getUserByPhone() :: Request Object :: [object Object]
info: ===> TimeStamp : 2026-02-22 12:26:09===> API : /api/booking/getUserByPhone?phone=9004565406 ===> Message : getUserByPhone() :: DB :: Invoked !
info: ===> TimeStamp : 2026-02-22 12:26:09===> API : /api/booking/getUserByPhone?phone=9004565406 ===> Message : getUserByPhoneResponse() invoked!
info: ===> TimeStamp : 2026-02-22 12:26:09===> API : /api/booking/getUserByPhone?phone=9004565406 ===> Message : getUserByPhoneResponse() completed
info: ===> TimeStamp : 2026-02-22 12:27:35===> API : null ===> Message : validateRequest() invoked
info: ===> TimeStamp : 2026-02-22 12:27:35===> API : null ===> Message : fetchDBSettings()
info: ===> TimeStamp : 2026-02-22 12:27:35===> API : null ===> Message : validateRequest() Invoked!
info: ===> TimeStamp : 2026-02-22 12:27:35===> API : null ===> Message : validRequest() :: Api validated Successfully
info: ===> TimeStamp : 2026-02-22 12:27:35===> API : /api/booking/newBooking ===> Message : newBooking() invoked!!
info: ===> TimeStamp : 2026-02-22 12:27:35===> API : /api/booking/newBooking ===> Message : newBooking() :: Request Object :: [object Object]
info: ===> TimeStamp : 2026-02-22 12:27:35===> API : /api/booking/newBooking ===> Message : getUserById() :: DB :: Invoked !
info: ===> TimeStamp : 2026-02-22 12:27:35===> API : /api/booking/newBooking ===> Message : newBooking() :: DB :: Invoked !
info: ===> TimeStamp : 2026-02-22 12:27:35===> API : /api/booking/newBooking ===> Message : newBookingResponse() invoked!
info: ===> TimeStamp : 2026-02-22 12:27:35===> API : /api/booking/newBooking ===> Message : newBookingResponse() completed
info: ===> TimeStamp : 2026-02-22 12:27:51===> API : null ===> Message : validateRequest() invoked
info: ===> TimeStamp : 2026-02-22 12:27:51===> API : null ===> Message : fetchDBSettings()
info: ===> TimeStamp : 2026-02-22 12:27:51===> API : null ===> Message : validateRequest() Invoked!
info: ===> TimeStamp : 2026-02-22 12:27:52===> API : null ===> Message : validRequest() :: Api validated Successfully
info: ===> TimeStamp : 2026-02-22 12:27:52===> API : /api/booking/displayPackages ===> Message : displayPackages() invoked!!
info: ===> TimeStamp : 2026-02-22 12:27:52===> API : /api/booking/displayPackages ===> Message : displayPackages() :: DB :: Invoked !
info: ===> TimeStamp : 2026-02-22 12:27:52===> API : /api/booking/displayPackages ===> Message : displayPackagesResponse() invoked!
info: ===> TimeStamp : 2026-02-22 12:27:52===> API : /api/booking/displayPackages ===> Message : displayPackagesResponse() completed
info: ===> TimeStamp : 2026-02-22 12:29:18===> API : null ===> Message : validateRequest() invoked
info: ===> TimeStamp : 2026-02-22 12:29:18===> API : null ===> Message : fetchDBSettings()
info: ===> TimeStamp : 2026-02-22 12:29:18===> API : null ===> Message : validateRequest() Invoked!
info: ===> TimeStamp : 2026-02-22 12:29:18===> API : null ===> Message : validRequest() :: Api validated Successfully
info: ===> TimeStamp : 2026-02-22 12:29:18===> API : /api/booking/getUserByPhone?phone=72860 ===> Message : getUserByPhone() invoked!!
info: ===> TimeStamp : 2026-02-22 12:29:18===> API : /api/booking/getUserByPhone?phone=72860 ===> Message : getUserByPhone() :: Request Object :: [object Object]
info: ===> TimeStamp : 2026-02-22 12:29:18===> API : /api/booking/getUserByPhone?phone=72860 ===> Message : getUserByPhone() :: DB :: Invoked !
info: ===> TimeStamp : 2026-02-22 12:29:18===> API : /api/booking/getUserByPhone?phone=72860 ===> Message : getUserByPhoneResponse() invoked!
info: ===> TimeStamp : 2026-02-22 12:29:18===> API : /api/booking/getUserByPhone?phone=72860 ===> Message : getUserByPhoneResponse() completed
info: ===> TimeStamp : 2026-02-22 12:29:20===> API : null ===> Message : validateRequest() invoked
info: ===> TimeStamp : 2026-02-22 12:29:20===> API : null ===> Message : fetchDBSettings()
info: ===> TimeStamp : 2026-02-22 12:29:20===> API : null ===> Message : validateRequest() Invoked!
info: ===> TimeStamp : 2026-02-22 12:29:20===> API : null ===> Message : validRequest() :: Api validated Successfully
info: ===> TimeStamp : 2026-02-22 12:29:20===> API : /api/booking/getUserByPhone?phone=7286092426 ===> Message : getUserByPhone() invoked!!
info: ===> TimeStamp : 2026-02-22 12:29:20===> API : /api/booking/getUserByPhone?phone=7286092426 ===> Message : getUserByPhone() :: Request Object :: [object Object]
info: ===> TimeStamp : 2026-02-22 12:29:20===> API : /api/booking/getUserByPhone?phone=7286092426 ===> Message : getUserByPhone() :: DB :: Invoked !
info: ===> TimeStamp : 2026-02-22 12:29:21===> API : /api/booking/getUserByPhone?phone=7286092426 ===> Message : getUserByPhoneResponse() invoked!
info: ===> TimeStamp : 2026-02-22 12:29:21===> API : /api/booking/getUserByPhone?phone=7286092426 ===> Message : getUserByPhoneResponse() completed
info: ===> TimeStamp : 2026-02-22 12:30:47===> API : null ===> Message : validateRequest() invoked
info: ===> TimeStamp : 2026-02-22 12:30:47===> API : null ===> Message : fetchDBSettings()
info: ===> TimeStamp : 2026-02-22 12:30:47===> API : null ===> Message : validateRequest() Invoked!
info: ===> TimeStamp : 2026-02-22 12:30:47===> API : null ===> Message : validRequest() :: Api validated Successfully
info: ===> TimeStamp : 2026-02-22 12:30:47===> API : /api/booking/newBooking ===> Message : newBooking() invoked!!
info: ===> TimeStamp : 2026-02-22 12:30:47===> API : /api/booking/newBooking ===> Message : newBooking() :: Request Object :: [object Object]
info: ===> TimeStamp : 2026-02-22 12:30:47===> API : /api/booking/newBooking ===> Message : getUserById() :: DB :: Invoked !
info: ===> TimeStamp : 2026-02-22 12:30:47===> API : /api/booking/newBooking ===> Message : newBooking() :: DB :: Invoked !
info: ===> TimeStamp : 2026-02-22 12:30:48===> API : /api/booking/newBooking ===> Message : newBookingResponse() invoked!
info: ===> TimeStamp : 2026-02-22 12:30:48===> API : /api/booking/newBooking ===> Message : newBookingResponse() completed
info: ===> TimeStamp : 2026-02-22 12:31:02===> API : null ===> Message : validateRequest() invoked
info: ===> TimeStamp : 2026-02-22 12:31:02===> API : null ===> Message : fetchDBSettings()
info: ===> TimeStamp : 2026-02-22 12:31:02===> API : null ===> Message : validateRequest() Invoked!
info: ===> TimeStamp : 2026-02-22 12:31:02===> API : null ===> Message : validRequest() :: Api validated Successfully
info: ===> TimeStamp : 2026-02-22 12:31:02===> API : /api/booking/getUserByPhone?phone=9398 ===> Message : getUserByPhone() invoked!!
info: ===> TimeStamp : 2026-02-22 12:31:02===> API : /api/booking/getUserByPhone?phone=9398 ===> Message : getUserByPhone() :: Request Object :: [object Object]
info: ===> TimeStamp : 2026-02-22 12:31:02===> API : /api/booking/getUserByPhone?phone=9398 ===> Message : getUserByPhone() :: DB :: Invoked !
info: ===> TimeStamp : 2026-02-22 12:31:03===> API : /api/booking/getUserByPhone?phone=9398 ===> Message : getUserByPhoneResponse() invoked!
info: ===> TimeStamp : 2026-02-22 12:31:03===> API : /api/booking/getUserByPhone?phone=9398 ===> Message : getUserByPhoneResponse() completed
info: ===> TimeStamp : 2026-02-22 12:31:03===> API : null ===> Message : validateRequest() invoked
info: ===> TimeStamp : 2026-02-22 12:31:03===> API : null ===> Message : fetchDBSettings()
info: ===> TimeStamp : 2026-02-22 12:31:03===> API : null ===> Message : validateRequest() Invoked!
info: ===> TimeStamp : 2026-02-22 12:31:03===> API : null ===> Message : validRequest() :: Api validated Successfully
info: ===> TimeStamp : 2026-02-22 12:31:03===> API : /api/booking/getUserByPhone?phone=93987 ===> Message : getUserByPhone() invoked!!
info: ===> TimeStamp : 2026-02-22 12:31:03===> API : /api/booking/getUserByPhone?phone=93987 ===> Message : getUserByPhone() :: Request Object :: [object Object]
info: ===> TimeStamp : 2026-02-22 12:31:03===> API : /api/booking/getUserByPhone?phone=93987 ===> Message : getUserByPhone() :: DB :: Invoked !
info: ===> TimeStamp : 2026-02-22 12:31:04===> API : /api/booking/getUserByPhone?phone=93987 ===> Message : getUserByPhoneResponse() invoked!
info: ===> TimeStamp : 2026-02-22 12:31:04===> API : /api/booking/getUserByPhone?phone=93987 ===> Message : getUserByPhoneResponse() completed
info: ===> TimeStamp : 2026-02-22 12:31:05===> API : null ===> Message : validateRequest() invoked
info: ===> TimeStamp : 2026-02-22 12:31:05===> API : null ===> Message : fetchDBSettings()
info: ===> TimeStamp : 2026-02-22 12:31:05===> API : null ===> Message : validateRequest() Invoked!
info: ===> TimeStamp : 2026-02-22 12:31:05===> API : null ===> Message : validRequest() :: Api validated Successfully
info: ===> TimeStamp : 2026-02-22 12:31:05===> API : /api/booking/displayPackages ===> Message : displayPackages() invoked!!
info: ===> TimeStamp : 2026-02-22 12:31:05===> API : /api/booking/displayPackages ===> Message : displayPackages() :: DB :: Invoked !
info: ===> TimeStamp : 2026-02-22 12:31:05===> API : /api/booking/displayPackages ===> Message : displayPackagesResponse() invoked!
info: ===> TimeStamp : 2026-02-22 12:31:05===> API : /api/booking/displayPackages ===> Message : displayPackagesResponse() completed
info: ===> TimeStamp : 2026-02-22 12:31:07===> API : null ===> Message : validateRequest() invoked
info: ===> TimeStamp : 2026-02-22 12:31:07===> API : null ===> Message : fetchDBSettings()
info: ===> TimeStamp : 2026-02-22 12:31:07===> API : null ===> Message : validateRequest() Invoked!
info: ===> TimeStamp : 2026-02-22 12:31:07===> API : null ===> Message : validRequest() :: Api validated Successfully
info: ===> TimeStamp : 2026-02-22 12:31:07===> API : /api/booking/getUserByPhone?phone=9398750045 ===> Message : getUserByPhone() invoked!!
info: ===> TimeStamp : 2026-02-22 12:31:07===> API : /api/booking/getUserByPhone?phone=9398750045 ===> Message : getUserByPhone() :: Request Object :: [object Object]
info: ===> TimeStamp : 2026-02-22 12:31:07===> API : /api/booking/getUserByPhone?phone=9398750045 ===> Message : getUserByPhone() :: DB :: Invoked !
info: ===> TimeStamp : 2026-02-22 12:31:07===> API : /api/booking/getUserByPhone?phone=9398750045 ===> Message : getUserByPhoneResponse() invoked!
info: ===> TimeStamp : 2026-02-22 12:31:07===> API : /api/booking/getUserByPhone?phone=9398750045 ===> Message : getUserByPhoneResponse() completed
info: ===> TimeStamp : 2026-02-22 12:31:13===> API : null ===> Message : validateRequest() invoked
info: ===> TimeStamp : 2026-02-22 12:31:13===> API : null ===> Message : fetchDBSettings()
info: ===> TimeStamp : 2026-02-22 12:31:13===> API : null ===> Message : validateRequest() Invoked!
info: ===> TimeStamp : 2026-02-22 12:31:13===> API : null ===> Message : validRequest() :: Api validated Successfully
info: ===> TimeStamp : 2026-02-22 12:31:13===> API : /api/booking/newBooking ===> Message : newBooking() invoked!!
info: ===> TimeStamp : 2026-02-22 12:31:13===> API : /api/booking/newBooking ===> Message : newBooking() :: Request Object :: [object Object]
info: ===> TimeStamp : 2026-02-22 12:31:13===> API : /api/booking/newBooking ===> Message : getUserById() :: DB :: Invoked !
info: ===> TimeStamp : 2026-02-22 12:31:13===> API : /api/booking/newBooking ===> Message : newBooking() :: DB :: Invoked !
info: ===> TimeStamp : 2026-02-22 12:31:13===> API : /api/booking/newBooking ===> Message : newBookingResponse() invoked!
info: ===> TimeStamp : 2026-02-22 12:31:13===> API : /api/booking/newBooking ===> Message : newBookingResponse() completed
info: ===> TimeStamp : 2026-02-22 12:31:32===> API : null ===> Message : validateRequest() invoked
info: ===> TimeStamp : 2026-02-22 12:31:32===> API : null ===> Message : fetchDBSettings()
info: ===> TimeStamp : 2026-02-22 12:31:32===> API : null ===> Message : validateRequest() Invoked!
info: ===> TimeStamp : 2026-02-22 12:31:32===> API : null ===> Message : validRequest() :: Api validated Successfully
info: ===> TimeStamp : 2026-02-22 12:31:32===> API : /api/booking/displayPackages ===> Message : displayPackages() invoked!!
info: ===> TimeStamp : 2026-02-22 12:31:32===> API : /api/booking/displayPackages ===> Message : displayPackages() :: DB :: Invoked !
info: ===> TimeStamp : 2026-02-22 12:31:32===> API : /api/booking/displayPackages ===> Message : displayPackagesResponse() invoked!
info: ===> TimeStamp : 2026-02-22 12:31:32===> API : /api/booking/displayPackages ===> Message : displayPackagesResponse() completed
info: ===> TimeStamp : 2026-02-22 12:31:41===> API : null ===> Message : validateRequest() invoked
info: ===> TimeStamp : 2026-02-22 12:31:41===> API : null ===> Message : fetchDBSettings()
info: ===> TimeStamp : 2026-02-22 12:31:41===> API : null ===> Message : validateRequest() invoked
info: ===> TimeStamp : 2026-02-22 12:31:41===> API : null ===> Message : fetchDBSettings()
info: ===> TimeStamp : 2026-02-22 12:31:41===> API : null ===> Message : validateRequest() Invoked!
info: ===> TimeStamp : 2026-02-22 12:31:41===> API : null ===> Message : validateRequest() Invoked!
info: ===> TimeStamp : 2026-02-22 12:31:41===> API : null ===> Message : validRequest() :: Api validated Successfully
info: ===> TimeStamp : 2026-02-22 12:31:41===> API : /api/booking/displayPackages ===> Message : displayPackages() :: DB :: Invoked !
info: ===> TimeStamp : 2026-02-22 12:31:41===> API : /api/booking/displayPackages ===> Message : displayPackages() invoked!!
info: ===> TimeStamp : 2026-02-22 12:31:42===> API : /api/booking/displayPackages ===> Message : displayPackagesResponse() invoked!
info: ===> TimeStamp : 2026-02-22 12:31:42===> API : /api/booking/displayPackages ===> Message : displayPackagesResponse() completed
info: ===> TimeStamp : 2026-02-22 12:31:42===> API : null ===> Message : validRequest() :: Api validated Successfully
info: ===> TimeStamp : 2026-02-22 12:31:42===> API : /api/booking/fetchBookings?futureDate=2026-02-22 ===> Message : fetchBookings() invoked!!
info: ===> TimeStamp : 2026-02-22 12:31:42===> API : /api/booking/fetchBookings?futureDate=2026-02-22 ===> Message : fetchBookings() :: Request Object :: [object Object]
info: ===> TimeStamp : 2026-02-22 12:31:42===> API : /api/booking/fetchBookings?futureDate=2026-02-22 ===> Message : fetchBookings() :: DB :: Invoked !
info: ===> TimeStamp : 2026-02-22 12:31:43===> API : /api/booking/fetchBookings?futureDate=2026-02-22 ===> Message : fetchBookingsResponse() invoked!
info: ===> TimeStamp : 2026-02-22 12:31:43===> API : /api/booking/fetchBookings?futureDate=2026-02-22 ===> Message : fetchBookingsResponse() completed
info: ===> TimeStamp : 2026-02-22 12:31:43===> API : null ===> Message : validateRequest() invoked
info: ===> TimeStamp : 2026-02-22 12:31:43===> API : null ===> Message : fetchDBSettings()
info: ===> TimeStamp : 2026-02-22 12:31:43===> API : null ===> Message : validateRequest() Invoked!
info: ===> TimeStamp : 2026-02-22 12:31:43===> API : null ===> Message : validRequest() :: Api validated Successfully
info: ===> TimeStamp : 2026-02-22 12:31:43===> API : /api/booking/fetchBookings?futureDate=2026-02-22 ===> Message : fetchBookings() invoked!!
info: ===> TimeStamp : 2026-02-22 12:31:43===> API : /api/booking/fetchBookings?futureDate=2026-02-22 ===> Message : fetchBookings() :: Request Object :: [object Object]
info: ===> TimeStamp : 2026-02-22 12:31:43===> API : /api/booking/fetchBookings?futureDate=2026-02-22 ===> Message : fetchBookings() :: DB :: Invoked !
info: ===> TimeStamp : 2026-02-22 12:31:44===> API : /api/booking/fetchBookings?futureDate=2026-02-22 ===> Message : fetchBookingsResponse() invoked!
info: ===> TimeStamp : 2026-02-22 12:31:44===> API : /api/booking/fetchBookings?futureDate=2026-02-22 ===> Message : fetchBookingsResponse() completed
info: ===> TimeStamp : 2026-02-22 12:32:18===> API : null ===> Message : validateRequest() invoked
info: ===> TimeStamp : 2026-02-22 12:32:18===> API : null ===> Message : fetchDBSettings()
info: ===> TimeStamp : 2026-02-22 12:32:18===> API : null ===> Message : validateRequest() Invoked!
info: ===> TimeStamp : 2026-02-22 12:32:18===> API : null ===> Message : validRequest() :: Api validated Successfully
info: ===> TimeStamp : 2026-02-22 12:32:18===> API : /api/booking/displayPackages ===> Message : displayPackages() invoked!!
info: ===> TimeStamp : 2026-02-22 12:32:18===> API : /api/booking/displayPackages ===> Message : displayPackages() :: DB :: Invoked !
info: ===> TimeStamp : 2026-02-22 12:32:18===> API : /api/booking/displayPackages ===> Message : displayPackagesResponse() invoked!
info: ===> TimeStamp : 2026-02-22 12:32:18===> API : /api/booking/displayPackages ===> Message : displayPackagesResponse() completed
info: ===> TimeStamp : 2026-02-22 12:32:26===> API : null ===> Message : validateRequest() invoked
info: ===> TimeStamp : 2026-02-22 12:32:26===> API : null ===> Message : fetchDBSettings()
info: ===> TimeStamp : 2026-02-22 12:32:26===> API : null ===> Message : validateRequest() Invoked!
info: ===> TimeStamp : 2026-02-22 12:32:26===> API : null ===> Message : validRequest() :: Api validated Successfully
info: ===> TimeStamp : 2026-02-22 12:32:26===> API : /api/booking/getUserByPhone?phone=8123 ===> Message : getUserByPhone() invoked!!
info: ===> TimeStamp : 2026-02-22 12:32:26===> API : /api/booking/getUserByPhone?phone=8123 ===> Message : getUserByPhone() :: Request Object :: [object Object]
info: ===> TimeStamp : 2026-02-22 12:32:26===> API : /api/booking/getUserByPhone?phone=8123 ===> Message : getUserByPhone() :: DB :: Invoked !
info: ===> TimeStamp : 2026-02-22 12:32:27===> API : /api/booking/getUserByPhone?phone=8123 ===> Message : getUserByPhoneResponse() invoked!
info: ===> TimeStamp : 2026-02-22 12:32:27===> API : /api/booking/getUserByPhone?phone=8123 ===> Message : getUserByPhoneResponse() completed
info: ===> TimeStamp : 2026-02-22 12:32:29===> API : null ===> Message : validateRequest() invoked
info: ===> TimeStamp : 2026-02-22 12:32:29===> API : null ===> Message : fetchDBSettings()
info: ===> TimeStamp : 2026-02-22 12:32:29===> API : null ===> Message : validateRequest() Invoked!
info: ===> TimeStamp : 2026-02-22 12:32:29===> API : null ===> Message : validRequest() :: Api validated Successfully
info: ===> TimeStamp : 2026-02-22 12:32:29===> API : /api/booking/getUserByPhone?phone=81239262 ===> Message : getUserByPhone() invoked!!
info: ===> TimeStamp : 2026-02-22 12:32:29===> API : /api/booking/getUserByPhone?phone=81239262 ===> Message : getUserByPhone() :: Request Object :: [object Object]
info: ===> TimeStamp : 2026-02-22 12:32:29===> API : /api/booking/getUserByPhone?phone=81239262 ===> Message : getUserByPhone() :: DB :: Invoked !
info: ===> TimeStamp : 2026-02-22 12:32:30===> API : /api/booking/getUserByPhone?phone=81239262 ===> Message : getUserByPhoneResponse() invoked!
info: ===> TimeStamp : 2026-02-22 12:32:30===> API : /api/booking/getUserByPhone?phone=81239262 ===> Message : getUserByPhoneResponse() completed
info: ===> TimeStamp : 2026-02-22 12:32:30===> API : null ===> Message : validateRequest() invoked
info: ===> TimeStamp : 2026-02-22 12:32:30===> API : null ===> Message : fetchDBSettings()
info: ===> TimeStamp : 2026-02-22 12:32:30===> API : null ===> Message : validateRequest() Invoked!
info: ===> TimeStamp : 2026-02-22 12:32:30===> API : null ===> Message : validRequest() :: Api validated Successfully
info: ===> TimeStamp : 2026-02-22 12:32:30===> API : /api/booking/getUserByPhone?phone=8123926237 ===> Message : getUserByPhone() invoked!!
info: ===> TimeStamp : 2026-02-22 12:32:30===> API : /api/booking/getUserByPhone?phone=8123926237 ===> Message : getUserByPhone() :: Request Object :: [object Object]
info: ===> TimeStamp : 2026-02-22 12:32:30===> API : /api/booking/getUserByPhone?phone=8123926237 ===> Message : getUserByPhone() :: DB :: Invoked !
info: ===> TimeStamp : 2026-02-22 12:32:31===> API : /api/booking/getUserByPhone?phone=8123926237 ===> Message : getUserByPhoneResponse() invoked!
info: ===> TimeStamp : 2026-02-22 12:32:31===> API : /api/booking/getUserByPhone?phone=8123926237 ===> Message : getUserByPhoneResponse() completed
info: ===> TimeStamp : 2026-02-22 12:33:22===> API : null ===> Message : fetchDBSettings()
info: ===> TimeStamp : 2026-02-22 12:33:22===> API : null ===> Message : validateRequest() invoked
info: ===> TimeStamp : 2026-02-22 12:33:22===> API : null ===> Message : validateRequest() Invoked!
info: ===> TimeStamp : 2026-02-22 12:33:22===> API : null ===> Message : validRequest() :: Api validated Successfully
info: ===> TimeStamp : 2026-02-22 12:33:22===> API : /api/booking/newBooking ===> Message : newBooking() invoked!!
info: ===> TimeStamp : 2026-02-22 12:33:22===> API : /api/booking/newBooking ===> Message : newBooking() :: Request Object :: [object Object]
info: ===> TimeStamp : 2026-02-22 12:33:22===> API : /api/booking/newBooking ===> Message : getUserById() :: DB :: Invoked !
info: ===> TimeStamp : 2026-02-22 12:33:22===> API : /api/booking/newBooking ===> Message : newBooking() :: DB :: Invoked !
info: ===> TimeStamp : 2026-02-22 12:33:23===> API : /api/booking/newBooking ===> Message : newBookingResponse() invoked!
info: ===> TimeStamp : 2026-02-22 12:33:23===> API : /api/booking/newBooking ===> Message : newBookingResponse() completed
info: ===> TimeStamp : 2026-02-22 12:33:39===> API : null ===> Message : validateRequest() invoked
info: ===> TimeStamp : 2026-02-22 12:33:39===> API : null ===> Message : fetchDBSettings()
info: ===> TimeStamp : 2026-02-22 12:33:39===> API : null ===> Message : validateRequest() Invoked!
info: ===> TimeStamp : 2026-02-22 12:33:39===> API : null ===> Message : validRequest() :: Api validated Successfully
info: ===> TimeStamp : 2026-02-22 12:33:39===> API : /api/booking/displayPackages ===> Message : displayPackages() invoked!!
info: ===> TimeStamp : 2026-02-22 12:33:39===> API : /api/booking/displayPackages ===> Message : displayPackages() :: DB :: Invoked !
info: ===> TimeStamp : 2026-02-22 12:33:39===> API : /api/booking/displayPackages ===> Message : displayPackagesResponse() invoked!
info: ===> TimeStamp : 2026-02-22 12:33:39===> API : /api/booking/displayPackages ===> Message : displayPackagesResponse() completed
info: ===> TimeStamp : 2026-02-22 12:37:02===> API : null ===> Message : validateRequest() invoked
info: ===> TimeStamp : 2026-02-22 12:37:02===> API : null ===> Message : fetchDBSettings()
info: ===> TimeStamp : 2026-02-22 12:37:02===> API : null ===> Message : validateRequest() Invoked!
info: ===> TimeStamp : 2026-02-22 12:37:02===> API : null ===> Message : validRequest() :: Api validated Successfully
info: ===> TimeStamp : 2026-02-22 12:37:02===> API : /api/booking/displayPackages ===> Message : displayPackages() :: DB :: Invoked !
info: ===> TimeStamp : 2026-02-22 12:37:02===> API : /api/booking/displayPackages ===> Message : displayPackages() invoked!!
info: ===> TimeStamp : 2026-02-22 12:37:02===> API : /api/booking/displayPackages ===> Message : displayPackagesResponse() invoked!
info: ===> TimeStamp : 2026-02-22 12:37:02===> API : /api/booking/displayPackages ===> Message : displayPackagesResponse() completed
info: ===> TimeStamp : 2026-02-22 12:41:29===> API : null ===> Message : validateRequest() invoked
info: ===> TimeStamp : 2026-02-22 12:41:29===> API : null ===> Message : fetchDBSettings()
info: ===> TimeStamp : 2026-02-22 12:41:29===> API : null ===> Message : validateRequest() Invoked!
info: ===> TimeStamp : 2026-02-22 12:41:29===> API : null ===> Message : validRequest() :: Api validated Successfully
info: ===> TimeStamp : 2026-02-22 12:41:29===> API : /api/booking/displayPackages ===> Message : displayPackages() invoked!!
info: ===> TimeStamp : 2026-02-22 12:41:29===> API : /api/booking/displayPackages ===> Message : displayPackages() :: DB :: Invoked !
info: ===> TimeStamp : 2026-02-22 12:41:29===> API : /api/booking/displayPackages ===> Message : displayPackagesResponse() invoked!
info: ===> TimeStamp : 2026-02-22 12:41:29===> API : /api/booking/displayPackages ===> Message : displayPackagesResponse() completed
info: ===> TimeStamp : 2026-02-22 12:42:01===> API : null ===> Message : validateRequest() invoked
info: ===> TimeStamp : 2026-02-22 12:42:01===> API : null ===> Message : fetchDBSettings()
info: ===> TimeStamp : 2026-02-22 12:42:01===> API : null ===> Message : validateRequest() Invoked!
info: ===> TimeStamp : 2026-02-22 12:42:01===> API : null ===> Message : validRequest() :: Api validated Successfully
info: ===> TimeStamp : 2026-02-22 12:42:01===> API : /api/booking/getUserByPhone?phone=98 ===> Message : getUserByPhone() invoked!!
info: ===> TimeStamp : 2026-02-22 12:42:01===> API : /api/booking/getUserByPhone?phone=98 ===> Message : getUserByPhone() :: Request Object :: [object Object]
info: ===> TimeStamp : 2026-02-22 12:42:01===> API : /api/booking/getUserByPhone?phone=98 ===> Message : getUserByPhone() :: DB :: Invoked !
info: ===> TimeStamp : 2026-02-22 12:42:03===> API : /api/booking/getUserByPhone?phone=98 ===> Message : getUserByPhoneResponse() invoked!
info: ===> TimeStamp : 2026-02-22 12:42:03===> API : /api/booking/getUserByPhone?phone=98 ===> Message : getUserByPhoneResponse() completed
info: ===> TimeStamp : 2026-02-22 12:42:03===> API : null ===> Message : fetchDBSettings()
info: ===> TimeStamp : 2026-02-22 12:42:03===> API : null ===> Message : validateRequest() invoked
info: ===> TimeStamp : 2026-02-22 12:42:03===> API : null ===> Message : validateRequest() Invoked!
info: ===> TimeStamp : 2026-02-22 12:42:03===> API : null ===> Message : validRequest() :: Api validated Successfully
info: ===> TimeStamp : 2026-02-22 12:42:03===> API : /api/booking/getUserByPhone?phone=98761 ===> Message : getUserByPhone() invoked!!
info: ===> TimeStamp : 2026-02-22 12:42:03===> API : /api/booking/getUserByPhone?phone=98761 ===> Message : getUserByPhone() :: Request Object :: [object Object]
info: ===> TimeStamp : 2026-02-22 12:42:03===> API : /api/booking/getUserByPhone?phone=98761 ===> Message : getUserByPhone() :: DB :: Invoked !
info: ===> TimeStamp : 2026-02-22 12:42:04===> API : /api/booking/getUserByPhone?phone=98761 ===> Message : getUserByPhoneResponse() invoked!
info: ===> TimeStamp : 2026-02-22 12:42:04===> API : /api/booking/getUserByPhone?phone=98761 ===> Message : getUserByPhoneResponse() completed
info: ===> TimeStamp : 2026-02-22 12:42:06===> API : null ===> Message : validateRequest() invoked
info: ===> TimeStamp : 2026-02-22 12:42:06===> API : null ===> Message : fetchDBSettings()
info: ===> TimeStamp : 2026-02-22 12:42:06===> API : null ===> Message : validateRequest() Invoked!
info: ===> TimeStamp : 2026-02-22 12:42:06===> API : null ===> Message : validRequest() :: Api validated Successfully
info: ===> TimeStamp : 2026-02-22 12:42:06===> API : /api/booking/getUserByPhone?phone=9876136228 ===> Message : getUserByPhone() invoked!!
info: ===> TimeStamp : 2026-02-22 12:42:06===> API : /api/booking/getUserByPhone?phone=9876136228 ===> Message : getUserByPhone() :: Request Object :: [object Object]
info: ===> TimeStamp : 2026-02-22 12:42:06===> API : /api/booking/getUserByPhone?phone=9876136228 ===> Message : getUserByPhone() :: DB :: Invoked !
info: ===> TimeStamp : 2026-02-22 12:42:06===> API : /api/booking/getUserByPhone?phone=9876136228 ===> Message : getUserByPhoneResponse() invoked!
info: ===> TimeStamp : 2026-02-22 12:42:06===> API : /api/booking/getUserByPhone?phone=9876136228 ===> Message : getUserByPhoneResponse() completed
info: ===> TimeStamp : 2026-02-22 12:42:07===> API : null ===> Message : validateRequest() invoked
info: ===> TimeStamp : 2026-02-22 12:42:07===> API : null ===> Message : fetchDBSettings()
info: ===> TimeStamp : 2026-02-22 12:42:07===> API : null ===> Message : validateRequest() Invoked!
info: ===> TimeStamp : 2026-02-22 12:42:07===> API : null ===> Message : validRequest() :: Api validated Successfully
info: ===> TimeStamp : 2026-02-22 12:42:07===> API : /api/booking/newBooking ===> Message : newBooking() invoked!!
info: ===> TimeStamp : 2026-02-22 12:42:07===> API : /api/booking/newBooking ===> Message : newBooking() :: Request Object :: [object Object]
info: ===> TimeStamp : 2026-02-22 12:42:07===> API : /api/booking/newBooking ===> Message : getUserById() :: DB :: Invoked !
info: ===> TimeStamp : 2026-02-22 12:42:07===> API : /api/booking/newBooking ===> Message : newBooking() :: DB :: Invoked !
info: ===> TimeStamp : 2026-02-22 12:42:07===> API : /api/booking/newBooking ===> Message : newBookingResponse() invoked!
info: ===> TimeStamp : 2026-02-22 12:42:07===> API : /api/booking/newBooking ===> Message : newBookingResponse() completed
info: ===> TimeStamp : 2026-02-22 12:42:26===> API : null ===> Message : validateRequest() invoked
info: ===> TimeStamp : 2026-02-22 12:42:26===> API : null ===> Message : fetchDBSettings()
info: ===> TimeStamp : 2026-02-22 12:42:26===> API : null ===> Message : validateRequest() Invoked!
info: ===> TimeStamp : 2026-02-22 12:42:26===> API : null ===> Message : validRequest() :: Api validated Successfully
info: ===> TimeStamp : 2026-02-22 12:42:26===> API : /api/booking/displayPackages ===> Message : displayPackages() invoked!!
info: ===> TimeStamp : 2026-02-22 12:42:26===> API : /api/booking/displayPackages ===> Message : displayPackages() :: DB :: Invoked !
info: ===> TimeStamp : 2026-02-22 12:42:26===> API : /api/booking/displayPackages ===> Message : displayPackagesResponse() invoked!
info: ===> TimeStamp : 2026-02-22 12:42:26===> API : /api/booking/displayPackages ===> Message : displayPackagesResponse() completed
info: ===> TimeStamp : 2026-02-22 12:43:53===> API : null ===> Message : validateRequest() invoked
info: ===> TimeStamp : 2026-02-22 12:43:53===> API : null ===> Message : fetchDBSettings()
info: ===> TimeStamp : 2026-02-22 12:43:53===> API : null ===> Message : validateRequest() invoked
info: ===> TimeStamp : 2026-02-22 12:43:53===> API : null ===> Message : fetchDBSettings()
info: ===> TimeStamp : 2026-02-22 12:43:53===> API : null ===> Message : validateRequest() Invoked!
info: ===> TimeStamp : 2026-02-22 12:43:53===> API : null ===> Message : validateRequest() Invoked!
info: ===> TimeStamp : 2026-02-22 12:43:53===> API : null ===> Message : validRequest() :: Api validated Successfully
info: ===> TimeStamp : 2026-02-22 12:43:53===> API : /api/booking/displayPackages ===> Message : displayPackages() invoked!!
info: ===> TimeStamp : 2026-02-22 12:43:53===> API : /api/booking/displayPackages ===> Message : displayPackages() :: DB :: Invoked !
info: ===> TimeStamp : 2026-02-22 12:43:54===> API : /api/booking/displayPackages ===> Message : displayPackagesResponse() invoked!
info: ===> TimeStamp : 2026-02-22 12:43:54===> API : /api/booking/displayPackages ===> Message : displayPackagesResponse() completed
info: ===> TimeStamp : 2026-02-22 12:43:54===> API : null ===> Message : validRequest() :: Api validated Successfully
info: ===> TimeStamp : 2026-02-22 12:43:54===> API : /api/booking/fetchBookings?futureDate=2026-02-22 ===> Message : fetchBookings() :: Request Object :: [object Object]
info: ===> TimeStamp : 2026-02-22 12:43:54===> API : /api/booking/fetchBookings?futureDate=2026-02-22 ===> Message : fetchBookings() invoked!!
info: ===> TimeStamp : 2026-02-22 12:43:54===> API : /api/booking/fetchBookings?futureDate=2026-02-22 ===> Message : fetchBookings() :: DB :: Invoked !
info: ===> TimeStamp : 2026-02-22 12:43:54===> API : null ===> Message : validateRequest() invoked
info: ===> TimeStamp : 2026-02-22 12:43:54===> API : null ===> Message : fetchDBSettings()
info: ===> TimeStamp : 2026-02-22 12:43:54===> API : null ===> Message : validateRequest() Invoked!
info: ===> TimeStamp : 2026-02-22 12:43:54===> API : null ===> Message : validRequest() :: Api validated Successfully
info: ===> TimeStamp : 2026-02-22 12:43:54===> API : /api/booking/displayPackages ===> Message : displayPackages() invoked!!
info: ===> TimeStamp : 2026-02-22 12:43:54===> API : /api/booking/displayPackages ===> Message : displayPackages() :: DB :: Invoked !
info: ===> TimeStamp : 2026-02-22 12:43:54===> API : /api/booking/displayPackages ===> Message : displayPackagesResponse() completed
info: ===> TimeStamp : 2026-02-22 12:43:54===> API : /api/booking/displayPackages ===> Message : displayPackagesResponse() invoked!
info: ===> TimeStamp : 2026-02-22 12:43:55===> API : /api/booking/fetchBookings?futureDate=2026-02-22 ===> Message : fetchBookingsResponse() invoked!
info: ===> TimeStamp : 2026-02-22 12:43:55===> API : /api/booking/fetchBookings?futureDate=2026-02-22 ===> Message : fetchBookingsResponse() completed
info: ===> TimeStamp : 2026-02-22 12:43:55===> API : null ===> Message : validateRequest() invoked
info: ===> TimeStamp : 2026-02-22 12:43:55===> API : null ===> Message : fetchDBSettings()
info: ===> TimeStamp : 2026-02-22 12:43:55===> API : null ===> Message : validateRequest() Invoked!
info: ===> TimeStamp : 2026-02-22 12:43:55===> API : null ===> Message : validRequest() :: Api validated Successfully
info: ===> TimeStamp : 2026-02-22 12:43:55===> API : /api/booking/fetchBookings?futureDate=2026-02-22 ===> Message : fetchBookings() invoked!!
info: ===> TimeStamp : 2026-02-22 12:43:55===> API : /api/booking/fetchBookings?futureDate=2026-02-22 ===> Message : fetchBookings() :: Request Object :: [object Object]
info: ===> TimeStamp : 2026-02-22 12:43:55===> API : /api/booking/fetchBookings?futureDate=2026-02-22 ===> Message : fetchBookings() :: DB :: Invoked !
info: ===> TimeStamp : 2026-02-22 12:43:56===> API : /api/booking/fetchBookings?futureDate=2026-02-22 ===> Message : fetchBookingsResponse() invoked!
info: ===> TimeStamp : 2026-02-22 12:43:56===> API : /api/booking/fetchBookings?futureDate=2026-02-22 ===> Message : fetchBookingsResponse() completed
info: ===> TimeStamp : 2026-02-22 12:45:10===> API : null ===> Message : validateRequest() invoked
info: ===> TimeStamp : 2026-02-22 12:45:10===> API : null ===> Message : fetchDBSettings()
info: ===> TimeStamp : 2026-02-22 12:45:10===> API : null ===> Message : validateRequest() Invoked!
info: ===> TimeStamp : 2026-02-22 12:45:10===> API : null ===> Message : validRequest() :: Api validated Successfully
info: ===> TimeStamp : 2026-02-22 12:45:10===> API : /api/booking/displayPackages ===> Message : displayPackages() invoked!!
info: ===> TimeStamp : 2026-02-22 12:45:10===> API : /api/booking/displayPackages ===> Message : displayPackages() :: DB :: Invoked !
info: ===> TimeStamp : 2026-02-22 12:45:10===> API : /api/booking/displayPackages ===> Message : displayPackagesResponse() invoked!
info: ===> TimeStamp : 2026-02-22 12:45:10===> API : /api/booking/displayPackages ===> Message : displayPackagesResponse() completed
info: ===> TimeStamp : 2026-02-22 12:45:14===> API : null ===> Message : validateRequest() invoked
info: ===> TimeStamp : 2026-02-22 12:45:14===> API : null ===> Message : fetchDBSettings()
info: ===> TimeStamp : 2026-02-22 12:45:14===> API : null ===> Message : validateRequest() Invoked!
info: ===> TimeStamp : 2026-02-22 12:45:14===> API : null ===> Message : validRequest() :: Api validated Successfully
info: ===> TimeStamp : 2026-02-22 12:45:14===> API : /api/booking/displayPackages ===> Message : displayPackages() invoked!!
info: ===> TimeStamp : 2026-02-22 12:45:14===> API : /api/booking/displayPackages ===> Message : displayPackages() :: DB :: Invoked !
info: ===> TimeStamp : 2026-02-22 12:45:14===> API : /api/booking/displayPackages ===> Message : displayPackagesResponse() invoked!
info: ===> TimeStamp : 2026-02-22 12:45:14===> API : /api/booking/displayPackages ===> Message : displayPackagesResponse() completed
info: ===> TimeStamp : 2026-02-22 12:45:35===> API : null ===> Message : validateRequest() invoked
info: ===> TimeStamp : 2026-02-22 12:45:35===> API : null ===> Message : fetchDBSettings()
info: ===> TimeStamp : 2026-02-22 12:45:35===> API : null ===> Message : validateRequest() Invoked!
info: ===> TimeStamp : 2026-02-22 12:45:35===> API : null ===> Message : validRequest() :: Api validated Successfully
info: ===> TimeStamp : 2026-02-22 12:45:35===> API : /api/booking/getUserByPhone?phone=930 ===> Message : getUserByPhone() invoked!!
info: ===> TimeStamp : 2026-02-22 12:45:35===> API : /api/booking/getUserByPhone?phone=930 ===> Message : getUserByPhone() :: Request Object :: [object Object]
info: ===> TimeStamp : 2026-02-22 12:45:35===> API : /api/booking/getUserByPhone?phone=930 ===> Message : getUserByPhone() :: DB :: Invoked !
info: ===> TimeStamp : 2026-02-22 12:45:35===> API : /api/booking/getUserByPhone?phone=930 ===> Message : getUserByPhoneResponse() invoked!
info: ===> TimeStamp : 2026-02-22 12:45:35===> API : /api/booking/getUserByPhone?phone=930 ===> Message : getUserByPhoneResponse() completed
info: ===> TimeStamp : 2026-02-22 12:45:37===> API : null ===> Message : validateRequest() invoked
info: ===> TimeStamp : 2026-02-22 12:45:37===> API : null ===> Message : fetchDBSettings()
info: ===> TimeStamp : 2026-02-22 12:45:37===> API : null ===> Message : validateRequest() Invoked!
info: ===> TimeStamp : 2026-02-22 12:45:37===> API : null ===> Message : validRequest() :: Api validated Successfully
info: ===> TimeStamp : 2026-02-22 12:45:37===> API : /api/booking/getUserByPhone?phone=930906 ===> Message : getUserByPhone() invoked!!
info: ===> TimeStamp : 2026-02-22 12:45:37===> API : /api/booking/getUserByPhone?phone=930906 ===> Message : getUserByPhone() :: Request Object :: [object Object]
info: ===> TimeStamp : 2026-02-22 12:45:37===> API : /api/booking/getUserByPhone?phone=930906 ===> Message : getUserByPhone() :: DB :: Invoked !
info: ===> TimeStamp : 2026-02-22 12:45:37===> API : /api/booking/getUserByPhone?phone=930906 ===> Message : getUserByPhoneResponse() invoked!
info: ===> TimeStamp : 2026-02-22 12:45:37===> API : /api/booking/getUserByPhone?phone=930906 ===> Message : getUserByPhoneResponse() completed
info: ===> TimeStamp : 2026-02-22 12:45:39===> API : null ===> Message : validateRequest() invoked
info: ===> TimeStamp : 2026-02-22 12:45:39===> API : null ===> Message : fetchDBSettings()
info: ===> TimeStamp : 2026-02-22 12:45:39===> API : null ===> Message : validateRequest() Invoked!
info: ===> TimeStamp : 2026-02-22 12:45:39===> API : null ===> Message : validRequest() :: Api validated Successfully
info: ===> TimeStamp : 2026-02-22 12:45:39===> API : /api/booking/getUserByPhone?phone=930906444 ===> Message : getUserByPhone() invoked!!
info: ===> TimeStamp : 2026-02-22 12:45:39===> API : /api/booking/getUserByPhone?phone=930906444 ===> Message : getUserByPhone() :: Request Object :: [object Object]
info: ===> TimeStamp : 2026-02-22 12:45:39===> API : /api/booking/getUserByPhone?phone=930906444 ===> Message : getUserByPhone() :: DB :: Invoked !
info: ===> TimeStamp : 2026-02-22 12:45:39===> API : /api/booking/getUserByPhone?phone=930906444 ===> Message : getUserByPhoneResponse() invoked!
info: ===> TimeStamp : 2026-02-22 12:45:39===> API : /api/booking/getUserByPhone?phone=930906444 ===> Message : getUserByPhoneResponse() completed
info: ===> TimeStamp : 2026-02-22 12:45:41===> API : null ===> Message : validateRequest() invoked
info: ===> TimeStamp : 2026-02-22 12:45:41===> API : null ===> Message : fetchDBSettings()
info: ===> TimeStamp : 2026-02-22 12:45:41===> API : null ===> Message : validateRequest() Invoked!
info: ===> TimeStamp : 2026-02-22 12:45:41===> API : null ===> Message : validRequest() :: Api validated Successfully
info: ===> TimeStamp : 2026-02-22 12:45:41===> API : /api/booking/getUserByPhone?phone=9309064442 ===> Message : getUserByPhone() invoked!!
info: ===> TimeStamp : 2026-02-22 12:45:41===> API : /api/booking/getUserByPhone?phone=9309064442 ===> Message : getUserByPhone() :: Request Object :: [object Object]
info: ===> TimeStamp : 2026-02-22 12:45:41===> API : /api/booking/getUserByPhone?phone=9309064442 ===> Message : getUserByPhone() :: DB :: Invoked !
info: ===> TimeStamp : 2026-02-22 12:45:42===> API : /api/booking/getUserByPhone?phone=9309064442 ===> Message : getUserByPhoneResponse() invoked!
info: ===> TimeStamp : 2026-02-22 12:45:42===> API : /api/booking/getUserByPhone?phone=9309064442 ===> Message : getUserByPhoneResponse() completed
info: ===> TimeStamp : 2026-02-22 12:46:15===> API : null ===> Message : validateRequest() invoked
info: ===> TimeStamp : 2026-02-22 12:46:15===> API : null ===> Message : fetchDBSettings()
info: ===> TimeStamp : 2026-02-22 12:46:15===> API : null ===> Message : validateRequest() Invoked!
info: ===> TimeStamp : 2026-02-22 12:46:15===> API : null ===> Message : validRequest() :: Api validated Successfully
info: ===> TimeStamp : 2026-02-22 12:46:15===> API : /api/booking/newBooking ===> Message : newBooking() invoked!!
info: ===> TimeStamp : 2026-02-22 12:46:15===> API : /api/booking/newBooking ===> Message : newBooking() :: Request Object :: [object Object]
info: ===> TimeStamp : 2026-02-22 12:46:15===> API : /api/booking/newBooking ===> Message : getUserById() :: DB :: Invoked !
info: ===> TimeStamp : 2026-02-22 12:46:15===> API : /api/booking/newBooking ===> Message : newBooking() :: DB :: Invoked !
info: ===> TimeStamp : 2026-02-22 12:46:15===> API : /api/booking/newBooking ===> Message : newBookingResponse() invoked!
info: ===> TimeStamp : 2026-02-22 12:46:15===> API : /api/booking/newBooking ===> Message : newBookingResponse() completed
info: ===> TimeStamp : 2026-02-22 12:46:28===> API : null ===> Message : validateRequest() invoked
info: ===> TimeStamp : 2026-02-22 12:46:28===> API : null ===> Message : fetchDBSettings()
info: ===> TimeStamp : 2026-02-22 12:46:28===> API : null ===> Message : validateRequest() Invoked!
info: ===> TimeStamp : 2026-02-22 12:46:28===> API : null ===> Message : validRequest() :: Api validated Successfully
info: ===> TimeStamp : 2026-02-22 12:46:28===> API : /api/booking/displayPackages ===> Message : displayPackages() invoked!!
info: ===> TimeStamp : 2026-02-22 12:46:28===> API : /api/booking/displayPackages ===> Message : displayPackages() :: DB :: Invoked !
info: ===> TimeStamp : 2026-02-22 12:46:28===> API : /api/booking/displayPackages ===> Message : displayPackagesResponse() invoked!
info: ===> TimeStamp : 2026-02-22 12:46:28===> API : /api/booking/displayPackages ===> Message : displayPackagesResponse() completed
info: ===> TimeStamp : 2026-02-22 12:51:38===> API : null ===> Message : validateRequest() invoked
info: ===> TimeStamp : 2026-02-22 12:51:38===> API : null ===> Message : fetchDBSettings()
info: ===> TimeStamp : 2026-02-22 12:51:38===> API : null ===> Message : validateRequest() Invoked!
info: ===> TimeStamp : 2026-02-22 12:51:38===> API : null ===> Message : validRequest() :: Api validated Successfully
info: ===> TimeStamp : 2026-02-22 12:51:38===> API : /api/booking/getUserByPhone?phone=93 ===> Message : getUserByPhone() invoked!!
info: ===> TimeStamp : 2026-02-22 12:51:38===> API : /api/booking/getUserByPhone?phone=93 ===> Message : getUserByPhone() :: Request Object :: [object Object]
info: ===> TimeStamp : 2026-02-22 12:51:38===> API : /api/booking/getUserByPhone?phone=93 ===> Message : getUserByPhone() :: DB :: Invoked !
info: ===> TimeStamp : 2026-02-22 12:51:39===> API : /api/booking/getUserByPhone?phone=93 ===> Message : getUserByPhoneResponse() invoked!
info: ===> TimeStamp : 2026-02-22 12:51:39===> API : /api/booking/getUserByPhone?phone=93 ===> Message : getUserByPhoneResponse() completed
info: ===> TimeStamp : 2026-02-22 12:51:40===> API : null ===> Message : validateRequest() invoked
info: ===> TimeStamp : 2026-02-22 12:51:40===> API : null ===> Message : fetchDBSettings()
info: ===> TimeStamp : 2026-02-22 12:51:40===> API : null ===> Message : validateRequest() Invoked!
info: ===> TimeStamp : 2026-02-22 12:51:40===> API : null ===> Message : validRequest() :: Api validated Successfully
info: ===> TimeStamp : 2026-02-22 12:51:40===> API : /api/booking/getUserByPhone?phone=9390 ===> Message : getUserByPhone() :: Request Object :: [object Object]
info: ===> TimeStamp : 2026-02-22 12:51:40===> API : /api/booking/getUserByPhone?phone=9390 ===> Message : getUserByPhone() invoked!!
info: ===> TimeStamp : 2026-02-22 12:51:40===> API : /api/booking/getUserByPhone?phone=9390 ===> Message : getUserByPhone() :: DB :: Invoked !
info: ===> TimeStamp : 2026-02-22 12:51:40===> API : /api/booking/getUserByPhone?phone=9390 ===> Message : getUserByPhoneResponse() invoked!
info: ===> TimeStamp : 2026-02-22 12:51:40===> API : /api/booking/getUserByPhone?phone=9390 ===> Message : getUserByPhoneResponse() completed
info: ===> TimeStamp : 2026-02-22 12:51:45===> API : null ===> Message : validateRequest() invoked
info: ===> TimeStamp : 2026-02-22 12:51:45===> API : null ===> Message : fetchDBSettings()
info: ===> TimeStamp : 2026-02-22 12:51:45===> API : null ===> Message : validateRequest() Invoked!
info: ===> TimeStamp : 2026-02-22 12:51:46===> API : null ===> Message : validRequest() :: Api validated Successfully
info: ===> TimeStamp : 2026-02-22 12:51:46===> API : /api/booking/getUserByPhone?phone=9390559 ===> Message : getUserByPhone() invoked!!
info: ===> TimeStamp : 2026-02-22 12:51:46===> API : /api/booking/getUserByPhone?phone=9390559 ===> Message : getUserByPhone() :: Request Object :: [object Object]
info: ===> TimeStamp : 2026-02-22 12:51:46===> API : /api/booking/getUserByPhone?phone=9390559 ===> Message : getUserByPhone() :: DB :: Invoked !
info: ===> TimeStamp : 2026-02-22 12:51:46===> API : /api/booking/getUserByPhone?phone=9390559 ===> Message : getUserByPhoneResponse() invoked!
info: ===> TimeStamp : 2026-02-22 12:51:46===> API : /api/booking/getUserByPhone?phone=9390559 ===> Message : getUserByPhoneResponse() completed
info: ===> TimeStamp : 2026-02-22 12:51:47===> API : null ===> Message : fetchDBSettings()
info: ===> TimeStamp : 2026-02-22 12:51:47===> API : null ===> Message : validateRequest() invoked
info: ===> TimeStamp : 2026-02-22 12:51:47===> API : null ===> Message : validateRequest() Invoked!
info: ===> TimeStamp : 2026-02-22 12:51:48===> API : null ===> Message : validRequest() :: Api validated Successfully
info: ===> TimeStamp : 2026-02-22 12:51:48===> API : /api/booking/getUserByPhone?phone=9390559885 ===> Message : getUserByPhone() :: Request Object :: [object Object]
info: ===> TimeStamp : 2026-02-22 12:51:48===> API : /api/booking/getUserByPhone?phone=9390559885 ===> Message : getUserByPhone() invoked!!
info: ===> TimeStamp : 2026-02-22 12:51:48===> API : /api/booking/getUserByPhone?phone=9390559885 ===> Message : getUserByPhone() :: DB :: Invoked !
info: ===> TimeStamp : 2026-02-22 12:51:48===> API : /api/booking/getUserByPhone?phone=9390559885 ===> Message : getUserByPhoneResponse() invoked!
info: ===> TimeStamp : 2026-02-22 12:51:48===> API : /api/booking/getUserByPhone?phone=9390559885 ===> Message : getUserByPhoneResponse() completed
info: ===> TimeStamp : 2026-02-22 12:52:08===> API : null ===> Message : validateRequest() invoked
info: ===> TimeStamp : 2026-02-22 12:52:08===> API : null ===> Message : fetchDBSettings()
info: ===> TimeStamp : 2026-02-22 12:52:08===> API : null ===> Message : validateRequest() Invoked!
info: ===> TimeStamp : 2026-02-22 12:52:09===> API : null ===> Message : validRequest() :: Api validated Successfully
info: ===> TimeStamp : 2026-02-22 12:52:09===> API : /api/booking/newBooking ===> Message : newBooking() invoked!!
info: ===> TimeStamp : 2026-02-22 12:52:09===> API : /api/booking/newBooking ===> Message : newBooking() :: Request Object :: [object Object]
info: ===> TimeStamp : 2026-02-22 12:52:09===> API : /api/booking/newBooking ===> Message : getUserById() :: DB :: Invoked !
info: ===> TimeStamp : 2026-02-22 12:52:09===> API : /api/booking/newBooking ===> Message : newBooking() :: DB :: Invoked !
info: ===> TimeStamp : 2026-02-22 12:52:09===> API : /api/booking/newBooking ===> Message : newBookingResponse() invoked!
info: ===> TimeStamp : 2026-02-22 12:52:09===> API : /api/booking/newBooking ===> Message : newBookingResponse() completed
info: ===> TimeStamp : 2026-02-22 12:52:22===> API : null ===> Message : validateRequest() invoked
info: ===> TimeStamp : 2026-02-22 12:52:22===> API : null ===> Message : fetchDBSettings()
info: ===> TimeStamp : 2026-02-22 12:52:22===> API : null ===> Message : validateRequest() Invoked!
info: ===> TimeStamp : 2026-02-22 12:52:22===> API : null ===> Message : validRequest() :: Api validated Successfully
info: ===> TimeStamp : 2026-02-22 12:52:22===> API : /api/booking/displayPackages ===> Message : displayPackages() invoked!!
info: ===> TimeStamp : 2026-02-22 12:52:22===> API : /api/booking/displayPackages ===> Message : displayPackages() :: DB :: Invoked !
info: ===> TimeStamp : 2026-02-22 12:52:22===> API : /api/booking/displayPackages ===> Message : displayPackagesResponse() invoked!
info: ===> TimeStamp : 2026-02-22 12:52:22===> API : /api/booking/displayPackages ===> Message : displayPackagesResponse() completed
info: ===> TimeStamp : 2026-02-22 13:04:24===> API : null ===> Message : validateRequest() invoked
info: ===> TimeStamp : 2026-02-22 13:04:24===> API : null ===> Message : fetchDBSettings()
info: ===> TimeStamp : 2026-02-22 13:04:24===> API : null ===> Message : validateRequest() Invoked!
info: ===> TimeStamp : 2026-02-22 13:04:24===> API : null ===> Message : validRequest() :: Api validated Successfully
info: ===> TimeStamp : 2026-02-22 13:04:24===> API : /api/booking/getUserByPhone?phone=9901 ===> Message : getUserByPhone() invoked!!
info: ===> TimeStamp : 2026-02-22 13:04:24===> API : /api/booking/getUserByPhone?phone=9901 ===> Message : getUserByPhone() :: Request Object :: [object Object]
info: ===> TimeStamp : 2026-02-22 13:04:24===> API : /api/booking/getUserByPhone?phone=9901 ===> Message : getUserByPhone() :: DB :: Invoked !
info: ===> TimeStamp : 2026-02-22 13:04:25===> API : /api/booking/getUserByPhone?phone=9901 ===> Message : getUserByPhoneResponse() invoked!
info: ===> TimeStamp : 2026-02-22 13:04:25===> API : /api/booking/getUserByPhone?phone=9901 ===> Message : getUserByPhoneResponse() completed
info: ===> TimeStamp : 2026-02-22 13:04:28===> API : null ===> Message : validateRequest() invoked
info: ===> TimeStamp : 2026-02-22 13:04:28===> API : null ===> Message : fetchDBSettings()
info: ===> TimeStamp : 2026-02-22 13:04:28===> API : null ===> Message : validateRequest() Invoked!
info: ===> TimeStamp : 2026-02-22 13:04:28===> API : null ===> Message : validRequest() :: Api validated Successfully
info: ===> TimeStamp : 2026-02-22 13:04:28===> API : /api/booking/getUserByPhone?phone=9901782361 ===> Message : getUserByPhone() :: Request Object :: [object Object]
info: ===> TimeStamp : 2026-02-22 13:04:28===> API : /api/booking/getUserByPhone?phone=9901782361 ===> Message : getUserByPhone() :: DB :: Invoked !
info: ===> TimeStamp : 2026-02-22 13:04:28===> API : /api/booking/getUserByPhone?phone=9901782361 ===> Message : getUserByPhone() invoked!!
info: ===> TimeStamp : 2026-02-22 13:04:29===> API : /api/booking/getUserByPhone?phone=9901782361 ===> Message : getUserByPhoneResponse() invoked!
info: ===> TimeStamp : 2026-02-22 13:04:29===> API : /api/booking/getUserByPhone?phone=9901782361 ===> Message : getUserByPhoneResponse() completed
info: ===> TimeStamp : 2026-02-22 13:05:30===> API : null ===> Message : validateRequest() invoked
info: ===> TimeStamp : 2026-02-22 13:05:30===> API : null ===> Message : fetchDBSettings()
info: ===> TimeStamp : 2026-02-22 13:05:30===> API : null ===> Message : validateRequest() Invoked!
info: ===> TimeStamp : 2026-02-22 13:05:30===> API : null ===> Message : validRequest() :: Api validated Successfully
info: ===> TimeStamp : 2026-02-22 13:05:30===> API : /api/booking/newBooking ===> Message : newBooking() invoked!!
info: ===> TimeStamp : 2026-02-22 13:05:30===> API : /api/booking/newBooking ===> Message : newBooking() :: Request Object :: [object Object]
info: ===> TimeStamp : 2026-02-22 13:05:30===> API : /api/booking/newBooking ===> Message : getUserById() :: DB :: Invoked !
info: ===> TimeStamp : 2026-02-22 13:05:30===> API : /api/booking/newBooking ===> Message : newBooking() :: DB :: Invoked !
info: ===> TimeStamp : 2026-02-22 13:05:30===> API : /api/booking/newBooking ===> Message : newBookingResponse() invoked!
info: ===> TimeStamp : 2026-02-22 13:05:30===> API : /api/booking/newBooking ===> Message : newBookingResponse() completed
info: ===> TimeStamp : 2026-02-22 13:05:44===> API : null ===> Message : validateRequest() invoked
info: ===> TimeStamp : 2026-02-22 13:05:44===> API : null ===> Message : fetchDBSettings()
info: ===> TimeStamp : 2026-02-22 13:05:44===> API : null ===> Message : validateRequest() Invoked!
info: ===> TimeStamp : 2026-02-22 13:05:44===> API : null ===> Message : validRequest() :: Api validated Successfully
info: ===> TimeStamp : 2026-02-22 13:05:44===> API : /api/booking/displayPackages ===> Message : displayPackages() invoked!!
info: ===> TimeStamp : 2026-02-22 13:05:44===> API : /api/booking/displayPackages ===> Message : displayPackages() :: DB :: Invoked !
info: ===> TimeStamp : 2026-02-22 13:05:45===> API : /api/booking/displayPackages ===> Message : displayPackagesResponse() invoked!
info: ===> TimeStamp : 2026-02-22 13:05:45===> API : /api/booking/displayPackages ===> Message : displayPackagesResponse() completed
info: ===> TimeStamp : 2026-02-22 13:08:02===> API : null ===> Message : validateRequest() invoked
info: ===> TimeStamp : 2026-02-22 13:08:02===> API : null ===> Message : fetchDBSettings()
info: ===> TimeStamp : 2026-02-22 13:08:02===> API : null ===> Message : validateRequest() Invoked!
info: ===> TimeStamp : 2026-02-22 13:08:02===> API : null ===> Message : validRequest() :: Api validated Successfully
info: ===> TimeStamp : 2026-02-22 13:08:02===> API : /api/booking/displayPackages ===> Message : displayPackages() invoked!!
info: ===> TimeStamp : 2026-02-22 13:08:02===> API : /api/booking/displayPackages ===> Message : displayPackages() :: DB :: Invoked !
info: ===> TimeStamp : 2026-02-22 13:08:02===> API : /api/booking/displayPackages ===> Message : displayPackagesResponse() invoked!
info: ===> TimeStamp : 2026-02-22 13:08:02===> API : /api/booking/displayPackages ===> Message : displayPackagesResponse() completed
info: ===> TimeStamp : 2026-02-22 13:15:49===> API : null ===> Message : validateRequest() invoked
info: ===> TimeStamp : 2026-02-22 13:15:49===> API : null ===> Message : fetchDBSettings()
info: ===> TimeStamp : 2026-02-22 13:15:49===> API : null ===> Message : validateRequest() Invoked!
info: ===> TimeStamp : 2026-02-22 13:15:49===> API : null ===> Message : validRequest() :: Api validated Successfully
info: ===> TimeStamp : 2026-02-22 13:15:49===> API : /api/booking/displayPackages ===> Message : displayPackages() invoked!!
info: ===> TimeStamp : 2026-02-22 13:15:49===> API : /api/booking/displayPackages ===> Message : displayPackages() :: DB :: Invoked !
info: ===> TimeStamp : 2026-02-22 13:15:49===> API : /api/booking/displayPackages ===> Message : displayPackagesResponse() invoked!
info: ===> TimeStamp : 2026-02-22 13:15:49===> API : /api/booking/displayPackages ===> Message : displayPackagesResponse() completed
info: ===> TimeStamp : 2026-02-22 13:25:02===> API : null ===> Message : validateRequest() invoked
info: ===> TimeStamp : 2026-02-22 13:25:02===> API : null ===> Message : fetchDBSettings()
info: ===> TimeStamp : 2026-02-22 13:25:02===> API : null ===> Message : validateRequest() Invoked!
info: ===> TimeStamp : 2026-02-22 13:25:02===> API : null ===> Message : validRequest() :: Api validated Successfully
info: ===> TimeStamp : 2026-02-22 13:25:02===> API : /api/booking/displayPackages ===> Message : displayPackages() invoked!!
info: ===> TimeStamp : 2026-02-22 13:25:02===> API : /api/booking/displayPackages ===> Message : displayPackages() :: DB :: Invoked !
info: ===> TimeStamp : 2026-02-22 13:25:02===> API : /api/booking/displayPackages ===> Message : displayPackagesResponse() invoked!
info: ===> TimeStamp : 2026-02-22 13:25:02===> API : /api/booking/displayPackages ===> Message : displayPackagesResponse() completed
info: ===> TimeStamp : 2026-02-22 13:31:56===> API : null ===> Message : validateRequest() invoked
info: ===> TimeStamp : 2026-02-22 13:31:56===> API : null ===> Message : fetchDBSettings()
info: ===> TimeStamp : 2026-02-22 13:31:56===> API : null ===> Message : validateRequest() Invoked!
info: ===> TimeStamp : 2026-02-22 13:31:56===> API : null ===> Message : validRequest() :: Api validated Successfully
info: ===> TimeStamp : 2026-02-22 13:31:56===> API : /api/booking/displayPackages ===> Message : displayPackages() invoked!!
info: ===> TimeStamp : 2026-02-22 13:31:56===> API : /api/booking/displayPackages ===> Message : displayPackages() :: DB :: Invoked !
info: ===> TimeStamp : 2026-02-22 13:31:56===> API : /api/booking/displayPackages ===> Message : displayPackagesResponse() invoked!
info: ===> TimeStamp : 2026-02-22 13:31:56===> API : /api/booking/displayPackages ===> Message : displayPackagesResponse() completed
info: ===> TimeStamp : 2026-02-22 13:33:14===> API : null ===> Message : validateRequest() invoked
info: ===> TimeStamp : 2026-02-22 13:33:14===> API : null ===> Message : fetchDBSettings()
info: ===> TimeStamp : 2026-02-22 13:33:14===> API : null ===> Message : validateRequest() invoked
info: ===> TimeStamp : 2026-02-22 13:33:14===> API : null ===> Message : fetchDBSettings()
info: ===> TimeStamp : 2026-02-22 13:33:14===> API : null ===> Message : validateRequest() Invoked!
info: ===> TimeStamp : 2026-02-22 13:33:14===> API : null ===> Message : validateRequest() Invoked!
info: ===> TimeStamp : 2026-02-22 13:33:14===> API : null ===> Message : validRequest() :: Api validated Successfully
info: ===> TimeStamp : 2026-02-22 13:33:14===> API : /api/booking/displayPackages ===> Message : displayPackages() invoked!!
info: ===> TimeStamp : 2026-02-22 13:33:14===> API : /api/booking/displayPackages ===> Message : displayPackages() :: DB :: Invoked !
info: ===> TimeStamp : 2026-02-22 13:33:14===> API : /api/booking/displayPackages ===> Message : displayPackagesResponse() invoked!
info: ===> TimeStamp : 2026-02-22 13:33:14===> API : /api/booking/displayPackages ===> Message : displayPackagesResponse() completed
info: ===> TimeStamp : 2026-02-22 13:33:14===> API : null ===> Message : validRequest() :: Api validated Successfully
info: ===> TimeStamp : 2026-02-22 13:33:14===> API : /api/booking/fetchBookings?futureDate=2026-02-22 ===> Message : fetchBookings() invoked!!
info: ===> TimeStamp : 2026-02-22 13:33:14===> API : /api/booking/fetchBookings?futureDate=2026-02-22 ===> Message : fetchBookings() :: Request Object :: [object Object]
info: ===> TimeStamp : 2026-02-22 13:33:14===> API : /api/booking/fetchBookings?futureDate=2026-02-22 ===> Message : fetchBookings() :: DB :: Invoked !
info: ===> TimeStamp : 2026-02-22 13:33:15===> API : null ===> Message : validateRequest() invoked
info: ===> TimeStamp : 2026-02-22 13:33:15===> API : null ===> Message : fetchDBSettings()
info: ===> TimeStamp : 2026-02-22 13:33:15===> API : null ===> Message : validateRequest() Invoked!
info: ===> TimeStamp : 2026-02-22 13:33:15===> API : null ===> Message : validRequest() :: Api validated Successfully
info: ===> TimeStamp : 2026-02-22 13:33:15===> API : /api/booking/displayPackages ===> Message : displayPackages() invoked!!
info: ===> TimeStamp : 2026-02-22 13:33:15===> API : /api/booking/displayPackages ===> Message : displayPackages() :: DB :: Invoked !
info: ===> TimeStamp : 2026-02-22 13:33:15===> API : /api/booking/displayPackages ===> Message : displayPackagesResponse() invoked!
info: ===> TimeStamp : 2026-02-22 13:33:15===> API : /api/booking/displayPackages ===> Message : displayPackagesResponse() completed
info: ===> TimeStamp : 2026-02-22 13:33:16===> API : /api/booking/fetchBookings?futureDate=2026-02-22 ===> Message : fetchBookingsResponse() invoked!
info: ===> TimeStamp : 2026-02-22 13:33:16===> API : /api/booking/fetchBookings?futureDate=2026-02-22 ===> Message : fetchBookingsResponse() completed
info: ===> TimeStamp : 2026-02-22 13:33:16===> API : null ===> Message : validateRequest() invoked
info: ===> TimeStamp : 2026-02-22 13:33:16===> API : null ===> Message : fetchDBSettings()
info: ===> TimeStamp : 2026-02-22 13:33:16===> API : null ===> Message : validateRequest() Invoked!
info: ===> TimeStamp : 2026-02-22 13:33:16===> API : null ===> Message : validRequest() :: Api validated Successfully
info: ===> TimeStamp : 2026-02-22 13:33:16===> API : /api/booking/fetchBookings?futureDate=2026-02-22 ===> Message : fetchBookings() invoked!!
info: ===> TimeStamp : 2026-02-22 13:33:16===> API : /api/booking/fetchBookings?futureDate=2026-02-22 ===> Message : fetchBookings() :: Request Object :: [object Object]
info: ===> TimeStamp : 2026-02-22 13:33:16===> API : /api/booking/fetchBookings?futureDate=2026-02-22 ===> Message : fetchBookings() :: DB :: Invoked !
info: ===> TimeStamp : 2026-02-22 13:33:17===> API : /api/booking/fetchBookings?futureDate=2026-02-22 ===> Message : fetchBookingsResponse() invoked!
info: ===> TimeStamp : 2026-02-22 13:33:17===> API : /api/booking/fetchBookings?futureDate=2026-02-22 ===> Message : fetchBookingsResponse() completed
info: ===> TimeStamp : 2026-02-22 13:34:47===> API : null ===> Message : validateRequest() invoked
info: ===> TimeStamp : 2026-02-22 13:34:47===> API : null ===> Message : fetchDBSettings()
info: ===> TimeStamp : 2026-02-22 13:34:47===> API : null ===> Message : validateRequest() Invoked!
info: ===> TimeStamp : 2026-02-22 13:34:47===> API : null ===> Message : validRequest() :: Api validated Successfully
info: ===> TimeStamp : 2026-02-22 13:34:47===> API : /api/booking/getUserByPhone?phone=9490 ===> Message : getUserByPhone() invoked!!
info: ===> TimeStamp : 2026-02-22 13:34:47===> API : /api/booking/getUserByPhone?phone=9490 ===> Message : getUserByPhone() :: Request Object :: [object Object]
info: ===> TimeStamp : 2026-02-22 13:34:47===> API : /api/booking/getUserByPhone?phone=9490 ===> Message : getUserByPhone() :: DB :: Invoked !
info: ===> TimeStamp : 2026-02-22 13:34:48===> API : /api/booking/getUserByPhone?phone=9490 ===> Message : getUserByPhoneResponse() invoked!
info: ===> TimeStamp : 2026-02-22 13:34:48===> API : /api/booking/getUserByPhone?phone=9490 ===> Message : getUserByPhoneResponse() completed
info: ===> TimeStamp : 2026-02-22 13:34:49===> API : null ===> Message : validateRequest() invoked
info: ===> TimeStamp : 2026-02-22 13:34:49===> API : null ===> Message : fetchDBSettings()
info: ===> TimeStamp : 2026-02-22 13:34:49===> API : null ===> Message : validateRequest() Invoked!
info: ===> TimeStamp : 2026-02-22 13:34:49===> API : null ===> Message : validRequest() :: Api validated Successfully
info: ===> TimeStamp : 2026-02-22 13:34:49===> API : /api/booking/getUserByPhone?phone=9490567 ===> Message : getUserByPhone() invoked!!
info: ===> TimeStamp : 2026-02-22 13:34:49===> API : /api/booking/getUserByPhone?phone=9490567 ===> Message : getUserByPhone() :: Request Object :: [object Object]
info: ===> TimeStamp : 2026-02-22 13:34:49===> API : /api/booking/getUserByPhone?phone=9490567 ===> Message : getUserByPhone() :: DB :: Invoked !
info: ===> TimeStamp : 2026-02-22 13:34:49===> API : /api/booking/getUserByPhone?phone=9490567 ===> Message : getUserByPhoneResponse() invoked!
info: ===> TimeStamp : 2026-02-22 13:34:49===> API : /api/booking/getUserByPhone?phone=9490567 ===> Message : getUserByPhoneResponse() completed
info: ===> TimeStamp : 2026-02-22 13:34:50===> API : null ===> Message : validateRequest() invoked
info: ===> TimeStamp : 2026-02-22 13:34:50===> API : null ===> Message : fetchDBSettings()
info: ===> TimeStamp : 2026-02-22 13:34:50===> API : null ===> Message : validateRequest() Invoked!
info: ===> TimeStamp : 2026-02-22 13:34:50===> API : null ===> Message : validRequest() :: Api validated Successfully
info: ===> TimeStamp : 2026-02-22 13:34:50===> API : /api/booking/getUserByPhone?phone=9490567125 ===> Message : getUserByPhone() invoked!!
info: ===> TimeStamp : 2026-02-22 13:34:50===> API : /api/booking/getUserByPhone?phone=9490567125 ===> Message : getUserByPhone() :: Request Object :: [object Object]
info: ===> TimeStamp : 2026-02-22 13:34:50===> API : /api/booking/getUserByPhone?phone=9490567125 ===> Message : getUserByPhone() :: DB :: Invoked !
info: ===> TimeStamp : 2026-02-22 13:34:51===> API : /api/booking/getUserByPhone?phone=9490567125 ===> Message : getUserByPhoneResponse() invoked!
info: ===> TimeStamp : 2026-02-22 13:34:51===> API : /api/booking/getUserByPhone?phone=9490567125 ===> Message : getUserByPhoneResponse() completed
info: ===> TimeStamp : 2026-02-22 13:35:09===> API : null ===> Message : validateRequest() invoked
info: ===> TimeStamp : 2026-02-22 13:35:09===> API : null ===> Message : fetchDBSettings()
info: ===> TimeStamp : 2026-02-22 13:35:09===> API : null ===> Message : validateRequest() Invoked!
info: ===> TimeStamp : 2026-02-22 13:35:09===> API : null ===> Message : validRequest() :: Api validated Successfully
info: ===> TimeStamp : 2026-02-22 13:35:09===> API : /api/booking/newBooking ===> Message : newBooking() invoked!!
info: ===> TimeStamp : 2026-02-22 13:35:09===> API : /api/booking/newBooking ===> Message : newBooking() :: Request Object :: [object Object]
info: ===> TimeStamp : 2026-02-22 13:35:09===> API : /api/booking/newBooking ===> Message : getUserById() :: DB :: Invoked !
info: ===> TimeStamp : 2026-02-22 13:35:09===> API : /api/booking/newBooking ===> Message : newBooking() :: DB :: Invoked !
info: ===> TimeStamp : 2026-02-22 13:35:09===> API : /api/booking/newBooking ===> Message : newBookingResponse() invoked!
info: ===> TimeStamp : 2026-02-22 13:35:09===> API : /api/booking/newBooking ===> Message : newBookingResponse() completed
info: ===> TimeStamp : 2026-02-22 13:35:21===> API : null ===> Message : validateRequest() invoked
info: ===> TimeStamp : 2026-02-22 13:35:21===> API : null ===> Message : fetchDBSettings()
info: ===> TimeStamp : 2026-02-22 13:35:21===> API : null ===> Message : validateRequest() Invoked!
info: ===> TimeStamp : 2026-02-22 13:35:21===> API : null ===> Message : validRequest() :: Api validated Successfully
info: ===> TimeStamp : 2026-02-22 13:35:21===> API : /api/booking/displayPackages ===> Message : displayPackages() invoked!!
info: ===> TimeStamp : 2026-02-22 13:35:21===> API : /api/booking/displayPackages ===> Message : displayPackages() :: DB :: Invoked !
info: ===> TimeStamp : 2026-02-22 13:35:21===> API : /api/booking/displayPackages ===> Message : displayPackagesResponse() invoked!
info: ===> TimeStamp : 2026-02-22 13:35:21===> API : /api/booking/displayPackages ===> Message : displayPackagesResponse() completed
info: ===> TimeStamp : 2026-02-22 13:35:23===> API : null ===> Message : validateRequest() invoked
info: ===> TimeStamp : 2026-02-22 13:35:23===> API : null ===> Message : fetchDBSettings()
info: ===> TimeStamp : 2026-02-22 13:35:23===> API : null ===> Message : validateRequest() invoked
info: ===> TimeStamp : 2026-02-22 13:35:23===> API : null ===> Message : fetchDBSettings()
info: ===> TimeStamp : 2026-02-22 13:35:23===> API : null ===> Message : validateRequest() Invoked!
info: ===> TimeStamp : 2026-02-22 13:35:23===> API : null ===> Message : validateRequest() Invoked!
info: ===> TimeStamp : 2026-02-22 13:35:23===> API : null ===> Message : validRequest() :: Api validated Successfully
info: ===> TimeStamp : 2026-02-22 13:35:23===> API : /api/booking/displayPackages ===> Message : displayPackages() :: DB :: Invoked !
info: ===> TimeStamp : 2026-02-22 13:35:23===> API : /api/booking/displayPackages ===> Message : displayPackages() invoked!!
info: ===> TimeStamp : 2026-02-22 13:35:23===> API : /api/booking/displayPackages ===> Message : displayPackagesResponse() invoked!
info: ===> TimeStamp : 2026-02-22 13:35:23===> API : /api/booking/displayPackages ===> Message : displayPackagesResponse() completed
info: ===> TimeStamp : 2026-02-22 13:35:23===> API : null ===> Message : validRequest() :: Api validated Successfully
info: ===> TimeStamp : 2026-02-22 13:35:23===> API : /api/booking/fetchBookings?futureDate=2026-02-22 ===> Message : fetchBookings() invoked!!
info: ===> TimeStamp : 2026-02-22 13:35:23===> API : /api/booking/fetchBookings?futureDate=2026-02-22 ===> Message : fetchBookings() :: Request Object :: [object Object]
info: ===> TimeStamp : 2026-02-22 13:35:23===> API : /api/booking/fetchBookings?futureDate=2026-02-22 ===> Message : fetchBookings() :: DB :: Invoked !
info: ===> TimeStamp : 2026-02-22 13:35:24===> API : null ===> Message : validateRequest() invoked
info: ===> TimeStamp : 2026-02-22 13:35:24===> API : null ===> Message : fetchDBSettings()
info: ===> TimeStamp : 2026-02-22 13:35:24===> API : null ===> Message : validateRequest() Invoked!
info: ===> TimeStamp : 2026-02-22 13:35:24===> API : null ===> Message : validRequest() :: Api validated Successfully
info: ===> TimeStamp : 2026-02-22 13:35:24===> API : /api/booking/displayPackages ===> Message : displayPackages() invoked!!
info: ===> TimeStamp : 2026-02-22 13:35:24===> API : /api/booking/displayPackages ===> Message : displayPackages() :: DB :: Invoked !
info: ===> TimeStamp : 2026-02-22 13:35:24===> API : /api/booking/displayPackages ===> Message : displayPackagesResponse() invoked!
info: ===> TimeStamp : 2026-02-22 13:35:24===> API : /api/booking/displayPackages ===> Message : displayPackagesResponse() completed
info: ===> TimeStamp : 2026-02-22 13:35:25===> API : /api/booking/fetchBookings?futureDate=2026-02-22 ===> Message : fetchBookingsResponse() invoked!
info: ===> TimeStamp : 2026-02-22 13:35:25===> API : /api/booking/fetchBookings?futureDate=2026-02-22 ===> Message : fetchBookingsResponse() completed
info: ===> TimeStamp : 2026-02-22 13:35:25===> API : null ===> Message : validateRequest() invoked
info: ===> TimeStamp : 2026-02-22 13:35:25===> API : null ===> Message : fetchDBSettings()
info: ===> TimeStamp : 2026-02-22 13:35:25===> API : null ===> Message : validateRequest() Invoked!
info: ===> TimeStamp : 2026-02-22 13:35:25===> API : null ===> Message : validRequest() :: Api validated Successfully
info: ===> TimeStamp : 2026-02-22 13:35:25===> API : /api/booking/fetchBookings?futureDate=2026-02-22 ===> Message : fetchBookings() invoked!!
info: ===> TimeStamp : 2026-02-22 13:35:25===> API : /api/booking/fetchBookings?futureDate=2026-02-22 ===> Message : fetchBookings() :: Request Object :: [object Object]
info: ===> TimeStamp : 2026-02-22 13:35:25===> API : /api/booking/fetchBookings?futureDate=2026-02-22 ===> Message : fetchBookings() :: DB :: Invoked !
info: ===> TimeStamp : 2026-02-22 13:35:26===> API : /api/booking/fetchBookings?futureDate=2026-02-22 ===> Message : fetchBookingsResponse() invoked!
info: ===> TimeStamp : 2026-02-22 13:35:26===> API : /api/booking/fetchBookings?futureDate=2026-02-22 ===> Message : fetchBookingsResponse() completed
info: ===> TimeStamp : 2026-02-22 13:35:43===> API : null ===> Message : validateRequest() invoked
info: ===> TimeStamp : 2026-02-22 13:35:43===> API : null ===> Message : fetchDBSettings()
info: ===> TimeStamp : 2026-02-22 13:35:43===> API : null ===> Message : validateRequest() Invoked!
info: ===> TimeStamp : 2026-02-22 13:35:43===> API : null ===> Message : validRequest() :: Api validated Successfully
info: ===> TimeStamp : 2026-02-22 13:35:43===> API : /api/booking/displayPackages ===> Message : displayPackages() invoked!!
info: ===> TimeStamp : 2026-02-22 13:35:43===> API : /api/booking/displayPackages ===> Message : displayPackages() :: DB :: Invoked !
info: ===> TimeStamp : 2026-02-22 13:35:43===> API : /api/booking/displayPackages ===> Message : displayPackagesResponse() invoked!
info: ===> TimeStamp : 2026-02-22 13:35:43===> API : /api/booking/displayPackages ===> Message : displayPackagesResponse() completed
info: ===> TimeStamp : 2026-02-22 13:37:19===> API : null ===> Message : validateRequest() invoked
info: ===> TimeStamp : 2026-02-22 13:37:19===> API : null ===> Message : fetchDBSettings()
info: ===> TimeStamp : 2026-02-22 13:37:19===> API : null ===> Message : validateRequest() Invoked!
info: ===> TimeStamp : 2026-02-22 13:37:19===> API : null ===> Message : validRequest() :: Api validated Successfully
info: ===> TimeStamp : 2026-02-22 13:37:19===> API : /api/booking/getUserByPhone?phone=8764971823 ===> Message : getUserByPhone() invoked!!
info: ===> TimeStamp : 2026-02-22 13:37:19===> API : /api/booking/getUserByPhone?phone=8764971823 ===> Message : getUserByPhone() :: Request Object :: [object Object]
info: ===> TimeStamp : 2026-02-22 13:37:19===> API : /api/booking/getUserByPhone?phone=8764971823 ===> Message : getUserByPhone() :: DB :: Invoked !
info: ===> TimeStamp : 2026-02-22 13:37:20===> API : /api/booking/getUserByPhone?phone=8764971823 ===> Message : getUserByPhoneResponse() invoked!
info: ===> TimeStamp : 2026-02-22 13:37:20===> API : /api/booking/getUserByPhone?phone=8764971823 ===> Message : getUserByPhoneResponse() completed
info: ===> TimeStamp : 2026-02-22 13:37:40===> API : null ===> Message : validateRequest() invoked
info: ===> TimeStamp : 2026-02-22 13:37:40===> API : null ===> Message : fetchDBSettings()
info: ===> TimeStamp : 2026-02-22 13:37:40===> API : null ===> Message : validateRequest() Invoked!
info: ===> TimeStamp : 2026-02-22 13:37:40===> API : null ===> Message : validateRequest() invoked
info: ===> TimeStamp : 2026-02-22 13:37:40===> API : null ===> Message : fetchDBSettings()
info: ===> TimeStamp : 2026-02-22 13:37:40===> API : null ===> Message : validateRequest() Invoked!
info: ===> TimeStamp : 2026-02-22 13:37:40===> API : null ===> Message : validRequest() :: Api validated Successfully
info: ===> TimeStamp : 2026-02-22 13:37:40===> API : /api/booking/newBooking ===> Message : newBooking() invoked!!
info: ===> TimeStamp : 2026-02-22 13:37:40===> API : /api/booking/newBooking ===> Message : newBooking() :: Request Object :: [object Object]
info: ===> TimeStamp : 2026-02-22 13:37:40===> API : /api/booking/newBooking ===> Message : getUserById() :: DB :: Invoked !
info: ===> TimeStamp : 2026-02-22 13:37:40===> API : null ===> Message : validRequest() :: Api validated Successfully
info: ===> TimeStamp : 2026-02-22 13:37:40===> API : /api/booking/getUserByPhone?phone=73 ===> Message : getUserByPhone() invoked!!
info: ===> TimeStamp : 2026-02-22 13:37:40===> API : /api/booking/getUserByPhone?phone=73 ===> Message : getUserByPhone() :: Request Object :: [object Object]
info: ===> TimeStamp : 2026-02-22 13:37:40===> API : /api/booking/getUserByPhone?phone=73 ===> Message : getUserByPhone() :: DB :: Invoked !
info: ===> TimeStamp : 2026-02-22 13:37:40===> API : /api/booking/newBooking ===> Message : newBooking() :: DB :: Invoked !
info: ===> TimeStamp : 2026-02-22 13:37:42===> API : /api/booking/newBooking ===> Message : newBookingResponse() invoked!
info: ===> TimeStamp : 2026-02-22 13:37:42===> API : /api/booking/newBooking ===> Message : newBookingResponse() completed
info: ===> TimeStamp : 2026-02-22 13:37:42===> API : /api/booking/getUserByPhone?phone=73 ===> Message : getUserByPhoneResponse() invoked!
info: ===> TimeStamp : 2026-02-22 13:37:42===> API : /api/booking/getUserByPhone?phone=73 ===> Message : getUserByPhoneResponse() completed
info: ===> TimeStamp : 2026-02-22 13:37:44===> API : null ===> Message : validateRequest() invoked
info: ===> TimeStamp : 2026-02-22 13:37:44===> API : null ===> Message : fetchDBSettings()
info: ===> TimeStamp : 2026-02-22 13:37:44===> API : null ===> Message : validateRequest() Invoked!
info: ===> TimeStamp : 2026-02-22 13:37:44===> API : null ===> Message : validRequest() :: Api validated Successfully
info: ===> TimeStamp : 2026-02-22 13:37:44===> API : /api/booking/getUserByPhone?phone=7386075117 ===> Message : getUserByPhone() invoked!!
info: ===> TimeStamp : 2026-02-22 13:37:44===> API : /api/booking/getUserByPhone?phone=7386075117 ===> Message : getUserByPhone() :: Request Object :: [object Object]
info: ===> TimeStamp : 2026-02-22 13:37:44===> API : /api/booking/getUserByPhone?phone=7386075117 ===> Message : getUserByPhone() :: DB :: Invoked !
info: ===> TimeStamp : 2026-02-22 13:37:45===> API : /api/booking/getUserByPhone?phone=7386075117 ===> Message : getUserByPhoneResponse() invoked!
info: ===> TimeStamp : 2026-02-22 13:37:45===> API : /api/booking/getUserByPhone?phone=7386075117 ===> Message : getUserByPhoneResponse() completed
info: ===> TimeStamp : 2026-02-22 13:38:02===> API : null ===> Message : validateRequest() invoked
info: ===> TimeStamp : 2026-02-22 13:38:02===> API : null ===> Message : fetchDBSettings()
info: ===> TimeStamp : 2026-02-22 13:38:02===> API : null ===> Message : validateRequest() Invoked!
info: ===> TimeStamp : 2026-02-22 13:38:02===> API : null ===> Message : validRequest() :: Api validated Successfully
info: ===> TimeStamp : 2026-02-22 13:38:02===> API : /api/booking/displayPackages ===> Message : displayPackages() invoked!!
info: ===> TimeStamp : 2026-02-22 13:38:02===> API : /api/booking/displayPackages ===> Message : displayPackages() :: DB :: Invoked !
info: ===> TimeStamp : 2026-02-22 13:38:02===> API : /api/booking/displayPackages ===> Message : displayPackagesResponse() invoked!
info: ===> TimeStamp : 2026-02-22 13:38:02===> API : /api/booking/displayPackages ===> Message : displayPackagesResponse() completed
info: ===> TimeStamp : 2026-02-22 13:38:14===> API : null ===> Message : validateRequest() invoked
info: ===> TimeStamp : 2026-02-22 13:38:14===> API : null ===> Message : fetchDBSettings()
info: ===> TimeStamp : 2026-02-22 13:38:14===> API : null ===> Message : validateRequest() Invoked!
info: ===> TimeStamp : 2026-02-22 13:38:14===> API : null ===> Message : validRequest() :: Api validated Successfully
info: ===> TimeStamp : 2026-02-22 13:38:14===> API : /api/booking/newBooking ===> Message : newBooking() invoked!!
info: ===> TimeStamp : 2026-02-22 13:38:14===> API : /api/booking/newBooking ===> Message : newBooking() :: Request Object :: [object Object]
info: ===> TimeStamp : 2026-02-22 13:38:14===> API : /api/booking/newBooking ===> Message : getUserById() :: DB :: Invoked !
info: ===> TimeStamp : 2026-02-22 13:38:14===> API : /api/booking/newBooking ===> Message : newBooking() :: DB :: Invoked !
info: ===> TimeStamp : 2026-02-22 13:38:15===> API : /api/booking/newBooking ===> Message : newBookingResponse() invoked!
info: ===> TimeStamp : 2026-02-22 13:38:15===> API : /api/booking/newBooking ===> Message : newBookingResponse() completed
info: ===> TimeStamp : 2026-02-22 13:38:31===> API : null ===> Message : validateRequest() invoked
info: ===> TimeStamp : 2026-02-22 13:38:31===> API : null ===> Message : fetchDBSettings()
info: ===> TimeStamp : 2026-02-22 13:38:31===> API : null ===> Message : validateRequest() Invoked!
info: ===> TimeStamp : 2026-02-22 13:38:31===> API : null ===> Message : validRequest() :: Api validated Successfully
info: ===> TimeStamp : 2026-02-22 13:38:31===> API : /api/booking/displayPackages ===> Message : displayPackages() :: DB :: Invoked !
info: ===> TimeStamp : 2026-02-22 13:38:31===> API : /api/booking/displayPackages ===> Message : displayPackages() invoked!!
info: ===> TimeStamp : 2026-02-22 13:38:31===> API : /api/booking/displayPackages ===> Message : displayPackagesResponse() invoked!
info: ===> TimeStamp : 2026-02-22 13:38:31===> API : /api/booking/displayPackages ===> Message : displayPackagesResponse() completed
info: ===> TimeStamp : 2026-02-22 13:40:00===> API : null ===> Message : validateRequest() invoked
info: ===> TimeStamp : 2026-02-22 13:40:00===> API : null ===> Message : fetchDBSettings()
info: ===> TimeStamp : 2026-02-22 13:40:00===> API : null ===> Message : validateRequest() Invoked!
info: ===> TimeStamp : 2026-02-22 13:40:00===> API : null ===> Message : validRequest() :: Api validated Successfully
info: ===> TimeStamp : 2026-02-22 13:40:00===> API : /api/booking/getUserByPhone?phone=9440248355 ===> Message : getUserByPhone() invoked!!
info: ===> TimeStamp : 2026-02-22 13:40:00===> API : /api/booking/getUserByPhone?phone=9440248355 ===> Message : getUserByPhone() :: Request Object :: [object Object]
info: ===> TimeStamp : 2026-02-22 13:40:00===> API : /api/booking/getUserByPhone?phone=9440248355 ===> Message : getUserByPhone() :: DB :: Invoked !
info: ===> TimeStamp : 2026-02-22 13:40:01===> API : /api/booking/getUserByPhone?phone=9440248355 ===> Message : getUserByPhoneResponse() invoked!
info: ===> TimeStamp : 2026-02-22 13:40:01===> API : /api/booking/getUserByPhone?phone=9440248355 ===> Message : getUserByPhoneResponse() completed
info: ===> TimeStamp : 2026-02-22 13:40:13===> API : null ===> Message : validateRequest() invoked
info: ===> TimeStamp : 2026-02-22 13:40:13===> API : null ===> Message : fetchDBSettings()
info: ===> TimeStamp : 2026-02-22 13:40:13===> API : null ===> Message : validateRequest() Invoked!
info: ===> TimeStamp : 2026-02-22 13:40:13===> API : null ===> Message : validRequest() :: Api validated Successfully
info: ===> TimeStamp : 2026-02-22 13:40:13===> API : /api/booking/newBooking ===> Message : newBooking() invoked!!
info: ===> TimeStamp : 2026-02-22 13:40:13===> API : /api/booking/newBooking ===> Message : newBooking() :: Request Object :: [object Object]
info: ===> TimeStamp : 2026-02-22 13:40:13===> API : /api/booking/newBooking ===> Message : getUserById() :: DB :: Invoked !
info: ===> TimeStamp : 2026-02-22 13:40:13===> API : /api/booking/newBooking ===> Message : newBooking() :: DB :: Invoked !
info: ===> TimeStamp : 2026-02-22 13:40:14===> API : /api/booking/newBooking ===> Message : newBookingResponse() invoked!
info: ===> TimeStamp : 2026-02-22 13:40:14===> API : /api/booking/newBooking ===> Message : newBookingResponse() completed
info: ===> TimeStamp : 2026-02-22 13:40:30===> API : null ===> Message : validateRequest() invoked
info: ===> TimeStamp : 2026-02-22 13:40:30===> API : null ===> Message : fetchDBSettings()
info: ===> TimeStamp : 2026-02-22 13:40:30===> API : null ===> Message : validateRequest() Invoked!
info: ===> TimeStamp : 2026-02-22 13:40:30===> API : null ===> Message : validRequest() :: Api validated Successfully
info: ===> TimeStamp : 2026-02-22 13:40:30===> API : /api/booking/displayPackages ===> Message : displayPackages() invoked!!
info: ===> TimeStamp : 2026-02-22 13:40:30===> API : /api/booking/displayPackages ===> Message : displayPackages() :: DB :: Invoked !
info: ===> TimeStamp : 2026-02-22 13:40:30===> API : /api/booking/displayPackages ===> Message : displayPackagesResponse() invoked!
info: ===> TimeStamp : 2026-02-22 13:40:30===> API : /api/booking/displayPackages ===> Message : displayPackagesResponse() completed
info: ===> TimeStamp : 2026-02-22 13:40:49===> API : null ===> Message : validateRequest() invoked
info: ===> TimeStamp : 2026-02-22 13:40:49===> API : null ===> Message : fetchDBSettings()
info: ===> TimeStamp : 2026-02-22 13:40:49===> API : null ===> Message : validateRequest() Invoked!
info: ===> TimeStamp : 2026-02-22 13:40:49===> API : null ===> Message : validRequest() :: Api validated Successfully
info: ===> TimeStamp : 2026-02-22 13:40:49===> API : /api/booking/displayPackages ===> Message : displayPackages() invoked!!
info: ===> TimeStamp : 2026-02-22 13:40:49===> API : /api/booking/displayPackages ===> Message : displayPackages() :: DB :: Invoked !
info: ===> TimeStamp : 2026-02-22 13:40:49===> API : /api/booking/displayPackages ===> Message : displayPackagesResponse() invoked!
info: ===> TimeStamp : 2026-02-22 13:40:49===> API : /api/booking/displayPackages ===> Message : displayPackagesResponse() completed
info: ===> TimeStamp : 2026-02-22 13:43:19===> API : null ===> Message : validateRequest() invoked
info: ===> TimeStamp : 2026-02-22 13:43:19===> API : null ===> Message : fetchDBSettings()
info: ===> TimeStamp : 2026-02-22 13:43:19===> API : null ===> Message : validateRequest() invoked
info: ===> TimeStamp : 2026-02-22 13:43:19===> API : null ===> Message : fetchDBSettings()
info: ===> TimeStamp : 2026-02-22 13:43:19===> API : null ===> Message : validateRequest() Invoked!
info: ===> TimeStamp : 2026-02-22 13:43:19===> API : null ===> Message : validateRequest() Invoked!
info: ===> TimeStamp : 2026-02-22 13:43:19===> API : null ===> Message : validRequest() :: Api validated Successfully
info: ===> TimeStamp : 2026-02-22 13:43:19===> API : /api/booking/displayPackages ===> Message : displayPackages() invoked!!
info: ===> TimeStamp : 2026-02-22 13:43:19===> API : /api/booking/displayPackages ===> Message : displayPackages() :: DB :: Invoked !
info: ===> TimeStamp : 2026-02-22 13:43:19===> API : /api/booking/displayPackages ===> Message : displayPackagesResponse() invoked!
info: ===> TimeStamp : 2026-02-22 13:43:19===> API : /api/booking/displayPackages ===> Message : displayPackagesResponse() completed
info: ===> TimeStamp : 2026-02-22 13:43:20===> API : null ===> Message : validRequest() :: Api validated Successfully
info: ===> TimeStamp : 2026-02-22 13:43:20===> API : /api/booking/fetchBookings?futureDate=2026-02-22 ===> Message : fetchBookings() invoked!!
info: ===> TimeStamp : 2026-02-22 13:43:20===> API : /api/booking/fetchBookings?futureDate=2026-02-22 ===> Message : fetchBookings() :: Request Object :: [object Object]
info: ===> TimeStamp : 2026-02-22 13:43:20===> API : /api/booking/fetchBookings?futureDate=2026-02-22 ===> Message : fetchBookings() :: DB :: Invoked !
info: ===> TimeStamp : 2026-02-22 13:43:20===> API : null ===> Message : validateRequest() invoked
info: ===> TimeStamp : 2026-02-22 13:43:20===> API : null ===> Message : fetchDBSettings()
info: ===> TimeStamp : 2026-02-22 13:43:20===> API : null ===> Message : validateRequest() Invoked!
info: ===> TimeStamp : 2026-02-22 13:43:20===> API : null ===> Message : validRequest() :: Api validated Successfully
info: ===> TimeStamp : 2026-02-22 13:43:20===> API : /api/booking/displayPackages ===> Message : displayPackages() invoked!!
info: ===> TimeStamp : 2026-02-22 13:43:20===> API : /api/booking/displayPackages ===> Message : displayPackages() :: DB :: Invoked !
info: ===> TimeStamp : 2026-02-22 13:43:20===> API : /api/booking/displayPackages ===> Message : displayPackagesResponse() invoked!
info: ===> TimeStamp : 2026-02-22 13:43:20===> API : /api/booking/displayPackages ===> Message : displayPackagesResponse() completed
info: ===> TimeStamp : 2026-02-22 13:43:22===> API : /api/booking/fetchBookings?futureDate=2026-02-22 ===> Message : fetchBookingsResponse() invoked!
info: ===> TimeStamp : 2026-02-22 13:43:22===> API : /api/booking/fetchBookings?futureDate=2026-02-22 ===> Message : fetchBookingsResponse() completed
info: ===> TimeStamp : 2026-02-22 13:43:22===> API : null ===> Message : validateRequest() invoked
info: ===> TimeStamp : 2026-02-22 13:43:22===> API : null ===> Message : fetchDBSettings()
info: ===> TimeStamp : 2026-02-22 13:43:22===> API : null ===> Message : validateRequest() Invoked!
info: ===> TimeStamp : 2026-02-22 13:43:22===> API : null ===> Message : validRequest() :: Api validated Successfully
info: ===> TimeStamp : 2026-02-22 13:43:22===> API : /api/booking/fetchBookings?futureDate=2026-02-22 ===> Message : fetchBookings() invoked!!
info: ===> TimeStamp : 2026-02-22 13:43:22===> API : /api/booking/fetchBookings?futureDate=2026-02-22 ===> Message : fetchBookings() :: Request Object :: [object Object]
info: ===> TimeStamp : 2026-02-22 13:43:22===> API : /api/booking/fetchBookings?futureDate=2026-02-22 ===> Message : fetchBookings() :: DB :: Invoked !
info: ===> TimeStamp : 2026-02-22 13:43:23===> API : /api/booking/fetchBookings?futureDate=2026-02-22 ===> Message : fetchBookingsResponse() invoked!
info: ===> TimeStamp : 2026-02-22 13:43:23===> API : /api/booking/fetchBookings?futureDate=2026-02-22 ===> Message : fetchBookingsResponse() completed
info: ===> TimeStamp : 2026-02-22 13:43:35===> API : null ===> Message : validateRequest() invoked
info: ===> TimeStamp : 2026-02-22 13:43:35===> API : null ===> Message : fetchDBSettings()
info: ===> TimeStamp : 2026-02-22 13:43:35===> API : null ===> Message : validateRequest() Invoked!
info: ===> TimeStamp : 2026-02-22 13:43:35===> API : null ===> Message : validRequest() :: Api validated Successfully
info: ===> TimeStamp : 2026-02-22 13:43:35===> API : /api/booking/getUserByPhone?phone=82 ===> Message : getUserByPhone() invoked!!
info: ===> TimeStamp : 2026-02-22 13:43:35===> API : /api/booking/getUserByPhone?phone=82 ===> Message : getUserByPhone() :: Request Object :: [object Object]
info: ===> TimeStamp : 2026-02-22 13:43:35===> API : /api/booking/getUserByPhone?phone=82 ===> Message : getUserByPhone() :: DB :: Invoked !
info: ===> TimeStamp : 2026-02-22 13:43:36===> API : /api/booking/getUserByPhone?phone=82 ===> Message : getUserByPhoneResponse() invoked!
info: ===> TimeStamp : 2026-02-22 13:43:36===> API : /api/booking/getUserByPhone?phone=82 ===> Message : getUserByPhoneResponse() completed
info: ===> TimeStamp : 2026-02-22 13:43:40===> API : null ===> Message : validateRequest() invoked
info: ===> TimeStamp : 2026-02-22 13:43:40===> API : null ===> Message : fetchDBSettings()
info: ===> TimeStamp : 2026-02-22 13:43:40===> API : null ===> Message : validateRequest() Invoked!
info: ===> TimeStamp : 2026-02-22 13:43:40===> API : null ===> Message : validRequest() :: Api validated Successfully
info: ===> TimeStamp : 2026-02-22 13:43:40===> API : /api/booking/getUserByPhone?phone=827758 ===> Message : getUserByPhone() invoked!!
info: ===> TimeStamp : 2026-02-22 13:43:40===> API : /api/booking/getUserByPhone?phone=827758 ===> Message : getUserByPhone() :: Request Object :: [object Object]
info: ===> TimeStamp : 2026-02-22 13:43:40===> API : /api/booking/getUserByPhone?phone=827758 ===> Message : getUserByPhone() :: DB :: Invoked !
info: ===> TimeStamp : 2026-02-22 13:43:40===> API : /api/booking/getUserByPhone?phone=827758 ===> Message : getUserByPhoneResponse() invoked!
info: ===> TimeStamp : 2026-02-22 13:43:40===> API : /api/booking/getUserByPhone?phone=827758 ===> Message : getUserByPhoneResponse() completed
info: ===> TimeStamp : 2026-02-22 13:43:42===> API : null ===> Message : validateRequest() invoked
info: ===> TimeStamp : 2026-02-22 13:43:42===> API : null ===> Message : fetchDBSettings()
info: ===> TimeStamp : 2026-02-22 13:43:42===> API : null ===> Message : validateRequest() Invoked!
info: ===> TimeStamp : 2026-02-22 13:43:42===> API : null ===> Message : validRequest() :: Api validated Successfully
info: ===> TimeStamp : 2026-02-22 13:43:42===> API : /api/booking/getUserByPhone?phone=8277583145 ===> Message : getUserByPhone() invoked!!
info: ===> TimeStamp : 2026-02-22 13:43:42===> API : /api/booking/getUserByPhone?phone=8277583145 ===> Message : getUserByPhone() :: Request Object :: [object Object]
info: ===> TimeStamp : 2026-02-22 13:43:42===> API : /api/booking/getUserByPhone?phone=8277583145 ===> Message : getUserByPhone() :: DB :: Invoked !
info: ===> TimeStamp : 2026-02-22 13:43:43===> API : /api/booking/getUserByPhone?phone=8277583145 ===> Message : getUserByPhoneResponse() invoked!
info: ===> TimeStamp : 2026-02-22 13:43:43===> API : /api/booking/getUserByPhone?phone=8277583145 ===> Message : getUserByPhoneResponse() completed
info: ===> TimeStamp : 2026-02-22 13:43:53===> API : null ===> Message : validateRequest() invoked
info: ===> TimeStamp : 2026-02-22 13:43:53===> API : null ===> Message : fetchDBSettings()
info: ===> TimeStamp : 2026-02-22 13:43:53===> API : null ===> Message : validateRequest() Invoked!
info: ===> TimeStamp : 2026-02-22 13:43:53===> API : null ===> Message : validRequest() :: Api validated Successfully
info: ===> TimeStamp : 2026-02-22 13:43:53===> API : /api/booking/newBooking ===> Message : newBooking() invoked!!
info: ===> TimeStamp : 2026-02-22 13:43:53===> API : /api/booking/newBooking ===> Message : newBooking() :: Request Object :: [object Object]
info: ===> TimeStamp : 2026-02-22 13:43:53===> API : /api/booking/newBooking ===> Message : getUserById() :: DB :: Invoked !
info: ===> TimeStamp : 2026-02-22 13:43:53===> API : /api/booking/newBooking ===> Message : newBooking() :: DB :: Invoked !
info: ===> TimeStamp : 2026-02-22 13:43:53===> API : /api/booking/newBooking ===> Message : newBookingResponse() invoked!
info: ===> TimeStamp : 2026-02-22 13:43:53===> API : /api/booking/newBooking ===> Message : newBookingResponse() completed
info: ===> TimeStamp : 2026-02-22 13:44:06===> API : null ===> Message : validateRequest() invoked
info: ===> TimeStamp : 2026-02-22 13:44:06===> API : null ===> Message : fetchDBSettings()
info: ===> TimeStamp : 2026-02-22 13:44:06===> API : null ===> Message : validateRequest() Invoked!
info: ===> TimeStamp : 2026-02-22 13:44:06===> API : null ===> Message : validRequest() :: Api validated Successfully
info: ===> TimeStamp : 2026-02-22 13:44:06===> API : /api/booking/displayPackages ===> Message : displayPackages() invoked!!
info: ===> TimeStamp : 2026-02-22 13:44:06===> API : /api/booking/displayPackages ===> Message : displayPackages() :: DB :: Invoked !
info: ===> TimeStamp : 2026-02-22 13:44:06===> API : /api/booking/displayPackages ===> Message : displayPackagesResponse() invoked!
info: ===> TimeStamp : 2026-02-22 13:44:06===> API : /api/booking/displayPackages ===> Message : displayPackagesResponse() completed
info: ===> TimeStamp : 2026-02-22 14:05:05===> API : null ===> Message : validateRequest() invoked
info: ===> TimeStamp : 2026-02-22 14:05:05===> API : null ===> Message : fetchDBSettings()
info: ===> TimeStamp : 2026-02-22 14:05:05===> API : null ===> Message : validateRequest() Invoked!
info: ===> TimeStamp : 2026-02-22 14:05:05===> API : null ===> Message : validRequest() :: Api validated Successfully
info: ===> TimeStamp : 2026-02-22 14:05:05===> API : /api/booking/displayPackages ===> Message : displayPackages() invoked!!
info: ===> TimeStamp : 2026-02-22 14:05:05===> API : /api/booking/displayPackages ===> Message : displayPackages() :: DB :: Invoked !
info: ===> TimeStamp : 2026-02-22 14:05:05===> API : /api/booking/displayPackages ===> Message : displayPackagesResponse() invoked!
info: ===> TimeStamp : 2026-02-22 14:05:05===> API : /api/booking/displayPackages ===> Message : displayPackagesResponse() completed
info: ===> TimeStamp : 2026-02-22 14:19:39===> API : null ===> Message : validateRequest() invoked
info: ===> TimeStamp : 2026-02-22 14:19:39===> API : null ===> Message : fetchDBSettings()
info: ===> TimeStamp : 2026-02-22 14:19:39===> API : null ===> Message : validateRequest() Invoked!
info: ===> TimeStamp : 2026-02-22 14:19:39===> API : null ===> Message : validRequest() :: Api validated Successfully
info: ===> TimeStamp : 2026-02-22 14:19:39===> API : /api/booking/displayPackages ===> Message : displayPackages() invoked!!
info: ===> TimeStamp : 2026-02-22 14:19:39===> API : /api/booking/displayPackages ===> Message : displayPackages() :: DB :: Invoked !
info: ===> TimeStamp : 2026-02-22 14:19:39===> API : /api/booking/displayPackages ===> Message : displayPackagesResponse() invoked!
info: ===> TimeStamp : 2026-02-22 14:19:39===> API : /api/booking/displayPackages ===> Message : displayPackagesResponse() completed
info: ===> TimeStamp : 2026-02-22 14:27:24===> API : null ===> Message : validateRequest() invoked
info: ===> TimeStamp : 2026-02-22 14:27:24===> API : null ===> Message : fetchDBSettings()
info: ===> TimeStamp : 2026-02-22 14:27:24===> API : null ===> Message : validateRequest() Invoked!
info: ===> TimeStamp : 2026-02-22 14:27:24===> API : null ===> Message : validRequest() :: Api validated Successfully
info: ===> TimeStamp : 2026-02-22 14:27:24===> API : /api/booking/displayPackages ===> Message : displayPackages() invoked!!
info: ===> TimeStamp : 2026-02-22 14:27:24===> API : /api/booking/displayPackages ===> Message : displayPackages() :: DB :: Invoked !
info: ===> TimeStamp : 2026-02-22 14:27:24===> API : /api/booking/displayPackages ===> Message : displayPackagesResponse() invoked!
info: ===> TimeStamp : 2026-02-22 14:27:24===> API : /api/booking/displayPackages ===> Message : displayPackagesResponse() completed
info: ===> TimeStamp : 2026-02-22 14:33:21===> API : null ===> Message : validateRequest() invoked
info: ===> TimeStamp : 2026-02-22 14:33:21===> API : null ===> Message : fetchDBSettings()
info: ===> TimeStamp : 2026-02-22 14:33:21===> API : null ===> Message : validateRequest() Invoked!
info: ===> TimeStamp : 2026-02-22 14:33:21===> API : null ===> Message : validateRequest() invoked
info: ===> TimeStamp : 2026-02-22 14:33:21===> API : null ===> Message : fetchDBSettings()
info: ===> TimeStamp : 2026-02-22 14:33:21===> API : null ===> Message : validRequest() :: Api validated Successfully
info: ===> TimeStamp : 2026-02-22 14:33:21===> API : /api/booking/fetchBookings?futureDate=2026-02-22 ===> Message : fetchBookings() invoked!!
info: ===> TimeStamp : 2026-02-22 14:33:21===> API : /api/booking/fetchBookings?futureDate=2026-02-22 ===> Message : fetchBookings() :: Request Object :: [object Object]
info: ===> TimeStamp : 2026-02-22 14:33:21===> API : /api/booking/fetchBookings?futureDate=2026-02-22 ===> Message : fetchBookings() :: DB :: Invoked !
info: ===> TimeStamp : 2026-02-22 14:33:21===> API : null ===> Message : validateRequest() Invoked!
info: ===> TimeStamp : 2026-02-22 14:33:21===> API : null ===> Message : validRequest() :: Api validated Successfully
info: ===> TimeStamp : 2026-02-22 14:33:21===> API : /api/booking/displayPackages ===> Message : displayPackages() invoked!!
info: ===> TimeStamp : 2026-02-22 14:33:21===> API : /api/booking/displayPackages ===> Message : displayPackages() :: DB :: Invoked !
info: ===> TimeStamp : 2026-02-22 14:33:21===> API : /api/booking/displayPackages ===> Message : displayPackagesResponse() invoked!
info: ===> TimeStamp : 2026-02-22 14:33:21===> API : /api/booking/displayPackages ===> Message : displayPackagesResponse() completed
info: ===> TimeStamp : 2026-02-22 14:33:21===> API : null ===> Message : validateRequest() invoked
info: ===> TimeStamp : 2026-02-22 14:33:21===> API : null ===> Message : fetchDBSettings()
info: ===> TimeStamp : 2026-02-22 14:33:21===> API : null ===> Message : validateRequest() Invoked!
info: ===> TimeStamp : 2026-02-22 14:33:21===> API : null ===> Message : validRequest() :: Api validated Successfully
info: ===> TimeStamp : 2026-02-22 14:33:21===> API : /api/booking/displayPackages ===> Message : displayPackages() invoked!!
info: ===> TimeStamp : 2026-02-22 14:33:21===> API : /api/booking/displayPackages ===> Message : displayPackages() :: DB :: Invoked !
info: ===> TimeStamp : 2026-02-22 14:33:21===> API : /api/booking/displayPackages ===> Message : displayPackagesResponse() invoked!
info: ===> TimeStamp : 2026-02-22 14:33:21===> API : /api/booking/displayPackages ===> Message : displayPackagesResponse() completed
info: ===> TimeStamp : 2026-02-22 14:33:22===> API : /api/booking/fetchBookings?futureDate=2026-02-22 ===> Message : fetchBookingsResponse() invoked!
info: ===> TimeStamp : 2026-02-22 14:33:22===> API : /api/booking/fetchBookings?futureDate=2026-02-22 ===> Message : fetchBookingsResponse() completed
info: ===> TimeStamp : 2026-02-22 14:33:22===> API : null ===> Message : validateRequest() invoked
info: ===> TimeStamp : 2026-02-22 14:33:22===> API : null ===> Message : fetchDBSettings()
info: ===> TimeStamp : 2026-02-22 14:33:22===> API : null ===> Message : validateRequest() Invoked!
info: ===> TimeStamp : 2026-02-22 14:33:22===> API : null ===> Message : validRequest() :: Api validated Successfully
info: ===> TimeStamp : 2026-02-22 14:33:22===> API : /api/booking/fetchBookings?futureDate=2026-02-22 ===> Message : fetchBookings() invoked!!
info: ===> TimeStamp : 2026-02-22 14:33:22===> API : /api/booking/fetchBookings?futureDate=2026-02-22 ===> Message : fetchBookings() :: Request Object :: [object Object]
info: ===> TimeStamp : 2026-02-22 14:33:22===> API : /api/booking/fetchBookings?futureDate=2026-02-22 ===> Message : fetchBookings() :: DB :: Invoked !
info: ===> TimeStamp : 2026-02-22 14:33:23===> API : /api/booking/fetchBookings?futureDate=2026-02-22 ===> Message : fetchBookingsResponse() invoked!
info: ===> TimeStamp : 2026-02-22 14:33:23===> API : /api/booking/fetchBookings?futureDate=2026-02-22 ===> Message : fetchBookingsResponse() completed
info: ===> TimeStamp : 2026-02-22 14:33:58===> API : null ===> Message : validateRequest() invoked
info: ===> TimeStamp : 2026-02-22 14:33:58===> API : null ===> Message : fetchDBSettings()
info: ===> TimeStamp : 2026-02-22 14:33:58===> API : null ===> Message : validateRequest() Invoked!
info: ===> TimeStamp : 2026-02-22 14:33:58===> API : null ===> Message : validRequest() :: Api validated Successfully
info: ===> TimeStamp : 2026-02-22 14:33:58===> API : /api/booking/getUserByPhone?phone=9849 ===> Message : getUserByPhone() invoked!!
info: ===> TimeStamp : 2026-02-22 14:33:58===> API : /api/booking/getUserByPhone?phone=9849 ===> Message : getUserByPhone() :: Request Object :: [object Object]
info: ===> TimeStamp : 2026-02-22 14:33:58===> API : /api/booking/getUserByPhone?phone=9849 ===> Message : getUserByPhone() :: DB :: Invoked !
info: ===> TimeStamp : 2026-02-22 14:33:59===> API : /api/booking/getUserByPhone?phone=9849 ===> Message : getUserByPhoneResponse() invoked!
info: ===> TimeStamp : 2026-02-22 14:33:59===> API : /api/booking/getUserByPhone?phone=9849 ===> Message : getUserByPhoneResponse() completed
info: ===> TimeStamp : 2026-02-22 14:33:59===> API : null ===> Message : validateRequest() invoked
info: ===> TimeStamp : 2026-02-22 14:33:59===> API : null ===> Message : fetchDBSettings()
info: ===> TimeStamp : 2026-02-22 14:33:59===> API : null ===> Message : validateRequest() Invoked!
info: ===> TimeStamp : 2026-02-22 14:33:59===> API : null ===> Message : validRequest() :: Api validated Successfully
info: ===> TimeStamp : 2026-02-22 14:33:59===> API : /api/booking/getUserByPhone?phone=984944 ===> Message : getUserByPhone() invoked!!
info: ===> TimeStamp : 2026-02-22 14:33:59===> API : /api/booking/getUserByPhone?phone=984944 ===> Message : getUserByPhone() :: Request Object :: [object Object]
info: ===> TimeStamp : 2026-02-22 14:34:00===> API : /api/booking/getUserByPhone?phone=984944 ===> Message : getUserByPhone() :: DB :: Invoked !
info: ===> TimeStamp : 2026-02-22 14:34:00===> API : /api/booking/getUserByPhone?phone=984944 ===> Message : getUserByPhoneResponse() invoked!
info: ===> TimeStamp : 2026-02-22 14:34:00===> API : /api/booking/getUserByPhone?phone=984944 ===> Message : getUserByPhoneResponse() completed
info: ===> TimeStamp : 2026-02-22 14:34:01===> API : null ===> Message : validateRequest() invoked
info: ===> TimeStamp : 2026-02-22 14:34:01===> API : null ===> Message : fetchDBSettings()
info: ===> TimeStamp : 2026-02-22 14:34:01===> API : null ===> Message : validateRequest() Invoked!
info: ===> TimeStamp : 2026-02-22 14:34:01===> API : null ===> Message : validRequest() :: Api validated Successfully
info: ===> TimeStamp : 2026-02-22 14:34:01===> API : /api/booking/getUserByPhone?phone=98494455 ===> Message : getUserByPhone() invoked!!
info: ===> TimeStamp : 2026-02-22 14:34:01===> API : /api/booking/getUserByPhone?phone=98494455 ===> Message : getUserByPhone() :: Request Object :: [object Object]
info: ===> TimeStamp : 2026-02-22 14:34:01===> API : /api/booking/getUserByPhone?phone=98494455 ===> Message : getUserByPhone() :: DB :: Invoked !
info: ===> TimeStamp : 2026-02-22 14:34:02===> API : /api/booking/getUserByPhone?phone=98494455 ===> Message : getUserByPhoneResponse() invoked!
info: ===> TimeStamp : 2026-02-22 14:34:02===> API : /api/booking/getUserByPhone?phone=98494455 ===> Message : getUserByPhoneResponse() completed
info: ===> TimeStamp : 2026-02-22 14:34:03===> API : null ===> Message : validateRequest() invoked
info: ===> TimeStamp : 2026-02-22 14:34:03===> API : null ===> Message : fetchDBSettings()
info: ===> TimeStamp : 2026-02-22 14:34:03===> API : null ===> Message : validateRequest() Invoked!
info: ===> TimeStamp : 2026-02-22 14:34:03===> API : null ===> Message : validRequest() :: Api validated Successfully
info: ===> TimeStamp : 2026-02-22 14:34:03===> API : /api/booking/getUserByPhone?phone=9849445547 ===> Message : getUserByPhone() invoked!!
info: ===> TimeStamp : 2026-02-22 14:34:03===> API : /api/booking/getUserByPhone?phone=9849445547 ===> Message : getUserByPhone() :: Request Object :: [object Object]
info: ===> TimeStamp : 2026-02-22 14:34:03===> API : /api/booking/getUserByPhone?phone=9849445547 ===> Message : getUserByPhone() :: DB :: Invoked !
info: ===> TimeStamp : 2026-02-22 14:34:03===> API : /api/booking/getUserByPhone?phone=9849445547 ===> Message : getUserByPhoneResponse() invoked!
info: ===> TimeStamp : 2026-02-22 14:34:03===> API : /api/booking/getUserByPhone?phone=9849445547 ===> Message : getUserByPhoneResponse() completed
info: ===> TimeStamp : 2026-02-22 14:34:51===> API : null ===> Message : validateRequest() invoked
info: ===> TimeStamp : 2026-02-22 14:34:51===> API : null ===> Message : fetchDBSettings()
info: ===> TimeStamp : 2026-02-22 14:34:51===> API : null ===> Message : validateRequest() Invoked!
info: ===> TimeStamp : 2026-02-22 14:34:51===> API : null ===> Message : validRequest() :: Api validated Successfully
info: ===> TimeStamp : 2026-02-22 14:34:51===> API : /api/booking/newBooking ===> Message : newBooking() invoked!!
info: ===> TimeStamp : 2026-02-22 14:34:51===> API : /api/booking/newBooking ===> Message : newBooking() :: Request Object :: [object Object]
info: ===> TimeStamp : 2026-02-22 14:34:51===> API : /api/booking/newBooking ===> Message : getUserById() :: DB :: Invoked !
info: ===> TimeStamp : 2026-02-22 14:34:51===> API : /api/booking/newBooking ===> Message : newBooking() :: DB :: Invoked !
info: ===> TimeStamp : 2026-02-22 14:34:51===> API : /api/booking/newBooking ===> Message : newBookingResponse() invoked!
info: ===> TimeStamp : 2026-02-22 14:34:51===> API : /api/booking/newBooking ===> Message : newBookingResponse() completed
info: ===> TimeStamp : 2026-02-22 14:35:12===> API : null ===> Message : validateRequest() invoked
info: ===> TimeStamp : 2026-02-22 14:35:12===> API : null ===> Message : fetchDBSettings()
info: ===> TimeStamp : 2026-02-22 14:35:12===> API : null ===> Message : validateRequest() Invoked!
info: ===> TimeStamp : 2026-02-22 14:35:12===> API : null ===> Message : validRequest() :: Api validated Successfully
info: ===> TimeStamp : 2026-02-22 14:35:12===> API : /api/booking/displayPackages ===> Message : displayPackages() invoked!!
info: ===> TimeStamp : 2026-02-22 14:35:12===> API : /api/booking/displayPackages ===> Message : displayPackages() :: DB :: Invoked !
info: ===> TimeStamp : 2026-02-22 14:35:12===> API : /api/booking/displayPackages ===> Message : displayPackagesResponse() invoked!
info: ===> TimeStamp : 2026-02-22 14:35:12===> API : /api/booking/displayPackages ===> Message : displayPackagesResponse() completed
info: ===> TimeStamp : 2026-02-22 14:40:37===> API : null ===> Message : validateRequest() invoked
info: ===> TimeStamp : 2026-02-22 14:40:37===> API : null ===> Message : fetchDBSettings()
info: ===> TimeStamp : 2026-02-22 14:40:37===> API : null ===> Message : validateRequest() Invoked!
info: ===> TimeStamp : 2026-02-22 14:40:37===> API : null ===> Message : validRequest() :: Api validated Successfully
info: ===> TimeStamp : 2026-02-22 14:40:37===> API : /api/booking/displayPackages ===> Message : displayPackages() invoked!!
info: ===> TimeStamp : 2026-02-22 14:40:37===> API : /api/booking/displayPackages ===> Message : displayPackages() :: DB :: Invoked !
info: ===> TimeStamp : 2026-02-22 14:40:37===> API : /api/booking/displayPackages ===> Message : displayPackagesResponse() invoked!
info: ===> TimeStamp : 2026-02-22 14:40:37===> API : /api/booking/displayPackages ===> Message : displayPackagesResponse() completed
info: ===> TimeStamp : 2026-02-22 14:41:30===> API : null ===> Message : validateRequest() invoked
info: ===> TimeStamp : 2026-02-22 14:41:30===> API : null ===> Message : fetchDBSettings()
info: ===> TimeStamp : 2026-02-22 14:41:30===> API : null ===> Message : validateRequest() Invoked!
info: ===> TimeStamp : 2026-02-22 14:41:30===> API : null ===> Message : validRequest() :: Api validated Successfully
info: ===> TimeStamp : 2026-02-22 14:41:30===> API : /api/booking/displayPackages ===> Message : displayPackages() invoked!!
info: ===> TimeStamp : 2026-02-22 14:41:30===> API : /api/booking/displayPackages ===> Message : displayPackages() :: DB :: Invoked !
info: ===> TimeStamp : 2026-02-22 14:41:30===> API : /api/booking/displayPackages ===> Message : displayPackagesResponse() invoked!
info: ===> TimeStamp : 2026-02-22 14:41:30===> API : /api/booking/displayPackages ===> Message : displayPackagesResponse() completed
info: ===> TimeStamp : 2026-02-22 14:41:50===> API : null ===> Message : validateRequest() invoked
info: ===> TimeStamp : 2026-02-22 14:41:50===> API : null ===> Message : fetchDBSettings()
info: ===> TimeStamp : 2026-02-22 14:41:50===> API : null ===> Message : validateRequest() Invoked!
info: ===> TimeStamp : 2026-02-22 14:41:50===> API : null ===> Message : validRequest() :: Api validated Successfully
info: ===> TimeStamp : 2026-02-22 14:41:50===> API : /api/booking/displayPackages ===> Message : displayPackages() invoked!!
info: ===> TimeStamp : 2026-02-22 14:41:50===> API : /api/booking/displayPackages ===> Message : displayPackages() :: DB :: Invoked !
info: ===> TimeStamp : 2026-02-22 14:41:50===> API : /api/booking/displayPackages ===> Message : displayPackagesResponse() invoked!
info: ===> TimeStamp : 2026-02-22 14:41:50===> API : /api/booking/displayPackages ===> Message : displayPackagesResponse() completed
info: ===> TimeStamp : 2026-02-22 14:46:06===> API : null ===> Message : validateRequest() invoked
info: ===> TimeStamp : 2026-02-22 14:46:06===> API : null ===> Message : fetchDBSettings()
info: ===> TimeStamp : 2026-02-22 14:46:06===> API : null ===> Message : validateRequest() Invoked!
info: ===> TimeStamp : 2026-02-22 14:46:07===> API : null ===> Message : validRequest() :: Api validated Successfully
info: ===> TimeStamp : 2026-02-22 14:46:07===> API : /api/booking/displayPackages ===> Message : displayPackages() invoked!!
info: ===> TimeStamp : 2026-02-22 14:46:07===> API : /api/booking/displayPackages ===> Message : displayPackages() :: DB :: Invoked !
info: ===> TimeStamp : 2026-02-22 14:46:07===> API : /api/booking/displayPackages ===> Message : displayPackagesResponse() invoked!
info: ===> TimeStamp : 2026-02-22 14:46:07===> API : /api/booking/displayPackages ===> Message : displayPackagesResponse() completed
info: ===> TimeStamp : 2026-02-22 14:51:40===> API : null ===> Message : validateRequest() invoked
info: ===> TimeStamp : 2026-02-22 14:51:40===> API : null ===> Message : fetchDBSettings()
info: ===> TimeStamp : 2026-02-22 14:51:40===> API : null ===> Message : validateRequest() Invoked!
info: ===> TimeStamp : 2026-02-22 14:51:40===> API : null ===> Message : validRequest() :: Api validated Successfully
info: ===> TimeStamp : 2026-02-22 14:51:40===> API : /api/booking/displayPackages ===> Message : displayPackages() invoked!!
info: ===> TimeStamp : 2026-02-22 14:51:40===> API : /api/booking/displayPackages ===> Message : displayPackages() :: DB :: Invoked !
info: ===> TimeStamp : 2026-02-22 14:51:40===> API : /api/booking/displayPackages ===> Message : displayPackagesResponse() invoked!
info: ===> TimeStamp : 2026-02-22 14:51:40===> API : /api/booking/displayPackages ===> Message : displayPackagesResponse() completed
info: ===> TimeStamp : 2026-02-22 14:51:45===> API : null ===> Message : validateRequest() invoked
info: ===> TimeStamp : 2026-02-22 14:51:45===> API : null ===> Message : fetchDBSettings()
info: ===> TimeStamp : 2026-02-22 14:51:45===> API : null ===> Message : validateRequest() Invoked!
info: ===> TimeStamp : 2026-02-22 14:51:45===> API : null ===> Message : validRequest() :: Api validated Successfully
info: ===> TimeStamp : 2026-02-22 14:51:45===> API : /api/booking/displayPackages ===> Message : displayPackages() invoked!!
info: ===> TimeStamp : 2026-02-22 14:51:45===> API : /api/booking/displayPackages ===> Message : displayPackages() :: DB :: Invoked !
info: ===> TimeStamp : 2026-02-22 14:51:45===> API : /api/booking/displayPackages ===> Message : displayPackagesResponse() invoked!
info: ===> TimeStamp : 2026-02-22 14:51:45===> API : /api/booking/displayPackages ===> Message : displayPackagesResponse() completed
info: ===> TimeStamp : 2026-02-22 14:52:00===> API : null ===> Message : validateRequest() invoked
info: ===> TimeStamp : 2026-02-22 14:52:00===> API : null ===> Message : fetchDBSettings()
info: ===> TimeStamp : 2026-02-22 14:52:00===> API : null ===> Message : validateRequest() Invoked!
info: ===> TimeStamp : 2026-02-22 14:52:00===> API : null ===> Message : validRequest() :: Api validated Successfully
info: ===> TimeStamp : 2026-02-22 14:52:00===> API : /api/booking/displayPackages ===> Message : displayPackages() :: DB :: Invoked !
info: ===> TimeStamp : 2026-02-22 14:52:00===> API : /api/booking/displayPackages ===> Message : displayPackages() invoked!!
info: ===> TimeStamp : 2026-02-22 14:52:00===> API : /api/booking/displayPackages ===> Message : displayPackagesResponse() invoked!
info: ===> TimeStamp : 2026-02-22 14:52:00===> API : /api/booking/displayPackages ===> Message : displayPackagesResponse() completed
info: ===> TimeStamp : 2026-02-22 14:52:10===> API : null ===> Message : validateRequest() invoked
info: ===> TimeStamp : 2026-02-22 14:52:10===> API : null ===> Message : fetchDBSettings()
info: ===> TimeStamp : 2026-02-22 14:52:10===> API : null ===> Message : validateRequest() Invoked!
info: ===> TimeStamp : 2026-02-22 14:52:10===> API : null ===> Message : validRequest() :: Api validated Successfully
info: ===> TimeStamp : 2026-02-22 14:52:10===> API : /api/booking/displayPackages ===> Message : displayPackages() invoked!!
info: ===> TimeStamp : 2026-02-22 14:52:10===> API : /api/booking/displayPackages ===> Message : displayPackages() :: DB :: Invoked !
info: ===> TimeStamp : 2026-02-22 14:52:10===> API : /api/booking/displayPackages ===> Message : displayPackagesResponse() invoked!
info: ===> TimeStamp : 2026-02-22 14:52:10===> API : /api/booking/displayPackages ===> Message : displayPackagesResponse() completed
info: ===> TimeStamp : 2026-02-22 14:52:12===> API : null ===> Message : validateRequest() invoked
info: ===> TimeStamp : 2026-02-22 14:52:12===> API : null ===> Message : fetchDBSettings()
info: ===> TimeStamp : 2026-02-22 14:52:12===> API : null ===> Message : validateRequest() Invoked!
info: ===> TimeStamp : 2026-02-22 14:52:12===> API : null ===> Message : validRequest() :: Api validated Successfully
info: ===> TimeStamp : 2026-02-22 14:52:12===> API : /api/booking/displayPackages ===> Message : displayPackages() :: DB :: Invoked !
info: ===> TimeStamp : 2026-02-22 14:52:12===> API : /api/booking/displayPackages ===> Message : displayPackages() invoked!!
info: ===> TimeStamp : 2026-02-22 14:52:12===> API : /api/booking/displayPackages ===> Message : displayPackagesResponse() invoked!
info: ===> TimeStamp : 2026-02-22 14:52:12===> API : /api/booking/displayPackages ===> Message : displayPackagesResponse() completed
info: ===> TimeStamp : 2026-02-22 14:57:01===> API : null ===> Message : validateRequest() invoked
info: ===> TimeStamp : 2026-02-22 14:57:01===> API : null ===> Message : fetchDBSettings()
info: ===> TimeStamp : 2026-02-22 14:57:01===> API : null ===> Message : validateRequest() Invoked!
info: ===> TimeStamp : 2026-02-22 14:57:01===> API : null ===> Message : validRequest() :: Api validated Successfully
info: ===> TimeStamp : 2026-02-22 14:57:01===> API : /api/booking/displayPackages ===> Message : displayPackages() invoked!!
info: ===> TimeStamp : 2026-02-22 14:57:01===> API : /api/booking/displayPackages ===> Message : displayPackages() :: DB :: Invoked !
info: ===> TimeStamp : 2026-02-22 14:57:01===> API : /api/booking/displayPackages ===> Message : displayPackagesResponse() invoked!
info: ===> TimeStamp : 2026-02-22 14:57:01===> API : /api/booking/displayPackages ===> Message : displayPackagesResponse() completed
info: ===> TimeStamp : 2026-02-22 14:58:27===> API : null ===> Message : validateRequest() invoked
info: ===> TimeStamp : 2026-02-22 14:58:27===> API : null ===> Message : fetchDBSettings()
info: ===> TimeStamp : 2026-02-22 14:58:27===> API : null ===> Message : validateRequest() Invoked!
info: ===> TimeStamp : 2026-02-22 14:58:27===> API : null ===> Message : validRequest() :: Api validated Successfully
info: ===> TimeStamp : 2026-02-22 14:58:27===> API : /api/booking/getUserByPhone?phone=97 ===> Message : getUserByPhone() invoked!!
info: ===> TimeStamp : 2026-02-22 14:58:27===> API : /api/booking/getUserByPhone?phone=97 ===> Message : getUserByPhone() :: Request Object :: [object Object]
info: ===> TimeStamp : 2026-02-22 14:58:27===> API : /api/booking/getUserByPhone?phone=97 ===> Message : getUserByPhone() :: DB :: Invoked !
info: ===> TimeStamp : 2026-02-22 14:58:28===> API : /api/booking/getUserByPhone?phone=97 ===> Message : getUserByPhoneResponse() invoked!
info: ===> TimeStamp : 2026-02-22 14:58:28===> API : /api/booking/getUserByPhone?phone=97 ===> Message : getUserByPhoneResponse() completed
info: ===> TimeStamp : 2026-02-22 14:58:29===> API : null ===> Message : validateRequest() invoked
info: ===> TimeStamp : 2026-02-22 14:58:29===> API : null ===> Message : fetchDBSettings()
info: ===> TimeStamp : 2026-02-22 14:58:29===> API : null ===> Message : validateRequest() Invoked!
info: ===> TimeStamp : 2026-02-22 14:58:29===> API : null ===> Message : validRequest() :: Api validated Successfully
info: ===> TimeStamp : 2026-02-22 14:58:29===> API : /api/booking/getUserByPhone?phone=9727 ===> Message : getUserByPhone() invoked!!
info: ===> TimeStamp : 2026-02-22 14:58:29===> API : /api/booking/getUserByPhone?phone=9727 ===> Message : getUserByPhone() :: Request Object :: [object Object]
info: ===> TimeStamp : 2026-02-22 14:58:29===> API : /api/booking/getUserByPhone?phone=9727 ===> Message : getUserByPhone() :: DB :: Invoked !
info: ===> TimeStamp : 2026-02-22 14:58:29===> API : /api/booking/getUserByPhone?phone=9727 ===> Message : getUserByPhoneResponse() invoked!
info: ===> TimeStamp : 2026-02-22 14:58:29===> API : /api/booking/getUserByPhone?phone=9727 ===> Message : getUserByPhoneResponse() completed
info: ===> TimeStamp : 2026-02-22 14:58:31===> API : null ===> Message : validateRequest() invoked
info: ===> TimeStamp : 2026-02-22 14:58:31===> API : null ===> Message : fetchDBSettings()
info: ===> TimeStamp : 2026-02-22 14:58:31===> API : null ===> Message : validateRequest() Invoked!
info: ===> TimeStamp : 2026-02-22 14:58:31===> API : null ===> Message : validRequest() :: Api validated Successfully
info: ===> TimeStamp : 2026-02-22 14:58:31===> API : /api/booking/getUserByPhone?phone=97279 ===> Message : getUserByPhone() :: Request Object :: [object Object]
info: ===> TimeStamp : 2026-02-22 14:58:31===> API : /api/booking/getUserByPhone?phone=97279 ===> Message : getUserByPhone() invoked!!
info: ===> TimeStamp : 2026-02-22 14:58:31===> API : /api/booking/getUserByPhone?phone=97279 ===> Message : getUserByPhone() :: DB :: Invoked !
info: ===> TimeStamp : 2026-02-22 14:58:32===> API : /api/booking/getUserByPhone?phone=97279 ===> Message : getUserByPhoneResponse() invoked!
info: ===> TimeStamp : 2026-02-22 14:58:32===> API : /api/booking/getUserByPhone?phone=97279 ===> Message : getUserByPhoneResponse() completed
info: ===> TimeStamp : 2026-02-22 14:58:33===> API : null ===> Message : validateRequest() invoked
info: ===> TimeStamp : 2026-02-22 14:58:33===> API : null ===> Message : fetchDBSettings()
info: ===> TimeStamp : 2026-02-22 14:58:33===> API : null ===> Message : validateRequest() Invoked!
info: ===> TimeStamp : 2026-02-22 14:58:33===> API : null ===> Message : validRequest() :: Api validated Successfully
info: ===> TimeStamp : 2026-02-22 14:58:33===> API : /api/booking/getUserByPhone?phone=97279087 ===> Message : getUserByPhone() invoked!!
info: ===> TimeStamp : 2026-02-22 14:58:33===> API : /api/booking/getUserByPhone?phone=97279087 ===> Message : getUserByPhone() :: Request Object :: [object Object]
info: ===> TimeStamp : 2026-02-22 14:58:33===> API : /api/booking/getUserByPhone?phone=97279087 ===> Message : getUserByPhone() :: DB :: Invoked !
info: ===> TimeStamp : 2026-02-22 14:58:34===> API : /api/booking/getUserByPhone?phone=97279087 ===> Message : getUserByPhoneResponse() invoked!
info: ===> TimeStamp : 2026-02-22 14:58:34===> API : /api/booking/getUserByPhone?phone=97279087 ===> Message : getUserByPhoneResponse() completed
info: ===> TimeStamp : 2026-02-22 14:58:35===> API : null ===> Message : validateRequest() invoked
info: ===> TimeStamp : 2026-02-22 14:58:35===> API : null ===> Message : fetchDBSettings()
info: ===> TimeStamp : 2026-02-22 14:58:35===> API : null ===> Message : validateRequest() Invoked!
info: ===> TimeStamp : 2026-02-22 14:58:35===> API : null ===> Message : validRequest() :: Api validated Successfully
info: ===> TimeStamp : 2026-02-22 14:58:35===> API : /api/booking/getUserByPhone?phone=9727908792 ===> Message : getUserByPhone() invoked!!
info: ===> TimeStamp : 2026-02-22 14:58:35===> API : /api/booking/getUserByPhone?phone=9727908792 ===> Message : getUserByPhone() :: Request Object :: [object Object]
info: ===> TimeStamp : 2026-02-22 14:58:35===> API : /api/booking/getUserByPhone?phone=9727908792 ===> Message : getUserByPhone() :: DB :: Invoked !
info: ===> TimeStamp : 2026-02-22 14:58:35===> API : /api/booking/getUserByPhone?phone=9727908792 ===> Message : getUserByPhoneResponse() invoked!
info: ===> TimeStamp : 2026-02-22 14:58:35===> API : /api/booking/getUserByPhone?phone=9727908792 ===> Message : getUserByPhoneResponse() completed
info: ===> TimeStamp : 2026-02-22 14:58:59===> API : null ===> Message : validateRequest() invoked
info: ===> TimeStamp : 2026-02-22 14:58:59===> API : null ===> Message : fetchDBSettings()
info: ===> TimeStamp : 2026-02-22 14:58:59===> API : null ===> Message : validateRequest() Invoked!
info: ===> TimeStamp : 2026-02-22 14:58:59===> API : null ===> Message : validRequest() :: Api validated Successfully
info: ===> TimeStamp : 2026-02-22 14:58:59===> API : /api/booking/getUserByPhone?phone=undefined ===> Message : getUserByPhone() invoked!!
info: ===> TimeStamp : 2026-02-22 14:58:59===> API : /api/booking/getUserByPhone?phone=undefined ===> Message : getUserByPhone() :: Request Object :: [object Object]
info: ===> TimeStamp : 2026-02-22 14:58:59===> API : /api/booking/getUserByPhone?phone=undefined ===> Message : getUserByPhone() :: DB :: Invoked !
info: ===> TimeStamp : 2026-02-22 14:58:59===> API : /api/booking/getUserByPhone?phone=undefined ===> Message : getUserByPhoneResponse() invoked!
info: ===> TimeStamp : 2026-02-22 14:58:59===> API : /api/booking/getUserByPhone?phone=undefined ===> Message : getUserByPhoneResponse() completed
info: ===> TimeStamp : 2026-02-22 14:59:02===> API : null ===> Message : validateRequest() invoked
info: ===> TimeStamp : 2026-02-22 14:59:02===> API : null ===> Message : fetchDBSettings()
info: ===> TimeStamp : 2026-02-22 14:59:02===> API : null ===> Message : validateRequest() Invoked!
info: ===> TimeStamp : 2026-02-22 14:59:02===> API : null ===> Message : validRequest() :: Api validated Successfully
info: ===> TimeStamp : 2026-02-22 14:59:02===> API : /api/booking/getUserByPhone?phone=629 ===> Message : getUserByPhone() invoked!!
info: ===> TimeStamp : 2026-02-22 14:59:02===> API : /api/booking/getUserByPhone?phone=629 ===> Message : getUserByPhone() :: Request Object :: [object Object]
info: ===> TimeStamp : 2026-02-22 14:59:02===> API : /api/booking/getUserByPhone?phone=629 ===> Message : getUserByPhone() :: DB :: Invoked !
info: ===> TimeStamp : 2026-02-22 14:59:03===> API : /api/booking/getUserByPhone?phone=629 ===> Message : getUserByPhoneResponse() invoked!
info: ===> TimeStamp : 2026-02-22 14:59:03===> API : /api/booking/getUserByPhone?phone=629 ===> Message : getUserByPhoneResponse() completed
info: ===> TimeStamp : 2026-02-22 14:59:04===> API : null ===> Message : validateRequest() invoked
info: ===> TimeStamp : 2026-02-22 14:59:04===> API : null ===> Message : fetchDBSettings()
info: ===> TimeStamp : 2026-02-22 14:59:04===> API : null ===> Message : validateRequest() Invoked!
info: ===> TimeStamp : 2026-02-22 14:59:04===> API : null ===> Message : validRequest() :: Api validated Successfully
info: ===> TimeStamp : 2026-02-22 14:59:04===> API : /api/booking/getUserByPhone?phone=629430 ===> Message : getUserByPhone() invoked!!
info: ===> TimeStamp : 2026-02-22 14:59:04===> API : /api/booking/getUserByPhone?phone=629430 ===> Message : getUserByPhone() :: Request Object :: [object Object]
info: ===> TimeStamp : 2026-02-22 14:59:04===> API : /api/booking/getUserByPhone?phone=629430 ===> Message : getUserByPhone() :: DB :: Invoked !
info: ===> TimeStamp : 2026-02-22 14:59:05===> API : /api/booking/getUserByPhone?phone=629430 ===> Message : getUserByPhoneResponse() invoked!
info: ===> TimeStamp : 2026-02-22 14:59:05===> API : /api/booking/getUserByPhone?phone=629430 ===> Message : getUserByPhoneResponse() completed
info: ===> TimeStamp : 2026-02-22 14:59:06===> API : null ===> Message : validateRequest() invoked
info: ===> TimeStamp : 2026-02-22 14:59:06===> API : null ===> Message : fetchDBSettings()
info: ===> TimeStamp : 2026-02-22 14:59:06===> API : null ===> Message : validateRequest() Invoked!
info: ===> TimeStamp : 2026-02-22 14:59:06===> API : null ===> Message : validRequest() :: Api validated Successfully
info: ===> TimeStamp : 2026-02-22 14:59:06===> API : /api/booking/getUserByPhone?phone=6294305622 ===> Message : getUserByPhone() invoked!!
info: ===> TimeStamp : 2026-02-22 14:59:06===> API : /api/booking/getUserByPhone?phone=6294305622 ===> Message : getUserByPhone() :: Request Object :: [object Object]
info: ===> TimeStamp : 2026-02-22 14:59:06===> API : /api/booking/getUserByPhone?phone=6294305622 ===> Message : getUserByPhone() :: DB :: Invoked !
info: ===> TimeStamp : 2026-02-22 14:59:07===> API : /api/booking/getUserByPhone?phone=6294305622 ===> Message : getUserByPhoneResponse() invoked!
info: ===> TimeStamp : 2026-02-22 14:59:07===> API : /api/booking/getUserByPhone?phone=6294305622 ===> Message : getUserByPhoneResponse() completed
info: ===> TimeStamp : 2026-02-22 14:59:51===> API : null ===> Message : validateRequest() invoked
info: ===> TimeStamp : 2026-02-22 14:59:51===> API : null ===> Message : fetchDBSettings()
info: ===> TimeStamp : 2026-02-22 14:59:51===> API : null ===> Message : validateRequest() Invoked!
info: ===> TimeStamp : 2026-02-22 14:59:51===> API : null ===> Message : validRequest() :: Api validated Successfully
info: ===> TimeStamp : 2026-02-22 14:59:51===> API : /api/booking/newBooking ===> Message : newBooking() invoked!!
info: ===> TimeStamp : 2026-02-22 14:59:51===> API : /api/booking/newBooking ===> Message : newBooking() :: Request Object :: [object Object]
info: ===> TimeStamp : 2026-02-22 14:59:51===> API : /api/booking/newBooking ===> Message : getUserById() :: DB :: Invoked !
info: ===> TimeStamp : 2026-02-22 14:59:51===> API : /api/booking/newBooking ===> Message : newBooking() :: DB :: Invoked !
info: ===> TimeStamp : 2026-02-22 14:59:52===> API : /api/booking/newBooking ===> Message : newBookingResponse() invoked!
info: ===> TimeStamp : 2026-02-22 14:59:52===> API : /api/booking/newBooking ===> Message : newBookingResponse() completed
info: ===> TimeStamp : 2026-02-22 15:00:03===> API : null ===> Message : validateRequest() invoked
info: ===> TimeStamp : 2026-02-22 15:00:03===> API : null ===> Message : fetchDBSettings()
info: ===> TimeStamp : 2026-02-22 15:00:03===> API : null ===> Message : validateRequest() Invoked!
info: ===> TimeStamp : 2026-02-22 15:00:03===> API : null ===> Message : validRequest() :: Api validated Successfully
info: ===> TimeStamp : 2026-02-22 15:00:03===> API : /api/booking/displayPackages ===> Message : displayPackages() invoked!!
info: ===> TimeStamp : 2026-02-22 15:00:03===> API : /api/booking/displayPackages ===> Message : displayPackages() :: DB :: Invoked !
info: ===> TimeStamp : 2026-02-22 15:00:03===> API : /api/booking/displayPackages ===> Message : displayPackagesResponse() invoked!
info: ===> TimeStamp : 2026-02-22 15:00:03===> API : /api/booking/displayPackages ===> Message : displayPackagesResponse() completed
info: ===> TimeStamp : 2026-02-22 15:04:19===> API : null ===> Message : validateRequest() invoked
info: ===> TimeStamp : 2026-02-22 15:04:19===> API : null ===> Message : fetchDBSettings()
info: ===> TimeStamp : 2026-02-22 15:04:19===> API : null ===> Message : validateRequest() Invoked!
info: ===> TimeStamp : 2026-02-22 15:04:19===> API : null ===> Message : validRequest() :: Api validated Successfully
info: ===> TimeStamp : 2026-02-22 15:04:19===> API : /api/booking/getUserByPhone?phone=77 ===> Message : getUserByPhone() invoked!!
info: ===> TimeStamp : 2026-02-22 15:04:19===> API : /api/booking/getUserByPhone?phone=77 ===> Message : getUserByPhone() :: Request Object :: [object Object]
info: ===> TimeStamp : 2026-02-22 15:04:19===> API : /api/booking/getUserByPhone?phone=77 ===> Message : getUserByPhone() :: DB :: Invoked !
info: ===> TimeStamp : 2026-02-22 15:04:20===> API : /api/booking/getUserByPhone?phone=77 ===> Message : getUserByPhoneResponse() invoked!
info: ===> TimeStamp : 2026-02-22 15:04:20===> API : /api/booking/getUserByPhone?phone=77 ===> Message : getUserByPhoneResponse() completed
info: ===> TimeStamp : 2026-02-22 15:04:20===> API : null ===> Message : validateRequest() invoked
info: ===> TimeStamp : 2026-02-22 15:04:20===> API : null ===> Message : fetchDBSettings()
info: ===> TimeStamp : 2026-02-22 15:04:20===> API : null ===> Message : validateRequest() Invoked!
info: ===> TimeStamp : 2026-02-22 15:04:21===> API : null ===> Message : validRequest() :: Api validated Successfully
info: ===> TimeStamp : 2026-02-22 15:04:21===> API : /api/booking/getUserByPhone?phone=7798 ===> Message : getUserByPhone() :: Request Object :: [object Object]
info: ===> TimeStamp : 2026-02-22 15:04:21===> API : /api/booking/getUserByPhone?phone=7798 ===> Message : getUserByPhone() :: DB :: Invoked !
info: ===> TimeStamp : 2026-02-22 15:04:21===> API : /api/booking/getUserByPhone?phone=7798 ===> Message : getUserByPhone() invoked!!
info: ===> TimeStamp : 2026-02-22 15:04:21===> API : /api/booking/getUserByPhone?phone=7798 ===> Message : getUserByPhoneResponse() invoked!
info: ===> TimeStamp : 2026-02-22 15:04:21===> API : /api/booking/getUserByPhone?phone=7798 ===> Message : getUserByPhoneResponse() completed
info: ===> TimeStamp : 2026-02-22 15:04:23===> API : null ===> Message : validateRequest() invoked
info: ===> TimeStamp : 2026-02-22 15:04:23===> API : null ===> Message : fetchDBSettings()
info: ===> TimeStamp : 2026-02-22 15:04:23===> API : null ===> Message : validateRequest() Invoked!
info: ===> TimeStamp : 2026-02-22 15:04:24===> API : null ===> Message : validRequest() :: Api validated Successfully
info: ===> TimeStamp : 2026-02-22 15:04:24===> API : /api/booking/getUserByPhone?phone=779831 ===> Message : getUserByPhone() invoked!!
info: ===> TimeStamp : 2026-02-22 15:04:24===> API : /api/booking/getUserByPhone?phone=779831 ===> Message : getUserByPhone() :: Request Object :: [object Object]
info: ===> TimeStamp : 2026-02-22 15:04:24===> API : /api/booking/getUserByPhone?phone=779831 ===> Message : getUserByPhone() :: DB :: Invoked !
info: ===> TimeStamp : 2026-02-22 15:04:24===> API : /api/booking/getUserByPhone?phone=779831 ===> Message : getUserByPhoneResponse() invoked!
info: ===> TimeStamp : 2026-02-22 15:04:24===> API : /api/booking/getUserByPhone?phone=779831 ===> Message : getUserByPhoneResponse() completed
info: ===> TimeStamp : 2026-02-22 15:04:25===> API : null ===> Message : validateRequest() invoked
info: ===> TimeStamp : 2026-02-22 15:04:25===> API : null ===> Message : fetchDBSettings()
info: ===> TimeStamp : 2026-02-22 15:04:25===> API : null ===> Message : validateRequest() Invoked!
info: ===> TimeStamp : 2026-02-22 15:04:25===> API : null ===> Message : validRequest() :: Api validated Successfully
info: ===> TimeStamp : 2026-02-22 15:04:25===> API : /api/booking/getUserByPhone?phone=7798319 ===> Message : getUserByPhone() invoked!!
info: ===> TimeStamp : 2026-02-22 15:04:25===> API : /api/booking/getUserByPhone?phone=7798319 ===> Message : getUserByPhone() :: Request Object :: [object Object]
info: ===> TimeStamp : 2026-02-22 15:04:25===> API : /api/booking/getUserByPhone?phone=7798319 ===> Message : getUserByPhone() :: DB :: Invoked !
info: ===> TimeStamp : 2026-02-22 15:04:26===> API : /api/booking/getUserByPhone?phone=7798319 ===> Message : getUserByPhoneResponse() invoked!
info: ===> TimeStamp : 2026-02-22 15:04:26===> API : /api/booking/getUserByPhone?phone=7798319 ===> Message : getUserByPhoneResponse() completed
info: ===> TimeStamp : 2026-02-22 15:04:29===> API : null ===> Message : validateRequest() invoked
info: ===> TimeStamp : 2026-02-22 15:04:29===> API : null ===> Message : fetchDBSettings()
info: ===> TimeStamp : 2026-02-22 15:04:29===> API : null ===> Message : validateRequest() Invoked!
info: ===> TimeStamp : 2026-02-22 15:04:29===> API : null ===> Message : validRequest() :: Api validated Successfully
info: ===> TimeStamp : 2026-02-22 15:04:29===> API : /api/booking/getUserByPhone?phone=7798319291 ===> Message : getUserByPhone() invoked!!
info: ===> TimeStamp : 2026-02-22 15:04:29===> API : /api/booking/getUserByPhone?phone=7798319291 ===> Message : getUserByPhone() :: Request Object :: [object Object]
info: ===> TimeStamp : 2026-02-22 15:04:29===> API : /api/booking/getUserByPhone?phone=7798319291 ===> Message : getUserByPhone() :: DB :: Invoked !
info: ===> TimeStamp : 2026-02-22 15:04:29===> API : /api/booking/getUserByPhone?phone=7798319291 ===> Message : getUserByPhoneResponse() invoked!
info: ===> TimeStamp : 2026-02-22 15:04:29===> API : /api/booking/getUserByPhone?phone=7798319291 ===> Message : getUserByPhoneResponse() completed
info: ===> TimeStamp : 2026-02-22 15:05:26===> API : null ===> Message : validateRequest() invoked
info: ===> TimeStamp : 2026-02-22 15:05:26===> API : null ===> Message : fetchDBSettings()
info: ===> TimeStamp : 2026-02-22 15:05:26===> API : null ===> Message : validateRequest() Invoked!
info: ===> TimeStamp : 2026-02-22 15:05:27===> API : null ===> Message : validRequest() :: Api validated Successfully
info: ===> TimeStamp : 2026-02-22 15:05:27===> API : /api/booking/newBooking ===> Message : newBooking() invoked!!
info: ===> TimeStamp : 2026-02-22 15:05:27===> API : /api/booking/newBooking ===> Message : newBooking() :: Request Object :: [object Object]
info: ===> TimeStamp : 2026-02-22 15:05:27===> API : /api/booking/newBooking ===> Message : getUserById() :: DB :: Invoked !
info: ===> TimeStamp : 2026-02-22 15:05:27===> API : /api/booking/newBooking ===> Message : newBooking() :: DB :: Invoked !
info: ===> TimeStamp : 2026-02-22 15:05:27===> API : /api/booking/newBooking ===> Message : newBookingResponse() invoked!
info: ===> TimeStamp : 2026-02-22 15:05:27===> API : /api/booking/newBooking ===> Message : newBookingResponse() completed
info: ===> TimeStamp : 2026-02-22 15:05:47===> API : null ===> Message : validateRequest() invoked
info: ===> TimeStamp : 2026-02-22 15:05:47===> API : null ===> Message : fetchDBSettings()
info: ===> TimeStamp : 2026-02-22 15:05:47===> API : null ===> Message : validateRequest() Invoked!
info: ===> TimeStamp : 2026-02-22 15:05:48===> API : null ===> Message : validRequest() :: Api validated Successfully
info: ===> TimeStamp : 2026-02-22 15:05:48===> API : /api/booking/displayPackages ===> Message : displayPackages() invoked!!
info: ===> TimeStamp : 2026-02-22 15:05:48===> API : /api/booking/displayPackages ===> Message : displayPackages() :: DB :: Invoked !
info: ===> TimeStamp : 2026-02-22 15:05:48===> API : /api/booking/displayPackages ===> Message : displayPackagesResponse() invoked!
info: ===> TimeStamp : 2026-02-22 15:05:48===> API : /api/booking/displayPackages ===> Message : displayPackagesResponse() completed
info: ===> TimeStamp : 2026-02-22 15:09:05===> API : null ===> Message : validateRequest() invoked
info: ===> TimeStamp : 2026-02-22 15:09:05===> API : null ===> Message : fetchDBSettings()
info: ===> TimeStamp : 2026-02-22 15:09:05===> API : null ===> Message : validateRequest() Invoked!
info: ===> TimeStamp : 2026-02-22 15:09:05===> API : null ===> Message : validRequest() :: Api validated Successfully
info: ===> TimeStamp : 2026-02-22 15:09:05===> API : /api/booking/displayPackages ===> Message : displayPackages() invoked!!
info: ===> TimeStamp : 2026-02-22 15:09:05===> API : /api/booking/displayPackages ===> Message : displayPackages() :: DB :: Invoked !
info: ===> TimeStamp : 2026-02-22 15:09:05===> API : /api/booking/displayPackages ===> Message : displayPackagesResponse() invoked!
info: ===> TimeStamp : 2026-02-22 15:09:05===> API : /api/booking/displayPackages ===> Message : displayPackagesResponse() completed
info: ===> TimeStamp : 2026-02-22 15:28:38===> API : null ===> Message : validateRequest() invoked
info: ===> TimeStamp : 2026-02-22 15:28:38===> API : null ===> Message : fetchDBSettings()
info: ===> TimeStamp : 2026-02-22 15:28:38===> API : null ===> Message : validateRequest() Invoked!
info: ===> TimeStamp : 2026-02-22 15:28:38===> API : null ===> Message : validateRequest() invoked
info: ===> TimeStamp : 2026-02-22 15:28:38===> API : null ===> Message : fetchDBSettings()
info: ===> TimeStamp : 2026-02-22 15:28:38===> API : null ===> Message : validRequest() :: Api validated Successfully
info: ===> TimeStamp : 2026-02-22 15:28:38===> API : /api/booking/displayPackages ===> Message : displayPackages() invoked!!
info: ===> TimeStamp : 2026-02-22 15:28:38===> API : /api/booking/displayPackages ===> Message : displayPackages() :: DB :: Invoked !
info: ===> TimeStamp : 2026-02-22 15:28:38===> API : null ===> Message : validateRequest() Invoked!
info: ===> TimeStamp : 2026-02-22 15:28:38===> API : /api/booking/displayPackages ===> Message : displayPackagesResponse() invoked!
info: ===> TimeStamp : 2026-02-22 15:28:38===> API : /api/booking/displayPackages ===> Message : displayPackagesResponse() completed
info: ===> TimeStamp : 2026-02-22 15:28:38===> API : null ===> Message : validRequest() :: Api validated Successfully
info: ===> TimeStamp : 2026-02-22 15:28:38===> API : /api/booking/fetchBookings?futureDate=2026-02-22 ===> Message : fetchBookings() invoked!!
info: ===> TimeStamp : 2026-02-22 15:28:38===> API : /api/booking/fetchBookings?futureDate=2026-02-22 ===> Message : fetchBookings() :: Request Object :: [object Object]
info: ===> TimeStamp : 2026-02-22 15:28:38===> API : /api/booking/fetchBookings?futureDate=2026-02-22 ===> Message : fetchBookings() :: DB :: Invoked !
info: ===> TimeStamp : 2026-02-22 15:28:39===> API : null ===> Message : validateRequest() invoked
info: ===> TimeStamp : 2026-02-22 15:28:39===> API : null ===> Message : fetchDBSettings()
info: ===> TimeStamp : 2026-02-22 15:28:39===> API : null ===> Message : validateRequest() Invoked!
info: ===> TimeStamp : 2026-02-22 15:28:39===> API : null ===> Message : validRequest() :: Api validated Successfully
info: ===> TimeStamp : 2026-02-22 15:28:39===> API : /api/booking/displayPackages ===> Message : displayPackages() invoked!!
info: ===> TimeStamp : 2026-02-22 15:28:39===> API : /api/booking/displayPackages ===> Message : displayPackages() :: DB :: Invoked !
info: ===> TimeStamp : 2026-02-22 15:28:39===> API : /api/booking/displayPackages ===> Message : displayPackagesResponse() invoked!
info: ===> TimeStamp : 2026-02-22 15:28:39===> API : /api/booking/displayPackages ===> Message : displayPackagesResponse() completed
info: ===> TimeStamp : 2026-02-22 15:28:39===> API : /api/booking/fetchBookings?futureDate=2026-02-22 ===> Message : fetchBookingsResponse() invoked!
info: ===> TimeStamp : 2026-02-22 15:28:39===> API : /api/booking/fetchBookings?futureDate=2026-02-22 ===> Message : fetchBookingsResponse() completed
info: ===> TimeStamp : 2026-02-22 15:28:40===> API : null ===> Message : validateRequest() invoked
info: ===> TimeStamp : 2026-02-22 15:28:40===> API : null ===> Message : fetchDBSettings()
info: ===> TimeStamp : 2026-02-22 15:28:40===> API : null ===> Message : validateRequest() Invoked!
info: ===> TimeStamp : 2026-02-22 15:28:40===> API : null ===> Message : validRequest() :: Api validated Successfully
info: ===> TimeStamp : 2026-02-22 15:28:40===> API : /api/booking/fetchBookings?futureDate=2026-02-22 ===> Message : fetchBookings() invoked!!
info: ===> TimeStamp : 2026-02-22 15:28:40===> API : /api/booking/fetchBookings?futureDate=2026-02-22 ===> Message : fetchBookings() :: Request Object :: [object Object]
info: ===> TimeStamp : 2026-02-22 15:28:40===> API : /api/booking/fetchBookings?futureDate=2026-02-22 ===> Message : fetchBookings() :: DB :: Invoked !
info: ===> TimeStamp : 2026-02-22 15:28:40===> API : /api/booking/fetchBookings?futureDate=2026-02-22 ===> Message : fetchBookingsResponse() invoked!
info: ===> TimeStamp : 2026-02-22 15:28:40===> API : /api/booking/fetchBookings?futureDate=2026-02-22 ===> Message : fetchBookingsResponse() completed
info: ===> TimeStamp : 2026-02-22 15:32:11===> API : null ===> Message : validateRequest() invoked
info: ===> TimeStamp : 2026-02-22 15:32:11===> API : null ===> Message : fetchDBSettings()
info: ===> TimeStamp : 2026-02-22 15:32:11===> API : null ===> Message : validateRequest() Invoked!
info: ===> TimeStamp : 2026-02-22 15:32:11===> API : null ===> Message : validRequest() :: Api validated Successfully
info: ===> TimeStamp : 2026-02-22 15:32:11===> API : /api/booking/getUserByPhone?phone=8600 ===> Message : getUserByPhone() invoked!!
info: ===> TimeStamp : 2026-02-22 15:32:11===> API : /api/booking/getUserByPhone?phone=8600 ===> Message : getUserByPhone() :: Request Object :: [object Object]
info: ===> TimeStamp : 2026-02-22 15:32:11===> API : /api/booking/getUserByPhone?phone=8600 ===> Message : getUserByPhone() :: DB :: Invoked !
info: ===> TimeStamp : 2026-02-22 15:32:12===> API : /api/booking/getUserByPhone?phone=8600 ===> Message : getUserByPhoneResponse() invoked!
info: ===> TimeStamp : 2026-02-22 15:32:12===> API : /api/booking/getUserByPhone?phone=8600 ===> Message : getUserByPhoneResponse() completed
info: ===> TimeStamp : 2026-02-22 15:32:13===> API : null ===> Message : validateRequest() invoked
info: ===> TimeStamp : 2026-02-22 15:32:13===> API : null ===> Message : fetchDBSettings()
info: ===> TimeStamp : 2026-02-22 15:32:13===> API : null ===> Message : validateRequest() Invoked!
info: ===> TimeStamp : 2026-02-22 15:32:13===> API : null ===> Message : validRequest() :: Api validated Successfully
info: ===> TimeStamp : 2026-02-22 15:32:13===> API : /api/booking/getUserByPhone?phone=86008309 ===> Message : getUserByPhone() :: Request Object :: [object Object]
info: ===> TimeStamp : 2026-02-22 15:32:13===> API : /api/booking/getUserByPhone?phone=86008309 ===> Message : getUserByPhone() invoked!!
info: ===> TimeStamp : 2026-02-22 15:32:13===> API : /api/booking/getUserByPhone?phone=86008309 ===> Message : getUserByPhone() :: DB :: Invoked !
info: ===> TimeStamp : 2026-02-22 15:32:14===> API : /api/booking/getUserByPhone?phone=86008309 ===> Message : getUserByPhoneResponse() invoked!
info: ===> TimeStamp : 2026-02-22 15:32:14===> API : /api/booking/getUserByPhone?phone=86008309 ===> Message : getUserByPhoneResponse() completed
info: ===> TimeStamp : 2026-02-22 15:32:15===> API : null ===> Message : validateRequest() invoked
info: ===> TimeStamp : 2026-02-22 15:32:15===> API : null ===> Message : fetchDBSettings()
info: ===> TimeStamp : 2026-02-22 15:32:15===> API : null ===> Message : validateRequest() Invoked!
info: ===> TimeStamp : 2026-02-22 15:32:15===> API : null ===> Message : validRequest() :: Api validated Successfully
info: ===> TimeStamp : 2026-02-22 15:32:15===> API : /api/booking/getUserByPhone?phone=8600830940 ===> Message : getUserByPhone() invoked!!
info: ===> TimeStamp : 2026-02-22 15:32:15===> API : /api/booking/getUserByPhone?phone=8600830940 ===> Message : getUserByPhone() :: Request Object :: [object Object]
info: ===> TimeStamp : 2026-02-22 15:32:15===> API : /api/booking/getUserByPhone?phone=8600830940 ===> Message : getUserByPhone() :: DB :: Invoked !
info: ===> TimeStamp : 2026-02-22 15:32:16===> API : /api/booking/getUserByPhone?phone=8600830940 ===> Message : getUserByPhoneResponse() invoked!
info: ===> TimeStamp : 2026-02-22 15:32:16===> API : /api/booking/getUserByPhone?phone=8600830940 ===> Message : getUserByPhoneResponse() completed
info: ===> TimeStamp : 2026-02-22 15:32:58===> API : null ===> Message : validateRequest() invoked
info: ===> TimeStamp : 2026-02-22 15:32:58===> API : null ===> Message : fetchDBSettings()
info: ===> TimeStamp : 2026-02-22 15:32:58===> API : null ===> Message : validateRequest() Invoked!
info: ===> TimeStamp : 2026-02-22 15:32:58===> API : null ===> Message : validRequest() :: Api validated Successfully
info: ===> TimeStamp : 2026-02-22 15:32:58===> API : /api/booking/newBooking ===> Message : newBooking() :: Request Object :: [object Object]
info: ===> TimeStamp : 2026-02-22 15:32:58===> API : /api/booking/newBooking ===> Message : newBooking() invoked!!
info: ===> TimeStamp : 2026-02-22 15:32:58===> API : /api/booking/newBooking ===> Message : getUserById() :: DB :: Invoked !
info: ===> TimeStamp : 2026-02-22 15:32:58===> API : /api/booking/newBooking ===> Message : newBooking() :: DB :: Invoked !
info: ===> TimeStamp : 2026-02-22 15:32:59===> API : /api/booking/newBooking ===> Message : newBookingResponse() invoked!
info: ===> TimeStamp : 2026-02-22 15:32:59===> API : /api/booking/newBooking ===> Message : newBookingResponse() completed
info: ===> TimeStamp : 2026-02-22 15:33:17===> API : null ===> Message : validateRequest() invoked
info: ===> TimeStamp : 2026-02-22 15:33:17===> API : null ===> Message : fetchDBSettings()
info: ===> TimeStamp : 2026-02-22 15:33:17===> API : null ===> Message : validateRequest() Invoked!
info: ===> TimeStamp : 2026-02-22 15:33:17===> API : null ===> Message : validRequest() :: Api validated Successfully
info: ===> TimeStamp : 2026-02-22 15:33:17===> API : /api/booking/displayPackages ===> Message : displayPackages() invoked!!
info: ===> TimeStamp : 2026-02-22 15:33:17===> API : /api/booking/displayPackages ===> Message : displayPackages() :: DB :: Invoked !
info: ===> TimeStamp : 2026-02-22 15:33:17===> API : /api/booking/displayPackages ===> Message : displayPackagesResponse() invoked!
info: ===> TimeStamp : 2026-02-22 15:33:17===> API : /api/booking/displayPackages ===> Message : displayPackagesResponse() completed
info: ===> TimeStamp : 2026-02-22 15:37:09===> API : null ===> Message : validateRequest() invoked
info: ===> TimeStamp : 2026-02-22 15:37:09===> API : null ===> Message : fetchDBSettings()
info: ===> TimeStamp : 2026-02-22 15:37:09===> API : null ===> Message : validateRequest() Invoked!
info: ===> TimeStamp : 2026-02-22 15:37:09===> API : null ===> Message : validRequest() :: Api validated Successfully
info: ===> TimeStamp : 2026-02-22 15:37:09===> API : /api/booking/displayPackages ===> Message : displayPackages() invoked!!
info: ===> TimeStamp : 2026-02-22 15:37:09===> API : /api/booking/displayPackages ===> Message : displayPackages() :: DB :: Invoked !
info: ===> TimeStamp : 2026-02-22 15:37:09===> API : /api/booking/displayPackages ===> Message : displayPackagesResponse() invoked!
info: ===> TimeStamp : 2026-02-22 15:37:09===> API : /api/booking/displayPackages ===> Message : displayPackagesResponse() completed
info: ===> TimeStamp : 2026-02-22 15:38:09===> API : null ===> Message : validateRequest() invoked
info: ===> TimeStamp : 2026-02-22 15:38:09===> API : null ===> Message : fetchDBSettings()
info: ===> TimeStamp : 2026-02-22 15:38:09===> API : null ===> Message : validateRequest() Invoked!
info: ===> TimeStamp : 2026-02-22 15:38:09===> API : null ===> Message : validRequest() :: Api validated Successfully
info: ===> TimeStamp : 2026-02-22 15:38:09===> API : /api/booking/displayPackages ===> Message : displayPackages() invoked!!
info: ===> TimeStamp : 2026-02-22 15:38:09===> API : /api/booking/displayPackages ===> Message : displayPackages() :: DB :: Invoked !
info: ===> TimeStamp : 2026-02-22 15:38:09===> API : /api/booking/displayPackages ===> Message : displayPackagesResponse() invoked!
info: ===> TimeStamp : 2026-02-22 15:38:09===> API : /api/booking/displayPackages ===> Message : displayPackagesResponse() completed
info: ===> TimeStamp : 2026-02-22 15:47:05===> API : null ===> Message : validateRequest() invoked
info: ===> TimeStamp : 2026-02-22 15:47:05===> API : null ===> Message : fetchDBSettings()
info: ===> TimeStamp : 2026-02-22 15:47:05===> API : null ===> Message : validateRequest() invoked
info: ===> TimeStamp : 2026-02-22 15:47:05===> API : null ===> Message : fetchDBSettings()
info: ===> TimeStamp : 2026-02-22 15:47:05===> API : null ===> Message : validateRequest() Invoked!
info: ===> TimeStamp : 2026-02-22 15:47:05===> API : null ===> Message : validateRequest() Invoked!
info: ===> TimeStamp : 2026-02-22 15:47:05===> API : null ===> Message : validRequest() :: Api validated Successfully
info: ===> TimeStamp : 2026-02-22 15:47:05===> API : /api/booking/displayPackages ===> Message : displayPackages() invoked!!
info: ===> TimeStamp : 2026-02-22 15:47:05===> API : /api/booking/displayPackages ===> Message : displayPackages() :: DB :: Invoked !
info: ===> TimeStamp : 2026-02-22 15:47:05===> API : /api/booking/displayPackages ===> Message : displayPackagesResponse() invoked!
info: ===> TimeStamp : 2026-02-22 15:47:05===> API : /api/booking/displayPackages ===> Message : displayPackagesResponse() completed
info: ===> TimeStamp : 2026-02-22 15:47:05===> API : null ===> Message : validRequest() :: Api validated Successfully
info: ===> TimeStamp : 2026-02-22 15:47:05===> API : /api/booking/fetchBookings?futureDate=2026-02-22 ===> Message : fetchBookings() invoked!!
info: ===> TimeStamp : 2026-02-22 15:47:05===> API : /api/booking/fetchBookings?futureDate=2026-02-22 ===> Message : fetchBookings() :: Request Object :: [object Object]
info: ===> TimeStamp : 2026-02-22 15:47:05===> API : /api/booking/fetchBookings?futureDate=2026-02-22 ===> Message : fetchBookings() :: DB :: Invoked !
info: ===> TimeStamp : 2026-02-22 15:47:06===> API : null ===> Message : validateRequest() invoked
info: ===> TimeStamp : 2026-02-22 15:47:06===> API : null ===> Message : fetchDBSettings()
info: ===> TimeStamp : 2026-02-22 15:47:06===> API : null ===> Message : validateRequest() Invoked!
info: ===> TimeStamp : 2026-02-22 15:47:06===> API : null ===> Message : validRequest() :: Api validated Successfully
info: ===> TimeStamp : 2026-02-22 15:47:06===> API : /api/booking/displayPackages ===> Message : displayPackages() invoked!!
info: ===> TimeStamp : 2026-02-22 15:47:06===> API : /api/booking/displayPackages ===> Message : displayPackages() :: DB :: Invoked !
info: ===> TimeStamp : 2026-02-22 15:47:06===> API : /api/booking/displayPackages ===> Message : displayPackagesResponse() invoked!
info: ===> TimeStamp : 2026-02-22 15:47:06===> API : /api/booking/displayPackages ===> Message : displayPackagesResponse() completed
info: ===> TimeStamp : 2026-02-22 15:47:07===> API : /api/booking/fetchBookings?futureDate=2026-02-22 ===> Message : fetchBookingsResponse() invoked!
info: ===> TimeStamp : 2026-02-22 15:47:07===> API : /api/booking/fetchBookings?futureDate=2026-02-22 ===> Message : fetchBookingsResponse() completed
info: ===> TimeStamp : 2026-02-22 15:47:07===> API : null ===> Message : validateRequest() invoked
info: ===> TimeStamp : 2026-02-22 15:47:07===> API : null ===> Message : fetchDBSettings()
info: ===> TimeStamp : 2026-02-22 15:47:07===> API : null ===> Message : validateRequest() Invoked!
info: ===> TimeStamp : 2026-02-22 15:47:07===> API : null ===> Message : validRequest() :: Api validated Successfully
info: ===> TimeStamp : 2026-02-22 15:47:07===> API : /api/booking/fetchBookings?futureDate=2026-02-22 ===> Message : fetchBookings() invoked!!
info: ===> TimeStamp : 2026-02-22 15:47:07===> API : /api/booking/fetchBookings?futureDate=2026-02-22 ===> Message : fetchBookings() :: Request Object :: [object Object]
info: ===> TimeStamp : 2026-02-22 15:47:07===> API : /api/booking/fetchBookings?futureDate=2026-02-22 ===> Message : fetchBookings() :: DB :: Invoked !
info: ===> TimeStamp : 2026-02-22 15:47:08===> API : /api/booking/fetchBookings?futureDate=2026-02-22 ===> Message : fetchBookingsResponse() invoked!
info: ===> TimeStamp : 2026-02-22 15:47:08===> API : /api/booking/fetchBookings?futureDate=2026-02-22 ===> Message : fetchBookingsResponse() completed
info: ===> TimeStamp : 2026-02-22 15:47:08===> API : null ===> Message : validateRequest() invoked
info: ===> TimeStamp : 2026-02-22 15:47:08===> API : null ===> Message : fetchDBSettings()
info: ===> TimeStamp : 2026-02-22 15:47:08===> API : null ===> Message : validateRequest() Invoked!
info: ===> TimeStamp : 2026-02-22 15:47:08===> API : null ===> Message : validRequest() :: Api validated Successfully
info: ===> TimeStamp : 2026-02-22 15:47:08===> API : /api/booking/displayPackages ===> Message : displayPackages() invoked!!
info: ===> TimeStamp : 2026-02-22 15:47:08===> API : /api/booking/displayPackages ===> Message : displayPackages() :: DB :: Invoked !
info: ===> TimeStamp : 2026-02-22 15:47:09===> API : /api/booking/displayPackages ===> Message : displayPackagesResponse() invoked!
info: ===> TimeStamp : 2026-02-22 15:47:09===> API : /api/booking/displayPackages ===> Message : displayPackagesResponse() completed
info: ===> TimeStamp : 2026-02-22 15:47:28===> API : null ===> Message : validateRequest() invoked
info: ===> TimeStamp : 2026-02-22 15:47:28===> API : null ===> Message : fetchDBSettings()
info: ===> TimeStamp : 2026-02-22 15:47:28===> API : null ===> Message : validateRequest() Invoked!
info: ===> TimeStamp : 2026-02-22 15:47:28===> API : null ===> Message : validRequest() :: Api validated Successfully
info: ===> TimeStamp : 2026-02-22 15:47:28===> API : /api/booking/getUserByPhone?phone=9827184 ===> Message : getUserByPhone() invoked!!
info: ===> TimeStamp : 2026-02-22 15:47:28===> API : /api/booking/getUserByPhone?phone=9827184 ===> Message : getUserByPhone() :: Request Object :: [object Object]
info: ===> TimeStamp : 2026-02-22 15:47:28===> API : /api/booking/getUserByPhone?phone=9827184 ===> Message : getUserByPhone() :: DB :: Invoked !
info: ===> TimeStamp : 2026-02-22 15:47:29===> API : /api/booking/getUserByPhone?phone=9827184 ===> Message : getUserByPhoneResponse() invoked!
info: ===> TimeStamp : 2026-02-22 15:47:29===> API : /api/booking/getUserByPhone?phone=9827184 ===> Message : getUserByPhoneResponse() completed
info: ===> TimeStamp : 2026-02-22 15:47:31===> API : null ===> Message : validateRequest() invoked
info: ===> TimeStamp : 2026-02-22 15:47:31===> API : null ===> Message : fetchDBSettings()
info: ===> TimeStamp : 2026-02-22 15:47:31===> API : null ===> Message : validateRequest() Invoked!
info: ===> TimeStamp : 2026-02-22 15:47:31===> API : null ===> Message : validRequest() :: Api validated Successfully
info: ===> TimeStamp : 2026-02-22 15:47:31===> API : /api/booking/getUserByPhone?phone=9827184297 ===> Message : getUserByPhone() invoked!!
info: ===> TimeStamp : 2026-02-22 15:47:31===> API : /api/booking/getUserByPhone?phone=9827184297 ===> Message : getUserByPhone() :: Request Object :: [object Object]
info: ===> TimeStamp : 2026-02-22 15:47:31===> API : /api/booking/getUserByPhone?phone=9827184297 ===> Message : getUserByPhone() :: DB :: Invoked !
info: ===> TimeStamp : 2026-02-22 15:47:32===> API : /api/booking/getUserByPhone?phone=9827184297 ===> Message : getUserByPhoneResponse() invoked!
info: ===> TimeStamp : 2026-02-22 15:47:32===> API : /api/booking/getUserByPhone?phone=9827184297 ===> Message : getUserByPhoneResponse() completed
info: ===> TimeStamp : 2026-02-22 15:48:09===> API : null ===> Message : validateRequest() invoked
info: ===> TimeStamp : 2026-02-22 15:48:09===> API : null ===> Message : fetchDBSettings()
info: ===> TimeStamp : 2026-02-22 15:48:09===> API : null ===> Message : validateRequest() Invoked!
info: ===> TimeStamp : 2026-02-22 15:48:09===> API : null ===> Message : validRequest() :: Api validated Successfully
info: ===> TimeStamp : 2026-02-22 15:48:09===> API : /api/booking/newBooking ===> Message : newBooking() invoked!!
info: ===> TimeStamp : 2026-02-22 15:48:09===> API : /api/booking/newBooking ===> Message : newBooking() :: Request Object :: [object Object]
info: ===> TimeStamp : 2026-02-22 15:48:09===> API : /api/booking/newBooking ===> Message : getUserById() :: DB :: Invoked !
info: ===> TimeStamp : 2026-02-22 15:48:09===> API : /api/booking/newBooking ===> Message : newBooking() :: DB :: Invoked !
info: ===> TimeStamp : 2026-02-22 15:48:10===> API : /api/booking/newBooking ===> Message : newBookingResponse() invoked!
info: ===> TimeStamp : 2026-02-22 15:48:10===> API : /api/booking/newBooking ===> Message : newBookingResponse() completed
info: ===> TimeStamp : 2026-02-22 15:48:22===> API : null ===> Message : validateRequest() invoked
info: ===> TimeStamp : 2026-02-22 15:48:22===> API : null ===> Message : fetchDBSettings()
info: ===> TimeStamp : 2026-02-22 15:48:22===> API : null ===> Message : validateRequest() Invoked!
info: ===> TimeStamp : 2026-02-22 15:48:22===> API : null ===> Message : validRequest() :: Api validated Successfully
info: ===> TimeStamp : 2026-02-22 15:48:22===> API : /api/booking/displayPackages ===> Message : displayPackages() invoked!!
info: ===> TimeStamp : 2026-02-22 15:48:22===> API : /api/booking/displayPackages ===> Message : displayPackages() :: DB :: Invoked !
info: ===> TimeStamp : 2026-02-22 15:48:22===> API : /api/booking/displayPackages ===> Message : displayPackagesResponse() invoked!
info: ===> TimeStamp : 2026-02-22 15:48:22===> API : /api/booking/displayPackages ===> Message : displayPackagesResponse() completed
info: ===> TimeStamp : 2026-02-22 16:03:24===> API : null ===> Message : validateRequest() invoked
info: ===> TimeStamp : 2026-02-22 16:03:24===> API : null ===> Message : fetchDBSettings()
info: ===> TimeStamp : 2026-02-22 16:03:24===> API : null ===> Message : validateRequest() Invoked!
info: ===> TimeStamp : 2026-02-22 16:03:24===> API : null ===> Message : validRequest() :: Api validated Successfully
info: ===> TimeStamp : 2026-02-22 16:03:24===> API : /api/booking/displayPackages ===> Message : displayPackages() :: DB :: Invoked !
info: ===> TimeStamp : 2026-02-22 16:03:24===> API : /api/booking/displayPackages ===> Message : displayPackages() invoked!!
info: ===> TimeStamp : 2026-02-22 16:03:24===> API : /api/booking/displayPackages ===> Message : displayPackagesResponse() invoked!
info: ===> TimeStamp : 2026-02-22 16:03:24===> API : /api/booking/displayPackages ===> Message : displayPackagesResponse() completed
info: ===> TimeStamp : 2026-02-22 16:03:27===> API : null ===> Message : validateRequest() invoked
info: ===> TimeStamp : 2026-02-22 16:03:27===> API : null ===> Message : fetchDBSettings()
info: ===> TimeStamp : 2026-02-22 16:03:27===> API : null ===> Message : validateRequest() Invoked!
info: ===> TimeStamp : 2026-02-22 16:03:27===> API : null ===> Message : validRequest() :: Api validated Successfully
info: ===> TimeStamp : 2026-02-22 16:03:27===> API : /api/booking/displayPackages ===> Message : displayPackages() invoked!!
info: ===> TimeStamp : 2026-02-22 16:03:27===> API : /api/booking/displayPackages ===> Message : displayPackages() :: DB :: Invoked !
info: ===> TimeStamp : 2026-02-22 16:03:27===> API : /api/booking/displayPackages ===> Message : displayPackagesResponse() invoked!
info: ===> TimeStamp : 2026-02-22 16:03:27===> API : /api/booking/displayPackages ===> Message : displayPackagesResponse() completed
info: ===> TimeStamp : 2026-02-22 16:08:04===> API : null ===> Message : validateRequest() invoked
info: ===> TimeStamp : 2026-02-22 16:08:04===> API : null ===> Message : fetchDBSettings()
info: ===> TimeStamp : 2026-02-22 16:08:04===> API : null ===> Message : validateRequest() Invoked!
info: ===> TimeStamp : 2026-02-22 16:08:04===> API : null ===> Message : validRequest() :: Api validated Successfully
info: ===> TimeStamp : 2026-02-22 16:08:04===> API : /api/booking/displayPackages ===> Message : displayPackages() invoked!!
info: ===> TimeStamp : 2026-02-22 16:08:04===> API : /api/booking/displayPackages ===> Message : displayPackages() :: DB :: Invoked !
info: ===> TimeStamp : 2026-02-22 16:08:04===> API : /api/booking/displayPackages ===> Message : displayPackagesResponse() invoked!
info: ===> TimeStamp : 2026-02-22 16:08:04===> API : /api/booking/displayPackages ===> Message : displayPackagesResponse() completed
info: ===> TimeStamp : 2026-02-22 16:10:54===> API : null ===> Message : validateRequest() invoked
info: ===> TimeStamp : 2026-02-22 16:10:54===> API : null ===> Message : fetchDBSettings()
info: ===> TimeStamp : 2026-02-22 16:10:54===> API : null ===> Message : validateRequest() Invoked!
info: ===> TimeStamp : 2026-02-22 16:10:54===> API : null ===> Message : validRequest() :: Api validated Successfully
info: ===> TimeStamp : 2026-02-22 16:10:54===> API : /api/booking/displayPackages ===> Message : displayPackages() invoked!!
info: ===> TimeStamp : 2026-02-22 16:10:54===> API : /api/booking/displayPackages ===> Message : displayPackages() :: DB :: Invoked !
info: ===> TimeStamp : 2026-02-22 16:10:54===> API : /api/booking/displayPackages ===> Message : displayPackagesResponse() invoked!
info: ===> TimeStamp : 2026-02-22 16:10:54===> API : /api/booking/displayPackages ===> Message : displayPackagesResponse() completed
info: ===> TimeStamp : 2026-02-22 16:18:33===> API : null ===> Message : validateRequest() invoked
info: ===> TimeStamp : 2026-02-22 16:18:33===> API : null ===> Message : fetchDBSettings()
info: ===> TimeStamp : 2026-02-22 16:18:33===> API : null ===> Message : validateRequest() Invoked!
info: ===> TimeStamp : 2026-02-22 16:18:33===> API : null ===> Message : validRequest() :: Api validated Successfully
info: ===> TimeStamp : 2026-02-22 16:18:33===> API : /api/booking/displayPackages ===> Message : displayPackages() invoked!!
info: ===> TimeStamp : 2026-02-22 16:18:33===> API : /api/booking/displayPackages ===> Message : displayPackages() :: DB :: Invoked !
info: ===> TimeStamp : 2026-02-22 16:18:33===> API : /api/booking/displayPackages ===> Message : displayPackagesResponse() invoked!
info: ===> TimeStamp : 2026-02-22 16:18:33===> API : /api/booking/displayPackages ===> Message : displayPackagesResponse() completed
info: ===> TimeStamp : 2026-02-22 16:23:33===> API : null ===> Message : validateRequest() invoked
info: ===> TimeStamp : 2026-02-22 16:23:33===> API : null ===> Message : fetchDBSettings()
info: ===> TimeStamp : 2026-02-22 16:23:33===> API : null ===> Message : validateRequest() Invoked!
info: ===> TimeStamp : 2026-02-22 16:23:33===> API : null ===> Message : validRequest() :: Api validated Successfully
info: ===> TimeStamp : 2026-02-22 16:23:33===> API : /api/booking/displayPackages ===> Message : displayPackages() :: DB :: Invoked !
info: ===> TimeStamp : 2026-02-22 16:23:33===> API : /api/booking/displayPackages ===> Message : displayPackages() invoked!!
info: ===> TimeStamp : 2026-02-22 16:23:33===> API : /api/booking/displayPackages ===> Message : displayPackagesResponse() invoked!
info: ===> TimeStamp : 2026-02-22 16:23:33===> API : /api/booking/displayPackages ===> Message : displayPackagesResponse() completed
info: ===> TimeStamp : 2026-02-22 16:25:58===> API : null ===> Message : validateRequest() invoked
info: ===> TimeStamp : 2026-02-22 16:25:58===> API : null ===> Message : fetchDBSettings()
info: ===> TimeStamp : 2026-02-22 16:25:58===> API : null ===> Message : validateRequest() Invoked!
info: ===> TimeStamp : 2026-02-22 16:25:58===> API : null ===> Message : validRequest() :: Api validated Successfully
info: ===> TimeStamp : 2026-02-22 16:25:58===> API : /api/booking/displayPackages ===> Message : displayPackages() invoked!!
info: ===> TimeStamp : 2026-02-22 16:25:58===> API : /api/booking/displayPackages ===> Message : displayPackages() :: DB :: Invoked !
info: ===> TimeStamp : 2026-02-22 16:25:58===> API : /api/booking/displayPackages ===> Message : displayPackagesResponse() invoked!
info: ===> TimeStamp : 2026-02-22 16:25:58===> API : /api/booking/displayPackages ===> Message : displayPackagesResponse() completed
info: ===> TimeStamp : 2026-02-22 16:26:18===> API : null ===> Message : validateRequest() invoked
info: ===> TimeStamp : 2026-02-22 16:26:18===> API : null ===> Message : fetchDBSettings()
info: ===> TimeStamp : 2026-02-22 16:26:18===> API : null ===> Message : validateRequest() Invoked!
info: ===> TimeStamp : 2026-02-22 16:26:18===> API : null ===> Message : validRequest() :: Api validated Successfully
info: ===> TimeStamp : 2026-02-22 16:26:18===> API : /api/booking/displayPackages ===> Message : displayPackages() invoked!!
info: ===> TimeStamp : 2026-02-22 16:26:18===> API : /api/booking/displayPackages ===> Message : displayPackages() :: DB :: Invoked !
info: ===> TimeStamp : 2026-02-22 16:26:18===> API : /api/booking/displayPackages ===> Message : displayPackagesResponse() invoked!
info: ===> TimeStamp : 2026-02-22 16:26:18===> API : /api/booking/displayPackages ===> Message : displayPackagesResponse() completed
info: ===> TimeStamp : 2026-02-22 16:28:10===> API : null ===> Message : validateRequest() invoked
info: ===> TimeStamp : 2026-02-22 16:28:10===> API : null ===> Message : fetchDBSettings()
info: ===> TimeStamp : 2026-02-22 16:28:10===> API : null ===> Message : validateRequest() Invoked!
info: ===> TimeStamp : 2026-02-22 16:28:10===> API : null ===> Message : validRequest() :: Api validated Successfully
info: ===> TimeStamp : 2026-02-22 16:28:10===> API : /api/booking/displayPackages ===> Message : displayPackages() invoked!!
info: ===> TimeStamp : 2026-02-22 16:28:10===> API : /api/booking/displayPackages ===> Message : displayPackages() :: DB :: Invoked !
info: ===> TimeStamp : 2026-02-22 16:28:10===> API : /api/booking/displayPackages ===> Message : displayPackagesResponse() invoked!
info: ===> TimeStamp : 2026-02-22 16:28:10===> API : /api/booking/displayPackages ===> Message : displayPackagesResponse() completed
info: ===> TimeStamp : 2026-02-22 16:31:22===> API : null ===> Message : validateRequest() invoked
info: ===> TimeStamp : 2026-02-22 16:31:22===> API : null ===> Message : fetchDBSettings()
info: ===> TimeStamp : 2026-02-22 16:31:22===> API : null ===> Message : validateRequest() Invoked!
info: ===> TimeStamp : 2026-02-22 16:31:22===> API : null ===> Message : validRequest() :: Api validated Successfully
info: ===> TimeStamp : 2026-02-22 16:31:22===> API : /api/booking/displayPackages ===> Message : displayPackages() invoked!!
info: ===> TimeStamp : 2026-02-22 16:31:22===> API : /api/booking/displayPackages ===> Message : displayPackages() :: DB :: Invoked !
info: ===> TimeStamp : 2026-02-22 16:31:22===> API : /api/booking/displayPackages ===> Message : displayPackagesResponse() invoked!
info: ===> TimeStamp : 2026-02-22 16:31:22===> API : /api/booking/displayPackages ===> Message : displayPackagesResponse() completed
info: ===> TimeStamp : 2026-02-22 16:39:23===> API : null ===> Message : validateRequest() invoked
info: ===> TimeStamp : 2026-02-22 16:39:23===> API : null ===> Message : fetchDBSettings()
info: ===> TimeStamp : 2026-02-22 16:39:23===> API : null ===> Message : validateRequest() Invoked!
info: ===> TimeStamp : 2026-02-22 16:39:23===> API : null ===> Message : validRequest() :: Api validated Successfully
info: ===> TimeStamp : 2026-02-22 16:39:23===> API : /api/booking/displayPackages ===> Message : displayPackages() invoked!!
info: ===> TimeStamp : 2026-02-22 16:39:23===> API : /api/booking/displayPackages ===> Message : displayPackages() :: DB :: Invoked !
info: ===> TimeStamp : 2026-02-22 16:39:23===> API : /api/booking/displayPackages ===> Message : displayPackagesResponse() invoked!
info: ===> TimeStamp : 2026-02-22 16:39:23===> API : /api/booking/displayPackages ===> Message : displayPackagesResponse() completed
info: ===> TimeStamp : 2026-02-22 16:47:06===> API : null ===> Message : validateRequest() invoked
info: ===> TimeStamp : 2026-02-22 16:47:06===> API : null ===> Message : fetchDBSettings()
info: ===> TimeStamp : 2026-02-22 16:47:06===> API : null ===> Message : validateRequest() Invoked!
info: ===> TimeStamp : 2026-02-22 16:47:06===> API : null ===> Message : validRequest() :: Api validated Successfully
info: ===> TimeStamp : 2026-02-22 16:47:06===> API : /api/booking/displayPackages ===> Message : displayPackages() :: DB :: Invoked !
info: ===> TimeStamp : 2026-02-22 16:47:06===> API : /api/booking/displayPackages ===> Message : displayPackages() invoked!!
info: ===> TimeStamp : 2026-02-22 16:47:06===> API : /api/booking/displayPackages ===> Message : displayPackagesResponse() invoked!
info: ===> TimeStamp : 2026-02-22 16:47:06===> API : /api/booking/displayPackages ===> Message : displayPackagesResponse() completed
info: ===> TimeStamp : 2026-02-22 16:49:10===> API : null ===> Message : validateRequest() invoked
info: ===> TimeStamp : 2026-02-22 16:49:10===> API : null ===> Message : fetchDBSettings()
info: ===> TimeStamp : 2026-02-22 16:49:10===> API : null ===> Message : validateRequest() invoked
info: ===> TimeStamp : 2026-02-22 16:49:10===> API : null ===> Message : fetchDBSettings()
info: ===> TimeStamp : 2026-02-22 16:49:10===> API : null ===> Message : validateRequest() Invoked!
info: ===> TimeStamp : 2026-02-22 16:49:10===> API : null ===> Message : validateRequest() Invoked!
info: ===> TimeStamp : 2026-02-22 16:49:10===> API : null ===> Message : validRequest() :: Api validated Successfully
info: ===> TimeStamp : 2026-02-22 16:49:10===> API : /api/booking/displayPackages ===> Message : displayPackages() invoked!!
info: ===> TimeStamp : 2026-02-22 16:49:10===> API : /api/booking/displayPackages ===> Message : displayPackages() :: DB :: Invoked !
info: ===> TimeStamp : 2026-02-22 16:49:10===> API : /api/booking/displayPackages ===> Message : displayPackagesResponse() invoked!
info: ===> TimeStamp : 2026-02-22 16:49:10===> API : /api/booking/displayPackages ===> Message : displayPackagesResponse() completed
info: ===> TimeStamp : 2026-02-22 16:49:11===> API : null ===> Message : validRequest() :: Api validated Successfully
info: ===> TimeStamp : 2026-02-22 16:49:11===> API : /api/booking/fetchBookings?futureDate=2026-02-22 ===> Message : fetchBookings() invoked!!
info: ===> TimeStamp : 2026-02-22 16:49:11===> API : /api/booking/fetchBookings?futureDate=2026-02-22 ===> Message : fetchBookings() :: Request Object :: [object Object]
info: ===> TimeStamp : 2026-02-22 16:49:11===> API : /api/booking/fetchBookings?futureDate=2026-02-22 ===> Message : fetchBookings() :: DB :: Invoked !
info: ===> TimeStamp : 2026-02-22 16:49:11===> API : null ===> Message : validateRequest() invoked
info: ===> TimeStamp : 2026-02-22 16:49:11===> API : null ===> Message : fetchDBSettings()
info: ===> TimeStamp : 2026-02-22 16:49:11===> API : null ===> Message : validateRequest() Invoked!
info: ===> TimeStamp : 2026-02-22 16:49:11===> API : null ===> Message : validRequest() :: Api validated Successfully
info: ===> TimeStamp : 2026-02-22 16:49:11===> API : /api/booking/displayPackages ===> Message : displayPackages() invoked!!
info: ===> TimeStamp : 2026-02-22 16:49:11===> API : /api/booking/displayPackages ===> Message : displayPackages() :: DB :: Invoked !
info: ===> TimeStamp : 2026-02-22 16:49:11===> API : /api/booking/displayPackages ===> Message : displayPackagesResponse() invoked!
info: ===> TimeStamp : 2026-02-22 16:49:11===> API : /api/booking/displayPackages ===> Message : displayPackagesResponse() completed
info: ===> TimeStamp : 2026-02-22 16:49:12===> API : /api/booking/fetchBookings?futureDate=2026-02-22 ===> Message : fetchBookingsResponse() invoked!
info: ===> TimeStamp : 2026-02-22 16:49:12===> API : /api/booking/fetchBookings?futureDate=2026-02-22 ===> Message : fetchBookingsResponse() completed
info: ===> TimeStamp : 2026-02-22 16:49:12===> API : null ===> Message : validateRequest() invoked
info: ===> TimeStamp : 2026-02-22 16:49:12===> API : null ===> Message : fetchDBSettings()
info: ===> TimeStamp : 2026-02-22 16:49:12===> API : null ===> Message : validateRequest() Invoked!
info: ===> TimeStamp : 2026-02-22 16:49:12===> API : /api/booking/fetchBookings?futureDate=2026-02-22 ===> Message : fetchBookings() invoked!!
info: ===> TimeStamp : 2026-02-22 16:49:12===> API : null ===> Message : validRequest() :: Api validated Successfully
info: ===> TimeStamp : 2026-02-22 16:49:12===> API : /api/booking/fetchBookings?futureDate=2026-02-22 ===> Message : fetchBookings() :: Request Object :: [object Object]
info: ===> TimeStamp : 2026-02-22 16:49:12===> API : /api/booking/fetchBookings?futureDate=2026-02-22 ===> Message : fetchBookings() :: DB :: Invoked !
info: ===> TimeStamp : 2026-02-22 16:49:13===> API : /api/booking/fetchBookings?futureDate=2026-02-22 ===> Message : fetchBookingsResponse() invoked!
info: ===> TimeStamp : 2026-02-22 16:49:13===> API : /api/booking/fetchBookings?futureDate=2026-02-22 ===> Message : fetchBookingsResponse() completed
info: ===> TimeStamp : 2026-02-22 16:49:23===> API : null ===> Message : validateRequest() invoked
info: ===> TimeStamp : 2026-02-22 16:49:23===> API : null ===> Message : fetchDBSettings()
info: ===> TimeStamp : 2026-02-22 16:49:23===> API : null ===> Message : validateRequest() Invoked!
info: ===> TimeStamp : 2026-02-22 16:49:23===> API : null ===> Message : validRequest() :: Api validated Successfully
info: ===> TimeStamp : 2026-02-22 16:49:23===> API : /api/booking/getUserByPhone?phone=9966 ===> Message : getUserByPhone() :: Request Object :: [object Object]
info: ===> TimeStamp : 2026-02-22 16:49:23===> API : /api/booking/getUserByPhone?phone=9966 ===> Message : getUserByPhone() :: DB :: Invoked !
info: ===> TimeStamp : 2026-02-22 16:49:23===> API : /api/booking/getUserByPhone?phone=9966 ===> Message : getUserByPhone() invoked!!
info: ===> TimeStamp : 2026-02-22 16:49:23===> API : /api/booking/getUserByPhone?phone=9966 ===> Message : getUserByPhoneResponse() invoked!
info: ===> TimeStamp : 2026-02-22 16:49:23===> API : /api/booking/getUserByPhone?phone=9966 ===> Message : getUserByPhoneResponse() completed
info: ===> TimeStamp : 2026-02-22 16:49:30===> API : null ===> Message : validateRequest() invoked
info: ===> TimeStamp : 2026-02-22 16:49:30===> API : null ===> Message : fetchDBSettings()
info: ===> TimeStamp : 2026-02-22 16:49:30===> API : null ===> Message : validateRequest() Invoked!
info: ===> TimeStamp : 2026-02-22 16:49:30===> API : null ===> Message : validRequest() :: Api validated Successfully
info: ===> TimeStamp : 2026-02-22 16:49:30===> API : /api/booking/getUserByPhone?phone=966 ===> Message : getUserByPhone() invoked!!
info: ===> TimeStamp : 2026-02-22 16:49:30===> API : /api/booking/getUserByPhone?phone=966 ===> Message : getUserByPhone() :: Request Object :: [object Object]
info: ===> TimeStamp : 2026-02-22 16:49:30===> API : /api/booking/getUserByPhone?phone=966 ===> Message : getUserByPhone() :: DB :: Invoked !
info: ===> TimeStamp : 2026-02-22 16:49:31===> API : /api/booking/getUserByPhone?phone=966 ===> Message : getUserByPhoneResponse() invoked!
info: ===> TimeStamp : 2026-02-22 16:49:31===> API : /api/booking/getUserByPhone?phone=966 ===> Message : getUserByPhoneResponse() completed
info: ===> TimeStamp : 2026-02-22 16:49:31===> API : null ===> Message : validateRequest() invoked
info: ===> TimeStamp : 2026-02-22 16:49:31===> API : null ===> Message : fetchDBSettings()
info: ===> TimeStamp : 2026-02-22 16:49:31===> API : null ===> Message : validateRequest() Invoked!
info: ===> TimeStamp : 2026-02-22 16:49:31===> API : null ===> Message : validRequest() :: Api validated Successfully
info: ===> TimeStamp : 2026-02-22 16:49:31===> API : /api/booking/getUserByPhone?phone=96639 ===> Message : getUserByPhone() :: Request Object :: [object Object]
info: ===> TimeStamp : 2026-02-22 16:49:31===> API : /api/booking/getUserByPhone?phone=96639 ===> Message : getUserByPhone() invoked!!
info: ===> TimeStamp : 2026-02-22 16:49:31===> API : /api/booking/getUserByPhone?phone=96639 ===> Message : getUserByPhone() :: DB :: Invoked !
info: ===> TimeStamp : 2026-02-22 16:49:32===> API : /api/booking/getUserByPhone?phone=96639 ===> Message : getUserByPhoneResponse() invoked!
info: ===> TimeStamp : 2026-02-22 16:49:32===> API : /api/booking/getUserByPhone?phone=96639 ===> Message : getUserByPhoneResponse() completed
info: ===> TimeStamp : 2026-02-22 16:49:33===> API : null ===> Message : validateRequest() invoked
info: ===> TimeStamp : 2026-02-22 16:49:33===> API : null ===> Message : fetchDBSettings()
info: ===> TimeStamp : 2026-02-22 16:49:33===> API : null ===> Message : validateRequest() Invoked!
info: ===> TimeStamp : 2026-02-22 16:49:33===> API : null ===> Message : validRequest() :: Api validated Successfully
info: ===> TimeStamp : 2026-02-22 16:49:33===> API : /api/booking/getUserByPhone?phone=96639411 ===> Message : getUserByPhone() invoked!!
info: ===> TimeStamp : 2026-02-22 16:49:33===> API : /api/booking/getUserByPhone?phone=96639411 ===> Message : getUserByPhone() :: Request Object :: [object Object]
info: ===> TimeStamp : 2026-02-22 16:49:33===> API : /api/booking/getUserByPhone?phone=96639411 ===> Message : getUserByPhone() :: DB :: Invoked !
info: ===> TimeStamp : 2026-02-22 16:49:34===> API : /api/booking/getUserByPhone?phone=96639411 ===> Message : getUserByPhoneResponse() invoked!
info: ===> TimeStamp : 2026-02-22 16:49:34===> API : /api/booking/getUserByPhone?phone=96639411 ===> Message : getUserByPhoneResponse() completed
info: ===> TimeStamp : 2026-02-22 16:49:34===> API : null ===> Message : validateRequest() invoked
info: ===> TimeStamp : 2026-02-22 16:49:34===> API : null ===> Message : fetchDBSettings()
info: ===> TimeStamp : 2026-02-22 16:49:34===> API : null ===> Message : validateRequest() Invoked!
info: ===> TimeStamp : 2026-02-22 16:49:35===> API : /api/booking/getUserByPhone?phone=966394110 ===> Message : getUserByPhone() invoked!!
info: ===> TimeStamp : 2026-02-22 16:49:35===> API : null ===> Message : validRequest() :: Api validated Successfully
info: ===> TimeStamp : 2026-02-22 16:49:35===> API : /api/booking/getUserByPhone?phone=966394110 ===> Message : getUserByPhone() :: Request Object :: [object Object]
info: ===> TimeStamp : 2026-02-22 16:49:35===> API : /api/booking/getUserByPhone?phone=966394110 ===> Message : getUserByPhone() :: DB :: Invoked !
info: ===> TimeStamp : 2026-02-22 16:49:35===> API : /api/booking/getUserByPhone?phone=966394110 ===> Message : getUserByPhoneResponse() invoked!
info: ===> TimeStamp : 2026-02-22 16:49:35===> API : /api/booking/getUserByPhone?phone=966394110 ===> Message : getUserByPhoneResponse() completed
info: ===> TimeStamp : 2026-02-22 16:49:36===> API : null ===> Message : validateRequest() invoked
info: ===> TimeStamp : 2026-02-22 16:49:36===> API : null ===> Message : fetchDBSettings()
info: ===> TimeStamp : 2026-02-22 16:49:36===> API : null ===> Message : validateRequest() Invoked!
info: ===> TimeStamp : 2026-02-22 16:49:36===> API : null ===> Message : validRequest() :: Api validated Successfully
info: ===> TimeStamp : 2026-02-22 16:49:36===> API : /api/booking/getUserByPhone?phone=9663941104 ===> Message : getUserByPhone() :: Request Object :: [object Object]
info: ===> TimeStamp : 2026-02-22 16:49:36===> API : /api/booking/getUserByPhone?phone=9663941104 ===> Message : getUserByPhone() invoked!!
info: ===> TimeStamp : 2026-02-22 16:49:36===> API : /api/booking/getUserByPhone?phone=9663941104 ===> Message : getUserByPhone() :: DB :: Invoked !
info: ===> TimeStamp : 2026-02-22 16:49:37===> API : /api/booking/getUserByPhone?phone=9663941104 ===> Message : getUserByPhoneResponse() invoked!
info: ===> TimeStamp : 2026-02-22 16:49:37===> API : /api/booking/getUserByPhone?phone=9663941104 ===> Message : getUserByPhoneResponse() completed
info: ===> TimeStamp : 2026-02-22 16:51:03===> API : null ===> Message : validateRequest() invoked
info: ===> TimeStamp : 2026-02-22 16:51:03===> API : null ===> Message : fetchDBSettings()
info: ===> TimeStamp : 2026-02-22 16:51:03===> API : null ===> Message : validateRequest() Invoked!
info: ===> TimeStamp : 2026-02-22 16:51:03===> API : null ===> Message : validRequest() :: Api validated Successfully
info: ===> TimeStamp : 2026-02-22 16:51:03===> API : /api/booking/newBooking ===> Message : newBooking() invoked!!
info: ===> TimeStamp : 2026-02-22 16:51:03===> API : /api/booking/newBooking ===> Message : newBooking() :: Request Object :: [object Object]
info: ===> TimeStamp : 2026-02-22 16:51:03===> API : /api/booking/newBooking ===> Message : getUserById() :: DB :: Invoked !
info: ===> TimeStamp : 2026-02-22 16:51:03===> API : /api/booking/newBooking ===> Message : newBooking() :: DB :: Invoked !
info: ===> TimeStamp : 2026-02-22 16:51:04===> API : /api/booking/newBooking ===> Message : newBookingResponse() invoked!
info: ===> TimeStamp : 2026-02-22 16:51:04===> API : /api/booking/newBooking ===> Message : newBookingResponse() completed
info: ===> TimeStamp : 2026-02-22 16:51:16===> API : null ===> Message : validateRequest() invoked
info: ===> TimeStamp : 2026-02-22 16:51:16===> API : null ===> Message : fetchDBSettings()
info: ===> TimeStamp : 2026-02-22 16:51:16===> API : null ===> Message : validateRequest() Invoked!
info: ===> TimeStamp : 2026-02-22 16:51:16===> API : null ===> Message : validRequest() :: Api validated Successfully
info: ===> TimeStamp : 2026-02-22 16:51:16===> API : /api/booking/displayPackages ===> Message : displayPackages() invoked!!
info: ===> TimeStamp : 2026-02-22 16:51:16===> API : /api/booking/displayPackages ===> Message : displayPackages() :: DB :: Invoked !
info: ===> TimeStamp : 2026-02-22 16:51:16===> API : /api/booking/displayPackages ===> Message : displayPackagesResponse() invoked!
info: ===> TimeStamp : 2026-02-22 16:51:16===> API : /api/booking/displayPackages ===> Message : displayPackagesResponse() completed
info: ===> TimeStamp : 2026-02-22 16:51:21===> API : null ===> Message : validateRequest() invoked
info: ===> TimeStamp : 2026-02-22 16:51:21===> API : null ===> Message : fetchDBSettings()
info: ===> TimeStamp : 2026-02-22 16:51:21===> API : null ===> Message : validateRequest() invoked
info: ===> TimeStamp : 2026-02-22 16:51:21===> API : null ===> Message : fetchDBSettings()
info: ===> TimeStamp : 2026-02-22 16:51:21===> API : null ===> Message : validateRequest() Invoked!
info: ===> TimeStamp : 2026-02-22 16:51:21===> API : null ===> Message : validateRequest() Invoked!
info: ===> TimeStamp : 2026-02-22 16:51:21===> API : null ===> Message : validRequest() :: Api validated Successfully
info: ===> TimeStamp : 2026-02-22 16:51:21===> API : /api/booking/displayPackages ===> Message : displayPackages() invoked!!
info: ===> TimeStamp : 2026-02-22 16:51:21===> API : /api/booking/displayPackages ===> Message : displayPackages() :: DB :: Invoked !
info: ===> TimeStamp : 2026-02-22 16:51:21===> API : /api/booking/displayPackages ===> Message : displayPackagesResponse() invoked!
info: ===> TimeStamp : 2026-02-22 16:51:21===> API : /api/booking/displayPackages ===> Message : displayPackagesResponse() completed
info: ===> TimeStamp : 2026-02-22 16:51:21===> API : null ===> Message : validRequest() :: Api validated Successfully
info: ===> TimeStamp : 2026-02-22 16:51:21===> API : /api/booking/fetchBookings?futureDate=2026-02-22 ===> Message : fetchBookings() invoked!!
info: ===> TimeStamp : 2026-02-22 16:51:21===> API : /api/booking/fetchBookings?futureDate=2026-02-22 ===> Message : fetchBookings() :: Request Object :: [object Object]
info: ===> TimeStamp : 2026-02-22 16:51:21===> API : /api/booking/fetchBookings?futureDate=2026-02-22 ===> Message : fetchBookings() :: DB :: Invoked !
info: ===> TimeStamp : 2026-02-22 16:51:22===> API : /api/booking/fetchBookings?futureDate=2026-02-22 ===> Message : fetchBookingsResponse() invoked!
info: ===> TimeStamp : 2026-02-22 16:51:22===> API : /api/booking/fetchBookings?futureDate=2026-02-22 ===> Message : fetchBookingsResponse() completed
info: ===> TimeStamp : 2026-02-22 16:51:22===> API : null ===> Message : validateRequest() invoked
info: ===> TimeStamp : 2026-02-22 16:51:22===> API : null ===> Message : fetchDBSettings()
info: ===> TimeStamp : 2026-02-22 16:51:22===> API : null ===> Message : validateRequest() Invoked!
info: ===> TimeStamp : 2026-02-22 16:51:23===> API : null ===> Message : validRequest() :: Api validated Successfully
info: ===> TimeStamp : 2026-02-22 16:51:23===> API : /api/booking/fetchBookings?futureDate=2026-02-22 ===> Message : fetchBookings() invoked!!
info: ===> TimeStamp : 2026-02-22 16:51:23===> API : /api/booking/fetchBookings?futureDate=2026-02-22 ===> Message : fetchBookings() :: Request Object :: [object Object]
info: ===> TimeStamp : 2026-02-22 16:51:23===> API : /api/booking/fetchBookings?futureDate=2026-02-22 ===> Message : fetchBookings() :: DB :: Invoked !
info: ===> TimeStamp : 2026-02-22 16:51:25===> API : /api/booking/fetchBookings?futureDate=2026-02-22 ===> Message : fetchBookingsResponse() invoked!
info: ===> TimeStamp : 2026-02-22 16:51:25===> API : /api/booking/fetchBookings?futureDate=2026-02-22 ===> Message : fetchBookingsResponse() completed
info: ===> TimeStamp : 2026-02-22 16:51:32===> API : null ===> Message : validateRequest() invoked
info: ===> TimeStamp : 2026-02-22 16:51:32===> API : null ===> Message : fetchDBSettings()
info: ===> TimeStamp : 2026-02-22 16:51:32===> API : null ===> Message : validateRequest() Invoked!
info: ===> TimeStamp : 2026-02-22 16:51:32===> API : null ===> Message : validRequest() :: Api validated Successfully
info: ===> TimeStamp : 2026-02-22 16:51:32===> API : /api/booking/displayPackages ===> Message : displayPackages() invoked!!
info: ===> TimeStamp : 2026-02-22 16:51:32===> API : /api/booking/displayPackages ===> Message : displayPackages() :: DB :: Invoked !
info: ===> TimeStamp : 2026-02-22 16:51:32===> API : /api/booking/displayPackages ===> Message : displayPackagesResponse() invoked!
info: ===> TimeStamp : 2026-02-22 16:51:32===> API : /api/booking/displayPackages ===> Message : displayPackagesResponse() completed
info: ===> TimeStamp : 2026-02-22 16:55:02===> API : null ===> Message : validateRequest() invoked
info: ===> TimeStamp : 2026-02-22 16:55:02===> API : null ===> Message : fetchDBSettings()
info: ===> TimeStamp : 2026-02-22 16:55:02===> API : null ===> Message : validateRequest() invoked
info: ===> TimeStamp : 2026-02-22 16:55:02===> API : null ===> Message : fetchDBSettings()
info: ===> TimeStamp : 2026-02-22 16:55:02===> API : null ===> Message : validateRequest() Invoked!
info: ===> TimeStamp : 2026-02-22 16:55:02===> API : null ===> Message : validateRequest() Invoked!
info: ===> TimeStamp : 2026-02-22 16:55:02===> API : null ===> Message : validRequest() :: Api validated Successfully
info: ===> TimeStamp : 2026-02-22 16:55:02===> API : /api/booking/displayPackages ===> Message : displayPackages() invoked!!
info: ===> TimeStamp : 2026-02-22 16:55:02===> API : /api/booking/displayPackages ===> Message : displayPackages() :: DB :: Invoked !
info: ===> TimeStamp : 2026-02-22 16:55:02===> API : /api/booking/displayPackages ===> Message : displayPackagesResponse() invoked!
info: ===> TimeStamp : 2026-02-22 16:55:02===> API : /api/booking/displayPackages ===> Message : displayPackagesResponse() completed
info: ===> TimeStamp : 2026-02-22 16:55:02===> API : null ===> Message : validRequest() :: Api validated Successfully
info: ===> TimeStamp : 2026-02-22 16:55:02===> API : /api/booking/fetchBookings?futureDate=2026-02-22 ===> Message : fetchBookings() invoked!!
info: ===> TimeStamp : 2026-02-22 16:55:02===> API : /api/booking/fetchBookings?futureDate=2026-02-22 ===> Message : fetchBookings() :: Request Object :: [object Object]
info: ===> TimeStamp : 2026-02-22 16:55:02===> API : /api/booking/fetchBookings?futureDate=2026-02-22 ===> Message : fetchBookings() :: DB :: Invoked !
info: ===> TimeStamp : 2026-02-22 16:55:04===> API : null ===> Message : validateRequest() invoked
info: ===> TimeStamp : 2026-02-22 16:55:04===> API : null ===> Message : fetchDBSettings()
info: ===> TimeStamp : 2026-02-22 16:55:04===> API : null ===> Message : validateRequest() Invoked!
info: ===> TimeStamp : 2026-02-22 16:55:04===> API : null ===> Message : validRequest() :: Api validated Successfully
info: ===> TimeStamp : 2026-02-22 16:55:04===> API : /api/booking/displayPackages ===> Message : displayPackages() invoked!!
info: ===> TimeStamp : 2026-02-22 16:55:04===> API : /api/booking/displayPackages ===> Message : displayPackages() :: DB :: Invoked !
info: ===> TimeStamp : 2026-02-22 16:55:04===> API : /api/booking/displayPackages ===> Message : displayPackagesResponse() invoked!
info: ===> TimeStamp : 2026-02-22 16:55:04===> API : /api/booking/displayPackages ===> Message : displayPackagesResponse() completed
info: ===> TimeStamp : 2026-02-22 16:55:05===> API : /api/booking/fetchBookings?futureDate=2026-02-22 ===> Message : fetchBookingsResponse() invoked!
info: ===> TimeStamp : 2026-02-22 16:55:05===> API : /api/booking/fetchBookings?futureDate=2026-02-22 ===> Message : fetchBookingsResponse() completed
info: ===> TimeStamp : 2026-02-22 16:55:05===> API : null ===> Message : validateRequest() invoked
info: ===> TimeStamp : 2026-02-22 16:55:05===> API : null ===> Message : fetchDBSettings()
info: ===> TimeStamp : 2026-02-22 16:55:05===> API : null ===> Message : validateRequest() Invoked!
info: ===> TimeStamp : 2026-02-22 16:55:05===> API : null ===> Message : validRequest() :: Api validated Successfully
info: ===> TimeStamp : 2026-02-22 16:55:05===> API : /api/booking/fetchBookings?futureDate=2026-02-22 ===> Message : fetchBookings() :: Request Object :: [object Object]
info: ===> TimeStamp : 2026-02-22 16:55:05===> API : /api/booking/fetchBookings?futureDate=2026-02-22 ===> Message : fetchBookings() invoked!!
info: ===> TimeStamp : 2026-02-22 16:55:05===> API : /api/booking/fetchBookings?futureDate=2026-02-22 ===> Message : fetchBookings() :: DB :: Invoked !
info: ===> TimeStamp : 2026-02-22 16:55:06===> API : /api/booking/fetchBookings?futureDate=2026-02-22 ===> Message : fetchBookingsResponse() invoked!
info: ===> TimeStamp : 2026-02-22 16:55:06===> API : /api/booking/fetchBookings?futureDate=2026-02-22 ===> Message : fetchBookingsResponse() completed
info: ===> TimeStamp : 2026-02-22 16:56:37===> API : null ===> Message : validateRequest() invoked
info: ===> TimeStamp : 2026-02-22 16:56:37===> API : null ===> Message : fetchDBSettings()
info: ===> TimeStamp : 2026-02-22 16:56:37===> API : null ===> Message : validateRequest() Invoked!
info: ===> TimeStamp : 2026-02-22 16:56:37===> API : null ===> Message : validRequest() :: Api validated Successfully
info: ===> TimeStamp : 2026-02-22 16:56:37===> API : /api/booking/getUserByPhone?phone=70930 ===> Message : getUserByPhone() invoked!!
info: ===> TimeStamp : 2026-02-22 16:56:37===> API : /api/booking/getUserByPhone?phone=70930 ===> Message : getUserByPhone() :: Request Object :: [object Object]
info: ===> TimeStamp : 2026-02-22 16:56:37===> API : /api/booking/getUserByPhone?phone=70930 ===> Message : getUserByPhone() :: DB :: Invoked !
info: ===> TimeStamp : 2026-02-22 16:56:38===> API : /api/booking/getUserByPhone?phone=70930 ===> Message : getUserByPhoneResponse() invoked!
info: ===> TimeStamp : 2026-02-22 16:56:38===> API : /api/booking/getUserByPhone?phone=70930 ===> Message : getUserByPhoneResponse() completed
info: ===> TimeStamp : 2026-02-22 16:56:40===> API : null ===> Message : validateRequest() invoked
info: ===> TimeStamp : 2026-02-22 16:56:40===> API : null ===> Message : fetchDBSettings()
info: ===> TimeStamp : 2026-02-22 16:56:40===> API : null ===> Message : validateRequest() Invoked!
info: ===> TimeStamp : 2026-02-22 16:56:40===> API : null ===> Message : validRequest() :: Api validated Successfully
info: ===> TimeStamp : 2026-02-22 16:56:40===> API : /api/booking/getUserByPhone?phone=7093091630 ===> Message : getUserByPhone() :: Request Object :: [object Object]
info: ===> TimeStamp : 2026-02-22 16:56:40===> API : /api/booking/getUserByPhone?phone=7093091630 ===> Message : getUserByPhone() invoked!!
info: ===> TimeStamp : 2026-02-22 16:56:40===> API : /api/booking/getUserByPhone?phone=7093091630 ===> Message : getUserByPhone() :: DB :: Invoked !
info: ===> TimeStamp : 2026-02-22 16:56:41===> API : /api/booking/getUserByPhone?phone=7093091630 ===> Message : getUserByPhoneResponse() invoked!
info: ===> TimeStamp : 2026-02-22 16:56:41===> API : /api/booking/getUserByPhone?phone=7093091630 ===> Message : getUserByPhoneResponse() completed
info: ===> TimeStamp : 2026-02-22 16:57:43===> API : null ===> Message : fetchDBSettings()
info: ===> TimeStamp : 2026-02-22 16:57:43===> API : null ===> Message : validateRequest() invoked
info: ===> TimeStamp : 2026-02-22 16:57:43===> API : null ===> Message : validateRequest() Invoked!
info: ===> TimeStamp : 2026-02-22 16:57:43===> API : null ===> Message : validRequest() :: Api validated Successfully
info: ===> TimeStamp : 2026-02-22 16:57:43===> API : /api/booking/newBooking ===> Message : newBooking() invoked!!
info: ===> TimeStamp : 2026-02-22 16:57:43===> API : /api/booking/newBooking ===> Message : newBooking() :: Request Object :: [object Object]
info: ===> TimeStamp : 2026-02-22 16:57:43===> API : /api/booking/newBooking ===> Message : getUserById() :: DB :: Invoked !
info: ===> TimeStamp : 2026-02-22 16:57:43===> API : /api/booking/newBooking ===> Message : newBooking() :: DB :: Invoked !
info: ===> TimeStamp : 2026-02-22 16:57:43===> API : /api/booking/newBooking ===> Message : newBookingResponse() invoked!
info: ===> TimeStamp : 2026-02-22 16:57:43===> API : /api/booking/newBooking ===> Message : newBookingResponse() completed
info: ===> TimeStamp : 2026-02-22 16:58:02===> API : null ===> Message : validateRequest() invoked
info: ===> TimeStamp : 2026-02-22 16:58:02===> API : null ===> Message : fetchDBSettings()
info: ===> TimeStamp : 2026-02-22 16:58:02===> API : null ===> Message : validateRequest() Invoked!
info: ===> TimeStamp : 2026-02-22 16:58:02===> API : null ===> Message : validRequest() :: Api validated Successfully
info: ===> TimeStamp : 2026-02-22 16:58:02===> API : /api/booking/displayPackages ===> Message : displayPackages() invoked!!
info: ===> TimeStamp : 2026-02-22 16:58:02===> API : /api/booking/displayPackages ===> Message : displayPackages() :: DB :: Invoked !
info: ===> TimeStamp : 2026-02-22 16:58:02===> API : /api/booking/displayPackages ===> Message : displayPackagesResponse() invoked!
info: ===> TimeStamp : 2026-02-22 16:58:02===> API : /api/booking/displayPackages ===> Message : displayPackagesResponse() completed
info: ===> TimeStamp : 2026-02-22 16:58:28===> API : null ===> Message : validateRequest() invoked
info: ===> TimeStamp : 2026-02-22 16:58:28===> API : null ===> Message : fetchDBSettings()
info: ===> TimeStamp : 2026-02-22 16:58:28===> API : null ===> Message : validateRequest() Invoked!
info: ===> TimeStamp : 2026-02-22 16:58:28===> API : null ===> Message : validRequest() :: Api validated Successfully
info: ===> TimeStamp : 2026-02-22 16:58:28===> API : /api/booking/displayPackages ===> Message : displayPackages() invoked!!
info: ===> TimeStamp : 2026-02-22 16:58:28===> API : /api/booking/displayPackages ===> Message : displayPackages() :: DB :: Invoked !
info: ===> TimeStamp : 2026-02-22 16:58:29===> API : /api/booking/displayPackages ===> Message : displayPackagesResponse() invoked!
info: ===> TimeStamp : 2026-02-22 16:58:29===> API : /api/booking/displayPackages ===> Message : displayPackagesResponse() completed
info: ===> TimeStamp : 2026-02-22 17:20:16===> API : null ===> Message : validateRequest() invoked
info: ===> TimeStamp : 2026-02-22 17:20:16===> API : null ===> Message : fetchDBSettings()
info: ===> TimeStamp : 2026-02-22 17:20:16===> API : null ===> Message : validateRequest() Invoked!
info: ===> TimeStamp : 2026-02-22 17:20:16===> API : null ===> Message : validRequest() :: Api validated Successfully
info: ===> TimeStamp : 2026-02-22 17:20:16===> API : /api/booking/displayPackages ===> Message : displayPackages() invoked!!
info: ===> TimeStamp : 2026-02-22 17:20:16===> API : /api/booking/displayPackages ===> Message : displayPackages() :: DB :: Invoked !
info: ===> TimeStamp : 2026-02-22 17:20:16===> API : /api/booking/displayPackages ===> Message : displayPackagesResponse() invoked!
info: ===> TimeStamp : 2026-02-22 17:20:16===> API : /api/booking/displayPackages ===> Message : displayPackagesResponse() completed
info: ===> TimeStamp : 2026-02-22 17:31:41===> API : null ===> Message : validateRequest() invoked
info: ===> TimeStamp : 2026-02-22 17:31:41===> API : null ===> Message : fetchDBSettings()
info: ===> TimeStamp : 2026-02-22 17:31:41===> API : null ===> Message : validateRequest() Invoked!
info: ===> TimeStamp : 2026-02-22 17:31:41===> API : null ===> Message : validRequest() :: Api validated Successfully
info: ===> TimeStamp : 2026-02-22 17:31:41===> API : /api/booking/getUserByPhone?phone=9096 ===> Message : getUserByPhone() invoked!!
info: ===> TimeStamp : 2026-02-22 17:31:41===> API : /api/booking/getUserByPhone?phone=9096 ===> Message : getUserByPhone() :: Request Object :: [object Object]
info: ===> TimeStamp : 2026-02-22 17:31:41===> API : /api/booking/getUserByPhone?phone=9096 ===> Message : getUserByPhone() :: DB :: Invoked !
info: ===> TimeStamp : 2026-02-22 17:31:43===> API : null ===> Message : validateRequest() invoked
info: ===> TimeStamp : 2026-02-22 17:31:43===> API : null ===> Message : fetchDBSettings()
info: ===> TimeStamp : 2026-02-22 17:31:43===> API : null ===> Message : validateRequest() Invoked!
info: ===> TimeStamp : 2026-02-22 17:31:43===> API : null ===> Message : validRequest() :: Api validated Successfully
info: ===> TimeStamp : 2026-02-22 17:31:43===> API : /api/booking/getUserByPhone?phone=909605 ===> Message : getUserByPhone() :: Request Object :: [object Object]
info: ===> TimeStamp : 2026-02-22 17:31:43===> API : /api/booking/getUserByPhone?phone=909605 ===> Message : getUserByPhone() :: DB :: Invoked !
info: ===> TimeStamp : 2026-02-22 17:31:43===> API : /api/booking/getUserByPhone?phone=909605 ===> Message : getUserByPhone() invoked!!
info: ===> TimeStamp : 2026-02-22 17:31:44===> API : /api/booking/getUserByPhone?phone=9096 ===> Message : getUserByPhoneResponse() invoked!
info: ===> TimeStamp : 2026-02-22 17:31:44===> API : /api/booking/getUserByPhone?phone=9096 ===> Message : getUserByPhoneResponse() completed
info: ===> TimeStamp : 2026-02-22 17:31:44===> API : null ===> Message : validateRequest() invoked
info: ===> TimeStamp : 2026-02-22 17:31:44===> API : null ===> Message : fetchDBSettings()
info: ===> TimeStamp : 2026-02-22 17:31:44===> API : null ===> Message : validateRequest() Invoked!
info: ===> TimeStamp : 2026-02-22 17:31:45===> API : null ===> Message : validRequest() :: Api validated Successfully
info: ===> TimeStamp : 2026-02-22 17:31:45===> API : /api/booking/getUserByPhone?phone=90960583 ===> Message : getUserByPhone() :: Request Object :: [object Object]
info: ===> TimeStamp : 2026-02-22 17:31:45===> API : /api/booking/getUserByPhone?phone=90960583 ===> Message : getUserByPhone() :: DB :: Invoked !
info: ===> TimeStamp : 2026-02-22 17:31:45===> API : /api/booking/getUserByPhone?phone=90960583 ===> Message : getUserByPhone() invoked!!
info: ===> TimeStamp : 2026-02-22 17:31:46===> API : /api/booking/getUserByPhone?phone=909605 ===> Message : getUserByPhoneResponse() invoked!
info: ===> TimeStamp : 2026-02-22 17:31:46===> API : /api/booking/getUserByPhone?phone=909605 ===> Message : getUserByPhoneResponse() completed
info: ===> TimeStamp : 2026-02-22 17:31:46===> API : /api/booking/getUserByPhone?phone=90960583 ===> Message : getUserByPhoneResponse() invoked!
info: ===> TimeStamp : 2026-02-22 17:31:46===> API : /api/booking/getUserByPhone?phone=90960583 ===> Message : getUserByPhoneResponse() completed
info: ===> TimeStamp : 2026-02-22 17:31:47===> API : null ===> Message : validateRequest() invoked
info: ===> TimeStamp : 2026-02-22 17:31:47===> API : null ===> Message : fetchDBSettings()
info: ===> TimeStamp : 2026-02-22 17:31:47===> API : null ===> Message : validateRequest() Invoked!
info: ===> TimeStamp : 2026-02-22 17:31:47===> API : null ===> Message : validRequest() :: Api validated Successfully
info: ===> TimeStamp : 2026-02-22 17:31:47===> API : /api/booking/getUserByPhone?phone=9096058368 ===> Message : getUserByPhone() invoked!!
info: ===> TimeStamp : 2026-02-22 17:31:47===> API : /api/booking/getUserByPhone?phone=9096058368 ===> Message : getUserByPhone() :: Request Object :: [object Object]
info: ===> TimeStamp : 2026-02-22 17:31:47===> API : /api/booking/getUserByPhone?phone=9096058368 ===> Message : getUserByPhone() :: DB :: Invoked !
info: ===> TimeStamp : 2026-02-22 17:31:47===> API : /api/booking/getUserByPhone?phone=9096058368 ===> Message : getUserByPhoneResponse() invoked!
info: ===> TimeStamp : 2026-02-22 17:31:47===> API : /api/booking/getUserByPhone?phone=9096058368 ===> Message : getUserByPhoneResponse() completed
info: ===> TimeStamp : 2026-02-22 17:32:56===> API : null ===> Message : validateRequest() invoked
info: ===> TimeStamp : 2026-02-22 17:32:56===> API : null ===> Message : fetchDBSettings()
info: ===> TimeStamp : 2026-02-22 17:32:56===> API : null ===> Message : validateRequest() Invoked!
info: ===> TimeStamp : 2026-02-22 17:32:56===> API : null ===> Message : validRequest() :: Api validated Successfully
info: ===> TimeStamp : 2026-02-22 17:32:56===> API : /api/booking/newBooking ===> Message : newBooking() invoked!!
info: ===> TimeStamp : 2026-02-22 17:32:56===> API : /api/booking/newBooking ===> Message : newBooking() :: Request Object :: [object Object]
info: ===> TimeStamp : 2026-02-22 17:32:56===> API : /api/booking/newBooking ===> Message : getUserById() :: DB :: Invoked !
info: ===> TimeStamp : 2026-02-22 17:32:56===> API : /api/booking/newBooking ===> Message : newBooking() :: DB :: Invoked !
info: ===> TimeStamp : 2026-02-22 17:32:57===> API : /api/booking/newBooking ===> Message : newBookingResponse() invoked!
info: ===> TimeStamp : 2026-02-22 17:32:57===> API : /api/booking/newBooking ===> Message : newBookingResponse() completed
info: ===> TimeStamp : 2026-02-22 17:33:13===> API : null ===> Message : validateRequest() invoked
info: ===> TimeStamp : 2026-02-22 17:33:13===> API : null ===> Message : fetchDBSettings()
info: ===> TimeStamp : 2026-02-22 17:33:13===> API : null ===> Message : validateRequest() Invoked!
info: ===> TimeStamp : 2026-02-22 17:33:13===> API : null ===> Message : validRequest() :: Api validated Successfully
info: ===> TimeStamp : 2026-02-22 17:33:13===> API : /api/booking/displayPackages ===> Message : displayPackages() invoked!!
info: ===> TimeStamp : 2026-02-22 17:33:13===> API : /api/booking/displayPackages ===> Message : displayPackages() :: DB :: Invoked !
info: ===> TimeStamp : 2026-02-22 17:33:13===> API : /api/booking/displayPackages ===> Message : displayPackagesResponse() invoked!
info: ===> TimeStamp : 2026-02-22 17:33:13===> API : /api/booking/displayPackages ===> Message : displayPackagesResponse() completed
info: ===> TimeStamp : 2026-02-22 17:41:58===> API : null ===> Message : validateRequest() invoked
info: ===> TimeStamp : 2026-02-22 17:41:58===> API : null ===> Message : fetchDBSettings()
info: ===> TimeStamp : 2026-02-22 17:41:58===> API : null ===> Message : validateRequest() Invoked!
info: ===> TimeStamp : 2026-02-22 17:41:58===> API : null ===> Message : validRequest() :: Api validated Successfully
info: ===> TimeStamp : 2026-02-22 17:41:58===> API : /api/booking/getUserByPhone?phone=85 ===> Message : getUserByPhone() :: Request Object :: [object Object]
info: ===> TimeStamp : 2026-02-22 17:41:58===> API : /api/booking/getUserByPhone?phone=85 ===> Message : getUserByPhone() invoked!!
info: ===> TimeStamp : 2026-02-22 17:41:58===> API : /api/booking/getUserByPhone?phone=85 ===> Message : getUserByPhone() :: DB :: Invoked !
info: ===> TimeStamp : 2026-02-22 17:41:59===> API : /api/booking/getUserByPhone?phone=85 ===> Message : getUserByPhoneResponse() invoked!
info: ===> TimeStamp : 2026-02-22 17:41:59===> API : /api/booking/getUserByPhone?phone=85 ===> Message : getUserByPhoneResponse() completed
info: ===> TimeStamp : 2026-02-22 17:42:03===> API : null ===> Message : validateRequest() invoked
info: ===> TimeStamp : 2026-02-22 17:42:03===> API : null ===> Message : fetchDBSettings()
info: ===> TimeStamp : 2026-02-22 17:42:03===> API : null ===> Message : validateRequest() Invoked!
info: ===> TimeStamp : 2026-02-22 17:42:03===> API : null ===> Message : validRequest() :: Api validated Successfully
info: ===> TimeStamp : 2026-02-22 17:42:03===> API : /api/booking/getUserByPhone?phone=852 ===> Message : getUserByPhone() invoked!!
info: ===> TimeStamp : 2026-02-22 17:42:03===> API : /api/booking/getUserByPhone?phone=852 ===> Message : getUserByPhone() :: Request Object :: [object Object]
info: ===> TimeStamp : 2026-02-22 17:42:03===> API : /api/booking/getUserByPhone?phone=852 ===> Message : getUserByPhone() :: DB :: Invoked !
info: ===> TimeStamp : 2026-02-22 17:42:03===> API : /api/booking/getUserByPhone?phone=852 ===> Message : getUserByPhoneResponse() invoked!
info: ===> TimeStamp : 2026-02-22 17:42:03===> API : /api/booking/getUserByPhone?phone=852 ===> Message : getUserByPhoneResponse() completed
info: ===> TimeStamp : 2026-02-22 17:42:04===> API : null ===> Message : validateRequest() invoked
info: ===> TimeStamp : 2026-02-22 17:42:04===> API : null ===> Message : fetchDBSettings()
info: ===> TimeStamp : 2026-02-22 17:42:04===> API : null ===> Message : validateRequest() Invoked!
info: ===> TimeStamp : 2026-02-22 17:42:04===> API : null ===> Message : validRequest() :: Api validated Successfully
info: ===> TimeStamp : 2026-02-22 17:42:04===> API : /api/booking/getUserByPhone?phone=85240 ===> Message : getUserByPhone() :: Request Object :: [object Object]
info: ===> TimeStamp : 2026-02-22 17:42:04===> API : /api/booking/getUserByPhone?phone=85240 ===> Message : getUserByPhone() invoked!!
info: ===> TimeStamp : 2026-02-22 17:42:04===> API : /api/booking/getUserByPhone?phone=85240 ===> Message : getUserByPhone() :: DB :: Invoked !
info: ===> TimeStamp : 2026-02-22 17:42:05===> API : /api/booking/getUserByPhone?phone=85240 ===> Message : getUserByPhoneResponse() invoked!
info: ===> TimeStamp : 2026-02-22 17:42:05===> API : /api/booking/getUserByPhone?phone=85240 ===> Message : getUserByPhoneResponse() completed
info: ===> TimeStamp : 2026-02-22 17:42:08===> API : null ===> Message : validateRequest() invoked
info: ===> TimeStamp : 2026-02-22 17:42:08===> API : null ===> Message : fetchDBSettings()
info: ===> TimeStamp : 2026-02-22 17:42:08===> API : null ===> Message : validateRequest() Invoked!
info: ===> TimeStamp : 2026-02-22 17:42:08===> API : null ===> Message : validRequest() :: Api validated Successfully
info: ===> TimeStamp : 2026-02-22 17:42:08===> API : /api/booking/getUserByPhone?phone=8524065310 ===> Message : getUserByPhone() invoked!!
info: ===> TimeStamp : 2026-02-22 17:42:08===> API : /api/booking/getUserByPhone?phone=8524065310 ===> Message : getUserByPhone() :: Request Object :: [object Object]
info: ===> TimeStamp : 2026-02-22 17:42:08===> API : /api/booking/getUserByPhone?phone=8524065310 ===> Message : getUserByPhone() :: DB :: Invoked !
info: ===> TimeStamp : 2026-02-22 17:42:08===> API : /api/booking/getUserByPhone?phone=8524065310 ===> Message : getUserByPhoneResponse() invoked!
info: ===> TimeStamp : 2026-02-22 17:42:08===> API : /api/booking/getUserByPhone?phone=8524065310 ===> Message : getUserByPhoneResponse() completed
info: ===> TimeStamp : 2026-02-22 17:42:41===> API : null ===> Message : validateRequest() invoked
info: ===> TimeStamp : 2026-02-22 17:42:41===> API : null ===> Message : fetchDBSettings()
info: ===> TimeStamp : 2026-02-22 17:42:41===> API : null ===> Message : validateRequest() Invoked!
info: ===> TimeStamp : 2026-02-22 17:42:41===> API : null ===> Message : validRequest() :: Api validated Successfully
info: ===> TimeStamp : 2026-02-22 17:42:41===> API : /api/booking/newBooking ===> Message : newBooking() invoked!!
info: ===> TimeStamp : 2026-02-22 17:42:41===> API : /api/booking/newBooking ===> Message : newBooking() :: Request Object :: [object Object]
info: ===> TimeStamp : 2026-02-22 17:42:41===> API : /api/booking/newBooking ===> Message : getUserById() :: DB :: Invoked !
info: ===> TimeStamp : 2026-02-22 17:42:41===> API : /api/booking/newBooking ===> Message : newBooking() :: DB :: Invoked !
info: ===> TimeStamp : 2026-02-22 17:42:42===> API : /api/booking/newBooking ===> Message : newBookingResponse() invoked!
info: ===> TimeStamp : 2026-02-22 17:42:42===> API : /api/booking/newBooking ===> Message : newBookingResponse() completed
info: ===> TimeStamp : 2026-02-22 17:42:55===> API : null ===> Message : validateRequest() invoked
info: ===> TimeStamp : 2026-02-22 17:42:55===> API : null ===> Message : fetchDBSettings()
info: ===> TimeStamp : 2026-02-22 17:42:55===> API : null ===> Message : validateRequest() Invoked!
info: ===> TimeStamp : 2026-02-22 17:42:55===> API : null ===> Message : validRequest() :: Api validated Successfully
info: ===> TimeStamp : 2026-02-22 17:42:55===> API : /api/booking/displayPackages ===> Message : displayPackages() invoked!!
info: ===> TimeStamp : 2026-02-22 17:42:55===> API : /api/booking/displayPackages ===> Message : displayPackages() :: DB :: Invoked !
info: ===> TimeStamp : 2026-02-22 17:42:55===> API : /api/booking/displayPackages ===> Message : displayPackagesResponse() invoked!
info: ===> TimeStamp : 2026-02-22 17:42:55===> API : /api/booking/displayPackages ===> Message : displayPackagesResponse() completed
info: ===> TimeStamp : 2026-02-22 17:46:11===> API : null ===> Message : validateRequest() invoked
info: ===> TimeStamp : 2026-02-22 17:46:11===> API : null ===> Message : fetchDBSettings()
info: ===> TimeStamp : 2026-02-22 17:46:11===> API : null ===> Message : validateRequest() Invoked!
info: ===> TimeStamp : 2026-02-22 17:46:11===> API : null ===> Message : validRequest() :: Api validated Successfully
info: ===> TimeStamp : 2026-02-22 17:46:11===> API : /api/booking/displayPackages ===> Message : displayPackages() invoked!!
info: ===> TimeStamp : 2026-02-22 17:46:11===> API : /api/booking/displayPackages ===> Message : displayPackages() :: DB :: Invoked !
info: ===> TimeStamp : 2026-02-22 17:46:11===> API : /api/booking/displayPackages ===> Message : displayPackagesResponse() invoked!
info: ===> TimeStamp : 2026-02-22 17:46:11===> API : /api/booking/displayPackages ===> Message : displayPackagesResponse() completed
info: ===> TimeStamp : 2026-02-22 17:46:57===> API : null ===> Message : validateRequest() invoked
info: ===> TimeStamp : 2026-02-22 17:46:57===> API : null ===> Message : fetchDBSettings()
info: ===> TimeStamp : 2026-02-22 17:46:57===> API : null ===> Message : validateRequest() Invoked!
info: ===> TimeStamp : 2026-02-22 17:46:57===> API : null ===> Message : validRequest() :: Api validated Successfully
info: ===> TimeStamp : 2026-02-22 17:46:57===> API : /api/booking/displayPackages ===> Message : displayPackages() invoked!!
info: ===> TimeStamp : 2026-02-22 17:46:57===> API : /api/booking/displayPackages ===> Message : displayPackages() :: DB :: Invoked !
info: ===> TimeStamp : 2026-02-22 17:46:57===> API : /api/booking/displayPackages ===> Message : displayPackagesResponse() invoked!
info: ===> TimeStamp : 2026-02-22 17:46:57===> API : /api/booking/displayPackages ===> Message : displayPackagesResponse() completed
info: ===> TimeStamp : 2026-02-22 17:50:07===> API : null ===> Message : validateRequest() invoked
info: ===> TimeStamp : 2026-02-22 17:50:07===> API : null ===> Message : fetchDBSettings()
info: ===> TimeStamp : 2026-02-22 17:50:07===> API : null ===> Message : validateRequest() Invoked!
info: ===> TimeStamp : 2026-02-22 17:50:07===> API : null ===> Message : validRequest() :: Api validated Successfully
info: ===> TimeStamp : 2026-02-22 17:50:07===> API : /api/booking/displayPackages ===> Message : displayPackages() invoked!!
info: ===> TimeStamp : 2026-02-22 17:50:07===> API : /api/booking/displayPackages ===> Message : displayPackages() :: DB :: Invoked !
info: ===> TimeStamp : 2026-02-22 17:50:07===> API : /api/booking/displayPackages ===> Message : displayPackagesResponse() invoked!
info: ===> TimeStamp : 2026-02-22 17:50:07===> API : /api/booking/displayPackages ===> Message : displayPackagesResponse() completed
info: ===> TimeStamp : 2026-02-22 17:50:12===> API : null ===> Message : validateRequest() invoked
info: ===> TimeStamp : 2026-02-22 17:50:12===> API : null ===> Message : fetchDBSettings()
info: ===> TimeStamp : 2026-02-22 17:50:12===> API : null ===> Message : validateRequest() Invoked!
info: ===> TimeStamp : 2026-02-22 17:50:13===> API : null ===> Message : validRequest() :: Api validated Successfully
info: ===> TimeStamp : 2026-02-22 17:50:13===> API : /api/booking/displayPackages ===> Message : displayPackages() invoked!!
info: ===> TimeStamp : 2026-02-22 17:50:13===> API : /api/booking/displayPackages ===> Message : displayPackages() :: DB :: Invoked !
info: ===> TimeStamp : 2026-02-22 17:50:13===> API : /api/booking/displayPackages ===> Message : displayPackagesResponse() invoked!
info: ===> TimeStamp : 2026-02-22 17:50:13===> API : /api/booking/displayPackages ===> Message : displayPackagesResponse() completed
info: ===> TimeStamp : 2026-02-22 17:51:29===> API : null ===> Message : validateRequest() invoked
info: ===> TimeStamp : 2026-02-22 17:51:29===> API : null ===> Message : fetchDBSettings()
info: ===> TimeStamp : 2026-02-22 17:51:29===> API : null ===> Message : validateRequest() Invoked!
info: ===> TimeStamp : 2026-02-22 17:51:29===> API : null ===> Message : validRequest() :: Api validated Successfully
info: ===> TimeStamp : 2026-02-22 17:51:29===> API : /api/booking/getUserByPhone?phone=8143783 ===> Message : getUserByPhone() :: Request Object :: [object Object]
info: ===> TimeStamp : 2026-02-22 17:51:29===> API : /api/booking/getUserByPhone?phone=8143783 ===> Message : getUserByPhone() invoked!!
info: ===> TimeStamp : 2026-02-22 17:51:29===> API : /api/booking/getUserByPhone?phone=8143783 ===> Message : getUserByPhone() :: DB :: Invoked !
info: ===> TimeStamp : 2026-02-22 17:51:31===> API : /api/booking/getUserByPhone?phone=8143783 ===> Message : getUserByPhoneResponse() invoked!
info: ===> TimeStamp : 2026-02-22 17:51:31===> API : /api/booking/getUserByPhone?phone=8143783 ===> Message : getUserByPhoneResponse() completed
info: ===> TimeStamp : 2026-02-22 17:51:31===> API : null ===> Message : validateRequest() invoked
info: ===> TimeStamp : 2026-02-22 17:51:31===> API : null ===> Message : fetchDBSettings()
info: ===> TimeStamp : 2026-02-22 17:51:31===> API : null ===> Message : validateRequest() Invoked!
info: ===> TimeStamp : 2026-02-22 17:51:31===> API : null ===> Message : validRequest() :: Api validated Successfully
info: ===> TimeStamp : 2026-02-22 17:51:31===> API : /api/booking/getUserByPhone?phone=814378 ===> Message : getUserByPhone() invoked!!
info: ===> TimeStamp : 2026-02-22 17:51:31===> API : /api/booking/getUserByPhone?phone=814378 ===> Message : getUserByPhone() :: Request Object :: [object Object]
info: ===> TimeStamp : 2026-02-22 17:51:31===> API : /api/booking/getUserByPhone?phone=814378 ===> Message : getUserByPhone() :: DB :: Invoked !
info: ===> TimeStamp : 2026-02-22 17:51:32===> API : /api/booking/getUserByPhone?phone=814378 ===> Message : getUserByPhoneResponse() invoked!
info: ===> TimeStamp : 2026-02-22 17:51:32===> API : /api/booking/getUserByPhone?phone=814378 ===> Message : getUserByPhoneResponse() completed
info: ===> TimeStamp : 2026-02-22 17:51:32===> API : null ===> Message : validateRequest() invoked
info: ===> TimeStamp : 2026-02-22 17:51:32===> API : null ===> Message : fetchDBSettings()
info: ===> TimeStamp : 2026-02-22 17:51:32===> API : null ===> Message : validateRequest() Invoked!
info: ===> TimeStamp : 2026-02-22 17:51:32===> API : null ===> Message : validRequest() :: Api validated Successfully
info: ===> TimeStamp : 2026-02-22 17:51:32===> API : /api/booking/getUserByPhone?phone=8143789 ===> Message : getUserByPhone() invoked!!
info: ===> TimeStamp : 2026-02-22 17:51:32===> API : /api/booking/getUserByPhone?phone=8143789 ===> Message : getUserByPhone() :: Request Object :: [object Object]
info: ===> TimeStamp : 2026-02-22 17:51:32===> API : /api/booking/getUserByPhone?phone=8143789 ===> Message : getUserByPhone() :: DB :: Invoked !
info: ===> TimeStamp : 2026-02-22 17:51:33===> API : /api/booking/getUserByPhone?phone=8143789 ===> Message : getUserByPhoneResponse() invoked!
info: ===> TimeStamp : 2026-02-22 17:51:33===> API : /api/booking/getUserByPhone?phone=8143789 ===> Message : getUserByPhoneResponse() completed
info: ===> TimeStamp : 2026-02-22 17:51:35===> API : null ===> Message : validateRequest() invoked
info: ===> TimeStamp : 2026-02-22 17:51:35===> API : null ===> Message : fetchDBSettings()
info: ===> TimeStamp : 2026-02-22 17:51:35===> API : null ===> Message : validateRequest() Invoked!
info: ===> TimeStamp : 2026-02-22 17:51:35===> API : null ===> Message : validRequest() :: Api validated Successfully
info: ===> TimeStamp : 2026-02-22 17:51:35===> API : /api/booking/getUserByPhone?phone=8143789870 ===> Message : getUserByPhone() invoked!!
info: ===> TimeStamp : 2026-02-22 17:51:35===> API : /api/booking/getUserByPhone?phone=8143789870 ===> Message : getUserByPhone() :: Request Object :: [object Object]
info: ===> TimeStamp : 2026-02-22 17:51:35===> API : /api/booking/getUserByPhone?phone=8143789870 ===> Message : getUserByPhone() :: DB :: Invoked !
info: ===> TimeStamp : 2026-02-22 17:51:35===> API : /api/booking/getUserByPhone?phone=8143789870 ===> Message : getUserByPhoneResponse() invoked!
info: ===> TimeStamp : 2026-02-22 17:51:35===> API : /api/booking/getUserByPhone?phone=8143789870 ===> Message : getUserByPhoneResponse() completed
info: ===> TimeStamp : 2026-02-22 17:52:22===> API : null ===> Message : validateRequest() invoked
info: ===> TimeStamp : 2026-02-22 17:52:22===> API : null ===> Message : fetchDBSettings()
info: ===> TimeStamp : 2026-02-22 17:52:22===> API : null ===> Message : validateRequest() Invoked!
info: ===> TimeStamp : 2026-02-22 17:52:22===> API : null ===> Message : validRequest() :: Api validated Successfully
info: ===> TimeStamp : 2026-02-22 17:52:22===> API : /api/booking/displayPackages ===> Message : displayPackages() invoked!!
info: ===> TimeStamp : 2026-02-22 17:52:22===> API : /api/booking/displayPackages ===> Message : displayPackages() :: DB :: Invoked !
info: ===> TimeStamp : 2026-02-22 17:52:22===> API : /api/booking/displayPackages ===> Message : displayPackagesResponse() invoked!
info: ===> TimeStamp : 2026-02-22 17:52:22===> API : /api/booking/displayPackages ===> Message : displayPackagesResponse() completed
info: ===> TimeStamp : 2026-02-22 17:52:37===> API : null ===> Message : validateRequest() invoked
info: ===> TimeStamp : 2026-02-22 17:52:37===> API : null ===> Message : fetchDBSettings()
info: ===> TimeStamp : 2026-02-22 17:52:37===> API : null ===> Message : validateRequest() Invoked!
info: ===> TimeStamp : 2026-02-22 17:52:38===> API : null ===> Message : validRequest() :: Api validated Successfully
info: ===> TimeStamp : 2026-02-22 17:52:38===> API : /api/booking/getUserByPhone?phone=9158883000 ===> Message : getUserByPhone() invoked!!
info: ===> TimeStamp : 2026-02-22 17:52:38===> API : /api/booking/getUserByPhone?phone=9158883000 ===> Message : getUserByPhone() :: Request Object :: [object Object]
info: ===> TimeStamp : 2026-02-22 17:52:38===> API : /api/booking/getUserByPhone?phone=9158883000 ===> Message : getUserByPhone() :: DB :: Invoked !
info: ===> TimeStamp : 2026-02-22 17:52:38===> API : /api/booking/getUserByPhone?phone=9158883000 ===> Message : getUserByPhoneResponse() invoked!
info: ===> TimeStamp : 2026-02-22 17:52:38===> API : /api/booking/getUserByPhone?phone=9158883000 ===> Message : getUserByPhoneResponse() completed
info: ===> TimeStamp : 2026-02-22 17:53:38===> API : null ===> Message : validateRequest() invoked
info: ===> TimeStamp : 2026-02-22 17:53:38===> API : null ===> Message : fetchDBSettings()
info: ===> TimeStamp : 2026-02-22 17:53:38===> API : null ===> Message : validateRequest() Invoked!
info: ===> TimeStamp : 2026-02-22 17:53:38===> API : null ===> Message : validRequest() :: Api validated Successfully
info: ===> TimeStamp : 2026-02-22 17:53:38===> API : /api/booking/newBooking ===> Message : newBooking() invoked!!
info: ===> TimeStamp : 2026-02-22 17:53:38===> API : /api/booking/newBooking ===> Message : newBooking() :: Request Object :: [object Object]
info: ===> TimeStamp : 2026-02-22 17:53:38===> API : /api/booking/newBooking ===> Message : getUserById() :: DB :: Invoked !
info: ===> TimeStamp : 2026-02-22 17:53:38===> API : /api/booking/newBooking ===> Message : newBooking() :: DB :: Invoked !
info: ===> TimeStamp : 2026-02-22 17:53:39===> API : /api/booking/newBooking ===> Message : newBookingResponse() invoked!
info: ===> TimeStamp : 2026-02-22 17:53:39===> API : /api/booking/newBooking ===> Message : newBookingResponse() completed
info: ===> TimeStamp : 2026-02-22 17:54:24===> API : null ===> Message : validateRequest() invoked
info: ===> TimeStamp : 2026-02-22 17:54:24===> API : null ===> Message : fetchDBSettings()
info: ===> TimeStamp : 2026-02-22 17:54:24===> API : null ===> Message : validateRequest() Invoked!
info: ===> TimeStamp : 2026-02-22 17:54:24===> API : null ===> Message : validRequest() :: Api validated Successfully
info: ===> TimeStamp : 2026-02-22 17:54:24===> API : /api/booking/displayPackages ===> Message : displayPackages() invoked!!
info: ===> TimeStamp : 2026-02-22 17:54:24===> API : /api/booking/displayPackages ===> Message : displayPackages() :: DB :: Invoked !
info: ===> TimeStamp : 2026-02-22 17:54:24===> API : /api/booking/displayPackages ===> Message : displayPackagesResponse() invoked!
info: ===> TimeStamp : 2026-02-22 17:54:24===> API : /api/booking/displayPackages ===> Message : displayPackagesResponse() completed
info: ===> TimeStamp : 2026-02-22 17:56:19===> API : null ===> Message : validateRequest() invoked
info: ===> TimeStamp : 2026-02-22 17:56:19===> API : null ===> Message : fetchDBSettings()
info: ===> TimeStamp : 2026-02-22 17:56:19===> API : null ===> Message : validateRequest() invoked
info: ===> TimeStamp : 2026-02-22 17:56:19===> API : null ===> Message : fetchDBSettings()
info: ===> TimeStamp : 2026-02-22 17:56:19===> API : null ===> Message : validateRequest() Invoked!
info: ===> TimeStamp : 2026-02-22 17:56:19===> API : null ===> Message : validateRequest() Invoked!
info: ===> TimeStamp : 2026-02-22 17:56:19===> API : null ===> Message : validRequest() :: Api validated Successfully
info: ===> TimeStamp : 2026-02-22 17:56:19===> API : /api/booking/displayPackages ===> Message : displayPackages() invoked!!
info: ===> TimeStamp : 2026-02-22 17:56:19===> API : /api/booking/displayPackages ===> Message : displayPackages() :: DB :: Invoked !
info: ===> TimeStamp : 2026-02-22 17:56:19===> API : /api/booking/displayPackages ===> Message : displayPackagesResponse() invoked!
info: ===> TimeStamp : 2026-02-22 17:56:19===> API : /api/booking/displayPackages ===> Message : displayPackagesResponse() completed
info: ===> TimeStamp : 2026-02-22 17:56:19===> API : null ===> Message : validRequest() :: Api validated Successfully
info: ===> TimeStamp : 2026-02-22 17:56:19===> API : /api/booking/fetchBookings?futureDate=2026-02-22 ===> Message : fetchBookings() :: Request Object :: [object Object]
info: ===> TimeStamp : 2026-02-22 17:56:19===> API : /api/booking/fetchBookings?futureDate=2026-02-22 ===> Message : fetchBookings() :: DB :: Invoked !
info: ===> TimeStamp : 2026-02-22 17:56:19===> API : /api/booking/fetchBookings?futureDate=2026-02-22 ===> Message : fetchBookings() invoked!!
info: ===> TimeStamp : 2026-02-22 17:56:20===> API : /api/booking/fetchBookings?futureDate=2026-02-22 ===> Message : fetchBookingsResponse() invoked!
info: ===> TimeStamp : 2026-02-22 17:56:20===> API : /api/booking/fetchBookings?futureDate=2026-02-22 ===> Message : fetchBookingsResponse() completed
info: ===> TimeStamp : 2026-02-22 17:56:20===> API : null ===> Message : validateRequest() invoked
info: ===> TimeStamp : 2026-02-22 17:56:20===> API : null ===> Message : fetchDBSettings()
info: ===> TimeStamp : 2026-02-22 17:56:20===> API : null ===> Message : validateRequest() Invoked!
info: ===> TimeStamp : 2026-02-22 17:56:20===> API : null ===> Message : validRequest() :: Api validated Successfully
info: ===> TimeStamp : 2026-02-22 17:56:20===> API : /api/booking/fetchBookings?futureDate=2026-02-22 ===> Message : fetchBookings() invoked!!
info: ===> TimeStamp : 2026-02-22 17:56:20===> API : /api/booking/fetchBookings?futureDate=2026-02-22 ===> Message : fetchBookings() :: Request Object :: [object Object]
info: ===> TimeStamp : 2026-02-22 17:56:20===> API : /api/booking/fetchBookings?futureDate=2026-02-22 ===> Message : fetchBookings() :: DB :: Invoked !
info: ===> TimeStamp : 2026-02-22 17:56:21===> API : /api/booking/fetchBookings?futureDate=2026-02-22 ===> Message : fetchBookingsResponse() invoked!
info: ===> TimeStamp : 2026-02-22 17:56:21===> API : /api/booking/fetchBookings?futureDate=2026-02-22 ===> Message : fetchBookingsResponse() completed
info: ===> TimeStamp : 2026-02-22 17:56:31===> API : null ===> Message : validateRequest() invoked
info: ===> TimeStamp : 2026-02-22 17:56:31===> API : null ===> Message : fetchDBSettings()
info: ===> TimeStamp : 2026-02-22 17:56:31===> API : null ===> Message : validateRequest() Invoked!
info: ===> TimeStamp : 2026-02-22 17:56:31===> API : null ===> Message : validRequest() :: Api validated Successfully
info: ===> TimeStamp : 2026-02-22 17:56:31===> API : /api/booking/updateBooking ===> Message : updateBooking() invoked!!
info: ===> TimeStamp : 2026-02-22 17:56:31===> API : /api/booking/updateBooking ===> Message : updateBooking() :: Request Object :: [object Object]
info: ===> TimeStamp : 2026-02-22 17:56:31===> API : /api/booking/updateBooking ===> Message : updateBooking() :: DB :: Invoked !
info: ===> TimeStamp : 2026-02-22 17:56:31===> API : /api/booking/updateBooking ===> Message : updateBookingResponse() invoked!
info: ===> TimeStamp : 2026-02-22 17:56:31===> API : /api/booking/updateBooking ===> Message : updateBookingResponse() completed
info: ===> TimeStamp : 2026-02-22 17:56:57===> API : null ===> Message : validateRequest() invoked
info: ===> TimeStamp : 2026-02-22 17:56:57===> API : null ===> Message : fetchDBSettings()
info: ===> TimeStamp : 2026-02-22 17:56:57===> API : null ===> Message : validateRequest() Invoked!
info: ===> TimeStamp : 2026-02-22 17:56:57===> API : null ===> Message : validRequest() :: Api validated Successfully
info: ===> TimeStamp : 2026-02-22 17:56:57===> API : /api/booking/displayPackages ===> Message : displayPackages() invoked!!
info: ===> TimeStamp : 2026-02-22 17:56:57===> API : /api/booking/displayPackages ===> Message : displayPackages() :: DB :: Invoked !
info: ===> TimeStamp : 2026-02-22 17:56:57===> API : /api/booking/displayPackages ===> Message : displayPackagesResponse() invoked!
info: ===> TimeStamp : 2026-02-22 17:56:57===> API : /api/booking/displayPackages ===> Message : displayPackagesResponse() completed
info: ===> TimeStamp : 2026-02-22 17:57:40===> API : null ===> Message : validateRequest() invoked
info: ===> TimeStamp : 2026-02-22 17:57:40===> API : null ===> Message : fetchDBSettings()
info: ===> TimeStamp : 2026-02-22 17:57:40===> API : null ===> Message : validateRequest() Invoked!
info: ===> TimeStamp : 2026-02-22 17:57:40===> API : null ===> Message : validRequest() :: Api validated Successfully
info: ===> TimeStamp : 2026-02-22 17:57:40===> API : /api/booking/newBooking ===> Message : newBooking() invoked!!
info: ===> TimeStamp : 2026-02-22 17:57:40===> API : /api/booking/newBooking ===> Message : newBooking() :: Request Object :: [object Object]
info: ===> TimeStamp : 2026-02-22 17:57:40===> API : /api/booking/newBooking ===> Message : getUserById() :: DB :: Invoked !
info: ===> TimeStamp : 2026-02-22 17:57:40===> API : /api/booking/newBooking ===> Message : newBooking() :: DB :: Invoked !
info: ===> TimeStamp : 2026-02-22 17:57:41===> API : /api/booking/newBooking ===> Message : newBookingResponse() invoked!
info: ===> TimeStamp : 2026-02-22 17:57:41===> API : /api/booking/newBooking ===> Message : newBookingResponse() completed
info: ===> TimeStamp : 2026-02-22 17:57:58===> API : null ===> Message : validateRequest() invoked
info: ===> TimeStamp : 2026-02-22 17:57:58===> API : null ===> Message : fetchDBSettings()
info: ===> TimeStamp : 2026-02-22 17:57:58===> API : null ===> Message : validateRequest() Invoked!
info: ===> TimeStamp : 2026-02-22 17:57:58===> API : null ===> Message : validRequest() :: Api validated Successfully
info: ===> TimeStamp : 2026-02-22 17:57:58===> API : /api/booking/displayPackages ===> Message : displayPackages() invoked!!
info: ===> TimeStamp : 2026-02-22 17:57:58===> API : /api/booking/displayPackages ===> Message : displayPackages() :: DB :: Invoked !
info: ===> TimeStamp : 2026-02-22 17:57:58===> API : /api/booking/displayPackages ===> Message : displayPackagesResponse() invoked!
info: ===> TimeStamp : 2026-02-22 17:57:58===> API : /api/booking/displayPackages ===> Message : displayPackagesResponse() completed
info: ===> TimeStamp : 2026-02-22 18:12:27===> API : null ===> Message : validateRequest() invoked
info: ===> TimeStamp : 2026-02-22 18:12:27===> API : null ===> Message : fetchDBSettings()
info: ===> TimeStamp : 2026-02-22 18:12:27===> API : null ===> Message : validateRequest() Invoked!
info: ===> TimeStamp : 2026-02-22 18:12:27===> API : null ===> Message : validRequest() :: Api validated Successfully
info: ===> TimeStamp : 2026-02-22 18:12:27===> API : /api/booking/displayPackages ===> Message : displayPackages() :: DB :: Invoked !
info: ===> TimeStamp : 2026-02-22 18:12:27===> API : /api/booking/displayPackages ===> Message : displayPackages() invoked!!
info: ===> TimeStamp : 2026-02-22 18:12:27===> API : /api/booking/displayPackages ===> Message : displayPackagesResponse() invoked!
info: ===> TimeStamp : 2026-02-22 18:12:27===> API : /api/booking/displayPackages ===> Message : displayPackagesResponse() completed
info: ===> TimeStamp : 2026-02-22 18:13:02===> API : null ===> Message : validateRequest() invoked
info: ===> TimeStamp : 2026-02-22 18:13:02===> API : null ===> Message : fetchDBSettings()
info: ===> TimeStamp : 2026-02-22 18:13:02===> API : null ===> Message : validateRequest() Invoked!
info: ===> TimeStamp : 2026-02-22 18:13:02===> API : null ===> Message : validRequest() :: Api validated Successfully
info: ===> TimeStamp : 2026-02-22 18:13:02===> API : /api/booking/getUserByPhone?phone=70 ===> Message : getUserByPhone() invoked!!
info: ===> TimeStamp : 2026-02-22 18:13:02===> API : /api/booking/getUserByPhone?phone=70 ===> Message : getUserByPhone() :: Request Object :: [object Object]
info: ===> TimeStamp : 2026-02-22 18:13:02===> API : /api/booking/getUserByPhone?phone=70 ===> Message : getUserByPhone() :: DB :: Invoked !
info: ===> TimeStamp : 2026-02-22 18:13:03===> API : /api/booking/getUserByPhone?phone=70 ===> Message : getUserByPhoneResponse() invoked!
info: ===> TimeStamp : 2026-02-22 18:13:03===> API : /api/booking/getUserByPhone?phone=70 ===> Message : getUserByPhoneResponse() completed
info: ===> TimeStamp : 2026-02-22 18:13:05===> API : null ===> Message : validateRequest() invoked
info: ===> TimeStamp : 2026-02-22 18:13:05===> API : null ===> Message : fetchDBSettings()
info: ===> TimeStamp : 2026-02-22 18:13:05===> API : null ===> Message : validateRequest() Invoked!
info: ===> TimeStamp : 2026-02-22 18:13:05===> API : null ===> Message : validRequest() :: Api validated Successfully
info: ===> TimeStamp : 2026-02-22 18:13:05===> API : /api/booking/getUserByPhone?phone=9033 ===> Message : getUserByPhone() invoked!!
info: ===> TimeStamp : 2026-02-22 18:13:05===> API : /api/booking/getUserByPhone?phone=9033 ===> Message : getUserByPhone() :: Request Object :: [object Object]
info: ===> TimeStamp : 2026-02-22 18:13:05===> API : /api/booking/getUserByPhone?phone=9033 ===> Message : getUserByPhone() :: DB :: Invoked !
info: ===> TimeStamp : 2026-02-22 18:13:06===> API : /api/booking/getUserByPhone?phone=9033 ===> Message : getUserByPhoneResponse() invoked!
info: ===> TimeStamp : 2026-02-22 18:13:06===> API : /api/booking/getUserByPhone?phone=9033 ===> Message : getUserByPhoneResponse() completed
info: ===> TimeStamp : 2026-02-22 18:13:07===> API : null ===> Message : validateRequest() invoked
info: ===> TimeStamp : 2026-02-22 18:13:07===> API : null ===> Message : fetchDBSettings()
info: ===> TimeStamp : 2026-02-22 18:13:07===> API : null ===> Message : validateRequest() Invoked!
info: ===> TimeStamp : 2026-02-22 18:13:07===> API : null ===> Message : validRequest() :: Api validated Successfully
info: ===> TimeStamp : 2026-02-22 18:13:07===> API : /api/booking/getUserByPhone?phone=903312 ===> Message : getUserByPhone() invoked!!
info: ===> TimeStamp : 2026-02-22 18:13:07===> API : /api/booking/getUserByPhone?phone=903312 ===> Message : getUserByPhone() :: Request Object :: [object Object]
info: ===> TimeStamp : 2026-02-22 18:13:07===> API : /api/booking/getUserByPhone?phone=903312 ===> Message : getUserByPhone() :: DB :: Invoked !
info: ===> TimeStamp : 2026-02-22 18:13:07===> API : /api/booking/getUserByPhone?phone=903312 ===> Message : getUserByPhoneResponse() invoked!
info: ===> TimeStamp : 2026-02-22 18:13:07===> API : /api/booking/getUserByPhone?phone=903312 ===> Message : getUserByPhoneResponse() completed
info: ===> TimeStamp : 2026-02-22 18:13:08===> API : null ===> Message : validateRequest() invoked
info: ===> TimeStamp : 2026-02-22 18:13:08===> API : null ===> Message : fetchDBSettings()
info: ===> TimeStamp : 2026-02-22 18:13:08===> API : null ===> Message : validateRequest() Invoked!
info: ===> TimeStamp : 2026-02-22 18:13:08===> API : null ===> Message : validRequest() :: Api validated Successfully
info: ===> TimeStamp : 2026-02-22 18:13:08===> API : /api/booking/getUserByPhone?phone=90331255 ===> Message : getUserByPhone() invoked!!
info: ===> TimeStamp : 2026-02-22 18:13:08===> API : /api/booking/getUserByPhone?phone=90331255 ===> Message : getUserByPhone() :: Request Object :: [object Object]
info: ===> TimeStamp : 2026-02-22 18:13:08===> API : /api/booking/getUserByPhone?phone=90331255 ===> Message : getUserByPhone() :: DB :: Invoked !
info: ===> TimeStamp : 2026-02-22 18:13:09===> API : /api/booking/getUserByPhone?phone=90331255 ===> Message : getUserByPhoneResponse() invoked!
info: ===> TimeStamp : 2026-02-22 18:13:09===> API : /api/booking/getUserByPhone?phone=90331255 ===> Message : getUserByPhoneResponse() completed
info: ===> TimeStamp : 2026-02-22 18:13:10===> API : null ===> Message : validateRequest() invoked
info: ===> TimeStamp : 2026-02-22 18:13:10===> API : null ===> Message : fetchDBSettings()
info: ===> TimeStamp : 2026-02-22 18:13:10===> API : null ===> Message : validateRequest() Invoked!
info: ===> TimeStamp : 2026-02-22 18:13:10===> API : null ===> Message : validRequest() :: Api validated Successfully
info: ===> TimeStamp : 2026-02-22 18:13:10===> API : /api/booking/getUserByPhone?phone=9033125535 ===> Message : getUserByPhone() :: Request Object :: [object Object]
info: ===> TimeStamp : 2026-02-22 18:13:10===> API : /api/booking/getUserByPhone?phone=9033125535 ===> Message : getUserByPhone() :: DB :: Invoked !
info: ===> TimeStamp : 2026-02-22 18:13:10===> API : /api/booking/getUserByPhone?phone=9033125535 ===> Message : getUserByPhone() invoked!!
info: ===> TimeStamp : 2026-02-22 18:13:11===> API : /api/booking/getUserByPhone?phone=9033125535 ===> Message : getUserByPhoneResponse() invoked!
info: ===> TimeStamp : 2026-02-22 18:13:11===> API : /api/booking/getUserByPhone?phone=9033125535 ===> Message : getUserByPhoneResponse() completed
info: ===> TimeStamp : 2026-02-22 18:13:32===> API : null ===> Message : validateRequest() invoked
info: ===> TimeStamp : 2026-02-22 18:13:32===> API : null ===> Message : fetchDBSettings()
info: ===> TimeStamp : 2026-02-22 18:13:32===> API : null ===> Message : validateRequest() Invoked!
info: ===> TimeStamp : 2026-02-22 18:13:32===> API : null ===> Message : validRequest() :: Api validated Successfully
info: ===> TimeStamp : 2026-02-22 18:13:32===> API : /api/booking/displayPackages ===> Message : displayPackages() :: DB :: Invoked !
info: ===> TimeStamp : 2026-02-22 18:13:32===> API : /api/booking/displayPackages ===> Message : displayPackages() invoked!!
info: ===> TimeStamp : 2026-02-22 18:13:32===> API : /api/booking/displayPackages ===> Message : displayPackagesResponse() invoked!
info: ===> TimeStamp : 2026-02-22 18:13:32===> API : /api/booking/displayPackages ===> Message : displayPackagesResponse() completed
info: ===> TimeStamp : 2026-02-22 18:13:45===> API : null ===> Message : validateRequest() invoked
info: ===> TimeStamp : 2026-02-22 18:13:45===> API : null ===> Message : fetchDBSettings()
info: ===> TimeStamp : 2026-02-22 18:13:45===> API : null ===> Message : validateRequest() Invoked!
info: ===> TimeStamp : 2026-02-22 18:13:45===> API : null ===> Message : validRequest() :: Api validated Successfully
info: ===> TimeStamp : 2026-02-22 18:13:45===> API : /api/booking/newBooking ===> Message : newBooking() invoked!!
info: ===> TimeStamp : 2026-02-22 18:13:45===> API : /api/booking/newBooking ===> Message : newBooking() :: Request Object :: [object Object]
info: ===> TimeStamp : 2026-02-22 18:13:45===> API : /api/booking/newBooking ===> Message : getUserById() :: DB :: Invoked !
info: ===> TimeStamp : 2026-02-22 18:13:46===> API : /api/booking/newBooking ===> Message : newBooking() :: DB :: Invoked !
info: ===> TimeStamp : 2026-02-22 18:13:46===> API : /api/booking/newBooking ===> Message : newBookingResponse() invoked!
info: ===> TimeStamp : 2026-02-22 18:13:46===> API : /api/booking/newBooking ===> Message : newBookingResponse() completed
info: ===> TimeStamp : 2026-02-22 18:14:00===> API : null ===> Message : validateRequest() invoked
info: ===> TimeStamp : 2026-02-22 18:14:00===> API : null ===> Message : fetchDBSettings()
info: ===> TimeStamp : 2026-02-22 18:14:00===> API : null ===> Message : validateRequest() Invoked!
info: ===> TimeStamp : 2026-02-22 18:14:00===> API : null ===> Message : validRequest() :: Api validated Successfully
info: ===> TimeStamp : 2026-02-22 18:14:00===> API : /api/booking/displayPackages ===> Message : displayPackages() invoked!!
info: ===> TimeStamp : 2026-02-22 18:14:00===> API : /api/booking/displayPackages ===> Message : displayPackages() :: DB :: Invoked !
info: ===> TimeStamp : 2026-02-22 18:14:00===> API : /api/booking/displayPackages ===> Message : displayPackagesResponse() invoked!
info: ===> TimeStamp : 2026-02-22 18:14:00===> API : /api/booking/displayPackages ===> Message : displayPackagesResponse() completed
info: ===> TimeStamp : 2026-02-22 18:15:04===> API : null ===> Message : validateRequest() invoked
info: ===> TimeStamp : 2026-02-22 18:15:04===> API : null ===> Message : fetchDBSettings()
info: ===> TimeStamp : 2026-02-22 18:15:04===> API : null ===> Message : validateRequest() Invoked!
info: ===> TimeStamp : 2026-02-22 18:15:04===> API : /api/booking/displayPackages ===> Message : displayPackages() :: DB :: Invoked !
info: ===> TimeStamp : 2026-02-22 18:15:04===> API : null ===> Message : validRequest() :: Api validated Successfully
info: ===> TimeStamp : 2026-02-22 18:15:04===> API : /api/booking/displayPackages ===> Message : displayPackages() invoked!!
info: ===> TimeStamp : 2026-02-22 18:15:04===> API : /api/booking/displayPackages ===> Message : displayPackagesResponse() invoked!
info: ===> TimeStamp : 2026-02-22 18:15:04===> API : /api/booking/displayPackages ===> Message : displayPackagesResponse() completed
info: ===> TimeStamp : 2026-02-22 18:18:26===> API : null ===> Message : validateRequest() invoked
info: ===> TimeStamp : 2026-02-22 18:18:26===> API : null ===> Message : fetchDBSettings()
info: ===> TimeStamp : 2026-02-22 18:18:26===> API : null ===> Message : validateRequest() Invoked!
info: ===> TimeStamp : 2026-02-22 18:18:26===> API : null ===> Message : validRequest() :: Api validated Successfully
info: ===> TimeStamp : 2026-02-22 18:18:26===> API : /api/booking/displayPackages ===> Message : displayPackages() invoked!!
info: ===> TimeStamp : 2026-02-22 18:18:26===> API : /api/booking/displayPackages ===> Message : displayPackages() :: DB :: Invoked !
info: ===> TimeStamp : 2026-02-22 18:18:26===> API : /api/booking/displayPackages ===> Message : displayPackagesResponse() invoked!
info: ===> TimeStamp : 2026-02-22 18:18:26===> API : /api/booking/displayPackages ===> Message : displayPackagesResponse() completed
info: ===> TimeStamp : 2026-02-22 18:18:28===> API : null ===> Message : validateRequest() invoked
info: ===> TimeStamp : 2026-02-22 18:18:28===> API : null ===> Message : fetchDBSettings()
info: ===> TimeStamp : 2026-02-22 18:18:28===> API : null ===> Message : validateRequest() Invoked!
info: ===> TimeStamp : 2026-02-22 18:18:28===> API : null ===> Message : validRequest() :: Api validated Successfully
info: ===> TimeStamp : 2026-02-22 18:18:28===> API : /api/booking/displayPackages ===> Message : displayPackages() invoked!!
info: ===> TimeStamp : 2026-02-22 18:18:28===> API : /api/booking/displayPackages ===> Message : displayPackages() :: DB :: Invoked !
info: ===> TimeStamp : 2026-02-22 18:18:28===> API : /api/booking/displayPackages ===> Message : displayPackagesResponse() invoked!
info: ===> TimeStamp : 2026-02-22 18:18:28===> API : /api/booking/displayPackages ===> Message : displayPackagesResponse() completed
info: ===> TimeStamp : 2026-02-22 18:20:32===> API : null ===> Message : fetchDBSettings()
info: ===> TimeStamp : 2026-02-22 18:20:32===> API : null ===> Message : validateRequest() invoked
info: ===> TimeStamp : 2026-02-22 18:20:32===> API : null ===> Message : validateRequest() Invoked!
info: ===> TimeStamp : 2026-02-22 18:20:32===> API : null ===> Message : validRequest() :: Api validated Successfully
info: ===> TimeStamp : 2026-02-22 18:20:32===> API : /api/booking/displayPackages ===> Message : displayPackages() invoked!!
info: ===> TimeStamp : 2026-02-22 18:20:32===> API : /api/booking/displayPackages ===> Message : displayPackages() :: DB :: Invoked !
info: ===> TimeStamp : 2026-02-22 18:20:32===> API : /api/booking/displayPackages ===> Message : displayPackagesResponse() invoked!
info: ===> TimeStamp : 2026-02-22 18:20:32===> API : /api/booking/displayPackages ===> Message : displayPackagesResponse() completed
info: ===> TimeStamp : 2026-02-22 18:26:44===> API : null ===> Message : validateRequest() invoked
info: ===> TimeStamp : 2026-02-22 18:26:44===> API : null ===> Message : fetchDBSettings()
info: ===> TimeStamp : 2026-02-22 18:26:44===> API : null ===> Message : validateRequest() invoked
info: ===> TimeStamp : 2026-02-22 18:26:44===> API : null ===> Message : fetchDBSettings()
info: ===> TimeStamp : 2026-02-22 18:26:44===> API : null ===> Message : validateRequest() Invoked!
info: ===> TimeStamp : 2026-02-22 18:26:44===> API : null ===> Message : validateRequest() Invoked!
info: ===> TimeStamp : 2026-02-22 18:26:44===> API : null ===> Message : validRequest() :: Api validated Successfully
info: ===> TimeStamp : 2026-02-22 18:26:44===> API : /api/booking/displayPackages ===> Message : displayPackages() invoked!!
info: ===> TimeStamp : 2026-02-22 18:26:44===> API : /api/booking/displayPackages ===> Message : displayPackages() :: DB :: Invoked !
info: ===> TimeStamp : 2026-02-22 18:26:44===> API : /api/booking/displayPackages ===> Message : displayPackagesResponse() invoked!
info: ===> TimeStamp : 2026-02-22 18:26:44===> API : /api/booking/displayPackages ===> Message : displayPackagesResponse() completed
info: ===> TimeStamp : 2026-02-22 18:26:44===> API : null ===> Message : validRequest() :: Api validated Successfully
info: ===> TimeStamp : 2026-02-22 18:26:44===> API : /api/booking/fetchBookings?futureDate=2026-02-22 ===> Message : fetchBookings() invoked!!
info: ===> TimeStamp : 2026-02-22 18:26:44===> API : /api/booking/fetchBookings?futureDate=2026-02-22 ===> Message : fetchBookings() :: Request Object :: [object Object]
info: ===> TimeStamp : 2026-02-22 18:26:44===> API : /api/booking/fetchBookings?futureDate=2026-02-22 ===> Message : fetchBookings() :: DB :: Invoked !
info: ===> TimeStamp : 2026-02-22 18:26:45===> API : /api/booking/fetchBookings?futureDate=2026-02-22 ===> Message : fetchBookingsResponse() invoked!
info: ===> TimeStamp : 2026-02-22 18:26:45===> API : /api/booking/fetchBookings?futureDate=2026-02-22 ===> Message : fetchBookingsResponse() completed
info: ===> TimeStamp : 2026-02-22 18:26:45===> API : null ===> Message : validateRequest() invoked
info: ===> TimeStamp : 2026-02-22 18:26:45===> API : null ===> Message : fetchDBSettings()
info: ===> TimeStamp : 2026-02-22 18:26:45===> API : null ===> Message : validateRequest() Invoked!
info: ===> TimeStamp : 2026-02-22 18:26:45===> API : null ===> Message : validRequest() :: Api validated Successfully
info: ===> TimeStamp : 2026-02-22 18:26:45===> API : /api/booking/fetchBookings?futureDate=2026-02-22 ===> Message : fetchBookings() invoked!!
info: ===> TimeStamp : 2026-02-22 18:26:45===> API : /api/booking/fetchBookings?futureDate=2026-02-22 ===> Message : fetchBookings() :: Request Object :: [object Object]
info: ===> TimeStamp : 2026-02-22 18:26:45===> API : /api/booking/fetchBookings?futureDate=2026-02-22 ===> Message : fetchBookings() :: DB :: Invoked !
info: ===> TimeStamp : 2026-02-22 18:26:46===> API : /api/booking/fetchBookings?futureDate=2026-02-22 ===> Message : fetchBookingsResponse() invoked!
info: ===> TimeStamp : 2026-02-22 18:26:46===> API : /api/booking/fetchBookings?futureDate=2026-02-22 ===> Message : fetchBookingsResponse() completed
info: ===> TimeStamp : 2026-02-22 18:26:51===> API : null ===> Message : fetchDBSettings()
info: ===> TimeStamp : 2026-02-22 18:26:51===> API : null ===> Message : validateRequest() invoked
info: ===> TimeStamp : 2026-02-22 18:26:51===> API : null ===> Message : validateRequest() invoked
info: ===> TimeStamp : 2026-02-22 18:26:51===> API : null ===> Message : fetchDBSettings()
info: ===> TimeStamp : 2026-02-22 18:26:51===> API : null ===> Message : validateRequest() Invoked!
info: ===> TimeStamp : 2026-02-22 18:26:51===> API : null ===> Message : validateRequest() Invoked!
info: ===> TimeStamp : 2026-02-22 18:26:51===> API : null ===> Message : validRequest() :: Api validated Successfully
info: ===> TimeStamp : 2026-02-22 18:26:51===> API : /api/booking/displayPackages ===> Message : displayPackages() invoked!!
info: ===> TimeStamp : 2026-02-22 18:26:51===> API : /api/booking/displayPackages ===> Message : displayPackages() :: DB :: Invoked !
info: ===> TimeStamp : 2026-02-22 18:26:51===> API : /api/booking/displayPackages ===> Message : displayPackagesResponse() invoked!
info: ===> TimeStamp : 2026-02-22 18:26:51===> API : /api/booking/displayPackages ===> Message : displayPackagesResponse() completed
info: ===> TimeStamp : 2026-02-22 18:26:51===> API : null ===> Message : validRequest() :: Api validated Successfully
info: ===> TimeStamp : 2026-02-22 18:26:51===> API : /api/booking/fetchBookings?futureDate=2026-02-22 ===> Message : fetchBookings() invoked!!
info: ===> TimeStamp : 2026-02-22 18:26:51===> API : /api/booking/fetchBookings?futureDate=2026-02-22 ===> Message : fetchBookings() :: Request Object :: [object Object]
info: ===> TimeStamp : 2026-02-22 18:26:51===> API : /api/booking/fetchBookings?futureDate=2026-02-22 ===> Message : fetchBookings() :: DB :: Invoked !
info: ===> TimeStamp : 2026-02-22 18:26:54===> API : /api/booking/fetchBookings?futureDate=2026-02-22 ===> Message : fetchBookingsResponse() invoked!
info: ===> TimeStamp : 2026-02-22 18:26:54===> API : /api/booking/fetchBookings?futureDate=2026-02-22 ===> Message : fetchBookingsResponse() completed
info: ===> TimeStamp : 2026-02-22 18:26:54===> API : null ===> Message : validateRequest() invoked
info: ===> TimeStamp : 2026-02-22 18:26:54===> API : null ===> Message : fetchDBSettings()
info: ===> TimeStamp : 2026-02-22 18:26:54===> API : null ===> Message : validateRequest() Invoked!
info: ===> TimeStamp : 2026-02-22 18:26:54===> API : null ===> Message : validRequest() :: Api validated Successfully
info: ===> TimeStamp : 2026-02-22 18:26:54===> API : /api/booking/fetchBookings?futureDate=2026-02-22 ===> Message : fetchBookings() invoked!!
info: ===> TimeStamp : 2026-02-22 18:26:54===> API : /api/booking/fetchBookings?futureDate=2026-02-22 ===> Message : fetchBookings() :: Request Object :: [object Object]
info: ===> TimeStamp : 2026-02-22 18:26:54===> API : /api/booking/fetchBookings?futureDate=2026-02-22 ===> Message : fetchBookings() :: DB :: Invoked !
info: ===> TimeStamp : 2026-02-22 18:26:55===> API : /api/booking/fetchBookings?futureDate=2026-02-22 ===> Message : fetchBookingsResponse() invoked!
info: ===> TimeStamp : 2026-02-22 18:26:55===> API : /api/booking/fetchBookings?futureDate=2026-02-22 ===> Message : fetchBookingsResponse() completed
info: ===> TimeStamp : 2026-02-22 18:30:06===> API : null ===> Message : validateRequest() invoked
info: ===> TimeStamp : 2026-02-22 18:30:06===> API : null ===> Message : fetchDBSettings()
info: ===> TimeStamp : 2026-02-22 18:30:06===> API : null ===> Message : validateRequest() Invoked!
info: ===> TimeStamp : 2026-02-22 18:30:06===> API : null ===> Message : validRequest() :: Api validated Successfully
info: ===> TimeStamp : 2026-02-22 18:30:06===> API : /api/booking/displayPackages ===> Message : displayPackages() invoked!!
info: ===> TimeStamp : 2026-02-22 18:30:06===> API : /api/booking/displayPackages ===> Message : displayPackages() :: DB :: Invoked !
info: ===> TimeStamp : 2026-02-22 18:30:06===> API : /api/booking/displayPackages ===> Message : displayPackagesResponse() invoked!
info: ===> TimeStamp : 2026-02-22 18:30:06===> API : /api/booking/displayPackages ===> Message : displayPackagesResponse() completed
info: ===> TimeStamp : 2026-02-22 18:31:19===> API : null ===> Message : validateRequest() invoked
info: ===> TimeStamp : 2026-02-22 18:31:19===> API : null ===> Message : fetchDBSettings()
info: ===> TimeStamp : 2026-02-22 18:31:19===> API : null ===> Message : validateRequest() Invoked!
info: ===> TimeStamp : 2026-02-22 18:31:19===> API : null ===> Message : validRequest() :: Api validated Successfully
info: ===> TimeStamp : 2026-02-22 18:31:19===> API : /api/booking/displayPackages ===> Message : displayPackages() invoked!!
info: ===> TimeStamp : 2026-02-22 18:31:19===> API : /api/booking/displayPackages ===> Message : displayPackages() :: DB :: Invoked !
info: ===> TimeStamp : 2026-02-22 18:31:19===> API : /api/booking/displayPackages ===> Message : displayPackagesResponse() invoked!
info: ===> TimeStamp : 2026-02-22 18:31:19===> API : /api/booking/displayPackages ===> Message : displayPackagesResponse() completed
info: ===> TimeStamp : 2026-02-22 18:34:28===> API : null ===> Message : validateRequest() invoked
info: ===> TimeStamp : 2026-02-22 18:34:28===> API : null ===> Message : fetchDBSettings()
info: ===> TimeStamp : 2026-02-22 18:34:29===> API : null ===> Message : validateRequest() Invoked!
info: ===> TimeStamp : 2026-02-22 18:34:29===> API : null ===> Message : validRequest() :: Api validated Successfully
info: ===> TimeStamp : 2026-02-22 18:34:29===> API : /api/booking/displayPackages ===> Message : displayPackages() invoked!!
info: ===> TimeStamp : 2026-02-22 18:34:29===> API : /api/booking/displayPackages ===> Message : displayPackages() :: DB :: Invoked !
info: ===> TimeStamp : 2026-02-22 18:34:29===> API : /api/booking/displayPackages ===> Message : displayPackagesResponse() invoked!
info: ===> TimeStamp : 2026-02-22 18:34:29===> API : /api/booking/displayPackages ===> Message : displayPackagesResponse() completed
info: ===> TimeStamp : 2026-02-22 18:34:50===> API : null ===> Message : validateRequest() invoked
info: ===> TimeStamp : 2026-02-22 18:34:50===> API : null ===> Message : fetchDBSettings()
info: ===> TimeStamp : 2026-02-22 18:34:50===> API : null ===> Message : validateRequest() Invoked!
info: ===> TimeStamp : 2026-02-22 18:34:50===> API : null ===> Message : validRequest() :: Api validated Successfully
info: ===> TimeStamp : 2026-02-22 18:34:50===> API : /api/booking/displayPackages ===> Message : displayPackages() invoked!!
info: ===> TimeStamp : 2026-02-22 18:34:50===> API : /api/booking/displayPackages ===> Message : displayPackages() :: DB :: Invoked !
info: ===> TimeStamp : 2026-02-22 18:34:50===> API : /api/booking/displayPackages ===> Message : displayPackagesResponse() invoked!
info: ===> TimeStamp : 2026-02-22 18:34:50===> API : /api/booking/displayPackages ===> Message : displayPackagesResponse() completed
info: ===> TimeStamp : 2026-02-22 18:35:38===> API : null ===> Message : validateRequest() invoked
info: ===> TimeStamp : 2026-02-22 18:35:38===> API : null ===> Message : fetchDBSettings()
info: ===> TimeStamp : 2026-02-22 18:35:38===> API : null ===> Message : validateRequest() Invoked!
info: ===> TimeStamp : 2026-02-22 18:35:38===> API : null ===> Message : validRequest() :: Api validated Successfully
info: ===> TimeStamp : 2026-02-22 18:35:38===> API : /api/booking/displayPackages ===> Message : displayPackages() invoked!!
info: ===> TimeStamp : 2026-02-22 18:35:39===> API : /api/booking/displayPackages ===> Message : displayPackages() :: DB :: Invoked !
info: ===> TimeStamp : 2026-02-22 18:35:39===> API : /api/booking/displayPackages ===> Message : displayPackagesResponse() invoked!
info: ===> TimeStamp : 2026-02-22 18:35:39===> API : /api/booking/displayPackages ===> Message : displayPackagesResponse() completed
info: ===> TimeStamp : 2026-02-22 18:40:43===> API : null ===> Message : validateRequest() invoked
info: ===> TimeStamp : 2026-02-22 18:40:43===> API : null ===> Message : fetchDBSettings()
info: ===> TimeStamp : 2026-02-22 18:40:43===> API : null ===> Message : validateRequest() Invoked!
info: ===> TimeStamp : 2026-02-22 18:40:43===> API : null ===> Message : validRequest() :: Api validated Successfully
info: ===> TimeStamp : 2026-02-22 18:40:43===> API : /api/booking/displayPackages ===> Message : displayPackages() invoked!!
info: ===> TimeStamp : 2026-02-22 18:40:43===> API : /api/booking/displayPackages ===> Message : displayPackages() :: DB :: Invoked !
info: ===> TimeStamp : 2026-02-22 18:40:43===> API : /api/booking/displayPackages ===> Message : displayPackagesResponse() invoked!
info: ===> TimeStamp : 2026-02-22 18:40:43===> API : /api/booking/displayPackages ===> Message : displayPackagesResponse() completed
info: ===> TimeStamp : 2026-02-22 18:43:18===> API : null ===> Message : validateRequest() invoked
info: ===> TimeStamp : 2026-02-22 18:43:18===> API : null ===> Message : fetchDBSettings()
info: ===> TimeStamp : 2026-02-22 18:43:18===> API : null ===> Message : validateRequest() Invoked!
info: ===> TimeStamp : 2026-02-22 18:43:18===> API : null ===> Message : validRequest() :: Api validated Successfully
info: ===> TimeStamp : 2026-02-22 18:43:18===> API : /api/booking/displayPackages ===> Message : displayPackages() invoked!!
info: ===> TimeStamp : 2026-02-22 18:43:18===> API : /api/booking/displayPackages ===> Message : displayPackages() :: DB :: Invoked !
info: ===> TimeStamp : 2026-02-22 18:43:18===> API : /api/booking/displayPackages ===> Message : displayPackagesResponse() invoked!
info: ===> TimeStamp : 2026-02-22 18:43:18===> API : /api/booking/displayPackages ===> Message : displayPackagesResponse() completed
info: ===> TimeStamp : 2026-02-22 18:44:28===> API : null ===> Message : validateRequest() invoked
info: ===> TimeStamp : 2026-02-22 18:44:28===> API : null ===> Message : fetchDBSettings()
info: ===> TimeStamp : 2026-02-22 18:44:28===> API : null ===> Message : validateRequest() Invoked!
info: ===> TimeStamp : 2026-02-22 18:44:28===> API : null ===> Message : validRequest() :: Api validated Successfully
info: ===> TimeStamp : 2026-02-22 18:44:28===> API : /api/booking/displayPackages ===> Message : displayPackages() invoked!!
info: ===> TimeStamp : 2026-02-22 18:44:28===> API : /api/booking/displayPackages ===> Message : displayPackages() :: DB :: Invoked !
info: ===> TimeStamp : 2026-02-22 18:44:28===> API : /api/booking/displayPackages ===> Message : displayPackagesResponse() invoked!
info: ===> TimeStamp : 2026-02-22 18:44:28===> API : /api/booking/displayPackages ===> Message : displayPackagesResponse() completed
info: ===> TimeStamp : 2026-02-22 18:44:53===> API : null ===> Message : validateRequest() invoked
info: ===> TimeStamp : 2026-02-22 18:44:53===> API : null ===> Message : validateRequest() Error:: Invalid Request :: 
      {"apiUri":"/pdown"}
info: ===> TimeStamp : 2026-02-22 18:45:15===> API : null ===> Message : validateRequest() invoked
info: ===> TimeStamp : 2026-02-22 18:45:15===> API : null ===> Message : fetchDBSettings()
info: ===> TimeStamp : 2026-02-22 18:45:15===> API : null ===> Message : validateRequest() Invoked!
info: ===> TimeStamp : 2026-02-22 18:45:15===> API : null ===> Message : validRequest() :: Api validated Successfully
info: ===> TimeStamp : 2026-02-22 18:45:15===> API : /api/booking/displayPackages ===> Message : displayPackages() invoked!!
info: ===> TimeStamp : 2026-02-22 18:45:15===> API : /api/booking/displayPackages ===> Message : displayPackages() :: DB :: Invoked !
info: ===> TimeStamp : 2026-02-22 18:45:15===> API : /api/booking/displayPackages ===> Message : displayPackagesResponse() invoked!
info: ===> TimeStamp : 2026-02-22 18:45:15===> API : /api/booking/displayPackages ===> Message : displayPackagesResponse() completed
info: ===> TimeStamp : 2026-02-22 18:49:15===> API : null ===> Message : validateRequest() invoked
info: ===> TimeStamp : 2026-02-22 18:49:15===> API : null ===> Message : fetchDBSettings()
info: ===> TimeStamp : 2026-02-22 18:49:15===> API : null ===> Message : validateRequest() Invoked!
info: ===> TimeStamp : 2026-02-22 18:49:15===> API : null ===> Message : validRequest() :: Api validated Successfully
info: ===> TimeStamp : 2026-02-22 18:49:15===> API : /api/booking/getUserByPhone?phone=82966 ===> Message : getUserByPhone() invoked!!
info: ===> TimeStamp : 2026-02-22 18:49:15===> API : /api/booking/getUserByPhone?phone=82966 ===> Message : getUserByPhone() :: Request Object :: [object Object]
info: ===> TimeStamp : 2026-02-22 18:49:15===> API : /api/booking/getUserByPhone?phone=82966 ===> Message : getUserByPhone() :: DB :: Invoked !
info: ===> TimeStamp : 2026-02-22 18:49:15===> API : /api/booking/getUserByPhone?phone=82966 ===> Message : getUserByPhoneResponse() invoked!
info: ===> TimeStamp : 2026-02-22 18:49:15===> API : /api/booking/getUserByPhone?phone=82966 ===> Message : getUserByPhoneResponse() completed
info: ===> TimeStamp : 2026-02-22 18:49:16===> API : null ===> Message : validateRequest() invoked
info: ===> TimeStamp : 2026-02-22 18:49:16===> API : null ===> Message : fetchDBSettings()
info: ===> TimeStamp : 2026-02-22 18:49:16===> API : null ===> Message : validateRequest() Invoked!
info: ===> TimeStamp : 2026-02-22 18:49:16===> API : null ===> Message : validRequest() :: Api validated Successfully
info: ===> TimeStamp : 2026-02-22 18:49:16===> API : /api/booking/getUserByPhone?phone=8296682 ===> Message : getUserByPhone() invoked!!
info: ===> TimeStamp : 2026-02-22 18:49:16===> API : /api/booking/getUserByPhone?phone=8296682 ===> Message : getUserByPhone() :: Request Object :: [object Object]
info: ===> TimeStamp : 2026-02-22 18:49:16===> API : /api/booking/getUserByPhone?phone=8296682 ===> Message : getUserByPhone() :: DB :: Invoked !
info: ===> TimeStamp : 2026-02-22 18:49:17===> API : /api/booking/getUserByPhone?phone=8296682 ===> Message : getUserByPhoneResponse() invoked!
info: ===> TimeStamp : 2026-02-22 18:49:17===> API : /api/booking/getUserByPhone?phone=8296682 ===> Message : getUserByPhoneResponse() completed
info: ===> TimeStamp : 2026-02-22 18:49:18===> API : null ===> Message : validateRequest() invoked
info: ===> TimeStamp : 2026-02-22 18:49:18===> API : null ===> Message : fetchDBSettings()
info: ===> TimeStamp : 2026-02-22 18:49:18===> API : null ===> Message : validateRequest() Invoked!
info: ===> TimeStamp : 2026-02-22 18:49:18===> API : null ===> Message : validRequest() :: Api validated Successfully
info: ===> TimeStamp : 2026-02-22 18:49:18===> API : /api/booking/getUserByPhone?phone=8296682144 ===> Message : getUserByPhone() invoked!!
info: ===> TimeStamp : 2026-02-22 18:49:18===> API : /api/booking/getUserByPhone?phone=8296682144 ===> Message : getUserByPhone() :: Request Object :: [object Object]
info: ===> TimeStamp : 2026-02-22 18:49:18===> API : /api/booking/getUserByPhone?phone=8296682144 ===> Message : getUserByPhone() :: DB :: Invoked !
info: ===> TimeStamp : 2026-02-22 18:49:18===> API : /api/booking/getUserByPhone?phone=8296682144 ===> Message : getUserByPhoneResponse() invoked!
info: ===> TimeStamp : 2026-02-22 18:49:18===> API : /api/booking/getUserByPhone?phone=8296682144 ===> Message : getUserByPhoneResponse() completed
info: ===> TimeStamp : 2026-02-22 18:49:24===> API : null ===> Message : validateRequest() invoked
info: ===> TimeStamp : 2026-02-22 18:49:24===> API : null ===> Message : fetchDBSettings()
info: ===> TimeStamp : 2026-02-22 18:49:24===> API : null ===> Message : validateRequest() Invoked!
info: ===> TimeStamp : 2026-02-22 18:49:24===> API : null ===> Message : validRequest() :: Api validated Successfully
info: ===> TimeStamp : 2026-02-22 18:49:24===> API : /api/booking/getUserByPhone?phone=8296682140 ===> Message : getUserByPhone() :: Request Object :: [object Object]
info: ===> TimeStamp : 2026-02-22 18:49:24===> API : /api/booking/getUserByPhone?phone=8296682140 ===> Message : getUserByPhone() invoked!!
info: ===> TimeStamp : 2026-02-22 18:49:24===> API : /api/booking/getUserByPhone?phone=8296682140 ===> Message : getUserByPhone() :: DB :: Invoked !
info: ===> TimeStamp : 2026-02-22 18:49:24===> API : /api/booking/getUserByPhone?phone=8296682140 ===> Message : getUserByPhoneResponse() invoked!
info: ===> TimeStamp : 2026-02-22 18:49:24===> API : /api/booking/getUserByPhone?phone=8296682140 ===> Message : getUserByPhoneResponse() completed
info: ===> TimeStamp : 2026-02-22 18:50:11===> API : null ===> Message : validateRequest() invoked
info: ===> TimeStamp : 2026-02-22 18:50:11===> API : null ===> Message : fetchDBSettings()
info: ===> TimeStamp : 2026-02-22 18:50:11===> API : null ===> Message : validateRequest() Invoked!
info: ===> TimeStamp : 2026-02-22 18:50:11===> API : null ===> Message : validRequest() :: Api validated Successfully
info: ===> TimeStamp : 2026-02-22 18:50:11===> API : /api/booking/newBooking ===> Message : newBooking() invoked!!
info: ===> TimeStamp : 2026-02-22 18:50:11===> API : /api/booking/newBooking ===> Message : newBooking() :: Request Object :: [object Object]
info: ===> TimeStamp : 2026-02-22 18:50:11===> API : /api/booking/newBooking ===> Message : getUserById() :: DB :: Invoked !
info: ===> TimeStamp : 2026-02-22 18:50:11===> API : /api/booking/newBooking ===> Message : newBooking() :: DB :: Invoked !
info: ===> TimeStamp : 2026-02-22 18:50:12===> API : /api/booking/newBooking ===> Message : newBookingResponse() invoked!
info: ===> TimeStamp : 2026-02-22 18:50:12===> API : /api/booking/newBooking ===> Message : newBookingResponse() completed
info: ===> TimeStamp : 2026-02-22 18:50:26===> API : null ===> Message : validateRequest() invoked
info: ===> TimeStamp : 2026-02-22 18:50:26===> API : null ===> Message : fetchDBSettings()
info: ===> TimeStamp : 2026-02-22 18:50:26===> API : null ===> Message : validateRequest() Invoked!
info: ===> TimeStamp : 2026-02-22 18:50:26===> API : null ===> Message : validRequest() :: Api validated Successfully
info: ===> TimeStamp : 2026-02-22 18:50:26===> API : /api/booking/displayPackages ===> Message : displayPackages() invoked!!
info: ===> TimeStamp : 2026-02-22 18:50:26===> API : /api/booking/displayPackages ===> Message : displayPackages() :: DB :: Invoked !
info: ===> TimeStamp : 2026-02-22 18:50:26===> API : /api/booking/displayPackages ===> Message : displayPackagesResponse() invoked!
info: ===> TimeStamp : 2026-02-22 18:50:26===> API : /api/booking/displayPackages ===> Message : displayPackagesResponse() completed
info: ===> TimeStamp : 2026-02-22 18:50:56===> API : null ===> Message : validateRequest() invoked
info: ===> TimeStamp : 2026-02-22 18:50:56===> API : null ===> Message : fetchDBSettings()
info: ===> TimeStamp : 2026-02-22 18:50:56===> API : null ===> Message : validateRequest() Invoked!
info: ===> TimeStamp : 2026-02-22 18:50:56===> API : null ===> Message : validRequest() :: Api validated Successfully
info: ===> TimeStamp : 2026-02-22 18:50:56===> API : /api/booking/displayPackages ===> Message : displayPackages() invoked!!
info: ===> TimeStamp : 2026-02-22 18:50:56===> API : /api/booking/displayPackages ===> Message : displayPackages() :: DB :: Invoked !
info: ===> TimeStamp : 2026-02-22 18:50:56===> API : /api/booking/displayPackages ===> Message : displayPackagesResponse() invoked!
info: ===> TimeStamp : 2026-02-22 18:50:56===> API : /api/booking/displayPackages ===> Message : displayPackagesResponse() completed
info: ===> TimeStamp : 2026-02-22 18:52:36===> API : null ===> Message : validateRequest() invoked
info: ===> TimeStamp : 2026-02-22 18:52:36===> API : null ===> Message : fetchDBSettings()
info: ===> TimeStamp : 2026-02-22 18:52:36===> API : null ===> Message : validateRequest() Invoked!
info: ===> TimeStamp : 2026-02-22 18:52:36===> API : null ===> Message : validRequest() :: Api validated Successfully
info: ===> TimeStamp : 2026-02-22 18:52:36===> API : /api/booking/displayPackages ===> Message : displayPackages() invoked!!
info: ===> TimeStamp : 2026-02-22 18:52:36===> API : /api/booking/displayPackages ===> Message : displayPackages() :: DB :: Invoked !
info: ===> TimeStamp : 2026-02-22 18:52:36===> API : /api/booking/displayPackages ===> Message : displayPackagesResponse() invoked!
info: ===> TimeStamp : 2026-02-22 18:52:36===> API : /api/booking/displayPackages ===> Message : displayPackagesResponse() completed
info: ===> TimeStamp : 2026-02-22 18:53:08===> API : null ===> Message : validateRequest() invoked
info: ===> TimeStamp : 2026-02-22 18:53:08===> API : null ===> Message : fetchDBSettings()
info: ===> TimeStamp : 2026-02-22 18:53:08===> API : null ===> Message : validateRequest() Invoked!
info: ===> TimeStamp : 2026-02-22 18:53:08===> API : null ===> Message : validRequest() :: Api validated Successfully
info: ===> TimeStamp : 2026-02-22 18:53:08===> API : /api/booking/getUserByPhone?phone=9182 ===> Message : getUserByPhone() invoked!!
info: ===> TimeStamp : 2026-02-22 18:53:08===> API : /api/booking/getUserByPhone?phone=9182 ===> Message : getUserByPhone() :: Request Object :: [object Object]
info: ===> TimeStamp : 2026-02-22 18:53:08===> API : /api/booking/getUserByPhone?phone=9182 ===> Message : getUserByPhone() :: DB :: Invoked !
info: ===> TimeStamp : 2026-02-22 18:53:08===> API : /api/booking/getUserByPhone?phone=9182 ===> Message : getUserByPhoneResponse() invoked!
info: ===> TimeStamp : 2026-02-22 18:53:08===> API : /api/booking/getUserByPhone?phone=9182 ===> Message : getUserByPhoneResponse() completed
info: ===> TimeStamp : 2026-02-22 18:53:10===> API : null ===> Message : validateRequest() invoked
info: ===> TimeStamp : 2026-02-22 18:53:10===> API : null ===> Message : fetchDBSettings()
info: ===> TimeStamp : 2026-02-22 18:53:10===> API : null ===> Message : validateRequest() Invoked!
info: ===> TimeStamp : 2026-02-22 18:53:10===> API : null ===> Message : validRequest() :: Api validated Successfully
info: ===> TimeStamp : 2026-02-22 18:53:10===> API : /api/booking/getUserByPhone?phone=91825616 ===> Message : getUserByPhone() invoked!!
info: ===> TimeStamp : 2026-02-22 18:53:10===> API : /api/booking/getUserByPhone?phone=91825616 ===> Message : getUserByPhone() :: Request Object :: [object Object]
info: ===> TimeStamp : 2026-02-22 18:53:10===> API : /api/booking/getUserByPhone?phone=91825616 ===> Message : getUserByPhone() :: DB :: Invoked !
info: ===> TimeStamp : 2026-02-22 18:53:11===> API : /api/booking/getUserByPhone?phone=91825616 ===> Message : getUserByPhoneResponse() invoked!
info: ===> TimeStamp : 2026-02-22 18:53:11===> API : /api/booking/getUserByPhone?phone=91825616 ===> Message : getUserByPhoneResponse() completed
info: ===> TimeStamp : 2026-02-22 18:53:12===> API : null ===> Message : validateRequest() invoked
info: ===> TimeStamp : 2026-02-22 18:53:12===> API : null ===> Message : fetchDBSettings()
info: ===> TimeStamp : 2026-02-22 18:53:12===> API : null ===> Message : validateRequest() Invoked!
info: ===> TimeStamp : 2026-02-22 18:53:12===> API : null ===> Message : validRequest() :: Api validated Successfully
info: ===> TimeStamp : 2026-02-22 18:53:12===> API : /api/booking/getUserByPhone?phone=9182561614 ===> Message : getUserByPhone() invoked!!
info: ===> TimeStamp : 2026-02-22 18:53:12===> API : /api/booking/getUserByPhone?phone=9182561614 ===> Message : getUserByPhone() :: Request Object :: [object Object]
info: ===> TimeStamp : 2026-02-22 18:53:12===> API : /api/booking/getUserByPhone?phone=9182561614 ===> Message : getUserByPhone() :: DB :: Invoked !
info: ===> TimeStamp : 2026-02-22 18:53:12===> API : /api/booking/getUserByPhone?phone=9182561614 ===> Message : getUserByPhoneResponse() invoked!
info: ===> TimeStamp : 2026-02-22 18:53:12===> API : /api/booking/getUserByPhone?phone=9182561614 ===> Message : getUserByPhoneResponse() completed
info: ===> TimeStamp : 2026-02-22 18:53:50===> API : null ===> Message : validateRequest() invoked
info: ===> TimeStamp : 2026-02-22 18:53:50===> API : null ===> Message : fetchDBSettings()
info: ===> TimeStamp : 2026-02-22 18:53:50===> API : null ===> Message : validateRequest() Invoked!
info: ===> TimeStamp : 2026-02-22 18:53:50===> API : null ===> Message : validRequest() :: Api validated Successfully
info: ===> TimeStamp : 2026-02-22 18:53:50===> API : /api/booking/newBooking ===> Message : newBooking() invoked!!
info: ===> TimeStamp : 2026-02-22 18:53:50===> API : /api/booking/newBooking ===> Message : newBooking() :: Request Object :: [object Object]
info: ===> TimeStamp : 2026-02-22 18:53:50===> API : /api/booking/newBooking ===> Message : getUserById() :: DB :: Invoked !
info: ===> TimeStamp : 2026-02-22 18:53:50===> API : /api/booking/newBooking ===> Message : newBooking() :: DB :: Invoked !
info: ===> TimeStamp : 2026-02-22 18:53:51===> API : /api/booking/newBooking ===> Message : newBookingResponse() invoked!
info: ===> TimeStamp : 2026-02-22 18:53:51===> API : /api/booking/newBooking ===> Message : newBookingResponse() completed
info: ===> TimeStamp : 2026-02-22 18:54:05===> API : null ===> Message : validateRequest() invoked
info: ===> TimeStamp : 2026-02-22 18:54:05===> API : null ===> Message : fetchDBSettings()
info: ===> TimeStamp : 2026-02-22 18:54:05===> API : null ===> Message : validateRequest() Invoked!
info: ===> TimeStamp : 2026-02-22 18:54:05===> API : null ===> Message : validRequest() :: Api validated Successfully
info: ===> TimeStamp : 2026-02-22 18:54:05===> API : /api/booking/displayPackages ===> Message : displayPackages() invoked!!
info: ===> TimeStamp : 2026-02-22 18:54:05===> API : /api/booking/displayPackages ===> Message : displayPackages() :: DB :: Invoked !
info: ===> TimeStamp : 2026-02-22 18:54:05===> API : /api/booking/displayPackages ===> Message : displayPackagesResponse() invoked!
info: ===> TimeStamp : 2026-02-22 18:54:05===> API : /api/booking/displayPackages ===> Message : displayPackagesResponse() completed
info: ===> TimeStamp : 2026-02-22 18:54:24===> API : null ===> Message : validateRequest() invoked
info: ===> TimeStamp : 2026-02-22 18:54:24===> API : null ===> Message : fetchDBSettings()
info: ===> TimeStamp : 2026-02-22 18:54:24===> API : null ===> Message : validateRequest() Invoked!
info: ===> TimeStamp : 2026-02-22 18:54:24===> API : null ===> Message : validRequest() :: Api validated Successfully
info: ===> TimeStamp : 2026-02-22 18:54:24===> API : /api/booking/displayPackages ===> Message : displayPackages() invoked!!
info: ===> TimeStamp : 2026-02-22 18:54:24===> API : /api/booking/displayPackages ===> Message : displayPackages() :: DB :: Invoked !
info: ===> TimeStamp : 2026-02-22 18:54:24===> API : /api/booking/displayPackages ===> Message : displayPackagesResponse() invoked!
info: ===> TimeStamp : 2026-02-22 18:54:24===> API : /api/booking/displayPackages ===> Message : displayPackagesResponse() completed
info: ===> TimeStamp : 2026-02-22 19:01:13===> API : null ===> Message : validateRequest() invoked
info: ===> TimeStamp : 2026-02-22 19:01:13===> API : null ===> Message : fetchDBSettings()
info: ===> TimeStamp : 2026-02-22 19:01:13===> API : null ===> Message : validateRequest() Invoked!
info: ===> TimeStamp : 2026-02-22 19:01:13===> API : null ===> Message : validRequest() :: Api validated Successfully
info: ===> TimeStamp : 2026-02-22 19:01:13===> API : /api/booking/displayPackages ===> Message : displayPackages() :: DB :: Invoked !
info: ===> TimeStamp : 2026-02-22 19:01:13===> API : /api/booking/displayPackages ===> Message : displayPackages() invoked!!
info: ===> TimeStamp : 2026-02-22 19:01:13===> API : /api/booking/displayPackages ===> Message : displayPackagesResponse() invoked!
info: ===> TimeStamp : 2026-02-22 19:01:13===> API : /api/booking/displayPackages ===> Message : displayPackagesResponse() completed
info: ===> TimeStamp : 2026-02-22 19:19:04===> API : null ===> Message : validateRequest() invoked
info: ===> TimeStamp : 2026-02-22 19:19:04===> API : null ===> Message : fetchDBSettings()
info: ===> TimeStamp : 2026-02-22 19:19:04===> API : null ===> Message : validateRequest() Invoked!
info: ===> TimeStamp : 2026-02-22 19:19:04===> API : null ===> Message : validRequest() :: Api validated Successfully
info: ===> TimeStamp : 2026-02-22 19:19:04===> API : /api/booking/displayPackages ===> Message : displayPackages() invoked!!
info: ===> TimeStamp : 2026-02-22 19:19:04===> API : /api/booking/displayPackages ===> Message : displayPackages() :: DB :: Invoked !
info: ===> TimeStamp : 2026-02-22 19:19:04===> API : /api/booking/displayPackages ===> Message : displayPackagesResponse() invoked!
info: ===> TimeStamp : 2026-02-22 19:19:04===> API : /api/booking/displayPackages ===> Message : displayPackagesResponse() completed
info: ===> TimeStamp : 2026-02-22 19:20:18===> API : null ===> Message : validateRequest() invoked
info: ===> TimeStamp : 2026-02-22 19:20:18===> API : null ===> Message : fetchDBSettings()
info: ===> TimeStamp : 2026-02-22 19:20:18===> API : null ===> Message : validateRequest() Invoked!
info: ===> TimeStamp : 2026-02-22 19:20:18===> API : null ===> Message : validRequest() :: Api validated Successfully
info: ===> TimeStamp : 2026-02-22 19:20:18===> API : /api/booking/displayPackages ===> Message : displayPackages() invoked!!
info: ===> TimeStamp : 2026-02-22 19:20:18===> API : /api/booking/displayPackages ===> Message : displayPackages() :: DB :: Invoked !
info: ===> TimeStamp : 2026-02-22 19:20:18===> API : /api/booking/displayPackages ===> Message : displayPackagesResponse() invoked!
info: ===> TimeStamp : 2026-02-22 19:20:18===> API : /api/booking/displayPackages ===> Message : displayPackagesResponse() completed
info: ===> TimeStamp : 2026-02-22 19:20:39===> API : null ===> Message : validateRequest() invoked
info: ===> TimeStamp : 2026-02-22 19:20:39===> API : null ===> Message : fetchDBSettings()
info: ===> TimeStamp : 2026-02-22 19:20:39===> API : null ===> Message : validateRequest() Invoked!
info: ===> TimeStamp : 2026-02-22 19:20:39===> API : null ===> Message : validRequest() :: Api validated Successfully
info: ===> TimeStamp : 2026-02-22 19:20:39===> API : /api/booking/newBooking ===> Message : newBooking() invoked!!
info: ===> TimeStamp : 2026-02-22 19:20:39===> API : /api/booking/newBooking ===> Message : newBooking() :: Request Object :: [object Object]
info: ===> TimeStamp : 2026-02-22 19:20:39===> API : /api/booking/newBooking ===> Message : getUserById() :: DB :: Invoked !
info: ===> TimeStamp : 2026-02-22 19:20:39===> API : /api/booking/newBooking ===> Message : newBooking() :: DB :: Invoked !
info: ===> TimeStamp : 2026-02-22 19:20:39===> API : /api/booking/newBooking ===> Message : newBookingResponse() invoked!
info: ===> TimeStamp : 2026-02-22 19:20:39===> API : /api/booking/newBooking ===> Message : newBookingResponse() completed
info: ===> TimeStamp : 2026-02-22 19:26:17===> API : null ===> Message : validateRequest() invoked
info: ===> TimeStamp : 2026-02-22 19:26:17===> API : null ===> Message : fetchDBSettings()
info: ===> TimeStamp : 2026-02-22 19:26:17===> API : null ===> Message : validateRequest() Invoked!
info: ===> TimeStamp : 2026-02-22 19:26:17===> API : null ===> Message : validRequest() :: Api validated Successfully
info: ===> TimeStamp : 2026-02-22 19:26:17===> API : /api/booking/displayPackages ===> Message : displayPackages() invoked!!
info: ===> TimeStamp : 2026-02-22 19:26:17===> API : /api/booking/displayPackages ===> Message : displayPackages() :: DB :: Invoked !
info: ===> TimeStamp : 2026-02-22 19:26:17===> API : /api/booking/displayPackages ===> Message : displayPackagesResponse() invoked!
info: ===> TimeStamp : 2026-02-22 19:26:17===> API : /api/booking/displayPackages ===> Message : displayPackagesResponse() completed
info: ===> TimeStamp : 2026-02-22 19:26:20===> API : null ===> Message : validateRequest() invoked
info: ===> TimeStamp : 2026-02-22 19:26:20===> API : null ===> Message : fetchDBSettings()
info: ===> TimeStamp : 2026-02-22 19:26:20===> API : null ===> Message : validateRequest() Invoked!
info: ===> TimeStamp : 2026-02-22 19:26:20===> API : null ===> Message : validRequest() :: Api validated Successfully
info: ===> TimeStamp : 2026-02-22 19:26:20===> API : /api/booking/displayPackages ===> Message : displayPackages() invoked!!
info: ===> TimeStamp : 2026-02-22 19:26:20===> API : /api/booking/displayPackages ===> Message : displayPackages() :: DB :: Invoked !
info: ===> TimeStamp : 2026-02-22 19:26:20===> API : /api/booking/displayPackages ===> Message : displayPackagesResponse() invoked!
info: ===> TimeStamp : 2026-02-22 19:26:20===> API : /api/booking/displayPackages ===> Message : displayPackagesResponse() completed
info: ===> TimeStamp : 2026-02-22 19:27:48===> API : null ===> Message : validateRequest() invoked
info: ===> TimeStamp : 2026-02-22 19:27:48===> API : null ===> Message : fetchDBSettings()
info: ===> TimeStamp : 2026-02-22 19:27:48===> API : null ===> Message : validateRequest() Invoked!
info: ===> TimeStamp : 2026-02-22 19:27:48===> API : null ===> Message : validRequest() :: Api validated Successfully
info: ===> TimeStamp : 2026-02-22 19:27:48===> API : /api/booking/displayPackages ===> Message : displayPackages() invoked!!
info: ===> TimeStamp : 2026-02-22 19:27:48===> API : /api/booking/displayPackages ===> Message : displayPackages() :: DB :: Invoked !
info: ===> TimeStamp : 2026-02-22 19:27:48===> API : /api/booking/displayPackages ===> Message : displayPackagesResponse() invoked!
info: ===> TimeStamp : 2026-02-22 19:27:48===> API : /api/booking/displayPackages ===> Message : displayPackagesResponse() completed
info: ===> TimeStamp : 2026-02-22 19:28:57===> API : null ===> Message : validateRequest() invoked
info: ===> TimeStamp : 2026-02-22 19:28:57===> API : null ===> Message : fetchDBSettings()
info: ===> TimeStamp : 2026-02-22 19:28:57===> API : null ===> Message : validateRequest() Invoked!
info: ===> TimeStamp : 2026-02-22 19:28:57===> API : null ===> Message : validRequest() :: Api validated Successfully
info: ===> TimeStamp : 2026-02-22 19:28:57===> API : /api/booking/getUserByPhone?phone=9611 ===> Message : getUserByPhone() invoked!!
info: ===> TimeStamp : 2026-02-22 19:28:57===> API : /api/booking/getUserByPhone?phone=9611 ===> Message : getUserByPhone() :: Request Object :: [object Object]
info: ===> TimeStamp : 2026-02-22 19:28:57===> API : /api/booking/getUserByPhone?phone=9611 ===> Message : getUserByPhone() :: DB :: Invoked !
info: ===> TimeStamp : 2026-02-22 19:28:58===> API : /api/booking/getUserByPhone?phone=9611 ===> Message : getUserByPhoneResponse() invoked!
info: ===> TimeStamp : 2026-02-22 19:28:58===> API : /api/booking/getUserByPhone?phone=9611 ===> Message : getUserByPhoneResponse() completed
info: ===> TimeStamp : 2026-02-22 19:28:59===> API : null ===> Message : validateRequest() invoked
info: ===> TimeStamp : 2026-02-22 19:28:59===> API : null ===> Message : fetchDBSettings()
info: ===> TimeStamp : 2026-02-22 19:28:59===> API : null ===> Message : validateRequest() Invoked!
info: ===> TimeStamp : 2026-02-22 19:28:59===> API : null ===> Message : validRequest() :: Api validated Successfully
info: ===> TimeStamp : 2026-02-22 19:28:59===> API : /api/booking/getUserByPhone?phone=961193 ===> Message : getUserByPhone() invoked!!
info: ===> TimeStamp : 2026-02-22 19:28:59===> API : /api/booking/getUserByPhone?phone=961193 ===> Message : getUserByPhone() :: Request Object :: [object Object]
info: ===> TimeStamp : 2026-02-22 19:28:59===> API : /api/booking/getUserByPhone?phone=961193 ===> Message : getUserByPhone() :: DB :: Invoked !
info: ===> TimeStamp : 2026-02-22 19:28:59===> API : /api/booking/getUserByPhone?phone=961193 ===> Message : getUserByPhoneResponse() invoked!
info: ===> TimeStamp : 2026-02-22 19:28:59===> API : /api/booking/getUserByPhone?phone=961193 ===> Message : getUserByPhoneResponse() completed
info: ===> TimeStamp : 2026-02-22 19:29:02===> API : null ===> Message : validateRequest() invoked
info: ===> TimeStamp : 2026-02-22 19:29:02===> API : null ===> Message : fetchDBSettings()
info: ===> TimeStamp : 2026-02-22 19:29:02===> API : null ===> Message : validateRequest() Invoked!
info: ===> TimeStamp : 2026-02-22 19:29:02===> API : null ===> Message : validRequest() :: Api validated Successfully
info: ===> TimeStamp : 2026-02-22 19:29:02===> API : /api/booking/getUserByPhone?phone=9611935101 ===> Message : getUserByPhone() invoked!!
info: ===> TimeStamp : 2026-02-22 19:29:02===> API : /api/booking/getUserByPhone?phone=9611935101 ===> Message : getUserByPhone() :: Request Object :: [object Object]
info: ===> TimeStamp : 2026-02-22 19:29:02===> API : /api/booking/getUserByPhone?phone=9611935101 ===> Message : getUserByPhone() :: DB :: Invoked !
info: ===> TimeStamp : 2026-02-22 19:29:03===> API : /api/booking/getUserByPhone?phone=9611935101 ===> Message : getUserByPhoneResponse() invoked!
info: ===> TimeStamp : 2026-02-22 19:29:03===> API : /api/booking/getUserByPhone?phone=9611935101 ===> Message : getUserByPhoneResponse() completed
info: ===> TimeStamp : 2026-02-22 19:29:13===> API : null ===> Message : validateRequest() invoked
info: ===> TimeStamp : 2026-02-22 19:29:13===> API : null ===> Message : fetchDBSettings()
info: ===> TimeStamp : 2026-02-22 19:29:13===> API : null ===> Message : validateRequest() Invoked!
info: ===> TimeStamp : 2026-02-22 19:29:14===> API : null ===> Message : validRequest() :: Api validated Successfully
info: ===> TimeStamp : 2026-02-22 19:29:14===> API : /api/booking/getUserByPhone?phone=9611935101 ===> Message : getUserByPhone() invoked!!
info: ===> TimeStamp : 2026-02-22 19:29:14===> API : /api/booking/getUserByPhone?phone=9611935101 ===> Message : getUserByPhone() :: Request Object :: [object Object]
info: ===> TimeStamp : 2026-02-22 19:29:14===> API : /api/booking/getUserByPhone?phone=9611935101 ===> Message : getUserByPhone() :: DB :: Invoked !
info: ===> TimeStamp : 2026-02-22 19:29:14===> API : /api/booking/getUserByPhone?phone=9611935101 ===> Message : getUserByPhoneResponse() invoked!
info: ===> TimeStamp : 2026-02-22 19:29:14===> API : /api/booking/getUserByPhone?phone=9611935101 ===> Message : getUserByPhoneResponse() completed
info: ===> TimeStamp : 2026-02-22 19:29:17===> API : null ===> Message : fetchDBSettings()
info: ===> TimeStamp : 2026-02-22 19:29:17===> API : null ===> Message : validateRequest() invoked
info: ===> TimeStamp : 2026-02-22 19:29:17===> API : null ===> Message : validateRequest() Invoked!
info: ===> TimeStamp : 2026-02-22 19:29:17===> API : null ===> Message : validRequest() :: Api validated Successfully
info: ===> TimeStamp : 2026-02-22 19:29:17===> API : /api/booking/getUserByPhone?phone=9611935101 ===> Message : getUserByPhone() invoked!!
info: ===> TimeStamp : 2026-02-22 19:29:17===> API : /api/booking/getUserByPhone?phone=9611935101 ===> Message : getUserByPhone() :: Request Object :: [object Object]
info: ===> TimeStamp : 2026-02-22 19:29:17===> API : /api/booking/getUserByPhone?phone=9611935101 ===> Message : getUserByPhone() :: DB :: Invoked !
info: ===> TimeStamp : 2026-02-22 19:29:18===> API : /api/booking/getUserByPhone?phone=9611935101 ===> Message : getUserByPhoneResponse() invoked!
info: ===> TimeStamp : 2026-02-22 19:29:18===> API : /api/booking/getUserByPhone?phone=9611935101 ===> Message : getUserByPhoneResponse() completed
info: ===> TimeStamp : 2026-02-22 19:29:42===> API : null ===> Message : validateRequest() invoked
info: ===> TimeStamp : 2026-02-22 19:29:42===> API : null ===> Message : fetchDBSettings()
info: ===> TimeStamp : 2026-02-22 19:29:42===> API : null ===> Message : validateRequest() Invoked!
info: ===> TimeStamp : 2026-02-22 19:29:42===> API : null ===> Message : validRequest() :: Api validated Successfully
info: ===> TimeStamp : 2026-02-22 19:29:42===> API : /api/booking/displayPackages ===> Message : displayPackages() invoked!!
info: ===> TimeStamp : 2026-02-22 19:29:42===> API : /api/booking/displayPackages ===> Message : displayPackages() :: DB :: Invoked !
info: ===> TimeStamp : 2026-02-22 19:29:42===> API : /api/booking/displayPackages ===> Message : displayPackagesResponse() invoked!
info: ===> TimeStamp : 2026-02-22 19:29:42===> API : /api/booking/displayPackages ===> Message : displayPackagesResponse() completed
info: ===> TimeStamp : 2026-02-22 19:29:45===> API : null ===> Message : validateRequest() invoked
info: ===> TimeStamp : 2026-02-22 19:29:45===> API : null ===> Message : fetchDBSettings()
info: ===> TimeStamp : 2026-02-22 19:29:45===> API : null ===> Message : validateRequest() Invoked!
info: ===> TimeStamp : 2026-02-22 19:29:45===> API : null ===> Message : validRequest() :: Api validated Successfully
info: ===> TimeStamp : 2026-02-22 19:29:45===> API : /api/booking/newBooking ===> Message : newBooking() invoked!!
info: ===> TimeStamp : 2026-02-22 19:29:45===> API : /api/booking/newBooking ===> Message : newBooking() :: Request Object :: [object Object]
info: ===> TimeStamp : 2026-02-22 19:29:45===> API : /api/booking/newBooking ===> Message : getUserById() :: DB :: Invoked !
info: ===> TimeStamp : 2026-02-22 19:29:45===> API : /api/booking/newBooking ===> Message : newBooking() :: DB :: Invoked !
info: ===> TimeStamp : 2026-02-22 19:29:46===> API : /api/booking/newBooking ===> Message : newBookingResponse() invoked!
info: ===> TimeStamp : 2026-02-22 19:29:46===> API : /api/booking/newBooking ===> Message : newBookingResponse() completed
info: ===> TimeStamp : 2026-02-22 19:30:11===> API : null ===> Message : validateRequest() invoked
info: ===> TimeStamp : 2026-02-22 19:30:11===> API : null ===> Message : fetchDBSettings()
info: ===> TimeStamp : 2026-02-22 19:30:11===> API : null ===> Message : validateRequest() Invoked!
info: ===> TimeStamp : 2026-02-22 19:30:11===> API : null ===> Message : validRequest() :: Api validated Successfully
info: ===> TimeStamp : 2026-02-22 19:30:11===> API : /api/booking/displayPackages ===> Message : displayPackages() invoked!!
info: ===> TimeStamp : 2026-02-22 19:30:11===> API : /api/booking/displayPackages ===> Message : displayPackages() :: DB :: Invoked !
info: ===> TimeStamp : 2026-02-22 19:30:11===> API : /api/booking/displayPackages ===> Message : displayPackagesResponse() invoked!
info: ===> TimeStamp : 2026-02-22 19:30:11===> API : /api/booking/displayPackages ===> Message : displayPackagesResponse() completed
info: ===> TimeStamp : 2026-02-22 19:30:16===> API : null ===> Message : validateRequest() invoked
info: ===> TimeStamp : 2026-02-22 19:30:16===> API : null ===> Message : fetchDBSettings()
info: ===> TimeStamp : 2026-02-22 19:30:16===> API : null ===> Message : validateRequest() Invoked!
info: ===> TimeStamp : 2026-02-22 19:30:16===> API : null ===> Message : validRequest() :: Api validated Successfully
info: ===> TimeStamp : 2026-02-22 19:30:16===> API : /api/booking/displayPackages ===> Message : displayPackages() invoked!!
info: ===> TimeStamp : 2026-02-22 19:30:16===> API : /api/booking/displayPackages ===> Message : displayPackages() :: DB :: Invoked !
info: ===> TimeStamp : 2026-02-22 19:30:16===> API : /api/booking/displayPackages ===> Message : displayPackagesResponse() invoked!
info: ===> TimeStamp : 2026-02-22 19:30:16===> API : /api/booking/displayPackages ===> Message : displayPackagesResponse() completed
info: ===> TimeStamp : 2026-02-22 19:32:17===> API : null ===> Message : validateRequest() invoked
info: ===> TimeStamp : 2026-02-22 19:32:17===> API : null ===> Message : fetchDBSettings()
info: ===> TimeStamp : 2026-02-22 19:32:17===> API : null ===> Message : validateRequest() Invoked!
info: ===> TimeStamp : 2026-02-22 19:32:17===> API : null ===> Message : validRequest() :: Api validated Successfully
info: ===> TimeStamp : 2026-02-22 19:32:17===> API : /api/booking/displayPackages ===> Message : displayPackages() :: DB :: Invoked !
info: ===> TimeStamp : 2026-02-22 19:32:17===> API : /api/booking/displayPackages ===> Message : displayPackages() invoked!!
info: ===> TimeStamp : 2026-02-22 19:32:17===> API : /api/booking/displayPackages ===> Message : displayPackagesResponse() invoked!
info: ===> TimeStamp : 2026-02-22 19:32:17===> API : /api/booking/displayPackages ===> Message : displayPackagesResponse() completed
info: ===> TimeStamp : 2026-02-22 19:32:57===> API : null ===> Message : validateRequest() invoked
info: ===> TimeStamp : 2026-02-22 19:32:57===> API : null ===> Message : fetchDBSettings()
info: ===> TimeStamp : 2026-02-22 19:32:57===> API : null ===> Message : validateRequest() Invoked!
info: ===> TimeStamp : 2026-02-22 19:32:57===> API : null ===> Message : validRequest() :: Api validated Successfully
info: ===> TimeStamp : 2026-02-22 19:32:57===> API : /api/booking/getUserByPhone?phone=96777 ===> Message : getUserByPhone() invoked!!
info: ===> TimeStamp : 2026-02-22 19:32:57===> API : /api/booking/getUserByPhone?phone=96777 ===> Message : getUserByPhone() :: Request Object :: [object Object]
info: ===> TimeStamp : 2026-02-22 19:32:57===> API : /api/booking/getUserByPhone?phone=96777 ===> Message : getUserByPhone() :: DB :: Invoked !
info: ===> TimeStamp : 2026-02-22 19:32:58===> API : /api/booking/getUserByPhone?phone=96777 ===> Message : getUserByPhoneResponse() invoked!
info: ===> TimeStamp : 2026-02-22 19:32:58===> API : /api/booking/getUserByPhone?phone=96777 ===> Message : getUserByPhoneResponse() completed
info: ===> TimeStamp : 2026-02-22 19:33:01===> API : null ===> Message : validateRequest() invoked
info: ===> TimeStamp : 2026-02-22 19:33:01===> API : null ===> Message : fetchDBSettings()
info: ===> TimeStamp : 2026-02-22 19:33:01===> API : null ===> Message : validateRequest() Invoked!
info: ===> TimeStamp : 2026-02-22 19:33:01===> API : null ===> Message : validRequest() :: Api validated Successfully
info: ===> TimeStamp : 2026-02-22 19:33:01===> API : /api/booking/getUserByPhone?phone=96327 ===> Message : getUserByPhone() invoked!!
info: ===> TimeStamp : 2026-02-22 19:33:01===> API : /api/booking/getUserByPhone?phone=96327 ===> Message : getUserByPhone() :: Request Object :: [object Object]
info: ===> TimeStamp : 2026-02-22 19:33:01===> API : /api/booking/getUserByPhone?phone=96327 ===> Message : getUserByPhone() :: DB :: Invoked !
info: ===> TimeStamp : 2026-02-22 19:33:02===> API : /api/booking/getUserByPhone?phone=96327 ===> Message : getUserByPhoneResponse() invoked!
info: ===> TimeStamp : 2026-02-22 19:33:02===> API : /api/booking/getUserByPhone?phone=96327 ===> Message : getUserByPhoneResponse() completed
info: ===> TimeStamp : 2026-02-22 19:33:03===> API : null ===> Message : validateRequest() invoked
info: ===> TimeStamp : 2026-02-22 19:33:03===> API : null ===> Message : fetchDBSettings()
info: ===> TimeStamp : 2026-02-22 19:33:03===> API : null ===> Message : validateRequest() Invoked!
info: ===> TimeStamp : 2026-02-22 19:33:03===> API : null ===> Message : validRequest() :: Api validated Successfully
info: ===> TimeStamp : 2026-02-22 19:33:03===> API : /api/booking/getUserByPhone?phone=96327328 ===> Message : getUserByPhone() invoked!!
info: ===> TimeStamp : 2026-02-22 19:33:03===> API : /api/booking/getUserByPhone?phone=96327328 ===> Message : getUserByPhone() :: Request Object :: [object Object]
info: ===> TimeStamp : 2026-02-22 19:33:03===> API : /api/booking/getUserByPhone?phone=96327328 ===> Message : getUserByPhone() :: DB :: Invoked !
info: ===> TimeStamp : 2026-02-22 19:33:04===> API : /api/booking/getUserByPhone?phone=96327328 ===> Message : getUserByPhoneResponse() invoked!
info: ===> TimeStamp : 2026-02-22 19:33:04===> API : /api/booking/getUserByPhone?phone=96327328 ===> Message : getUserByPhoneResponse() completed
info: ===> TimeStamp : 2026-02-22 19:33:05===> API : null ===> Message : validateRequest() invoked
info: ===> TimeStamp : 2026-02-22 19:33:05===> API : null ===> Message : fetchDBSettings()
info: ===> TimeStamp : 2026-02-22 19:33:05===> API : null ===> Message : validateRequest() Invoked!
info: ===> TimeStamp : 2026-02-22 19:33:05===> API : /api/booking/getUserByPhone?phone=9632732838 ===> Message : getUserByPhone() invoked!!
info: ===> TimeStamp : 2026-02-22 19:33:05===> API : null ===> Message : validRequest() :: Api validated Successfully
info: ===> TimeStamp : 2026-02-22 19:33:05===> API : /api/booking/getUserByPhone?phone=9632732838 ===> Message : getUserByPhone() :: Request Object :: [object Object]
info: ===> TimeStamp : 2026-02-22 19:33:05===> API : /api/booking/getUserByPhone?phone=9632732838 ===> Message : getUserByPhone() :: DB :: Invoked !
info: ===> TimeStamp : 2026-02-22 19:33:05===> API : /api/booking/getUserByPhone?phone=9632732838 ===> Message : getUserByPhoneResponse() invoked!
info: ===> TimeStamp : 2026-02-22 19:33:05===> API : /api/booking/getUserByPhone?phone=9632732838 ===> Message : getUserByPhoneResponse() completed
info: ===> TimeStamp : 2026-02-22 19:33:22===> API : null ===> Message : validateRequest() invoked
info: ===> TimeStamp : 2026-02-22 19:33:22===> API : null ===> Message : fetchDBSettings()
info: ===> TimeStamp : 2026-02-22 19:33:22===> API : null ===> Message : validateRequest() Invoked!
info: ===> TimeStamp : 2026-02-22 19:33:22===> API : null ===> Message : validRequest() :: Api validated Successfully
info: ===> TimeStamp : 2026-02-22 19:33:22===> API : /api/booking/newBooking ===> Message : newBooking() :: Request Object :: [object Object]
info: ===> TimeStamp : 2026-02-22 19:33:22===> API : /api/booking/newBooking ===> Message : newBooking() invoked!!
info: ===> TimeStamp : 2026-02-22 19:33:22===> API : /api/booking/newBooking ===> Message : getUserById() :: DB :: Invoked !
info: ===> TimeStamp : 2026-02-22 19:33:22===> API : /api/booking/newBooking ===> Message : newBooking() :: DB :: Invoked !
info: ===> TimeStamp : 2026-02-22 19:33:22===> API : /api/booking/newBooking ===> Message : newBookingResponse() invoked!
info: ===> TimeStamp : 2026-02-22 19:33:22===> API : /api/booking/newBooking ===> Message : newBookingResponse() completed
info: ===> TimeStamp : 2026-02-22 19:33:37===> API : null ===> Message : validateRequest() invoked
info: ===> TimeStamp : 2026-02-22 19:33:37===> API : null ===> Message : fetchDBSettings()
info: ===> TimeStamp : 2026-02-22 19:33:37===> API : null ===> Message : validateRequest() Invoked!
info: ===> TimeStamp : 2026-02-22 19:33:37===> API : null ===> Message : validRequest() :: Api validated Successfully
info: ===> TimeStamp : 2026-02-22 19:33:37===> API : /api/booking/displayPackages ===> Message : displayPackages() invoked!!
info: ===> TimeStamp : 2026-02-22 19:33:37===> API : /api/booking/displayPackages ===> Message : displayPackages() :: DB :: Invoked !
info: ===> TimeStamp : 2026-02-22 19:33:37===> API : /api/booking/displayPackages ===> Message : displayPackagesResponse() invoked!
info: ===> TimeStamp : 2026-02-22 19:33:37===> API : /api/booking/displayPackages ===> Message : displayPackagesResponse() completed
info: ===> TimeStamp : 2026-02-22 19:34:18===> API : null ===> Message : validateRequest() invoked
info: ===> TimeStamp : 2026-02-22 19:34:18===> API : null ===> Message : fetchDBSettings()
info: ===> TimeStamp : 2026-02-22 19:34:18===> API : null ===> Message : validateRequest() Invoked!
info: ===> TimeStamp : 2026-02-22 19:34:18===> API : null ===> Message : validRequest() :: Api validated Successfully
info: ===> TimeStamp : 2026-02-22 19:34:18===> API : /api/booking/displayPackages ===> Message : displayPackages() invoked!!
info: ===> TimeStamp : 2026-02-22 19:34:18===> API : /api/booking/displayPackages ===> Message : displayPackages() :: DB :: Invoked !
info: ===> TimeStamp : 2026-02-22 19:34:18===> API : /api/booking/displayPackages ===> Message : displayPackagesResponse() invoked!
info: ===> TimeStamp : 2026-02-22 19:34:18===> API : /api/booking/displayPackages ===> Message : displayPackagesResponse() completed
info: ===> TimeStamp : 2026-02-22 19:42:04===> API : null ===> Message : validateRequest() invoked
info: ===> TimeStamp : 2026-02-22 19:42:04===> API : null ===> Message : fetchDBSettings()
info: ===> TimeStamp : 2026-02-22 19:42:04===> API : null ===> Message : validateRequest() Invoked!
info: ===> TimeStamp : 2026-02-22 19:42:04===> API : null ===> Message : validateRequest() invoked
info: ===> TimeStamp : 2026-02-22 19:42:04===> API : null ===> Message : fetchDBSettings()
info: ===> TimeStamp : 2026-02-22 19:42:04===> API : null ===> Message : validateRequest() Invoked!
info: ===> TimeStamp : 2026-02-22 19:42:04===> API : null ===> Message : validRequest() :: Api validated Successfully
info: ===> TimeStamp : 2026-02-22 19:42:04===> API : /api/booking/getUserByPhone?phone=8758 ===> Message : getUserByPhone() invoked!!
info: ===> TimeStamp : 2026-02-22 19:42:04===> API : /api/booking/getUserByPhone?phone=8758 ===> Message : getUserByPhone() :: Request Object :: [object Object]
info: ===> TimeStamp : 2026-02-22 19:42:04===> API : /api/booking/getUserByPhone?phone=8758 ===> Message : getUserByPhone() :: DB :: Invoked !
info: ===> TimeStamp : 2026-02-22 19:42:04===> API : null ===> Message : validRequest() :: Api validated Successfully
info: ===> TimeStamp : 2026-02-22 19:42:04===> API : /api/booking/getUserByPhone?phone=99 ===> Message : getUserByPhone() invoked!!
info: ===> TimeStamp : 2026-02-22 19:42:04===> API : /api/booking/getUserByPhone?phone=99 ===> Message : getUserByPhone() :: Request Object :: [object Object]
info: ===> TimeStamp : 2026-02-22 19:42:04===> API : /api/booking/getUserByPhone?phone=99 ===> Message : getUserByPhone() :: DB :: Invoked !
info: ===> TimeStamp : 2026-02-22 19:42:05===> API : /api/booking/getUserByPhone?phone=99 ===> Message : getUserByPhoneResponse() invoked!
info: ===> TimeStamp : 2026-02-22 19:42:05===> API : /api/booking/getUserByPhone?phone=99 ===> Message : getUserByPhoneResponse() completed
info: ===> TimeStamp : 2026-02-22 19:42:05===> API : /api/booking/getUserByPhone?phone=8758 ===> Message : getUserByPhoneResponse() invoked!
info: ===> TimeStamp : 2026-02-22 19:42:05===> API : /api/booking/getUserByPhone?phone=8758 ===> Message : getUserByPhoneResponse() completed
info: ===> TimeStamp : 2026-02-22 19:42:06===> API : null ===> Message : validateRequest() invoked
info: ===> TimeStamp : 2026-02-22 19:42:06===> API : null ===> Message : fetchDBSettings()
info: ===> TimeStamp : 2026-02-22 19:42:06===> API : null ===> Message : validateRequest() Invoked!
info: ===> TimeStamp : 2026-02-22 19:42:06===> API : null ===> Message : validRequest() :: Api validated Successfully
info: ===> TimeStamp : 2026-02-22 19:42:06===> API : /api/booking/getUserByPhone?phone=8758799 ===> Message : getUserByPhone() invoked!!
info: ===> TimeStamp : 2026-02-22 19:42:06===> API : /api/booking/getUserByPhone?phone=8758799 ===> Message : getUserByPhone() :: Request Object :: [object Object]
info: ===> TimeStamp : 2026-02-22 19:42:06===> API : /api/booking/getUserByPhone?phone=8758799 ===> Message : getUserByPhone() :: DB :: Invoked !
info: ===> TimeStamp : 2026-02-22 19:42:06===> API : null ===> Message : validateRequest() invoked
info: ===> TimeStamp : 2026-02-22 19:42:06===> API : null ===> Message : fetchDBSettings()
info: ===> TimeStamp : 2026-02-22 19:42:06===> API : null ===> Message : validateRequest() Invoked!
info: ===> TimeStamp : 2026-02-22 19:42:06===> API : null ===> Message : validRequest() :: Api validated Successfully
info: ===> TimeStamp : 2026-02-22 19:42:06===> API : /api/booking/getUserByPhone?phone=9926 ===> Message : getUserByPhone() invoked!!
info: ===> TimeStamp : 2026-02-22 19:42:06===> API : /api/booking/getUserByPhone?phone=9926 ===> Message : getUserByPhone() :: Request Object :: [object Object]
info: ===> TimeStamp : 2026-02-22 19:42:06===> API : /api/booking/getUserByPhone?phone=9926 ===> Message : getUserByPhone() :: DB :: Invoked !
info: ===> TimeStamp : 2026-02-22 19:42:07===> API : null ===> Message : validateRequest() invoked
info: ===> TimeStamp : 2026-02-22 19:42:07===> API : null ===> Message : fetchDBSettings()
info: ===> TimeStamp : 2026-02-22 19:42:07===> API : null ===> Message : validateRequest() Invoked!
info: ===> TimeStamp : 2026-02-22 19:42:07===> API : /api/booking/getUserByPhone?phone=8758799 ===> Message : getUserByPhoneResponse() invoked!
info: ===> TimeStamp : 2026-02-22 19:42:07===> API : /api/booking/getUserByPhone?phone=8758799 ===> Message : getUserByPhoneResponse() completed
info: ===> TimeStamp : 2026-02-22 19:42:07===> API : null ===> Message : validRequest() :: Api validated Successfully
info: ===> TimeStamp : 2026-02-22 19:42:07===> API : /api/booking/getUserByPhone?phone=99263 ===> Message : getUserByPhone() invoked!!
info: ===> TimeStamp : 2026-02-22 19:42:07===> API : /api/booking/getUserByPhone?phone=99263 ===> Message : getUserByPhone() :: Request Object :: [object Object]
info: ===> TimeStamp : 2026-02-22 19:42:07===> API : /api/booking/getUserByPhone?phone=99263 ===> Message : getUserByPhone() :: DB :: Invoked !
info: ===> TimeStamp : 2026-02-22 19:42:08===> API : /api/booking/getUserByPhone?phone=9926 ===> Message : getUserByPhoneResponse() invoked!
info: ===> TimeStamp : 2026-02-22 19:42:08===> API : /api/booking/getUserByPhone?phone=9926 ===> Message : getUserByPhoneResponse() completed
info: ===> TimeStamp : 2026-02-22 19:42:08===> API : /api/booking/getUserByPhone?phone=99263 ===> Message : getUserByPhoneResponse() invoked!
info: ===> TimeStamp : 2026-02-22 19:42:08===> API : /api/booking/getUserByPhone?phone=99263 ===> Message : getUserByPhoneResponse() completed
info: ===> TimeStamp : 2026-02-22 19:42:08===> API : null ===> Message : validateRequest() invoked
info: ===> TimeStamp : 2026-02-22 19:42:08===> API : null ===> Message : fetchDBSettings()
info: ===> TimeStamp : 2026-02-22 19:42:08===> API : null ===> Message : validateRequest() Invoked!
info: ===> TimeStamp : 2026-02-22 19:42:08===> API : null ===> Message : validRequest() :: Api validated Successfully
info: ===> TimeStamp : 2026-02-22 19:42:08===> API : /api/booking/getUserByPhone?phone=9926351 ===> Message : getUserByPhone() invoked!!
info: ===> TimeStamp : 2026-02-22 19:42:08===> API : /api/booking/getUserByPhone?phone=9926351 ===> Message : getUserByPhone() :: Request Object :: [object Object]
info: ===> TimeStamp : 2026-02-22 19:42:08===> API : /api/booking/getUserByPhone?phone=9926351 ===> Message : getUserByPhone() :: DB :: Invoked !
info: ===> TimeStamp : 2026-02-22 19:42:08===> API : null ===> Message : validateRequest() invoked
info: ===> TimeStamp : 2026-02-22 19:42:08===> API : null ===> Message : fetchDBSettings()
info: ===> TimeStamp : 2026-02-22 19:42:08===> API : null ===> Message : validateRequest() Invoked!
info: ===> TimeStamp : 2026-02-22 19:42:09===> API : null ===> Message : validRequest() :: Api validated Successfully
info: ===> TimeStamp : 2026-02-22 19:42:09===> API : /api/booking/getUserByPhone?phone=8758799017 ===> Message : getUserByPhone() :: Request Object :: [object Object]
info: ===> TimeStamp : 2026-02-22 19:42:09===> API : /api/booking/getUserByPhone?phone=8758799017 ===> Message : getUserByPhone() invoked!!
info: ===> TimeStamp : 2026-02-22 19:42:09===> API : /api/booking/getUserByPhone?phone=8758799017 ===> Message : getUserByPhone() :: DB :: Invoked !
info: ===> TimeStamp : 2026-02-22 19:42:09===> API : /api/booking/getUserByPhone?phone=9926351 ===> Message : getUserByPhoneResponse() invoked!
info: ===> TimeStamp : 2026-02-22 19:42:09===> API : /api/booking/getUserByPhone?phone=9926351 ===> Message : getUserByPhoneResponse() completed
info: ===> TimeStamp : 2026-02-22 19:42:10===> API : /api/booking/getUserByPhone?phone=8758799017 ===> Message : getUserByPhoneResponse() invoked!
info: ===> TimeStamp : 2026-02-22 19:42:10===> API : /api/booking/getUserByPhone?phone=8758799017 ===> Message : getUserByPhoneResponse() completed
info: ===> TimeStamp : 2026-02-22 19:42:10===> API : null ===> Message : validateRequest() invoked
info: ===> TimeStamp : 2026-02-22 19:42:10===> API : null ===> Message : fetchDBSettings()
info: ===> TimeStamp : 2026-02-22 19:42:10===> API : null ===> Message : validateRequest() Invoked!
info: ===> TimeStamp : 2026-02-22 19:42:10===> API : null ===> Message : validRequest() :: Api validated Successfully
info: ===> TimeStamp : 2026-02-22 19:42:10===> API : /api/booking/getUserByPhone?phone=9926351931 ===> Message : getUserByPhone() invoked!!
info: ===> TimeStamp : 2026-02-22 19:42:10===> API : /api/booking/getUserByPhone?phone=9926351931 ===> Message : getUserByPhone() :: Request Object :: [object Object]
info: ===> TimeStamp : 2026-02-22 19:42:10===> API : /api/booking/getUserByPhone?phone=9926351931 ===> Message : getUserByPhone() :: DB :: Invoked !
info: ===> TimeStamp : 2026-02-22 19:42:10===> API : /api/booking/getUserByPhone?phone=9926351931 ===> Message : getUserByPhoneResponse() invoked!
info: ===> TimeStamp : 2026-02-22 19:42:10===> API : /api/booking/getUserByPhone?phone=9926351931 ===> Message : getUserByPhoneResponse() completed
info: ===> TimeStamp : 2026-02-22 19:42:12===> API : null ===> Message : validateRequest() invoked
info: ===> TimeStamp : 2026-02-22 19:42:12===> API : null ===> Message : fetchDBSettings()
info: ===> TimeStamp : 2026-02-22 19:42:12===> API : null ===> Message : validateRequest() Invoked!
info: ===> TimeStamp : 2026-02-22 19:42:12===> API : null ===> Message : validRequest() :: Api validated Successfully
info: ===> TimeStamp : 2026-02-22 19:42:12===> API : /api/booking/newBooking ===> Message : newBooking() invoked!!
info: ===> TimeStamp : 2026-02-22 19:42:12===> API : /api/booking/newBooking ===> Message : newBooking() :: Request Object :: [object Object]
info: ===> TimeStamp : 2026-02-22 19:42:12===> API : /api/booking/newBooking ===> Message : getUserById() :: DB :: Invoked !
info: ===> TimeStamp : 2026-02-22 19:42:12===> API : /api/booking/newBooking ===> Message : newBooking() :: DB :: Invoked !
info: ===> TimeStamp : 2026-02-22 19:42:12===> API : /api/booking/newBooking ===> Message : newBookingResponse() invoked!
info: ===> TimeStamp : 2026-02-22 19:42:12===> API : /api/booking/newBooking ===> Message : newBookingResponse() completed
info: ===> TimeStamp : 2026-02-22 19:42:23===> API : null ===> Message : validateRequest() invoked
info: ===> TimeStamp : 2026-02-22 19:42:23===> API : null ===> Message : fetchDBSettings()
info: ===> TimeStamp : 2026-02-22 19:42:23===> API : null ===> Message : validateRequest() invoked
info: ===> TimeStamp : 2026-02-22 19:42:23===> API : null ===> Message : fetchDBSettings()
info: ===> TimeStamp : 2026-02-22 19:42:23===> API : null ===> Message : validateRequest() Invoked!
info: ===> TimeStamp : 2026-02-22 19:42:23===> API : null ===> Message : validateRequest() Invoked!
info: ===> TimeStamp : 2026-02-22 19:42:23===> API : null ===> Message : validRequest() :: Api validated Successfully
info: ===> TimeStamp : 2026-02-22 19:42:23===> API : /api/booking/displayPackages ===> Message : displayPackages() invoked!!
info: ===> TimeStamp : 2026-02-22 19:42:23===> API : /api/booking/displayPackages ===> Message : displayPackages() :: DB :: Invoked !
info: ===> TimeStamp : 2026-02-22 19:42:23===> API : /api/booking/displayPackages ===> Message : displayPackagesResponse() invoked!
info: ===> TimeStamp : 2026-02-22 19:42:23===> API : /api/booking/displayPackages ===> Message : displayPackagesResponse() completed
info: ===> TimeStamp : 2026-02-22 19:42:23===> API : null ===> Message : validRequest() :: Api validated Successfully
info: ===> TimeStamp : 2026-02-22 19:42:23===> API : /api/booking/fetchBookings?futureDate=2026-02-22 ===> Message : fetchBookings() invoked!!
info: ===> TimeStamp : 2026-02-22 19:42:23===> API : /api/booking/fetchBookings?futureDate=2026-02-22 ===> Message : fetchBookings() :: Request Object :: [object Object]
info: ===> TimeStamp : 2026-02-22 19:42:23===> API : /api/booking/fetchBookings?futureDate=2026-02-22 ===> Message : fetchBookings() :: DB :: Invoked !
info: ===> TimeStamp : 2026-02-22 19:42:24===> API : /api/booking/fetchBookings?futureDate=2026-02-22 ===> Message : fetchBookingsResponse() invoked!
info: ===> TimeStamp : 2026-02-22 19:42:24===> API : /api/booking/fetchBookings?futureDate=2026-02-22 ===> Message : fetchBookingsResponse() completed
info: ===> TimeStamp : 2026-02-22 19:42:24===> API : null ===> Message : validateRequest() invoked
info: ===> TimeStamp : 2026-02-22 19:42:24===> API : null ===> Message : fetchDBSettings()
info: ===> TimeStamp : 2026-02-22 19:42:24===> API : null ===> Message : validateRequest() Invoked!
info: ===> TimeStamp : 2026-02-22 19:42:24===> API : null ===> Message : validRequest() :: Api validated Successfully
info: ===> TimeStamp : 2026-02-22 19:42:24===> API : /api/booking/fetchBookings?futureDate=2026-02-22 ===> Message : fetchBookings() invoked!!
info: ===> TimeStamp : 2026-02-22 19:42:24===> API : /api/booking/fetchBookings?futureDate=2026-02-22 ===> Message : fetchBookings() :: Request Object :: [object Object]
info: ===> TimeStamp : 2026-02-22 19:42:24===> API : /api/booking/fetchBookings?futureDate=2026-02-22 ===> Message : fetchBookings() :: DB :: Invoked !
info: ===> TimeStamp : 2026-02-22 19:42:25===> API : /api/booking/fetchBookings?futureDate=2026-02-22 ===> Message : fetchBookingsResponse() invoked!
info: ===> TimeStamp : 2026-02-22 19:42:25===> API : /api/booking/fetchBookings?futureDate=2026-02-22 ===> Message : fetchBookingsResponse() completed
info: ===> TimeStamp : 2026-02-22 19:42:37===> API : null ===> Message : validateRequest() invoked
info: ===> TimeStamp : 2026-02-22 19:42:37===> API : null ===> Message : fetchDBSettings()
info: ===> TimeStamp : 2026-02-22 19:42:37===> API : null ===> Message : validateRequest() Invoked!
info: ===> TimeStamp : 2026-02-22 19:42:37===> API : null ===> Message : validRequest() :: Api validated Successfully
info: ===> TimeStamp : 2026-02-22 19:42:37===> API : /api/booking/updateBooking ===> Message : updateBooking() invoked!!
info: ===> TimeStamp : 2026-02-22 19:42:37===> API : /api/booking/updateBooking ===> Message : updateBooking() :: Request Object :: [object Object]
info: ===> TimeStamp : 2026-02-22 19:42:37===> API : /api/booking/updateBooking ===> Message : updateBooking() :: DB :: Invoked !
info: ===> TimeStamp : 2026-02-22 19:42:38===> API : /api/booking/updateBooking ===> Message : updateBookingResponse() invoked!
info: ===> TimeStamp : 2026-02-22 19:42:38===> API : /api/booking/updateBooking ===> Message : updateBookingResponse() completed
info: ===> TimeStamp : 2026-02-22 19:42:42===> API : null ===> Message : validateRequest() invoked
info: ===> TimeStamp : 2026-02-22 19:42:42===> API : null ===> Message : fetchDBSettings()
info: ===> TimeStamp : 2026-02-22 19:42:42===> API : null ===> Message : validateRequest() invoked
info: ===> TimeStamp : 2026-02-22 19:42:42===> API : null ===> Message : fetchDBSettings()
info: ===> TimeStamp : 2026-02-22 19:42:42===> API : null ===> Message : validateRequest() Invoked!
info: ===> TimeStamp : 2026-02-22 19:42:42===> API : null ===> Message : validateRequest() Invoked!
info: ===> TimeStamp : 2026-02-22 19:42:42===> API : null ===> Message : validRequest() :: Api validated Successfully
info: ===> TimeStamp : 2026-02-22 19:42:42===> API : /api/booking/displayPackages ===> Message : displayPackages() invoked!!
info: ===> TimeStamp : 2026-02-22 19:42:42===> API : /api/booking/displayPackages ===> Message : displayPackages() :: DB :: Invoked !
info: ===> TimeStamp : 2026-02-22 19:42:42===> API : /api/booking/displayPackages ===> Message : displayPackagesResponse() invoked!
info: ===> TimeStamp : 2026-02-22 19:42:42===> API : /api/booking/displayPackages ===> Message : displayPackagesResponse() completed
info: ===> TimeStamp : 2026-02-22 19:42:42===> API : null ===> Message : validRequest() :: Api validated Successfully
info: ===> TimeStamp : 2026-02-22 19:42:42===> API : /api/booking/fetchBookings?futureDate=2026-02-22 ===> Message : fetchBookings() invoked!!
info: ===> TimeStamp : 2026-02-22 19:42:42===> API : /api/booking/fetchBookings?futureDate=2026-02-22 ===> Message : fetchBookings() :: Request Object :: [object Object]
info: ===> TimeStamp : 2026-02-22 19:42:42===> API : /api/booking/fetchBookings?futureDate=2026-02-22 ===> Message : fetchBookings() :: DB :: Invoked !
info: ===> TimeStamp : 2026-02-22 19:42:43===> API : /api/booking/fetchBookings?futureDate=2026-02-22 ===> Message : fetchBookingsResponse() invoked!
info: ===> TimeStamp : 2026-02-22 19:42:43===> API : /api/booking/fetchBookings?futureDate=2026-02-22 ===> Message : fetchBookingsResponse() completed
info: ===> TimeStamp : 2026-02-22 19:42:43===> API : null ===> Message : validateRequest() invoked
info: ===> TimeStamp : 2026-02-22 19:42:43===> API : null ===> Message : fetchDBSettings()
info: ===> TimeStamp : 2026-02-22 19:42:43===> API : null ===> Message : validateRequest() Invoked!
info: ===> TimeStamp : 2026-02-22 19:42:43===> API : null ===> Message : validRequest() :: Api validated Successfully
info: ===> TimeStamp : 2026-02-22 19:42:43===> API : /api/booking/fetchBookings?futureDate=2026-02-22 ===> Message : fetchBookings() invoked!!
info: ===> TimeStamp : 2026-02-22 19:42:43===> API : /api/booking/fetchBookings?futureDate=2026-02-22 ===> Message : fetchBookings() :: Request Object :: [object Object]
info: ===> TimeStamp : 2026-02-22 19:42:43===> API : /api/booking/fetchBookings?futureDate=2026-02-22 ===> Message : fetchBookings() :: DB :: Invoked !
info: ===> TimeStamp : 2026-02-22 19:42:44===> API : /api/booking/fetchBookings?futureDate=2026-02-22 ===> Message : fetchBookingsResponse() invoked!
info: ===> TimeStamp : 2026-02-22 19:42:44===> API : /api/booking/fetchBookings?futureDate=2026-02-22 ===> Message : fetchBookingsResponse() completed
info: ===> TimeStamp : 2026-02-22 19:42:49===> API : null ===> Message : validateRequest() invoked
info: ===> TimeStamp : 2026-02-22 19:42:49===> API : null ===> Message : fetchDBSettings()
info: ===> TimeStamp : 2026-02-22 19:42:49===> API : null ===> Message : validateRequest() Invoked!
info: ===> TimeStamp : 2026-02-22 19:42:49===> API : null ===> Message : validRequest() :: Api validated Successfully
info: ===> TimeStamp : 2026-02-22 19:42:49===> API : /api/booking/updateBooking ===> Message : updateBooking() invoked!!
info: ===> TimeStamp : 2026-02-22 19:42:49===> API : /api/booking/updateBooking ===> Message : updateBooking() :: Request Object :: [object Object]
info: ===> TimeStamp : 2026-02-22 19:42:49===> API : /api/booking/updateBooking ===> Message : updateBooking() :: DB :: Invoked !
info: ===> TimeStamp : 2026-02-22 19:42:49===> API : /api/booking/updateBooking ===> Message : updateBookingResponse() invoked!
info: ===> TimeStamp : 2026-02-22 19:42:49===> API : /api/booking/updateBooking ===> Message : updateBookingResponse() completed
info: ===> TimeStamp : 2026-02-22 19:43:00===> API : null ===> Message : validateRequest() invoked
info: ===> TimeStamp : 2026-02-22 19:43:00===> API : null ===> Message : fetchDBSettings()
info: ===> TimeStamp : 2026-02-22 19:43:00===> API : null ===> Message : validateRequest() Invoked!
info: ===> TimeStamp : 2026-02-22 19:43:00===> API : null ===> Message : validRequest() :: Api validated Successfully
info: ===> TimeStamp : 2026-02-22 19:43:00===> API : /api/booking/displayPackages ===> Message : displayPackages() invoked!!
info: ===> TimeStamp : 2026-02-22 19:43:00===> API : /api/booking/displayPackages ===> Message : displayPackages() :: DB :: Invoked !
info: ===> TimeStamp : 2026-02-22 19:43:00===> API : /api/booking/displayPackages ===> Message : displayPackagesResponse() invoked!
info: ===> TimeStamp : 2026-02-22 19:43:00===> API : /api/booking/displayPackages ===> Message : displayPackagesResponse() completed
info: ===> TimeStamp : 2026-02-22 19:43:29===> API : null ===> Message : validateRequest() invoked
info: ===> TimeStamp : 2026-02-22 19:43:29===> API : null ===> Message : fetchDBSettings()
info: ===> TimeStamp : 2026-02-22 19:43:29===> API : null ===> Message : validateRequest() Invoked!
info: ===> TimeStamp : 2026-02-22 19:43:29===> API : null ===> Message : validRequest() :: Api validated Successfully
info: ===> TimeStamp : 2026-02-22 19:43:29===> API : /api/booking/displayPackages ===> Message : displayPackages() invoked!!
info: ===> TimeStamp : 2026-02-22 19:43:29===> API : /api/booking/displayPackages ===> Message : displayPackages() :: DB :: Invoked !
info: ===> TimeStamp : 2026-02-22 19:43:29===> API : /api/booking/displayPackages ===> Message : displayPackagesResponse() invoked!
info: ===> TimeStamp : 2026-02-22 19:43:29===> API : /api/booking/displayPackages ===> Message : displayPackagesResponse() completed
info: ===> TimeStamp : 2026-02-22 19:44:17===> API : null ===> Message : validateRequest() invoked
info: ===> TimeStamp : 2026-02-22 19:44:17===> API : null ===> Message : fetchDBSettings()
info: ===> TimeStamp : 2026-02-22 19:44:17===> API : null ===> Message : validateRequest() Invoked!
info: ===> TimeStamp : 2026-02-22 19:44:17===> API : /api/booking/newBooking ===> Message : newBooking() invoked!!
info: ===> TimeStamp : 2026-02-22 19:44:17===> API : null ===> Message : validRequest() :: Api validated Successfully
info: ===> TimeStamp : 2026-02-22 19:44:17===> API : /api/booking/newBooking ===> Message : newBooking() :: Request Object :: [object Object]
info: ===> TimeStamp : 2026-02-22 19:44:17===> API : /api/booking/newBooking ===> Message : getUserById() :: DB :: Invoked !
info: ===> TimeStamp : 2026-02-22 19:44:17===> API : /api/booking/newBooking ===> Message : newBooking() :: DB :: Invoked !
info: ===> TimeStamp : 2026-02-22 19:44:18===> API : /api/booking/newBooking ===> Message : newBookingResponse() invoked!
info: ===> TimeStamp : 2026-02-22 19:44:18===> API : /api/booking/newBooking ===> Message : newBookingResponse() completed
info: ===> TimeStamp : 2026-02-22 19:44:48===> API : null ===> Message : validateRequest() invoked
info: ===> TimeStamp : 2026-02-22 19:44:48===> API : null ===> Message : fetchDBSettings()
info: ===> TimeStamp : 2026-02-22 19:44:48===> API : null ===> Message : validateRequest() Invoked!
info: ===> TimeStamp : 2026-02-22 19:44:48===> API : null ===> Message : validRequest() :: Api validated Successfully
info: ===> TimeStamp : 2026-02-22 19:44:48===> API : /api/booking/displayPackages ===> Message : displayPackages() invoked!!
info: ===> TimeStamp : 2026-02-22 19:44:48===> API : /api/booking/displayPackages ===> Message : displayPackages() :: DB :: Invoked !
info: ===> TimeStamp : 2026-02-22 19:44:48===> API : /api/booking/displayPackages ===> Message : displayPackagesResponse() invoked!
info: ===> TimeStamp : 2026-02-22 19:44:48===> API : /api/booking/displayPackages ===> Message : displayPackagesResponse() completed
info: ===> TimeStamp : 2026-02-22 19:44:58===> API : null ===> Message : validateRequest() invoked
info: ===> TimeStamp : 2026-02-22 19:44:58===> API : null ===> Message : fetchDBSettings()
info: ===> TimeStamp : 2026-02-22 19:44:58===> API : null ===> Message : validateRequest() Invoked!
info: ===> TimeStamp : 2026-02-22 19:44:58===> API : null ===> Message : validRequest() :: Api validated Successfully
info: ===> TimeStamp : 2026-02-22 19:44:58===> API : /api/booking/displayPackages ===> Message : displayPackages() :: DB :: Invoked !
info: ===> TimeStamp : 2026-02-22 19:44:58===> API : /api/booking/displayPackages ===> Message : displayPackages() invoked!!
info: ===> TimeStamp : 2026-02-22 19:44:58===> API : /api/booking/displayPackages ===> Message : displayPackagesResponse() invoked!
info: ===> TimeStamp : 2026-02-22 19:44:58===> API : /api/booking/displayPackages ===> Message : displayPackagesResponse() completed
info: ===> TimeStamp : 2026-02-22 19:53:11===> API : null ===> Message : validateRequest() invoked
info: ===> TimeStamp : 2026-02-22 19:53:11===> API : null ===> Message : fetchDBSettings()
info: ===> TimeStamp : 2026-02-22 19:53:11===> API : null ===> Message : validateRequest() Invoked!
info: ===> TimeStamp : 2026-02-22 19:53:11===> API : null ===> Message : validRequest() :: Api validated Successfully
info: ===> TimeStamp : 2026-02-22 19:53:11===> API : /api/booking/displayPackages ===> Message : displayPackages() invoked!!
info: ===> TimeStamp : 2026-02-22 19:53:11===> API : /api/booking/displayPackages ===> Message : displayPackages() :: DB :: Invoked !
info: ===> TimeStamp : 2026-02-22 19:53:11===> API : /api/booking/displayPackages ===> Message : displayPackagesResponse() invoked!
info: ===> TimeStamp : 2026-02-22 19:53:11===> API : /api/booking/displayPackages ===> Message : displayPackagesResponse() completed
info: ===> TimeStamp : 2026-02-22 19:54:30===> API : null ===> Message : validateRequest() invoked
info: ===> TimeStamp : 2026-02-22 19:54:30===> API : null ===> Message : fetchDBSettings()
info: ===> TimeStamp : 2026-02-22 19:54:30===> API : null ===> Message : validateRequest() Invoked!
info: ===> TimeStamp : 2026-02-22 19:54:30===> API : null ===> Message : validRequest() :: Api validated Successfully
info: ===> TimeStamp : 2026-02-22 19:54:30===> API : /api/booking/displayPackages ===> Message : displayPackages() :: DB :: Invoked !
info: ===> TimeStamp : 2026-02-22 19:54:30===> API : /api/booking/displayPackages ===> Message : displayPackages() invoked!!
info: ===> TimeStamp : 2026-02-22 19:54:30===> API : /api/booking/displayPackages ===> Message : displayPackagesResponse() invoked!
info: ===> TimeStamp : 2026-02-22 19:54:30===> API : /api/booking/displayPackages ===> Message : displayPackagesResponse() completed
info: ===> TimeStamp : 2026-02-22 19:55:09===> API : null ===> Message : validateRequest() invoked
info: ===> TimeStamp : 2026-02-22 19:55:09===> API : null ===> Message : fetchDBSettings()
info: ===> TimeStamp : 2026-02-22 19:55:09===> API : null ===> Message : validateRequest() Invoked!
info: ===> TimeStamp : 2026-02-22 19:55:09===> API : null ===> Message : validRequest() :: Api validated Successfully
info: ===> TimeStamp : 2026-02-22 19:55:09===> API : /api/booking/displayPackages ===> Message : displayPackages() :: DB :: Invoked !
info: ===> TimeStamp : 2026-02-22 19:55:09===> API : /api/booking/displayPackages ===> Message : displayPackages() invoked!!
info: ===> TimeStamp : 2026-02-22 19:55:09===> API : /api/booking/displayPackages ===> Message : displayPackagesResponse() invoked!
info: ===> TimeStamp : 2026-02-22 19:55:09===> API : /api/booking/displayPackages ===> Message : displayPackagesResponse() completed
info: ===> TimeStamp : 2026-02-22 19:55:39===> API : null ===> Message : validateRequest() invoked
info: ===> TimeStamp : 2026-02-22 19:55:39===> API : null ===> Message : fetchDBSettings()
info: ===> TimeStamp : 2026-02-22 19:55:39===> API : null ===> Message : validateRequest() Invoked!
info: ===> TimeStamp : 2026-02-22 19:55:39===> API : null ===> Message : validRequest() :: Api validated Successfully
info: ===> TimeStamp : 2026-02-22 19:55:39===> API : /api/booking/getUserByPhone?phone=9963 ===> Message : getUserByPhone() :: Request Object :: [object Object]
info: ===> TimeStamp : 2026-02-22 19:55:39===> API : /api/booking/getUserByPhone?phone=9963 ===> Message : getUserByPhone() invoked!!
info: ===> TimeStamp : 2026-02-22 19:55:39===> API : /api/booking/getUserByPhone?phone=9963 ===> Message : getUserByPhone() :: DB :: Invoked !
info: ===> TimeStamp : 2026-02-22 19:55:39===> API : /api/booking/getUserByPhone?phone=9963 ===> Message : getUserByPhoneResponse() invoked!
info: ===> TimeStamp : 2026-02-22 19:55:39===> API : /api/booking/getUserByPhone?phone=9963 ===> Message : getUserByPhoneResponse() completed
info: ===> TimeStamp : 2026-02-22 19:55:41===> API : null ===> Message : validateRequest() invoked
info: ===> TimeStamp : 2026-02-22 19:55:41===> API : null ===> Message : fetchDBSettings()
info: ===> TimeStamp : 2026-02-22 19:55:41===> API : null ===> Message : validateRequest() Invoked!
info: ===> TimeStamp : 2026-02-22 19:55:41===> API : null ===> Message : validRequest() :: Api validated Successfully
info: ===> TimeStamp : 2026-02-22 19:55:41===> API : /api/booking/getUserByPhone?phone=996343 ===> Message : getUserByPhone() invoked!!
info: ===> TimeStamp : 2026-02-22 19:55:41===> API : /api/booking/getUserByPhone?phone=996343 ===> Message : getUserByPhone() :: Request Object :: [object Object]
info: ===> TimeStamp : 2026-02-22 19:55:41===> API : /api/booking/getUserByPhone?phone=996343 ===> Message : getUserByPhone() :: DB :: Invoked !
info: ===> TimeStamp : 2026-02-22 19:55:41===> API : /api/booking/getUserByPhone?phone=996343 ===> Message : getUserByPhoneResponse() invoked!
info: ===> TimeStamp : 2026-02-22 19:55:41===> API : /api/booking/getUserByPhone?phone=996343 ===> Message : getUserByPhoneResponse() completed
info: ===> TimeStamp : 2026-02-22 19:55:44===> API : null ===> Message : validateRequest() invoked
info: ===> TimeStamp : 2026-02-22 19:55:44===> API : null ===> Message : fetchDBSettings()
info: ===> TimeStamp : 2026-02-22 19:55:44===> API : null ===> Message : validateRequest() Invoked!
info: ===> TimeStamp : 2026-02-22 19:55:44===> API : null ===> Message : validRequest() :: Api validated Successfully
info: ===> TimeStamp : 2026-02-22 19:55:44===> API : /api/booking/getUserByPhone?phone=9963431082 ===> Message : getUserByPhone() invoked!!
info: ===> TimeStamp : 2026-02-22 19:55:44===> API : /api/booking/getUserByPhone?phone=9963431082 ===> Message : getUserByPhone() :: Request Object :: [object Object]
info: ===> TimeStamp : 2026-02-22 19:55:44===> API : /api/booking/getUserByPhone?phone=9963431082 ===> Message : getUserByPhone() :: DB :: Invoked !
info: ===> TimeStamp : 2026-02-22 19:55:45===> API : /api/booking/getUserByPhone?phone=9963431082 ===> Message : getUserByPhoneResponse() invoked!
info: ===> TimeStamp : 2026-02-22 19:55:45===> API : /api/booking/getUserByPhone?phone=9963431082 ===> Message : getUserByPhoneResponse() completed
info: ===> TimeStamp : 2026-02-22 19:56:57===> API : null ===> Message : validateRequest() invoked
info: ===> TimeStamp : 2026-02-22 19:56:57===> API : null ===> Message : fetchDBSettings()
info: ===> TimeStamp : 2026-02-22 19:56:57===> API : null ===> Message : validateRequest() Invoked!
info: ===> TimeStamp : 2026-02-22 19:56:57===> API : null ===> Message : validRequest() :: Api validated Successfully
info: ===> TimeStamp : 2026-02-22 19:56:57===> API : /api/booking/newBooking ===> Message : newBooking() invoked!!
info: ===> TimeStamp : 2026-02-22 19:56:57===> API : /api/booking/newBooking ===> Message : newBooking() :: Request Object :: [object Object]
info: ===> TimeStamp : 2026-02-22 19:56:57===> API : /api/booking/newBooking ===> Message : getUserById() :: DB :: Invoked !
info: ===> TimeStamp : 2026-02-22 19:56:57===> API : /api/booking/newBooking ===> Message : newBooking() :: DB :: Invoked !
info: ===> TimeStamp : 2026-02-22 19:56:57===> API : /api/booking/newBooking ===> Message : newBookingResponse() invoked!
info: ===> TimeStamp : 2026-02-22 19:56:57===> API : /api/booking/newBooking ===> Message : newBookingResponse() completed
info: ===> TimeStamp : 2026-02-22 19:57:11===> API : null ===> Message : validateRequest() invoked
info: ===> TimeStamp : 2026-02-22 19:57:11===> API : null ===> Message : fetchDBSettings()
info: ===> TimeStamp : 2026-02-22 19:57:11===> API : null ===> Message : validateRequest() Invoked!
info: ===> TimeStamp : 2026-02-22 19:57:11===> API : null ===> Message : validRequest() :: Api validated Successfully
info: ===> TimeStamp : 2026-02-22 19:57:11===> API : /api/booking/displayPackages ===> Message : displayPackages() invoked!!
info: ===> TimeStamp : 2026-02-22 19:57:11===> API : /api/booking/displayPackages ===> Message : displayPackages() :: DB :: Invoked !
info: ===> TimeStamp : 2026-02-22 19:57:11===> API : /api/booking/displayPackages ===> Message : displayPackagesResponse() invoked!
info: ===> TimeStamp : 2026-02-22 19:57:11===> API : /api/booking/displayPackages ===> Message : displayPackagesResponse() completed
info: ===> TimeStamp : 2026-02-22 19:57:35===> API : null ===> Message : validateRequest() invoked
info: ===> TimeStamp : 2026-02-22 19:57:35===> API : null ===> Message : fetchDBSettings()
info: ===> TimeStamp : 2026-02-22 19:57:35===> API : null ===> Message : validateRequest() Invoked!
info: ===> TimeStamp : 2026-02-22 19:57:35===> API : null ===> Message : validRequest() :: Api validated Successfully
info: ===> TimeStamp : 2026-02-22 19:57:35===> API : /api/booking/getUserByPhone?phone=9398 ===> Message : getUserByPhone() invoked!!
info: ===> TimeStamp : 2026-02-22 19:57:35===> API : /api/booking/getUserByPhone?phone=9398 ===> Message : getUserByPhone() :: Request Object :: [object Object]
info: ===> TimeStamp : 2026-02-22 19:57:35===> API : /api/booking/getUserByPhone?phone=9398 ===> Message : getUserByPhone() :: DB :: Invoked !
info: ===> TimeStamp : 2026-02-22 19:57:35===> API : /api/booking/getUserByPhone?phone=9398 ===> Message : getUserByPhoneResponse() invoked!
info: ===> TimeStamp : 2026-02-22 19:57:35===> API : /api/booking/getUserByPhone?phone=9398 ===> Message : getUserByPhoneResponse() completed
info: ===> TimeStamp : 2026-02-22 19:57:36===> API : null ===> Message : validateRequest() invoked
info: ===> TimeStamp : 2026-02-22 19:57:36===> API : null ===> Message : fetchDBSettings()
info: ===> TimeStamp : 2026-02-22 19:57:37===> API : null ===> Message : validateRequest() Invoked!
info: ===> TimeStamp : 2026-02-22 19:57:37===> API : null ===> Message : validRequest() :: Api validated Successfully
info: ===> TimeStamp : 2026-02-22 19:57:37===> API : /api/booking/getUserByPhone?phone=9398058 ===> Message : getUserByPhone() invoked!!
info: ===> TimeStamp : 2026-02-22 19:57:37===> API : /api/booking/getUserByPhone?phone=9398058 ===> Message : getUserByPhone() :: Request Object :: [object Object]
info: ===> TimeStamp : 2026-02-22 19:57:37===> API : /api/booking/getUserByPhone?phone=9398058 ===> Message : getUserByPhone() :: DB :: Invoked !
info: ===> TimeStamp : 2026-02-22 19:57:37===> API : /api/booking/getUserByPhone?phone=9398058 ===> Message : getUserByPhoneResponse() invoked!
info: ===> TimeStamp : 2026-02-22 19:57:37===> API : /api/booking/getUserByPhone?phone=9398058 ===> Message : getUserByPhoneResponse() completed
info: ===> TimeStamp : 2026-02-22 19:57:38===> API : null ===> Message : validateRequest() invoked
info: ===> TimeStamp : 2026-02-22 19:57:38===> API : null ===> Message : fetchDBSettings()
info: ===> TimeStamp : 2026-02-22 19:57:38===> API : null ===> Message : validateRequest() Invoked!
info: ===> TimeStamp : 2026-02-22 19:57:38===> API : null ===> Message : validRequest() :: Api validated Successfully
info: ===> TimeStamp : 2026-02-22 19:57:38===> API : /api/booking/getUserByPhone?phone=9398058747 ===> Message : getUserByPhone() :: Request Object :: [object Object]
info: ===> TimeStamp : 2026-02-22 19:57:38===> API : /api/booking/getUserByPhone?phone=9398058747 ===> Message : getUserByPhone() invoked!!
info: ===> TimeStamp : 2026-02-22 19:57:38===> API : /api/booking/getUserByPhone?phone=9398058747 ===> Message : getUserByPhone() :: DB :: Invoked !
info: ===> TimeStamp : 2026-02-22 19:57:39===> API : /api/booking/getUserByPhone?phone=9398058747 ===> Message : getUserByPhoneResponse() invoked!
info: ===> TimeStamp : 2026-02-22 19:57:39===> API : /api/booking/getUserByPhone?phone=9398058747 ===> Message : getUserByPhoneResponse() completed
info: ===> TimeStamp : 2026-02-22 19:57:40===> API : null ===> Message : validateRequest() invoked
info: ===> TimeStamp : 2026-02-22 19:57:40===> API : null ===> Message : fetchDBSettings()
info: ===> TimeStamp : 2026-02-22 19:57:40===> API : null ===> Message : validateRequest() Invoked!
info: ===> TimeStamp : 2026-02-22 19:57:40===> API : null ===> Message : validRequest() :: Api validated Successfully
info: ===> TimeStamp : 2026-02-22 19:57:40===> API : /api/booking/displayPackages ===> Message : displayPackages() :: DB :: Invoked !
info: ===> TimeStamp : 2026-02-22 19:57:40===> API : /api/booking/displayPackages ===> Message : displayPackages() invoked!!
info: ===> TimeStamp : 2026-02-22 19:57:40===> API : /api/booking/displayPackages ===> Message : displayPackagesResponse() invoked!
info: ===> TimeStamp : 2026-02-22 19:57:40===> API : /api/booking/displayPackages ===> Message : displayPackagesResponse() completed
info: ===> TimeStamp : 2026-02-22 19:59:49===> API : null ===> Message : validateRequest() invoked
info: ===> TimeStamp : 2026-02-22 19:59:49===> API : null ===> Message : fetchDBSettings()
info: ===> TimeStamp : 2026-02-22 19:59:49===> API : null ===> Message : validateRequest() Invoked!
info: ===> TimeStamp : 2026-02-22 19:59:49===> API : null ===> Message : validRequest() :: Api validated Successfully
info: ===> TimeStamp : 2026-02-22 19:59:49===> API : /api/booking/newBooking ===> Message : newBooking() :: Request Object :: [object Object]
info: ===> TimeStamp : 2026-02-22 19:59:49===> API : /api/booking/newBooking ===> Message : newBooking() invoked!!
info: ===> TimeStamp : 2026-02-22 19:59:49===> API : /api/booking/newBooking ===> Message : getUserById() :: DB :: Invoked !
info: ===> TimeStamp : 2026-02-22 19:59:49===> API : /api/booking/newBooking ===> Message : newBooking() :: DB :: Invoked !
info: ===> TimeStamp : 2026-02-22 19:59:50===> API : /api/booking/newBooking ===> Message : newBookingResponse() invoked!
info: ===> TimeStamp : 2026-02-22 19:59:50===> API : /api/booking/newBooking ===> Message : newBookingResponse() completed
info: ===> TimeStamp : 2026-02-22 20:00:14===> API : null ===> Message : validateRequest() invoked
info: ===> TimeStamp : 2026-02-22 20:00:14===> API : null ===> Message : fetchDBSettings()
info: ===> TimeStamp : 2026-02-22 20:00:14===> API : null ===> Message : validateRequest() Invoked!
info: ===> TimeStamp : 2026-02-22 20:00:14===> API : null ===> Message : validRequest() :: Api validated Successfully
info: ===> TimeStamp : 2026-02-22 20:00:14===> API : /api/booking/displayPackages ===> Message : displayPackages() invoked!!
info: ===> TimeStamp : 2026-02-22 20:00:14===> API : /api/booking/displayPackages ===> Message : displayPackages() :: DB :: Invoked !
info: ===> TimeStamp : 2026-02-22 20:00:14===> API : /api/booking/displayPackages ===> Message : displayPackagesResponse() invoked!
info: ===> TimeStamp : 2026-02-22 20:00:14===> API : /api/booking/displayPackages ===> Message : displayPackagesResponse() completed
info: ===> TimeStamp : 2026-02-22 20:03:28===> API : null ===> Message : validateRequest() invoked
info: ===> TimeStamp : 2026-02-22 20:03:28===> API : null ===> Message : fetchDBSettings()
info: ===> TimeStamp : 2026-02-22 20:03:28===> API : null ===> Message : validateRequest() invoked
info: ===> TimeStamp : 2026-02-22 20:03:28===> API : null ===> Message : fetchDBSettings()
info: ===> TimeStamp : 2026-02-22 20:03:28===> API : null ===> Message : validateRequest() Invoked!
info: ===> TimeStamp : 2026-02-22 20:03:28===> API : null ===> Message : validateRequest() Invoked!
info: ===> TimeStamp : 2026-02-22 20:03:28===> API : null ===> Message : validRequest() :: Api validated Successfully
info: ===> TimeStamp : 2026-02-22 20:03:28===> API : /api/booking/displayPackages ===> Message : displayPackages() invoked!!
info: ===> TimeStamp : 2026-02-22 20:03:28===> API : /api/booking/displayPackages ===> Message : displayPackages() :: DB :: Invoked !
info: ===> TimeStamp : 2026-02-22 20:03:28===> API : /api/booking/displayPackages ===> Message : displayPackagesResponse() invoked!
info: ===> TimeStamp : 2026-02-22 20:03:28===> API : /api/booking/displayPackages ===> Message : displayPackagesResponse() completed
info: ===> TimeStamp : 2026-02-22 20:03:28===> API : null ===> Message : validRequest() :: Api validated Successfully
info: ===> TimeStamp : 2026-02-22 20:03:28===> API : /api/booking/fetchBookings?futureDate=2026-02-22 ===> Message : fetchBookings() :: Request Object :: [object Object]
info: ===> TimeStamp : 2026-02-22 20:03:28===> API : /api/booking/fetchBookings?futureDate=2026-02-22 ===> Message : fetchBookings() invoked!!
info: ===> TimeStamp : 2026-02-22 20:03:28===> API : /api/booking/fetchBookings?futureDate=2026-02-22 ===> Message : fetchBookings() :: DB :: Invoked !
info: ===> TimeStamp : 2026-02-22 20:03:29===> API : /api/booking/fetchBookings?futureDate=2026-02-22 ===> Message : fetchBookingsResponse() invoked!
info: ===> TimeStamp : 2026-02-22 20:03:29===> API : /api/booking/fetchBookings?futureDate=2026-02-22 ===> Message : fetchBookingsResponse() completed
info: ===> TimeStamp : 2026-02-22 20:03:29===> API : null ===> Message : validateRequest() invoked
info: ===> TimeStamp : 2026-02-22 20:03:29===> API : null ===> Message : fetchDBSettings()
info: ===> TimeStamp : 2026-02-22 20:03:29===> API : null ===> Message : validateRequest() Invoked!
info: ===> TimeStamp : 2026-02-22 20:03:29===> API : null ===> Message : validRequest() :: Api validated Successfully
info: ===> TimeStamp : 2026-02-22 20:03:29===> API : /api/booking/fetchBookings?futureDate=2026-02-22 ===> Message : fetchBookings() :: Request Object :: [object Object]
info: ===> TimeStamp : 2026-02-22 20:03:29===> API : /api/booking/fetchBookings?futureDate=2026-02-22 ===> Message : fetchBookings() invoked!!
info: ===> TimeStamp : 2026-02-22 20:03:29===> API : /api/booking/fetchBookings?futureDate=2026-02-22 ===> Message : fetchBookings() :: DB :: Invoked !
info: ===> TimeStamp : 2026-02-22 20:03:30===> API : /api/booking/fetchBookings?futureDate=2026-02-22 ===> Message : fetchBookingsResponse() invoked!
info: ===> TimeStamp : 2026-02-22 20:03:30===> API : /api/booking/fetchBookings?futureDate=2026-02-22 ===> Message : fetchBookingsResponse() completed
info: ===> TimeStamp : 2026-02-22 20:04:21===> API : null ===> Message : validateRequest() invoked
info: ===> TimeStamp : 2026-02-22 20:04:21===> API : null ===> Message : fetchDBSettings()
info: ===> TimeStamp : 2026-02-22 20:04:21===> API : null ===> Message : validateRequest() Invoked!
info: ===> TimeStamp : 2026-02-22 20:04:21===> API : null ===> Message : validRequest() :: Api validated Successfully
info: ===> TimeStamp : 2026-02-22 20:04:21===> API : /api/booking/getUserByPhone?phone=6361 ===> Message : getUserByPhone() invoked!!
info: ===> TimeStamp : 2026-02-22 20:04:21===> API : /api/booking/getUserByPhone?phone=6361 ===> Message : getUserByPhone() :: Request Object :: [object Object]
info: ===> TimeStamp : 2026-02-22 20:04:21===> API : /api/booking/getUserByPhone?phone=6361 ===> Message : getUserByPhone() :: DB :: Invoked !
info: ===> TimeStamp : 2026-02-22 20:04:22===> API : /api/booking/getUserByPhone?phone=6361 ===> Message : getUserByPhoneResponse() invoked!
info: ===> TimeStamp : 2026-02-22 20:04:22===> API : /api/booking/getUserByPhone?phone=6361 ===> Message : getUserByPhoneResponse() completed
info: ===> TimeStamp : 2026-02-22 20:04:22===> API : null ===> Message : validateRequest() invoked
info: ===> TimeStamp : 2026-02-22 20:04:22===> API : null ===> Message : fetchDBSettings()
info: ===> TimeStamp : 2026-02-22 20:04:22===> API : null ===> Message : validateRequest() Invoked!
info: ===> TimeStamp : 2026-02-22 20:04:22===> API : null ===> Message : validRequest() :: Api validated Successfully
info: ===> TimeStamp : 2026-02-22 20:04:22===> API : /api/booking/getUserByPhone?phone=636139 ===> Message : getUserByPhone() invoked!!
info: ===> TimeStamp : 2026-02-22 20:04:22===> API : /api/booking/getUserByPhone?phone=636139 ===> Message : getUserByPhone() :: Request Object :: [object Object]
info: ===> TimeStamp : 2026-02-22 20:04:22===> API : /api/booking/getUserByPhone?phone=636139 ===> Message : getUserByPhone() :: DB :: Invoked !
info: ===> TimeStamp : 2026-02-22 20:04:23===> API : /api/booking/getUserByPhone?phone=636139 ===> Message : getUserByPhoneResponse() invoked!
info: ===> TimeStamp : 2026-02-22 20:04:23===> API : /api/booking/getUserByPhone?phone=636139 ===> Message : getUserByPhoneResponse() completed
info: ===> TimeStamp : 2026-02-22 20:04:25===> API : null ===> Message : validateRequest() invoked
info: ===> TimeStamp : 2026-02-22 20:04:25===> API : null ===> Message : fetchDBSettings()
info: ===> TimeStamp : 2026-02-22 20:04:25===> API : null ===> Message : validateRequest() Invoked!
info: ===> TimeStamp : 2026-02-22 20:04:25===> API : null ===> Message : validRequest() :: Api validated Successfully
info: ===> TimeStamp : 2026-02-22 20:04:25===> API : /api/booking/getUserByPhone?phone=6361391176 ===> Message : getUserByPhone() :: Request Object :: [object Object]
info: ===> TimeStamp : 2026-02-22 20:04:25===> API : /api/booking/getUserByPhone?phone=6361391176 ===> Message : getUserByPhone() invoked!!
info: ===> TimeStamp : 2026-02-22 20:04:25===> API : /api/booking/getUserByPhone?phone=6361391176 ===> Message : getUserByPhone() :: DB :: Invoked !
info: ===> TimeStamp : 2026-02-22 20:04:25===> API : /api/booking/getUserByPhone?phone=6361391176 ===> Message : getUserByPhoneResponse() invoked!
info: ===> TimeStamp : 2026-02-22 20:04:25===> API : /api/booking/getUserByPhone?phone=6361391176 ===> Message : getUserByPhoneResponse() completed
info: ===> TimeStamp : 2026-02-22 20:05:29===> API : null ===> Message : validateRequest() invoked
info: ===> TimeStamp : 2026-02-22 20:05:29===> API : null ===> Message : fetchDBSettings()
info: ===> TimeStamp : 2026-02-22 20:05:29===> API : null ===> Message : validateRequest() Invoked!
info: ===> TimeStamp : 2026-02-22 20:05:29===> API : null ===> Message : validRequest() :: Api validated Successfully
info: ===> TimeStamp : 2026-02-22 20:05:29===> API : /api/booking/newBooking ===> Message : newBooking() invoked!!
info: ===> TimeStamp : 2026-02-22 20:05:29===> API : /api/booking/newBooking ===> Message : newBooking() :: Request Object :: [object Object]
info: ===> TimeStamp : 2026-02-22 20:05:29===> API : /api/booking/newBooking ===> Message : getUserById() :: DB :: Invoked !
info: ===> TimeStamp : 2026-02-22 20:05:29===> API : /api/booking/newBooking ===> Message : newBooking() :: DB :: Invoked !
info: ===> TimeStamp : 2026-02-22 20:05:29===> API : /api/booking/newBooking ===> Message : newBookingResponse() invoked!
info: ===> TimeStamp : 2026-02-22 20:05:29===> API : /api/booking/newBooking ===> Message : newBookingResponse() completed
info: ===> TimeStamp : 2026-02-22 20:05:58===> API : null ===> Message : validateRequest() invoked
info: ===> TimeStamp : 2026-02-22 20:05:58===> API : null ===> Message : fetchDBSettings()
info: ===> TimeStamp : 2026-02-22 20:05:58===> API : null ===> Message : validateRequest() Invoked!
info: ===> TimeStamp : 2026-02-22 20:05:58===> API : null ===> Message : validRequest() :: Api validated Successfully
info: ===> TimeStamp : 2026-02-22 20:05:58===> API : /api/booking/displayPackages ===> Message : displayPackages() invoked!!
info: ===> TimeStamp : 2026-02-22 20:05:58===> API : /api/booking/displayPackages ===> Message : displayPackages() :: DB :: Invoked !
info: ===> TimeStamp : 2026-02-22 20:05:58===> API : /api/booking/displayPackages ===> Message : displayPackagesResponse() invoked!
info: ===> TimeStamp : 2026-02-22 20:05:58===> API : /api/booking/displayPackages ===> Message : displayPackagesResponse() completed
info: ===> TimeStamp : 2026-02-22 20:11:18===> API : null ===> Message : validateRequest() invoked
info: ===> TimeStamp : 2026-02-22 20:11:18===> API : null ===> Message : fetchDBSettings()
info: ===> TimeStamp : 2026-02-22 20:11:18===> API : null ===> Message : validateRequest() Invoked!
info: ===> TimeStamp : 2026-02-22 20:11:18===> API : null ===> Message : validRequest() :: Api validated Successfully
info: ===> TimeStamp : 2026-02-22 20:11:18===> API : /api/booking/displayPackages ===> Message : displayPackages() invoked!!
info: ===> TimeStamp : 2026-02-22 20:11:18===> API : /api/booking/displayPackages ===> Message : displayPackages() :: DB :: Invoked !
info: ===> TimeStamp : 2026-02-22 20:11:18===> API : /api/booking/displayPackages ===> Message : displayPackagesResponse() invoked!
info: ===> TimeStamp : 2026-02-22 20:11:18===> API : /api/booking/displayPackages ===> Message : displayPackagesResponse() completed
info: ===> TimeStamp : 2026-02-22 20:14:18===> API : null ===> Message : validateRequest() invoked
info: ===> TimeStamp : 2026-02-22 20:14:18===> API : null ===> Message : fetchDBSettings()
info: ===> TimeStamp : 2026-02-22 20:14:18===> API : null ===> Message : validateRequest() Invoked!
info: ===> TimeStamp : 2026-02-22 20:14:18===> API : null ===> Message : validRequest() :: Api validated Successfully
info: ===> TimeStamp : 2026-02-22 20:14:18===> API : /api/booking/displayPackages ===> Message : displayPackages() invoked!!
info: ===> TimeStamp : 2026-02-22 20:14:18===> API : /api/booking/displayPackages ===> Message : displayPackages() :: DB :: Invoked !
info: ===> TimeStamp : 2026-02-22 20:14:18===> API : /api/booking/displayPackages ===> Message : displayPackagesResponse() invoked!
info: ===> TimeStamp : 2026-02-22 20:14:18===> API : /api/booking/displayPackages ===> Message : displayPackagesResponse() completed
info: ===> TimeStamp : 2026-02-22 20:14:27===> API : null ===> Message : validateRequest() invoked
info: ===> TimeStamp : 2026-02-22 20:14:27===> API : null ===> Message : fetchDBSettings()
info: ===> TimeStamp : 2026-02-22 20:14:27===> API : null ===> Message : validateRequest() Invoked!
info: ===> TimeStamp : 2026-02-22 20:14:27===> API : null ===> Message : validRequest() :: Api validated Successfully
info: ===> TimeStamp : 2026-02-22 20:14:27===> API : /api/booking/displayPackages ===> Message : displayPackages() invoked!!
info: ===> TimeStamp : 2026-02-22 20:14:27===> API : /api/booking/displayPackages ===> Message : displayPackages() :: DB :: Invoked !
info: ===> TimeStamp : 2026-02-22 20:14:27===> API : /api/booking/displayPackages ===> Message : displayPackagesResponse() invoked!
info: ===> TimeStamp : 2026-02-22 20:14:27===> API : /api/booking/displayPackages ===> Message : displayPackagesResponse() completed
info: ===> TimeStamp : 2026-02-22 20:18:49===> API : null ===> Message : validateRequest() invoked
info: ===> TimeStamp : 2026-02-22 20:18:49===> API : null ===> Message : fetchDBSettings()
info: ===> TimeStamp : 2026-02-22 20:18:50===> API : null ===> Message : validateRequest() Invoked!
info: ===> TimeStamp : 2026-02-22 20:18:50===> API : null ===> Message : validRequest() :: Api validated Successfully
info: ===> TimeStamp : 2026-02-22 20:18:50===> API : /api/booking/getUserByPhone?phone=86395 ===> Message : getUserByPhone() invoked!!
info: ===> TimeStamp : 2026-02-22 20:18:50===> API : /api/booking/getUserByPhone?phone=86395 ===> Message : getUserByPhone() :: Request Object :: [object Object]
info: ===> TimeStamp : 2026-02-22 20:18:50===> API : /api/booking/getUserByPhone?phone=86395 ===> Message : getUserByPhone() :: DB :: Invoked !
info: ===> TimeStamp : 2026-02-22 20:18:50===> API : /api/booking/getUserByPhone?phone=86395 ===> Message : getUserByPhoneResponse() invoked!
info: ===> TimeStamp : 2026-02-22 20:18:50===> API : /api/booking/getUserByPhone?phone=86395 ===> Message : getUserByPhoneResponse() completed
info: ===> TimeStamp : 2026-02-22 20:18:53===> API : null ===> Message : validateRequest() invoked
info: ===> TimeStamp : 2026-02-22 20:18:53===> API : null ===> Message : fetchDBSettings()
info: ===> TimeStamp : 2026-02-22 20:18:53===> API : null ===> Message : validateRequest() Invoked!
info: ===> TimeStamp : 2026-02-22 20:18:53===> API : null ===> Message : validRequest() :: Api validated Successfully
info: ===> TimeStamp : 2026-02-22 20:18:53===> API : /api/booking/getUserByPhone?phone=8639566246 ===> Message : getUserByPhone() invoked!!
info: ===> TimeStamp : 2026-02-22 20:18:53===> API : /api/booking/getUserByPhone?phone=8639566246 ===> Message : getUserByPhone() :: Request Object :: [object Object]
info: ===> TimeStamp : 2026-02-22 20:18:53===> API : /api/booking/getUserByPhone?phone=8639566246 ===> Message : getUserByPhone() :: DB :: Invoked !
info: ===> TimeStamp : 2026-02-22 20:18:54===> API : /api/booking/getUserByPhone?phone=8639566246 ===> Message : getUserByPhoneResponse() invoked!
info: ===> TimeStamp : 2026-02-22 20:18:54===> API : /api/booking/getUserByPhone?phone=8639566246 ===> Message : getUserByPhoneResponse() completed
info: ===> TimeStamp : 2026-02-22 20:19:23===> API : null ===> Message : validateRequest() invoked
info: ===> TimeStamp : 2026-02-22 20:19:23===> API : null ===> Message : fetchDBSettings()
info: ===> TimeStamp : 2026-02-22 20:19:23===> API : null ===> Message : validateRequest() Invoked!
info: ===> TimeStamp : 2026-02-22 20:19:23===> API : null ===> Message : validRequest() :: Api validated Successfully
info: ===> TimeStamp : 2026-02-22 20:19:23===> API : /api/booking/displayPackages ===> Message : displayPackages() invoked!!
info: ===> TimeStamp : 2026-02-22 20:19:23===> API : /api/booking/displayPackages ===> Message : displayPackages() :: DB :: Invoked !
info: ===> TimeStamp : 2026-02-22 20:19:23===> API : /api/booking/displayPackages ===> Message : displayPackagesResponse() invoked!
info: ===> TimeStamp : 2026-02-22 20:19:23===> API : /api/booking/displayPackages ===> Message : displayPackagesResponse() completed
info: ===> TimeStamp : 2026-02-22 20:19:57===> API : null ===> Message : validateRequest() invoked
info: ===> TimeStamp : 2026-02-22 20:19:57===> API : null ===> Message : fetchDBSettings()
info: ===> TimeStamp : 2026-02-22 20:19:57===> API : null ===> Message : validateRequest() Invoked!
info: ===> TimeStamp : 2026-02-22 20:19:57===> API : null ===> Message : validRequest() :: Api validated Successfully
info: ===> TimeStamp : 2026-02-22 20:19:57===> API : /api/booking/newBooking ===> Message : newBooking() :: Request Object :: [object Object]
info: ===> TimeStamp : 2026-02-22 20:19:57===> API : /api/booking/newBooking ===> Message : newBooking() invoked!!
info: ===> TimeStamp : 2026-02-22 20:19:57===> API : /api/booking/newBooking ===> Message : getUserById() :: DB :: Invoked !
info: ===> TimeStamp : 2026-02-22 20:19:57===> API : /api/booking/newBooking ===> Message : newBooking() :: DB :: Invoked !
info: ===> TimeStamp : 2026-02-22 20:19:57===> API : /api/booking/newBooking ===> Message : newBookingResponse() invoked!
info: ===> TimeStamp : 2026-02-22 20:19:57===> API : /api/booking/newBooking ===> Message : newBookingResponse() completed
info: ===> TimeStamp : 2026-02-22 20:20:30===> API : null ===> Message : validateRequest() invoked
info: ===> TimeStamp : 2026-02-22 20:20:30===> API : null ===> Message : fetchDBSettings()
info: ===> TimeStamp : 2026-02-22 20:20:30===> API : null ===> Message : validateRequest() Invoked!
info: ===> TimeStamp : 2026-02-22 20:20:30===> API : null ===> Message : validRequest() :: Api validated Successfully
info: ===> TimeStamp : 2026-02-22 20:20:30===> API : /api/booking/displayPackages ===> Message : displayPackages() invoked!!
info: ===> TimeStamp : 2026-02-22 20:20:30===> API : /api/booking/displayPackages ===> Message : displayPackages() :: DB :: Invoked !
info: ===> TimeStamp : 2026-02-22 20:20:30===> API : /api/booking/displayPackages ===> Message : displayPackagesResponse() invoked!
info: ===> TimeStamp : 2026-02-22 20:20:30===> API : /api/booking/displayPackages ===> Message : displayPackagesResponse() completed
info: ===> TimeStamp : 2026-02-22 20:21:00===> API : null ===> Message : validateRequest() invoked
info: ===> TimeStamp : 2026-02-22 20:21:00===> API : null ===> Message : fetchDBSettings()
info: ===> TimeStamp : 2026-02-22 20:21:00===> API : null ===> Message : validateRequest() Invoked!
info: ===> TimeStamp : 2026-02-22 20:21:00===> API : null ===> Message : validRequest() :: Api validated Successfully
info: ===> TimeStamp : 2026-02-22 20:21:00===> API : /api/booking/displayPackages ===> Message : displayPackages() invoked!!
info: ===> TimeStamp : 2026-02-22 20:21:00===> API : /api/booking/displayPackages ===> Message : displayPackages() :: DB :: Invoked !
info: ===> TimeStamp : 2026-02-22 20:21:00===> API : /api/booking/displayPackages ===> Message : displayPackagesResponse() invoked!
info: ===> TimeStamp : 2026-02-22 20:21:00===> API : /api/booking/displayPackages ===> Message : displayPackagesResponse() completed
info: ===> TimeStamp : 2026-02-22 20:33:12===> API : null ===> Message : validateRequest() invoked
info: ===> TimeStamp : 2026-02-22 20:33:12===> API : null ===> Message : fetchDBSettings()
info: ===> TimeStamp : 2026-02-22 20:33:12===> API : null ===> Message : validateRequest() Invoked!
info: ===> TimeStamp : 2026-02-22 20:33:12===> API : null ===> Message : validRequest() :: Api validated Successfully
info: ===> TimeStamp : 2026-02-22 20:33:12===> API : /api/booking/getUserByPhone?phone=99 ===> Message : getUserByPhone() invoked!!
info: ===> TimeStamp : 2026-02-22 20:33:12===> API : /api/booking/getUserByPhone?phone=99 ===> Message : getUserByPhone() :: Request Object :: [object Object]
info: ===> TimeStamp : 2026-02-22 20:33:12===> API : /api/booking/getUserByPhone?phone=99 ===> Message : getUserByPhone() :: DB :: Invoked !
info: ===> TimeStamp : 2026-02-22 20:33:13===> API : /api/booking/getUserByPhone?phone=99 ===> Message : getUserByPhoneResponse() invoked!
info: ===> TimeStamp : 2026-02-22 20:33:13===> API : /api/booking/getUserByPhone?phone=99 ===> Message : getUserByPhoneResponse() completed
info: ===> TimeStamp : 2026-02-22 20:33:13===> API : null ===> Message : validateRequest() invoked
info: ===> TimeStamp : 2026-02-22 20:33:13===> API : null ===> Message : fetchDBSettings()
info: ===> TimeStamp : 2026-02-22 20:33:13===> API : null ===> Message : validateRequest() Invoked!
info: ===> TimeStamp : 2026-02-22 20:33:13===> API : null ===> Message : validRequest() :: Api validated Successfully
info: ===> TimeStamp : 2026-02-22 20:33:13===> API : /api/booking/getUserByPhone?phone=9988 ===> Message : getUserByPhone() invoked!!
info: ===> TimeStamp : 2026-02-22 20:33:13===> API : /api/booking/getUserByPhone?phone=9988 ===> Message : getUserByPhone() :: Request Object :: [object Object]
info: ===> TimeStamp : 2026-02-22 20:33:13===> API : /api/booking/getUserByPhone?phone=9988 ===> Message : getUserByPhone() :: DB :: Invoked !
info: ===> TimeStamp : 2026-02-22 20:33:14===> API : /api/booking/getUserByPhone?phone=9988 ===> Message : getUserByPhoneResponse() invoked!
info: ===> TimeStamp : 2026-02-22 20:33:14===> API : /api/booking/getUserByPhone?phone=9988 ===> Message : getUserByPhoneResponse() completed
info: ===> TimeStamp : 2026-02-22 20:33:14===> API : null ===> Message : validateRequest() invoked
info: ===> TimeStamp : 2026-02-22 20:33:14===> API : null ===> Message : fetchDBSettings()
info: ===> TimeStamp : 2026-02-22 20:33:14===> API : null ===> Message : validateRequest() Invoked!
info: ===> TimeStamp : 2026-02-22 20:33:14===> API : null ===> Message : validRequest() :: Api validated Successfully
info: ===> TimeStamp : 2026-02-22 20:33:14===> API : /api/booking/getUserByPhone?phone=99888 ===> Message : getUserByPhone() :: Request Object :: [object Object]
info: ===> TimeStamp : 2026-02-22 20:33:14===> API : /api/booking/getUserByPhone?phone=99888 ===> Message : getUserByPhone() invoked!!
info: ===> TimeStamp : 2026-02-22 20:33:14===> API : /api/booking/getUserByPhone?phone=99888 ===> Message : getUserByPhone() :: DB :: Invoked !
info: ===> TimeStamp : 2026-02-22 20:33:14===> API : null ===> Message : validateRequest() invoked
info: ===> TimeStamp : 2026-02-22 20:33:14===> API : null ===> Message : fetchDBSettings()
info: ===> TimeStamp : 2026-02-22 20:33:14===> API : null ===> Message : validateRequest() Invoked!
info: ===> TimeStamp : 2026-02-22 20:33:14===> API : null ===> Message : validRequest() :: Api validated Successfully
info: ===> TimeStamp : 2026-02-22 20:33:14===> API : /api/booking/getUserByPhone?phone=998888 ===> Message : getUserByPhone() :: Request Object :: [object Object]
info: ===> TimeStamp : 2026-02-22 20:33:14===> API : /api/booking/getUserByPhone?phone=998888 ===> Message : getUserByPhone() invoked!!
info: ===> TimeStamp : 2026-02-22 20:33:14===> API : /api/booking/getUserByPhone?phone=998888 ===> Message : getUserByPhone() :: DB :: Invoked !
info: ===> TimeStamp : 2026-02-22 20:33:15===> API : null ===> Message : validateRequest() invoked
info: ===> TimeStamp : 2026-02-22 20:33:15===> API : null ===> Message : fetchDBSettings()
info: ===> TimeStamp : 2026-02-22 20:33:15===> API : /api/booking/getUserByPhone?phone=99888 ===> Message : getUserByPhoneResponse() invoked!
info: ===> TimeStamp : 2026-02-22 20:33:15===> API : /api/booking/getUserByPhone?phone=99888 ===> Message : getUserByPhoneResponse() completed
info: ===> TimeStamp : 2026-02-22 20:33:15===> API : null ===> Message : validateRequest() Invoked!
info: ===> TimeStamp : 2026-02-22 20:33:15===> API : null ===> Message : validRequest() :: Api validated Successfully
info: ===> TimeStamp : 2026-02-22 20:33:15===> API : /api/booking/getUserByPhone?phone=9988881 ===> Message : getUserByPhone() :: Request Object :: [object Object]
info: ===> TimeStamp : 2026-02-22 20:33:15===> API : /api/booking/getUserByPhone?phone=9988881 ===> Message : getUserByPhone() invoked!!
info: ===> TimeStamp : 2026-02-22 20:33:15===> API : /api/booking/getUserByPhone?phone=9988881 ===> Message : getUserByPhone() :: DB :: Invoked !
info: ===> TimeStamp : 2026-02-22 20:33:15===> API : null ===> Message : validateRequest() invoked
info: ===> TimeStamp : 2026-02-22 20:33:15===> API : null ===> Message : fetchDBSettings()
info: ===> TimeStamp : 2026-02-22 20:33:15===> API : null ===> Message : validateRequest() Invoked!
info: ===> TimeStamp : 2026-02-22 20:33:15===> API : /api/booking/getUserByPhone?phone=998888 ===> Message : getUserByPhoneResponse() invoked!
info: ===> TimeStamp : 2026-02-22 20:33:15===> API : /api/booking/getUserByPhone?phone=998888 ===> Message : getUserByPhoneResponse() completed
info: ===> TimeStamp : 2026-02-22 20:33:16===> API : /api/booking/getUserByPhone?phone=99888814 ===> Message : getUserByPhone() invoked!!
info: ===> TimeStamp : 2026-02-22 20:33:16===> API : /api/booking/getUserByPhone?phone=99888814 ===> Message : getUserByPhone() :: Request Object :: [object Object]
info: ===> TimeStamp : 2026-02-22 20:33:16===> API : null ===> Message : validRequest() :: Api validated Successfully
info: ===> TimeStamp : 2026-02-22 20:33:16===> API : /api/booking/getUserByPhone?phone=99888814 ===> Message : getUserByPhone() :: DB :: Invoked !
info: ===> TimeStamp : 2026-02-22 20:33:17===> API : /api/booking/getUserByPhone?phone=9988881 ===> Message : getUserByPhoneResponse() invoked!
info: ===> TimeStamp : 2026-02-22 20:33:17===> API : /api/booking/getUserByPhone?phone=9988881 ===> Message : getUserByPhoneResponse() completed
info: ===> TimeStamp : 2026-02-22 20:33:17===> API : /api/booking/getUserByPhone?phone=99888814 ===> Message : getUserByPhoneResponse() invoked!
info: ===> TimeStamp : 2026-02-22 20:33:17===> API : /api/booking/getUserByPhone?phone=99888814 ===> Message : getUserByPhoneResponse() completed
info: ===> TimeStamp : 2026-02-22 20:33:17===> API : null ===> Message : validateRequest() invoked
info: ===> TimeStamp : 2026-02-22 20:33:17===> API : null ===> Message : fetchDBSettings()
info: ===> TimeStamp : 2026-02-22 20:33:17===> API : null ===> Message : validateRequest() Invoked!
info: ===> TimeStamp : 2026-02-22 20:33:18===> API : null ===> Message : validRequest() :: Api validated Successfully
info: ===> TimeStamp : 2026-02-22 20:33:18===> API : /api/booking/getUserByPhone?phone=9988881414 ===> Message : getUserByPhone() invoked!!
info: ===> TimeStamp : 2026-02-22 20:33:18===> API : /api/booking/getUserByPhone?phone=9988881414 ===> Message : getUserByPhone() :: Request Object :: [object Object]
info: ===> TimeStamp : 2026-02-22 20:33:18===> API : /api/booking/getUserByPhone?phone=9988881414 ===> Message : getUserByPhone() :: DB :: Invoked !
info: ===> TimeStamp : 2026-02-22 20:33:18===> API : /api/booking/getUserByPhone?phone=9988881414 ===> Message : getUserByPhoneResponse() invoked!
info: ===> TimeStamp : 2026-02-22 20:33:18===> API : /api/booking/getUserByPhone?phone=9988881414 ===> Message : getUserByPhoneResponse() completed
info: ===> TimeStamp : 2026-02-22 20:33:29===> API : null ===> Message : validateRequest() invoked
info: ===> TimeStamp : 2026-02-22 20:33:29===> API : null ===> Message : fetchDBSettings()
info: ===> TimeStamp : 2026-02-22 20:33:29===> API : null ===> Message : validateRequest() Invoked!
info: ===> TimeStamp : 2026-02-22 20:33:29===> API : null ===> Message : validRequest() :: Api validated Successfully
info: ===> TimeStamp : 2026-02-22 20:33:29===> API : /api/booking/displayPackages ===> Message : displayPackages() invoked!!
info: ===> TimeStamp : 2026-02-22 20:33:29===> API : /api/booking/displayPackages ===> Message : displayPackages() :: DB :: Invoked !
info: ===> TimeStamp : 2026-02-22 20:33:29===> API : /api/booking/displayPackages ===> Message : displayPackagesResponse() invoked!
info: ===> TimeStamp : 2026-02-22 20:33:29===> API : /api/booking/displayPackages ===> Message : displayPackagesResponse() completed
info: ===> TimeStamp : 2026-02-22 20:33:42===> API : null ===> Message : validateRequest() invoked
info: ===> TimeStamp : 2026-02-22 20:33:42===> API : null ===> Message : fetchDBSettings()
info: ===> TimeStamp : 2026-02-22 20:33:42===> API : null ===> Message : validateRequest() Invoked!
info: ===> TimeStamp : 2026-02-22 20:33:42===> API : null ===> Message : validRequest() :: Api validated Successfully
info: ===> TimeStamp : 2026-02-22 20:33:42===> API : /api/booking/getUserByPhone?phone=99 ===> Message : getUserByPhone() invoked!!
info: ===> TimeStamp : 2026-02-22 20:33:42===> API : /api/booking/getUserByPhone?phone=99 ===> Message : getUserByPhone() :: Request Object :: [object Object]
info: ===> TimeStamp : 2026-02-22 20:33:42===> API : /api/booking/getUserByPhone?phone=99 ===> Message : getUserByPhone() :: DB :: Invoked !
info: ===> TimeStamp : 2026-02-22 20:33:42===> API : /api/booking/getUserByPhone?phone=99 ===> Message : getUserByPhoneResponse() invoked!
info: ===> TimeStamp : 2026-02-22 20:33:42===> API : /api/booking/getUserByPhone?phone=99 ===> Message : getUserByPhoneResponse() completed
info: ===> TimeStamp : 2026-02-22 20:33:43===> API : null ===> Message : validateRequest() invoked
info: ===> TimeStamp : 2026-02-22 20:33:43===> API : null ===> Message : fetchDBSettings()
info: ===> TimeStamp : 2026-02-22 20:33:43===> API : null ===> Message : validateRequest() Invoked!
info: ===> TimeStamp : 2026-02-22 20:33:43===> API : null ===> Message : validRequest() :: Api validated Successfully
info: ===> TimeStamp : 2026-02-22 20:33:43===> API : /api/booking/getUserByPhone?phone=9988 ===> Message : getUserByPhone() invoked!!
info: ===> TimeStamp : 2026-02-22 20:33:43===> API : /api/booking/getUserByPhone?phone=9988 ===> Message : getUserByPhone() :: Request Object :: [object Object]
info: ===> TimeStamp : 2026-02-22 20:33:43===> API : /api/booking/getUserByPhone?phone=9988 ===> Message : getUserByPhone() :: DB :: Invoked !
info: ===> TimeStamp : 2026-02-22 20:33:44===> API : /api/booking/getUserByPhone?phone=9988 ===> Message : getUserByPhoneResponse() invoked!
info: ===> TimeStamp : 2026-02-22 20:33:44===> API : /api/booking/getUserByPhone?phone=9988 ===> Message : getUserByPhoneResponse() completed
info: ===> TimeStamp : 2026-02-22 20:33:45===> API : null ===> Message : validateRequest() invoked
info: ===> TimeStamp : 2026-02-22 20:33:45===> API : null ===> Message : fetchDBSettings()
info: ===> TimeStamp : 2026-02-22 20:33:45===> API : null ===> Message : validateRequest() Invoked!
info: ===> TimeStamp : 2026-02-22 20:33:45===> API : null ===> Message : validRequest() :: Api validated Successfully
info: ===> TimeStamp : 2026-02-22 20:33:45===> API : /api/booking/getUserByPhone?phone=99888814 ===> Message : getUserByPhone() :: Request Object :: [object Object]
info: ===> TimeStamp : 2026-02-22 20:33:45===> API : /api/booking/getUserByPhone?phone=99888814 ===> Message : getUserByPhone() :: DB :: Invoked !
info: ===> TimeStamp : 2026-02-22 20:33:45===> API : /api/booking/getUserByPhone?phone=99888814 ===> Message : getUserByPhone() invoked!!
info: ===> TimeStamp : 2026-02-22 20:33:46===> API : /api/booking/getUserByPhone?phone=99888814 ===> Message : getUserByPhoneResponse() invoked!
info: ===> TimeStamp : 2026-02-22 20:33:46===> API : /api/booking/getUserByPhone?phone=99888814 ===> Message : getUserByPhoneResponse() completed
info: ===> TimeStamp : 2026-02-22 20:33:47===> API : null ===> Message : validateRequest() invoked
info: ===> TimeStamp : 2026-02-22 20:33:47===> API : null ===> Message : fetchDBSettings()
info: ===> TimeStamp : 2026-02-22 20:33:47===> API : null ===> Message : validateRequest() Invoked!
info: ===> TimeStamp : 2026-02-22 20:33:47===> API : null ===> Message : validRequest() :: Api validated Successfully
info: ===> TimeStamp : 2026-02-22 20:33:47===> API : /api/booking/getUserByPhone?phone=9988881414 ===> Message : getUserByPhone() invoked!!
info: ===> TimeStamp : 2026-02-22 20:33:47===> API : /api/booking/getUserByPhone?phone=9988881414 ===> Message : getUserByPhone() :: Request Object :: [object Object]
info: ===> TimeStamp : 2026-02-22 20:33:47===> API : /api/booking/getUserByPhone?phone=9988881414 ===> Message : getUserByPhone() :: DB :: Invoked !
info: ===> TimeStamp : 2026-02-22 20:33:47===> API : /api/booking/getUserByPhone?phone=9988881414 ===> Message : getUserByPhoneResponse() invoked!
info: ===> TimeStamp : 2026-02-22 20:33:47===> API : /api/booking/getUserByPhone?phone=9988881414 ===> Message : getUserByPhoneResponse() completed
info: ===> TimeStamp : 2026-02-22 20:35:05===> API : null ===> Message : validateRequest() invoked
info: ===> TimeStamp : 2026-02-22 20:35:05===> API : null ===> Message : fetchDBSettings()
info: ===> TimeStamp : 2026-02-22 20:35:05===> API : null ===> Message : validateRequest() Invoked!
info: ===> TimeStamp : 2026-02-22 20:35:05===> API : null ===> Message : validRequest() :: Api validated Successfully
info: ===> TimeStamp : 2026-02-22 20:35:05===> API : /api/booking/newBooking ===> Message : newBooking() invoked!!
info: ===> TimeStamp : 2026-02-22 20:35:05===> API : /api/booking/newBooking ===> Message : newBooking() :: Request Object :: [object Object]
info: ===> TimeStamp : 2026-02-22 20:35:05===> API : /api/booking/newBooking ===> Message : getUserById() :: DB :: Invoked !
info: ===> TimeStamp : 2026-02-22 20:35:05===> API : /api/booking/newBooking ===> Message : newBooking() :: DB :: Invoked !
info: ===> TimeStamp : 2026-02-22 20:35:06===> API : /api/booking/newBooking ===> Message : newBookingResponse() invoked!
info: ===> TimeStamp : 2026-02-22 20:35:06===> API : /api/booking/newBooking ===> Message : newBookingResponse() completed
info: ===> TimeStamp : 2026-02-22 20:36:25===> API : null ===> Message : validateRequest() invoked
info: ===> TimeStamp : 2026-02-22 20:36:25===> API : null ===> Message : fetchDBSettings()
info: ===> TimeStamp : 2026-02-22 20:36:25===> API : null ===> Message : validateRequest() Invoked!
info: ===> TimeStamp : 2026-02-22 20:36:25===> API : null ===> Message : validRequest() :: Api validated Successfully
info: ===> TimeStamp : 2026-02-22 20:36:25===> API : /api/booking/displayPackages ===> Message : displayPackages() invoked!!
info: ===> TimeStamp : 2026-02-22 20:36:25===> API : /api/booking/displayPackages ===> Message : displayPackages() :: DB :: Invoked !
info: ===> TimeStamp : 2026-02-22 20:36:25===> API : /api/booking/displayPackages ===> Message : displayPackagesResponse() invoked!
info: ===> TimeStamp : 2026-02-22 20:36:25===> API : /api/booking/displayPackages ===> Message : displayPackagesResponse() completed
info: ===> TimeStamp : 2026-02-22 20:39:32===> API : null ===> Message : validateRequest() invoked
info: ===> TimeStamp : 2026-02-22 20:39:32===> API : null ===> Message : fetchDBSettings()
info: ===> TimeStamp : 2026-02-22 20:39:32===> API : null ===> Message : validateRequest() Invoked!
info: ===> TimeStamp : 2026-02-22 20:39:32===> API : null ===> Message : validRequest() :: Api validated Successfully
info: ===> TimeStamp : 2026-02-22 20:39:32===> API : /api/booking/getUserByPhone?phone=97 ===> Message : getUserByPhone() invoked!!
info: ===> TimeStamp : 2026-02-22 20:39:32===> API : /api/booking/getUserByPhone?phone=97 ===> Message : getUserByPhone() :: Request Object :: [object Object]
info: ===> TimeStamp : 2026-02-22 20:39:32===> API : /api/booking/getUserByPhone?phone=97 ===> Message : getUserByPhone() :: DB :: Invoked !
info: ===> TimeStamp : 2026-02-22 20:39:33===> API : /api/booking/getUserByPhone?phone=97 ===> Message : getUserByPhoneResponse() invoked!
info: ===> TimeStamp : 2026-02-22 20:39:33===> API : /api/booking/getUserByPhone?phone=97 ===> Message : getUserByPhoneResponse() completed
info: ===> TimeStamp : 2026-02-22 20:39:34===> API : null ===> Message : validateRequest() invoked
info: ===> TimeStamp : 2026-02-22 20:39:34===> API : null ===> Message : fetchDBSettings()
info: ===> TimeStamp : 2026-02-22 20:39:34===> API : null ===> Message : validateRequest() Invoked!
info: ===> TimeStamp : 2026-02-22 20:39:34===> API : null ===> Message : validRequest() :: Api validated Successfully
info: ===> TimeStamp : 2026-02-22 20:39:34===> API : /api/booking/getUserByPhone?phone=97845 ===> Message : getUserByPhone() invoked!!
info: ===> TimeStamp : 2026-02-22 20:39:34===> API : /api/booking/getUserByPhone?phone=97845 ===> Message : getUserByPhone() :: Request Object :: [object Object]
info: ===> TimeStamp : 2026-02-22 20:39:34===> API : /api/booking/getUserByPhone?phone=97845 ===> Message : getUserByPhone() :: DB :: Invoked !
info: ===> TimeStamp : 2026-02-22 20:39:34===> API : /api/booking/getUserByPhone?phone=97845 ===> Message : getUserByPhoneResponse() invoked!
info: ===> TimeStamp : 2026-02-22 20:39:34===> API : /api/booking/getUserByPhone?phone=97845 ===> Message : getUserByPhoneResponse() completed
info: ===> TimeStamp : 2026-02-22 20:39:36===> API : null ===> Message : validateRequest() invoked
info: ===> TimeStamp : 2026-02-22 20:39:36===> API : null ===> Message : fetchDBSettings()
info: ===> TimeStamp : 2026-02-22 20:39:36===> API : null ===> Message : validateRequest() Invoked!
info: ===> TimeStamp : 2026-02-22 20:39:36===> API : null ===> Message : validRequest() :: Api validated Successfully
info: ===> TimeStamp : 2026-02-22 20:39:36===> API : /api/booking/getUserByPhone?phone=97845380 ===> Message : getUserByPhone() invoked!!
info: ===> TimeStamp : 2026-02-22 20:39:36===> API : /api/booking/getUserByPhone?phone=97845380 ===> Message : getUserByPhone() :: Request Object :: [object Object]
info: ===> TimeStamp : 2026-02-22 20:39:36===> API : /api/booking/getUserByPhone?phone=97845380 ===> Message : getUserByPhone() :: DB :: Invoked !
info: ===> TimeStamp : 2026-02-22 20:39:36===> API : /api/booking/getUserByPhone?phone=97845380 ===> Message : getUserByPhoneResponse() invoked!
info: ===> TimeStamp : 2026-02-22 20:39:36===> API : /api/booking/getUserByPhone?phone=97845380 ===> Message : getUserByPhoneResponse() completed
info: ===> TimeStamp : 2026-02-22 20:39:38===> API : null ===> Message : validateRequest() invoked
info: ===> TimeStamp : 2026-02-22 20:39:38===> API : null ===> Message : fetchDBSettings()
info: ===> TimeStamp : 2026-02-22 20:39:38===> API : null ===> Message : validateRequest() Invoked!
info: ===> TimeStamp : 2026-02-22 20:39:38===> API : null ===> Message : validRequest() :: Api validated Successfully
info: ===> TimeStamp : 2026-02-22 20:39:38===> API : /api/booking/getUserByPhone?phone=9784538025 ===> Message : getUserByPhone() invoked!!
info: ===> TimeStamp : 2026-02-22 20:39:38===> API : /api/booking/getUserByPhone?phone=9784538025 ===> Message : getUserByPhone() :: Request Object :: [object Object]
info: ===> TimeStamp : 2026-02-22 20:39:38===> API : /api/booking/getUserByPhone?phone=9784538025 ===> Message : getUserByPhone() :: DB :: Invoked !
info: ===> TimeStamp : 2026-02-22 20:39:38===> API : /api/booking/getUserByPhone?phone=9784538025 ===> Message : getUserByPhoneResponse() invoked!
info: ===> TimeStamp : 2026-02-22 20:39:38===> API : /api/booking/getUserByPhone?phone=9784538025 ===> Message : getUserByPhoneResponse() completed
info: ===> TimeStamp : 2026-02-22 20:41:01===> API : null ===> Message : validateRequest() invoked
info: ===> TimeStamp : 2026-02-22 20:41:01===> API : null ===> Message : fetchDBSettings()
info: ===> TimeStamp : 2026-02-22 20:41:01===> API : null ===> Message : validateRequest() Invoked!
info: ===> TimeStamp : 2026-02-22 20:41:01===> API : null ===> Message : validRequest() :: Api validated Successfully
info: ===> TimeStamp : 2026-02-22 20:41:01===> API : /api/booking/newBooking ===> Message : newBooking() invoked!!
info: ===> TimeStamp : 2026-02-22 20:41:01===> API : /api/booking/newBooking ===> Message : newBooking() :: Request Object :: [object Object]
info: ===> TimeStamp : 2026-02-22 20:41:01===> API : /api/booking/newBooking ===> Message : getUserById() :: DB :: Invoked !
info: ===> TimeStamp : 2026-02-22 20:41:01===> API : /api/booking/newBooking ===> Message : newBooking() :: DB :: Invoked !
info: ===> TimeStamp : 2026-02-22 20:41:03===> API : /api/booking/newBooking ===> Message : newBookingResponse() invoked!
info: ===> TimeStamp : 2026-02-22 20:41:03===> API : /api/booking/newBooking ===> Message : newBookingResponse() completed
info: ===> TimeStamp : 2026-02-22 20:41:22===> API : null ===> Message : validateRequest() invoked
info: ===> TimeStamp : 2026-02-22 20:41:22===> API : null ===> Message : fetchDBSettings()
info: ===> TimeStamp : 2026-02-22 20:41:22===> API : null ===> Message : validateRequest() Invoked!
info: ===> TimeStamp : 2026-02-22 20:41:22===> API : null ===> Message : validRequest() :: Api validated Successfully
info: ===> TimeStamp : 2026-02-22 20:41:22===> API : /api/booking/displayPackages ===> Message : displayPackages() invoked!!
info: ===> TimeStamp : 2026-02-22 20:41:22===> API : /api/booking/displayPackages ===> Message : displayPackages() :: DB :: Invoked !
info: ===> TimeStamp : 2026-02-22 20:41:22===> API : /api/booking/displayPackages ===> Message : displayPackagesResponse() invoked!
info: ===> TimeStamp : 2026-02-22 20:41:22===> API : /api/booking/displayPackages ===> Message : displayPackagesResponse() completed
info: ===> TimeStamp : 2026-02-22 20:43:29===> API : null ===> Message : validateRequest() invoked
info: ===> TimeStamp : 2026-02-22 20:43:29===> API : null ===> Message : fetchDBSettings()
info: ===> TimeStamp : 2026-02-22 20:43:29===> API : null ===> Message : validateRequest() Invoked!
info: ===> TimeStamp : 2026-02-22 20:43:29===> API : /api/booking/getUserByPhone?phone=8287 ===> Message : getUserByPhone() invoked!!
info: ===> TimeStamp : 2026-02-22 20:43:29===> API : null ===> Message : validRequest() :: Api validated Successfully
info: ===> TimeStamp : 2026-02-22 20:43:29===> API : /api/booking/getUserByPhone?phone=8287 ===> Message : getUserByPhone() :: Request Object :: [object Object]
info: ===> TimeStamp : 2026-02-22 20:43:29===> API : /api/booking/getUserByPhone?phone=8287 ===> Message : getUserByPhone() :: DB :: Invoked !
info: ===> TimeStamp : 2026-02-22 20:43:30===> API : /api/booking/getUserByPhone?phone=8287 ===> Message : getUserByPhoneResponse() invoked!
info: ===> TimeStamp : 2026-02-22 20:43:30===> API : /api/booking/getUserByPhone?phone=8287 ===> Message : getUserByPhoneResponse() completed
info: ===> TimeStamp : 2026-02-22 20:43:32===> API : null ===> Message : validateRequest() invoked
info: ===> TimeStamp : 2026-02-22 20:43:32===> API : null ===> Message : fetchDBSettings()
info: ===> TimeStamp : 2026-02-22 20:43:32===> API : null ===> Message : validateRequest() Invoked!
info: ===> TimeStamp : 2026-02-22 20:43:32===> API : null ===> Message : validRequest() :: Api validated Successfully
info: ===> TimeStamp : 2026-02-22 20:43:32===> API : /api/booking/getUserByPhone?phone=828700 ===> Message : getUserByPhone() :: Request Object :: [object Object]
info: ===> TimeStamp : 2026-02-22 20:43:32===> API : /api/booking/getUserByPhone?phone=828700 ===> Message : getUserByPhone() invoked!!
info: ===> TimeStamp : 2026-02-22 20:43:32===> API : /api/booking/getUserByPhone?phone=828700 ===> Message : getUserByPhone() :: DB :: Invoked !
info: ===> TimeStamp : 2026-02-22 20:43:33===> API : /api/booking/getUserByPhone?phone=828700 ===> Message : getUserByPhoneResponse() invoked!
info: ===> TimeStamp : 2026-02-22 20:43:33===> API : /api/booking/getUserByPhone?phone=828700 ===> Message : getUserByPhoneResponse() completed
info: ===> TimeStamp : 2026-02-22 20:43:34===> API : null ===> Message : validateRequest() invoked
info: ===> TimeStamp : 2026-02-22 20:43:34===> API : null ===> Message : fetchDBSettings()
info: ===> TimeStamp : 2026-02-22 20:43:34===> API : null ===> Message : validateRequest() Invoked!
info: ===> TimeStamp : 2026-02-22 20:43:34===> API : null ===> Message : validRequest() :: Api validated Successfully
info: ===> TimeStamp : 2026-02-22 20:43:34===> API : /api/booking/getUserByPhone?phone=82870010 ===> Message : getUserByPhone() invoked!!
info: ===> TimeStamp : 2026-02-22 20:43:34===> API : /api/booking/getUserByPhone?phone=82870010 ===> Message : getUserByPhone() :: Request Object :: [object Object]
info: ===> TimeStamp : 2026-02-22 20:43:34===> API : /api/booking/getUserByPhone?phone=82870010 ===> Message : getUserByPhone() :: DB :: Invoked !
info: ===> TimeStamp : 2026-02-22 20:43:35===> API : /api/booking/getUserByPhone?phone=82870010 ===> Message : getUserByPhoneResponse() invoked!
info: ===> TimeStamp : 2026-02-22 20:43:35===> API : /api/booking/getUserByPhone?phone=82870010 ===> Message : getUserByPhoneResponse() completed
info: ===> TimeStamp : 2026-02-22 20:43:36===> API : null ===> Message : validateRequest() invoked
info: ===> TimeStamp : 2026-02-22 20:43:36===> API : null ===> Message : fetchDBSettings()
info: ===> TimeStamp : 2026-02-22 20:43:36===> API : null ===> Message : validateRequest() Invoked!
info: ===> TimeStamp : 2026-02-22 20:43:36===> API : null ===> Message : validRequest() :: Api validated Successfully
info: ===> TimeStamp : 2026-02-22 20:43:36===> API : /api/booking/getUserByPhone?phone=8287001088 ===> Message : getUserByPhone() invoked!!
info: ===> TimeStamp : 2026-02-22 20:43:36===> API : /api/booking/getUserByPhone?phone=8287001088 ===> Message : getUserByPhone() :: Request Object :: [object Object]
info: ===> TimeStamp : 2026-02-22 20:43:36===> API : /api/booking/getUserByPhone?phone=8287001088 ===> Message : getUserByPhone() :: DB :: Invoked !
info: ===> TimeStamp : 2026-02-22 20:43:36===> API : /api/booking/getUserByPhone?phone=8287001088 ===> Message : getUserByPhoneResponse() invoked!
info: ===> TimeStamp : 2026-02-22 20:43:36===> API : /api/booking/getUserByPhone?phone=8287001088 ===> Message : getUserByPhoneResponse() completed
info: ===> TimeStamp : 2026-02-22 20:46:22===> API : null ===> Message : validateRequest() invoked
info: ===> TimeStamp : 2026-02-22 20:46:22===> API : null ===> Message : fetchDBSettings()
info: ===> TimeStamp : 2026-02-22 20:46:23===> API : null ===> Message : validateRequest() Invoked!
info: ===> TimeStamp : 2026-02-22 20:46:23===> API : null ===> Message : validRequest() :: Api validated Successfully
info: ===> TimeStamp : 2026-02-22 20:46:23===> API : /api/booking/newBooking ===> Message : newBooking() invoked!!
info: ===> TimeStamp : 2026-02-22 20:46:23===> API : /api/booking/newBooking ===> Message : newBooking() :: Request Object :: [object Object]
info: ===> TimeStamp : 2026-02-22 20:46:23===> API : /api/booking/newBooking ===> Message : getUserById() :: DB :: Invoked !
info: ===> TimeStamp : 2026-02-22 20:46:23===> API : /api/booking/newBooking ===> Message : newBooking() :: DB :: Invoked !
info: ===> TimeStamp : 2026-02-22 20:46:23===> API : /api/booking/newBooking ===> Message : newBookingResponse() invoked!
info: ===> TimeStamp : 2026-02-22 20:46:23===> API : /api/booking/newBooking ===> Message : newBookingResponse() completed
info: ===> TimeStamp : 2026-02-22 20:46:44===> API : null ===> Message : validateRequest() invoked
info: ===> TimeStamp : 2026-02-22 20:46:44===> API : null ===> Message : fetchDBSettings()
info: ===> TimeStamp : 2026-02-22 20:46:44===> API : null ===> Message : validateRequest() Invoked!
info: ===> TimeStamp : 2026-02-22 20:46:44===> API : null ===> Message : validRequest() :: Api validated Successfully
info: ===> TimeStamp : 2026-02-22 20:46:44===> API : /api/booking/displayPackages ===> Message : displayPackages() invoked!!
info: ===> TimeStamp : 2026-02-22 20:46:44===> API : /api/booking/displayPackages ===> Message : displayPackages() :: DB :: Invoked !
info: ===> TimeStamp : 2026-02-22 20:46:44===> API : /api/booking/displayPackages ===> Message : displayPackagesResponse() invoked!
info: ===> TimeStamp : 2026-02-22 20:46:44===> API : /api/booking/displayPackages ===> Message : displayPackagesResponse() completed
info: ===> TimeStamp : 2026-02-22 20:51:08===> API : null ===> Message : validateRequest() invoked
info: ===> TimeStamp : 2026-02-22 20:51:08===> API : null ===> Message : fetchDBSettings()
info: ===> TimeStamp : 2026-02-22 20:51:08===> API : null ===> Message : validateRequest() Invoked!
info: ===> TimeStamp : 2026-02-22 20:51:08===> API : null ===> Message : validRequest() :: Api validated Successfully
info: ===> TimeStamp : 2026-02-22 20:51:08===> API : /api/booking/displayPackages ===> Message : displayPackages() invoked!!
info: ===> TimeStamp : 2026-02-22 20:51:08===> API : /api/booking/displayPackages ===> Message : displayPackages() :: DB :: Invoked !
info: ===> TimeStamp : 2026-02-22 20:51:08===> API : /api/booking/displayPackages ===> Message : displayPackagesResponse() invoked!
info: ===> TimeStamp : 2026-02-22 20:51:08===> API : /api/booking/displayPackages ===> Message : displayPackagesResponse() completed
info: ===> TimeStamp : 2026-02-22 20:51:23===> API : null ===> Message : validateRequest() invoked
info: ===> TimeStamp : 2026-02-22 20:51:23===> API : null ===> Message : fetchDBSettings()
info: ===> TimeStamp : 2026-02-22 20:51:23===> API : null ===> Message : validateRequest() Invoked!
info: ===> TimeStamp : 2026-02-22 20:51:23===> API : null ===> Message : validRequest() :: Api validated Successfully
info: ===> TimeStamp : 2026-02-22 20:51:23===> API : /api/booking/displayPackages ===> Message : displayPackages() invoked!!
info: ===> TimeStamp : 2026-02-22 20:51:23===> API : /api/booking/displayPackages ===> Message : displayPackages() :: DB :: Invoked !
info: ===> TimeStamp : 2026-02-22 20:51:23===> API : /api/booking/displayPackages ===> Message : displayPackagesResponse() invoked!
info: ===> TimeStamp : 2026-02-22 20:51:23===> API : /api/booking/displayPackages ===> Message : displayPackagesResponse() completed
info: ===> TimeStamp : 2026-02-22 20:52:49===> API : null ===> Message : validateRequest() invoked
info: ===> TimeStamp : 2026-02-22 20:52:49===> API : null ===> Message : fetchDBSettings()
info: ===> TimeStamp : 2026-02-22 20:52:49===> API : null ===> Message : validateRequest() Invoked!
info: ===> TimeStamp : 2026-02-22 20:52:50===> API : null ===> Message : validRequest() :: Api validated Successfully
info: ===> TimeStamp : 2026-02-22 20:52:50===> API : /api/booking/getUserByPhone?phone=97411 ===> Message : getUserByPhone() invoked!!
info: ===> TimeStamp : 2026-02-22 20:52:50===> API : /api/booking/getUserByPhone?phone=97411 ===> Message : getUserByPhone() :: Request Object :: [object Object]
info: ===> TimeStamp : 2026-02-22 20:52:50===> API : /api/booking/getUserByPhone?phone=97411 ===> Message : getUserByPhone() :: DB :: Invoked !
info: ===> TimeStamp : 2026-02-22 20:52:50===> API : /api/booking/getUserByPhone?phone=97411 ===> Message : getUserByPhoneResponse() invoked!
info: ===> TimeStamp : 2026-02-22 20:52:50===> API : /api/booking/getUserByPhone?phone=97411 ===> Message : getUserByPhoneResponse() completed
info: ===> TimeStamp : 2026-02-22 20:53:02===> API : null ===> Message : validateRequest() invoked
info: ===> TimeStamp : 2026-02-22 20:53:02===> API : null ===> Message : fetchDBSettings()
info: ===> TimeStamp : 2026-02-22 20:53:02===> API : null ===> Message : validateRequest() Invoked!
info: ===> TimeStamp : 2026-02-22 20:53:02===> API : null ===> Message : validRequest() :: Api validated Successfully
info: ===> TimeStamp : 2026-02-22 20:53:02===> API : /api/booking/getUserByPhone?phone=97411785 ===> Message : getUserByPhone() invoked!!
info: ===> TimeStamp : 2026-02-22 20:53:02===> API : /api/booking/getUserByPhone?phone=97411785 ===> Message : getUserByPhone() :: Request Object :: [object Object]
info: ===> TimeStamp : 2026-02-22 20:53:02===> API : /api/booking/getUserByPhone?phone=97411785 ===> Message : getUserByPhone() :: DB :: Invoked !
info: ===> TimeStamp : 2026-02-22 20:53:03===> API : /api/booking/getUserByPhone?phone=97411785 ===> Message : getUserByPhoneResponse() invoked!
info: ===> TimeStamp : 2026-02-22 20:53:03===> API : /api/booking/getUserByPhone?phone=97411785 ===> Message : getUserByPhoneResponse() completed
info: ===> TimeStamp : 2026-02-22 20:53:09===> API : null ===> Message : validateRequest() invoked
info: ===> TimeStamp : 2026-02-22 20:53:09===> API : null ===> Message : fetchDBSettings()
info: ===> TimeStamp : 2026-02-22 20:53:09===> API : null ===> Message : validateRequest() Invoked!
info: ===> TimeStamp : 2026-02-22 20:53:09===> API : null ===> Message : validRequest() :: Api validated Successfully
info: ===> TimeStamp : 2026-02-22 20:53:09===> API : /api/booking/getUserByPhone?phone=97411 ===> Message : getUserByPhone() invoked!!
info: ===> TimeStamp : 2026-02-22 20:53:09===> API : /api/booking/getUserByPhone?phone=97411 ===> Message : getUserByPhone() :: DB :: Invoked !
info: ===> TimeStamp : 2026-02-22 20:53:09===> API : /api/booking/getUserByPhone?phone=97411 ===> Message : getUserByPhone() :: Request Object :: [object Object]
info: ===> TimeStamp : 2026-02-22 20:53:10===> API : /api/booking/getUserByPhone?phone=97411 ===> Message : getUserByPhoneResponse() invoked!
info: ===> TimeStamp : 2026-02-22 20:53:10===> API : /api/booking/getUserByPhone?phone=97411 ===> Message : getUserByPhoneResponse() completed
info: ===> TimeStamp : 2026-02-22 20:53:11===> API : null ===> Message : validateRequest() invoked
info: ===> TimeStamp : 2026-02-22 20:53:11===> API : null ===> Message : fetchDBSettings()
info: ===> TimeStamp : 2026-02-22 20:53:11===> API : null ===> Message : validateRequest() Invoked!
info: ===> TimeStamp : 2026-02-22 20:53:11===> API : null ===> Message : validRequest() :: Api validated Successfully
info: ===> TimeStamp : 2026-02-22 20:53:11===> API : /api/booking/getUserByPhone?phone=9741192 ===> Message : getUserByPhone() invoked!!
info: ===> TimeStamp : 2026-02-22 20:53:11===> API : /api/booking/getUserByPhone?phone=9741192 ===> Message : getUserByPhone() :: Request Object :: [object Object]
info: ===> TimeStamp : 2026-02-22 20:53:11===> API : /api/booking/getUserByPhone?phone=9741192 ===> Message : getUserByPhone() :: DB :: Invoked !
info: ===> TimeStamp : 2026-02-22 20:53:12===> API : /api/booking/getUserByPhone?phone=9741192 ===> Message : getUserByPhoneResponse() invoked!
info: ===> TimeStamp : 2026-02-22 20:53:12===> API : /api/booking/getUserByPhone?phone=9741192 ===> Message : getUserByPhoneResponse() completed
info: ===> TimeStamp : 2026-02-22 20:53:13===> API : null ===> Message : validateRequest() invoked
info: ===> TimeStamp : 2026-02-22 20:53:13===> API : null ===> Message : fetchDBSettings()
info: ===> TimeStamp : 2026-02-22 20:53:13===> API : null ===> Message : validateRequest() Invoked!
info: ===> TimeStamp : 2026-02-22 20:53:13===> API : null ===> Message : validRequest() :: Api validated Successfully
info: ===> TimeStamp : 2026-02-22 20:53:13===> API : /api/booking/getUserByPhone?phone=97411927 ===> Message : getUserByPhone() invoked!!
info: ===> TimeStamp : 2026-02-22 20:53:13===> API : /api/booking/getUserByPhone?phone=97411927 ===> Message : getUserByPhone() :: Request Object :: [object Object]
info: ===> TimeStamp : 2026-02-22 20:53:13===> API : /api/booking/getUserByPhone?phone=97411927 ===> Message : getUserByPhone() :: DB :: Invoked !
info: ===> TimeStamp : 2026-02-22 20:53:14===> API : /api/booking/getUserByPhone?phone=97411927 ===> Message : getUserByPhoneResponse() invoked!
info: ===> TimeStamp : 2026-02-22 20:53:14===> API : /api/booking/getUserByPhone?phone=97411927 ===> Message : getUserByPhoneResponse() completed
info: ===> TimeStamp : 2026-02-22 20:53:14===> API : null ===> Message : validateRequest() invoked
info: ===> TimeStamp : 2026-02-22 20:53:14===> API : null ===> Message : fetchDBSettings()
info: ===> TimeStamp : 2026-02-22 20:53:14===> API : null ===> Message : validateRequest() Invoked!
info: ===> TimeStamp : 2026-02-22 20:53:14===> API : null ===> Message : validRequest() :: Api validated Successfully
info: ===> TimeStamp : 2026-02-22 20:53:14===> API : /api/booking/getUserByPhone?phone=9741192785 ===> Message : getUserByPhone() invoked!!
info: ===> TimeStamp : 2026-02-22 20:53:14===> API : /api/booking/getUserByPhone?phone=9741192785 ===> Message : getUserByPhone() :: Request Object :: [object Object]
info: ===> TimeStamp : 2026-02-22 20:53:14===> API : /api/booking/getUserByPhone?phone=9741192785 ===> Message : getUserByPhone() :: DB :: Invoked !
info: ===> TimeStamp : 2026-02-22 20:53:15===> API : /api/booking/getUserByPhone?phone=9741192785 ===> Message : getUserByPhoneResponse() invoked!
info: ===> TimeStamp : 2026-02-22 20:53:15===> API : /api/booking/getUserByPhone?phone=9741192785 ===> Message : getUserByPhoneResponse() completed
info: ===> TimeStamp : 2026-02-22 20:54:27===> API : null ===> Message : validateRequest() invoked
info: ===> TimeStamp : 2026-02-22 20:54:27===> API : null ===> Message : fetchDBSettings()
info: ===> TimeStamp : 2026-02-22 20:54:27===> API : null ===> Message : validateRequest() Invoked!
info: ===> TimeStamp : 2026-02-22 20:54:27===> API : /api/booking/displayPackages ===> Message : displayPackages() invoked!!
info: ===> TimeStamp : 2026-02-22 20:54:27===> API : null ===> Message : validRequest() :: Api validated Successfully
info: ===> TimeStamp : 2026-02-22 20:54:27===> API : /api/booking/displayPackages ===> Message : displayPackages() :: DB :: Invoked !
info: ===> TimeStamp : 2026-02-22 20:54:27===> API : /api/booking/displayPackages ===> Message : displayPackagesResponse() invoked!
info: ===> TimeStamp : 2026-02-22 20:54:27===> API : /api/booking/displayPackages ===> Message : displayPackagesResponse() completed
info: ===> TimeStamp : 2026-02-22 20:58:30===> API : null ===> Message : validateRequest() invoked
info: ===> TimeStamp : 2026-02-22 20:58:30===> API : null ===> Message : fetchDBSettings()
info: ===> TimeStamp : 2026-02-22 20:58:30===> API : null ===> Message : validateRequest() Invoked!
info: ===> TimeStamp : 2026-02-22 20:58:30===> API : null ===> Message : validRequest() :: Api validated Successfully
info: ===> TimeStamp : 2026-02-22 20:58:30===> API : /api/booking/displayPackages ===> Message : displayPackages() invoked!!
info: ===> TimeStamp : 2026-02-22 20:58:30===> API : /api/booking/displayPackages ===> Message : displayPackages() :: DB :: Invoked !
info: ===> TimeStamp : 2026-02-22 20:58:31===> API : /api/booking/displayPackages ===> Message : displayPackagesResponse() invoked!
info: ===> TimeStamp : 2026-02-22 20:58:31===> API : /api/booking/displayPackages ===> Message : displayPackagesResponse() completed
info: ===> TimeStamp : 2026-02-22 20:58:53===> API : null ===> Message : validateRequest() invoked
info: ===> TimeStamp : 2026-02-22 20:58:53===> API : null ===> Message : fetchDBSettings()
info: ===> TimeStamp : 2026-02-22 20:58:53===> API : null ===> Message : validateRequest() Invoked!
info: ===> TimeStamp : 2026-02-22 20:58:53===> API : null ===> Message : validRequest() :: Api validated Successfully
info: ===> TimeStamp : 2026-02-22 20:58:53===> API : /api/booking/getUserByPhone?phone=990 ===> Message : getUserByPhone() invoked!!
info: ===> TimeStamp : 2026-02-22 20:58:53===> API : /api/booking/getUserByPhone?phone=990 ===> Message : getUserByPhone() :: Request Object :: [object Object]
info: ===> TimeStamp : 2026-02-22 20:58:53===> API : /api/booking/getUserByPhone?phone=990 ===> Message : getUserByPhone() :: DB :: Invoked !
info: ===> TimeStamp : 2026-02-22 20:58:53===> API : /api/booking/getUserByPhone?phone=990 ===> Message : getUserByPhoneResponse() invoked!
info: ===> TimeStamp : 2026-02-22 20:58:53===> API : /api/booking/getUserByPhone?phone=990 ===> Message : getUserByPhoneResponse() completed
info: ===> TimeStamp : 2026-02-22 20:58:57===> API : null ===> Message : validateRequest() invoked
info: ===> TimeStamp : 2026-02-22 20:58:57===> API : null ===> Message : fetchDBSettings()
info: ===> TimeStamp : 2026-02-22 20:58:57===> API : null ===> Message : validateRequest() Invoked!
info: ===> TimeStamp : 2026-02-22 20:58:57===> API : null ===> Message : validRequest() :: Api validated Successfully
info: ===> TimeStamp : 2026-02-22 20:58:57===> API : /api/booking/getUserByPhone?phone=9902000 ===> Message : getUserByPhone() :: Request Object :: [object Object]
info: ===> TimeStamp : 2026-02-22 20:58:57===> API : /api/booking/getUserByPhone?phone=9902000 ===> Message : getUserByPhone() invoked!!
info: ===> TimeStamp : 2026-02-22 20:58:57===> API : /api/booking/getUserByPhone?phone=9902000 ===> Message : getUserByPhone() :: DB :: Invoked !
info: ===> TimeStamp : 2026-02-22 20:58:57===> API : /api/booking/getUserByPhone?phone=9902000 ===> Message : getUserByPhoneResponse() invoked!
info: ===> TimeStamp : 2026-02-22 20:58:57===> API : /api/booking/getUserByPhone?phone=9902000 ===> Message : getUserByPhoneResponse() completed
info: ===> TimeStamp : 2026-02-22 20:58:58===> API : null ===> Message : validateRequest() invoked
info: ===> TimeStamp : 2026-02-22 20:58:58===> API : null ===> Message : fetchDBSettings()
info: ===> TimeStamp : 2026-02-22 20:58:58===> API : null ===> Message : validateRequest() Invoked!
info: ===> TimeStamp : 2026-02-22 20:58:58===> API : null ===> Message : validRequest() :: Api validated Successfully
info: ===> TimeStamp : 2026-02-22 20:58:58===> API : /api/booking/getUserByPhone?phone=99020005 ===> Message : getUserByPhone() invoked!!
info: ===> TimeStamp : 2026-02-22 20:58:58===> API : /api/booking/getUserByPhone?phone=99020005 ===> Message : getUserByPhone() :: Request Object :: [object Object]
info: ===> TimeStamp : 2026-02-22 20:58:58===> API : /api/booking/getUserByPhone?phone=99020005 ===> Message : getUserByPhone() :: DB :: Invoked !
info: ===> TimeStamp : 2026-02-22 20:58:59===> API : /api/booking/getUserByPhone?phone=99020005 ===> Message : getUserByPhoneResponse() invoked!
info: ===> TimeStamp : 2026-02-22 20:58:59===> API : /api/booking/getUserByPhone?phone=99020005 ===> Message : getUserByPhoneResponse() completed
info: ===> TimeStamp : 2026-02-22 20:59:00===> API : null ===> Message : validateRequest() invoked
info: ===> TimeStamp : 2026-02-22 20:59:00===> API : null ===> Message : fetchDBSettings()
info: ===> TimeStamp : 2026-02-22 20:59:00===> API : null ===> Message : validateRequest() Invoked!
info: ===> TimeStamp : 2026-02-22 20:59:00===> API : null ===> Message : validRequest() :: Api validated Successfully
info: ===> TimeStamp : 2026-02-22 20:59:00===> API : /api/booking/getUserByPhone?phone=9902000587 ===> Message : getUserByPhone() invoked!!
info: ===> TimeStamp : 2026-02-22 20:59:00===> API : /api/booking/getUserByPhone?phone=9902000587 ===> Message : getUserByPhone() :: Request Object :: [object Object]
info: ===> TimeStamp : 2026-02-22 20:59:00===> API : /api/booking/getUserByPhone?phone=9902000587 ===> Message : getUserByPhone() :: DB :: Invoked !
info: ===> TimeStamp : 2026-02-22 20:59:01===> API : /api/booking/getUserByPhone?phone=9902000587 ===> Message : getUserByPhoneResponse() invoked!
info: ===> TimeStamp : 2026-02-22 20:59:01===> API : /api/booking/getUserByPhone?phone=9902000587 ===> Message : getUserByPhoneResponse() completed
info: ===> TimeStamp : 2026-02-22 20:59:53===> API : null ===> Message : validateRequest() invoked
info: ===> TimeStamp : 2026-02-22 20:59:53===> API : null ===> Message : fetchDBSettings()
info: ===> TimeStamp : 2026-02-22 20:59:53===> API : null ===> Message : validateRequest() Invoked!
info: ===> TimeStamp : 2026-02-22 20:59:53===> API : null ===> Message : validRequest() :: Api validated Successfully
info: ===> TimeStamp : 2026-02-22 20:59:53===> API : /api/booking/newBooking ===> Message : newBooking() invoked!!
info: ===> TimeStamp : 2026-02-22 20:59:53===> API : /api/booking/newBooking ===> Message : newBooking() :: Request Object :: [object Object]
info: ===> TimeStamp : 2026-02-22 20:59:53===> API : /api/booking/newBooking ===> Message : getUserById() :: DB :: Invoked !
info: ===> TimeStamp : 2026-02-22 20:59:53===> API : /api/booking/newBooking ===> Message : newBooking() :: DB :: Invoked !
info: ===> TimeStamp : 2026-02-22 20:59:54===> API : /api/booking/newBooking ===> Message : newBookingResponse() invoked!
info: ===> TimeStamp : 2026-02-22 20:59:54===> API : /api/booking/newBooking ===> Message : newBookingResponse() completed
info: ===> TimeStamp : 2026-02-22 21:00:07===> API : null ===> Message : validateRequest() invoked
info: ===> TimeStamp : 2026-02-22 21:00:07===> API : null ===> Message : fetchDBSettings()
info: ===> TimeStamp : 2026-02-22 21:00:07===> API : null ===> Message : validateRequest() Invoked!
info: ===> TimeStamp : 2026-02-22 21:00:07===> API : null ===> Message : validRequest() :: Api validated Successfully
info: ===> TimeStamp : 2026-02-22 21:00:07===> API : /api/booking/displayPackages ===> Message : displayPackages() invoked!!
info: ===> TimeStamp : 2026-02-22 21:00:07===> API : /api/booking/displayPackages ===> Message : displayPackages() :: DB :: Invoked !
info: ===> TimeStamp : 2026-02-22 21:00:07===> API : /api/booking/displayPackages ===> Message : displayPackagesResponse() invoked!
info: ===> TimeStamp : 2026-02-22 21:00:07===> API : /api/booking/displayPackages ===> Message : displayPackagesResponse() completed
info: ===> TimeStamp : 2026-02-22 21:00:19===> API : null ===> Message : validateRequest() invoked
info: ===> TimeStamp : 2026-02-22 21:00:19===> API : null ===> Message : fetchDBSettings()
info: ===> TimeStamp : 2026-02-22 21:00:19===> API : null ===> Message : validateRequest() Invoked!
info: ===> TimeStamp : 2026-02-22 21:00:19===> API : null ===> Message : validRequest() :: Api validated Successfully
info: ===> TimeStamp : 2026-02-22 21:00:19===> API : /api/booking/displayPackages ===> Message : displayPackages() :: DB :: Invoked !
info: ===> TimeStamp : 2026-02-22 21:00:19===> API : /api/booking/displayPackages ===> Message : displayPackages() invoked!!
info: ===> TimeStamp : 2026-02-22 21:00:19===> API : /api/booking/displayPackages ===> Message : displayPackagesResponse() invoked!
info: ===> TimeStamp : 2026-02-22 21:00:19===> API : /api/booking/displayPackages ===> Message : displayPackagesResponse() completed
info: ===> TimeStamp : 2026-02-22 21:00:32===> API : null ===> Message : validateRequest() invoked
info: ===> TimeStamp : 2026-02-22 21:00:32===> API : null ===> Message : fetchDBSettings()
info: ===> TimeStamp : 2026-02-22 21:00:32===> API : null ===> Message : validateRequest() Invoked!
info: ===> TimeStamp : 2026-02-22 21:00:32===> API : null ===> Message : validRequest() :: Api validated Successfully
info: ===> TimeStamp : 2026-02-22 21:00:32===> API : /api/booking/displayPackages ===> Message : displayPackages() invoked!!
info: ===> TimeStamp : 2026-02-22 21:00:32===> API : /api/booking/displayPackages ===> Message : displayPackages() :: DB :: Invoked !
info: ===> TimeStamp : 2026-02-22 21:00:32===> API : /api/booking/displayPackages ===> Message : displayPackagesResponse() invoked!
info: ===> TimeStamp : 2026-02-22 21:00:32===> API : /api/booking/displayPackages ===> Message : displayPackagesResponse() completed
info: ===> TimeStamp : 2026-02-22 21:05:09===> API : null ===> Message : validateRequest() invoked
info: ===> TimeStamp : 2026-02-22 21:05:09===> API : null ===> Message : fetchDBSettings()
info: ===> TimeStamp : 2026-02-22 21:05:09===> API : null ===> Message : validateRequest() Invoked!
info: ===> TimeStamp : 2026-02-22 21:05:09===> API : null ===> Message : validRequest() :: Api validated Successfully
info: ===> TimeStamp : 2026-02-22 21:05:09===> API : /api/booking/displayPackages ===> Message : displayPackages() invoked!!
info: ===> TimeStamp : 2026-02-22 21:05:09===> API : /api/booking/displayPackages ===> Message : displayPackages() :: DB :: Invoked !
info: ===> TimeStamp : 2026-02-22 21:05:09===> API : /api/booking/displayPackages ===> Message : displayPackagesResponse() invoked!
info: ===> TimeStamp : 2026-02-22 21:05:09===> API : /api/booking/displayPackages ===> Message : displayPackagesResponse() completed
info: ===> TimeStamp : 2026-02-22 21:06:20===> API : null ===> Message : validateRequest() invoked
info: ===> TimeStamp : 2026-02-22 21:06:20===> API : null ===> Message : fetchDBSettings()
info: ===> TimeStamp : 2026-02-22 21:06:20===> API : null ===> Message : validateRequest() Invoked!
info: ===> TimeStamp : 2026-02-22 21:06:20===> API : null ===> Message : validRequest() :: Api validated Successfully
info: ===> TimeStamp : 2026-02-22 21:06:20===> API : /api/booking/displayPackages ===> Message : displayPackages() invoked!!
info: ===> TimeStamp : 2026-02-22 21:06:20===> API : /api/booking/displayPackages ===> Message : displayPackages() :: DB :: Invoked !
info: ===> TimeStamp : 2026-02-22 21:06:20===> API : /api/booking/displayPackages ===> Message : displayPackagesResponse() invoked!
info: ===> TimeStamp : 2026-02-22 21:06:20===> API : /api/booking/displayPackages ===> Message : displayPackagesResponse() completed
info: ===> TimeStamp : 2026-02-22 21:09:26===> API : null ===> Message : validateRequest() invoked
info: ===> TimeStamp : 2026-02-22 21:09:26===> API : null ===> Message : fetchDBSettings()
info: ===> TimeStamp : 2026-02-22 21:09:26===> API : null ===> Message : validateRequest() Invoked!
info: ===> TimeStamp : 2026-02-22 21:09:26===> API : null ===> Message : validRequest() :: Api validated Successfully
info: ===> TimeStamp : 2026-02-22 21:09:26===> API : /api/booking/displayPackages ===> Message : displayPackages() invoked!!
info: ===> TimeStamp : 2026-02-22 21:09:26===> API : /api/booking/displayPackages ===> Message : displayPackages() :: DB :: Invoked !
info: ===> TimeStamp : 2026-02-22 21:09:26===> API : /api/booking/displayPackages ===> Message : displayPackagesResponse() invoked!
info: ===> TimeStamp : 2026-02-22 21:09:26===> API : /api/booking/displayPackages ===> Message : displayPackagesResponse() completed
info: ===> TimeStamp : 2026-02-22 21:13:37===> API : null ===> Message : validateRequest() invoked
info: ===> TimeStamp : 2026-02-22 21:13:37===> API : null ===> Message : fetchDBSettings()
info: ===> TimeStamp : 2026-02-22 21:13:37===> API : null ===> Message : validateRequest() Invoked!
info: ===> TimeStamp : 2026-02-22 21:13:37===> API : null ===> Message : validRequest() :: Api validated Successfully
info: ===> TimeStamp : 2026-02-22 21:13:37===> API : /api/booking/getUserByPhone?phone=77604 ===> Message : getUserByPhone() invoked!!
info: ===> TimeStamp : 2026-02-22 21:13:37===> API : /api/booking/getUserByPhone?phone=77604 ===> Message : getUserByPhone() :: Request Object :: [object Object]
info: ===> TimeStamp : 2026-02-22 21:13:37===> API : /api/booking/getUserByPhone?phone=77604 ===> Message : getUserByPhone() :: DB :: Invoked !
info: ===> TimeStamp : 2026-02-22 21:13:38===> API : /api/booking/getUserByPhone?phone=77604 ===> Message : getUserByPhoneResponse() invoked!
info: ===> TimeStamp : 2026-02-22 21:13:38===> API : /api/booking/getUserByPhone?phone=77604 ===> Message : getUserByPhoneResponse() completed
info: ===> TimeStamp : 2026-02-22 21:13:40===> API : null ===> Message : validateRequest() invoked
info: ===> TimeStamp : 2026-02-22 21:13:40===> API : null ===> Message : fetchDBSettings()
info: ===> TimeStamp : 2026-02-22 21:13:40===> API : null ===> Message : validateRequest() Invoked!
info: ===> TimeStamp : 2026-02-22 21:13:40===> API : null ===> Message : validRequest() :: Api validated Successfully
info: ===> TimeStamp : 2026-02-22 21:13:40===> API : /api/booking/getUserByPhone?phone=7760493118 ===> Message : getUserByPhone() :: Request Object :: [object Object]
info: ===> TimeStamp : 2026-02-22 21:13:40===> API : /api/booking/getUserByPhone?phone=7760493118 ===> Message : getUserByPhone() invoked!!
info: ===> TimeStamp : 2026-02-22 21:13:40===> API : /api/booking/getUserByPhone?phone=7760493118 ===> Message : getUserByPhone() :: DB :: Invoked !
info: ===> TimeStamp : 2026-02-22 21:13:40===> API : /api/booking/getUserByPhone?phone=7760493118 ===> Message : getUserByPhoneResponse() invoked!
info: ===> TimeStamp : 2026-02-22 21:13:40===> API : /api/booking/getUserByPhone?phone=7760493118 ===> Message : getUserByPhoneResponse() completed
info: ===> TimeStamp : 2026-02-22 21:14:24===> API : null ===> Message : validateRequest() invoked
info: ===> TimeStamp : 2026-02-22 21:14:24===> API : null ===> Message : fetchDBSettings()
info: ===> TimeStamp : 2026-02-22 21:14:24===> API : null ===> Message : validateRequest() Invoked!
info: ===> TimeStamp : 2026-02-22 21:14:24===> API : null ===> Message : validRequest() :: Api validated Successfully
info: ===> TimeStamp : 2026-02-22 21:14:24===> API : /api/booking/newBooking ===> Message : newBooking() invoked!!
info: ===> TimeStamp : 2026-02-22 21:14:24===> API : /api/booking/newBooking ===> Message : newBooking() :: Request Object :: [object Object]
info: ===> TimeStamp : 2026-02-22 21:14:24===> API : /api/booking/newBooking ===> Message : getUserById() :: DB :: Invoked !
info: ===> TimeStamp : 2026-02-22 21:14:24===> API : /api/booking/newBooking ===> Message : newBooking() :: DB :: Invoked !
info: ===> TimeStamp : 2026-02-22 21:14:24===> API : /api/booking/newBooking ===> Message : newBookingResponse() invoked!
info: ===> TimeStamp : 2026-02-22 21:14:24===> API : /api/booking/newBooking ===> Message : newBookingResponse() completed
info: ===> TimeStamp : 2026-02-22 21:14:54===> API : null ===> Message : validateRequest() invoked
info: ===> TimeStamp : 2026-02-22 21:14:54===> API : null ===> Message : fetchDBSettings()
info: ===> TimeStamp : 2026-02-22 21:14:54===> API : null ===> Message : validateRequest() Invoked!
info: ===> TimeStamp : 2026-02-22 21:14:54===> API : null ===> Message : validRequest() :: Api validated Successfully
info: ===> TimeStamp : 2026-02-22 21:14:54===> API : /api/booking/displayPackages ===> Message : displayPackages() invoked!!
info: ===> TimeStamp : 2026-02-22 21:14:54===> API : /api/booking/displayPackages ===> Message : displayPackages() :: DB :: Invoked !
info: ===> TimeStamp : 2026-02-22 21:14:54===> API : /api/booking/displayPackages ===> Message : displayPackagesResponse() invoked!
info: ===> TimeStamp : 2026-02-22 21:14:54===> API : /api/booking/displayPackages ===> Message : displayPackagesResponse() completed
info: ===> TimeStamp : 2026-02-22 21:18:43===> API : null ===> Message : validateRequest() invoked
info: ===> TimeStamp : 2026-02-22 21:18:43===> API : null ===> Message : fetchDBSettings()
info: ===> TimeStamp : 2026-02-22 21:18:43===> API : null ===> Message : validateRequest() Invoked!
info: ===> TimeStamp : 2026-02-22 21:18:43===> API : null ===> Message : validRequest() :: Api validated Successfully
info: ===> TimeStamp : 2026-02-22 21:18:43===> API : /api/booking/displayPackages ===> Message : displayPackages() invoked!!
info: ===> TimeStamp : 2026-02-22 21:18:43===> API : /api/booking/displayPackages ===> Message : displayPackages() :: DB :: Invoked !
info: ===> TimeStamp : 2026-02-22 21:18:43===> API : /api/booking/displayPackages ===> Message : displayPackagesResponse() invoked!
info: ===> TimeStamp : 2026-02-22 21:18:43===> API : /api/booking/displayPackages ===> Message : displayPackagesResponse() completed
info: ===> TimeStamp : 2026-02-22 21:18:47===> API : null ===> Message : validateRequest() invoked
info: ===> TimeStamp : 2026-02-22 21:18:47===> API : null ===> Message : fetchDBSettings()
info: ===> TimeStamp : 2026-02-22 21:18:47===> API : null ===> Message : validateRequest() Invoked!
info: ===> TimeStamp : 2026-02-22 21:18:47===> API : null ===> Message : validRequest() :: Api validated Successfully
info: ===> TimeStamp : 2026-02-22 21:18:47===> API : /api/booking/getUserByPhone?phone=85 ===> Message : getUserByPhone() invoked!!
info: ===> TimeStamp : 2026-02-22 21:18:47===> API : /api/booking/getUserByPhone?phone=85 ===> Message : getUserByPhone() :: Request Object :: [object Object]
info: ===> TimeStamp : 2026-02-22 21:18:47===> API : /api/booking/getUserByPhone?phone=85 ===> Message : getUserByPhone() :: DB :: Invoked !
info: ===> TimeStamp : 2026-02-22 21:18:47===> API : /api/booking/getUserByPhone?phone=85 ===> Message : getUserByPhoneResponse() invoked!
info: ===> TimeStamp : 2026-02-22 21:18:47===> API : /api/booking/getUserByPhone?phone=85 ===> Message : getUserByPhoneResponse() completed
info: ===> TimeStamp : 2026-02-22 21:18:49===> API : null ===> Message : validateRequest() invoked
info: ===> TimeStamp : 2026-02-22 21:18:49===> API : null ===> Message : fetchDBSettings()
info: ===> TimeStamp : 2026-02-22 21:18:49===> API : null ===> Message : validateRequest() Invoked!
info: ===> TimeStamp : 2026-02-22 21:18:49===> API : /api/booking/getUserByPhone?phone=85220 ===> Message : getUserByPhone() invoked!!
info: ===> TimeStamp : 2026-02-22 21:18:49===> API : /api/booking/getUserByPhone?phone=85220 ===> Message : getUserByPhone() :: Request Object :: [object Object]
info: ===> TimeStamp : 2026-02-22 21:18:49===> API : /api/booking/getUserByPhone?phone=85220 ===> Message : getUserByPhone() :: DB :: Invoked !
info: ===> TimeStamp : 2026-02-22 21:18:49===> API : null ===> Message : validRequest() :: Api validated Successfully
info: ===> TimeStamp : 2026-02-22 21:18:49===> API : /api/booking/getUserByPhone?phone=85220 ===> Message : getUserByPhoneResponse() invoked!
info: ===> TimeStamp : 2026-02-22 21:18:49===> API : /api/booking/getUserByPhone?phone=85220 ===> Message : getUserByPhoneResponse() completed
info: ===> TimeStamp : 2026-02-22 21:18:50===> API : null ===> Message : validateRequest() invoked
info: ===> TimeStamp : 2026-02-22 21:18:50===> API : null ===> Message : fetchDBSettings()
info: ===> TimeStamp : 2026-02-22 21:18:50===> API : null ===> Message : validateRequest() Invoked!
info: ===> TimeStamp : 2026-02-22 21:18:51===> API : null ===> Message : validRequest() :: Api validated Successfully
info: ===> TimeStamp : 2026-02-22 21:18:51===> API : /api/booking/getUserByPhone?phone=85220555 ===> Message : getUserByPhone() invoked!!
info: ===> TimeStamp : 2026-02-22 21:18:51===> API : /api/booking/getUserByPhone?phone=85220555 ===> Message : getUserByPhone() :: Request Object :: [object Object]
info: ===> TimeStamp : 2026-02-22 21:18:51===> API : /api/booking/getUserByPhone?phone=85220555 ===> Message : getUserByPhone() :: DB :: Invoked !
info: ===> TimeStamp : 2026-02-22 21:18:51===> API : /api/booking/getUserByPhone?phone=85220555 ===> Message : getUserByPhoneResponse() invoked!
info: ===> TimeStamp : 2026-02-22 21:18:51===> API : /api/booking/getUserByPhone?phone=85220555 ===> Message : getUserByPhoneResponse() completed
info: ===> TimeStamp : 2026-02-22 21:18:52===> API : null ===> Message : validateRequest() invoked
info: ===> TimeStamp : 2026-02-22 21:18:52===> API : null ===> Message : fetchDBSettings()
info: ===> TimeStamp : 2026-02-22 21:18:52===> API : null ===> Message : validateRequest() Invoked!
info: ===> TimeStamp : 2026-02-22 21:18:52===> API : null ===> Message : validRequest() :: Api validated Successfully
info: ===> TimeStamp : 2026-02-22 21:18:52===> API : /api/booking/getUserByPhone?phone=8522055592 ===> Message : getUserByPhone() invoked!!
info: ===> TimeStamp : 2026-02-22 21:18:52===> API : /api/booking/getUserByPhone?phone=8522055592 ===> Message : getUserByPhone() :: Request Object :: [object Object]
info: ===> TimeStamp : 2026-02-22 21:18:52===> API : /api/booking/getUserByPhone?phone=8522055592 ===> Message : getUserByPhone() :: DB :: Invoked !
info: ===> TimeStamp : 2026-02-22 21:18:53===> API : /api/booking/getUserByPhone?phone=8522055592 ===> Message : getUserByPhoneResponse() invoked!
info: ===> TimeStamp : 2026-02-22 21:18:53===> API : /api/booking/getUserByPhone?phone=8522055592 ===> Message : getUserByPhoneResponse() completed
info: ===> TimeStamp : 2026-02-22 21:20:40===> API : null ===> Message : validateRequest() invoked
info: ===> TimeStamp : 2026-02-22 21:20:40===> API : null ===> Message : fetchDBSettings()
info: ===> TimeStamp : 2026-02-22 21:20:40===> API : null ===> Message : validateRequest() Invoked!
info: ===> TimeStamp : 2026-02-22 21:20:40===> API : /api/booking/getUserByPhone?phone=86 ===> Message : getUserByPhone() invoked!!
info: ===> TimeStamp : 2026-02-22 21:20:40===> API : /api/booking/getUserByPhone?phone=86 ===> Message : getUserByPhone() :: Request Object :: [object Object]
info: ===> TimeStamp : 2026-02-22 21:20:40===> API : null ===> Message : validRequest() :: Api validated Successfully
info: ===> TimeStamp : 2026-02-22 21:20:40===> API : /api/booking/getUserByPhone?phone=86 ===> Message : getUserByPhone() :: DB :: Invoked !
info: ===> TimeStamp : 2026-02-22 21:20:41===> API : /api/booking/getUserByPhone?phone=86 ===> Message : getUserByPhoneResponse() invoked!
info: ===> TimeStamp : 2026-02-22 21:20:41===> API : /api/booking/getUserByPhone?phone=86 ===> Message : getUserByPhoneResponse() completed
info: ===> TimeStamp : 2026-02-22 21:20:42===> API : null ===> Message : validateRequest() invoked
info: ===> TimeStamp : 2026-02-22 21:20:42===> API : null ===> Message : fetchDBSettings()
info: ===> TimeStamp : 2026-02-22 21:20:42===> API : null ===> Message : validateRequest() Invoked!
info: ===> TimeStamp : 2026-02-22 21:20:42===> API : null ===> Message : validRequest() :: Api validated Successfully
info: ===> TimeStamp : 2026-02-22 21:20:42===> API : /api/booking/getUserByPhone?phone=86240 ===> Message : getUserByPhone() invoked!!
info: ===> TimeStamp : 2026-02-22 21:20:42===> API : /api/booking/getUserByPhone?phone=86240 ===> Message : getUserByPhone() :: Request Object :: [object Object]
info: ===> TimeStamp : 2026-02-22 21:20:42===> API : /api/booking/getUserByPhone?phone=86240 ===> Message : getUserByPhone() :: DB :: Invoked !
info: ===> TimeStamp : 2026-02-22 21:20:43===> API : /api/booking/getUserByPhone?phone=86240 ===> Message : getUserByPhoneResponse() invoked!
info: ===> TimeStamp : 2026-02-22 21:20:43===> API : /api/booking/getUserByPhone?phone=86240 ===> Message : getUserByPhoneResponse() completed
info: ===> TimeStamp : 2026-02-22 21:20:44===> API : null ===> Message : validateRequest() invoked
info: ===> TimeStamp : 2026-02-22 21:20:44===> API : null ===> Message : fetchDBSettings()
info: ===> TimeStamp : 2026-02-22 21:20:44===> API : null ===> Message : validateRequest() Invoked!
info: ===> TimeStamp : 2026-02-22 21:20:44===> API : null ===> Message : validRequest() :: Api validated Successfully
info: ===> TimeStamp : 2026-02-22 21:20:44===> API : /api/booking/getUserByPhone?phone=86240293 ===> Message : getUserByPhone() invoked!!
info: ===> TimeStamp : 2026-02-22 21:20:44===> API : /api/booking/getUserByPhone?phone=86240293 ===> Message : getUserByPhone() :: Request Object :: [object Object]
info: ===> TimeStamp : 2026-02-22 21:20:44===> API : /api/booking/getUserByPhone?phone=86240293 ===> Message : getUserByPhone() :: DB :: Invoked !
info: ===> TimeStamp : 2026-02-22 21:20:44===> API : /api/booking/getUserByPhone?phone=86240293 ===> Message : getUserByPhoneResponse() invoked!
info: ===> TimeStamp : 2026-02-22 21:20:44===> API : /api/booking/getUserByPhone?phone=86240293 ===> Message : getUserByPhoneResponse() completed
info: ===> TimeStamp : 2026-02-22 21:20:45===> API : null ===> Message : validateRequest() invoked
info: ===> TimeStamp : 2026-02-22 21:20:45===> API : null ===> Message : fetchDBSettings()
info: ===> TimeStamp : 2026-02-22 21:20:45===> API : null ===> Message : validateRequest() Invoked!
info: ===> TimeStamp : 2026-02-22 21:20:45===> API : null ===> Message : validRequest() :: Api validated Successfully
info: ===> TimeStamp : 2026-02-22 21:20:45===> API : /api/booking/getUserByPhone?phone=8624029324 ===> Message : getUserByPhone() :: Request Object :: [object Object]
info: ===> TimeStamp : 2026-02-22 21:20:45===> API : /api/booking/getUserByPhone?phone=8624029324 ===> Message : getUserByPhone() invoked!!
info: ===> TimeStamp : 2026-02-22 21:20:45===> API : /api/booking/getUserByPhone?phone=8624029324 ===> Message : getUserByPhone() :: DB :: Invoked !
info: ===> TimeStamp : 2026-02-22 21:20:45===> API : /api/booking/getUserByPhone?phone=8624029324 ===> Message : getUserByPhoneResponse() invoked!
info: ===> TimeStamp : 2026-02-22 21:20:45===> API : /api/booking/getUserByPhone?phone=8624029324 ===> Message : getUserByPhoneResponse() completed
info: ===> TimeStamp : 2026-02-22 21:21:16===> API : null ===> Message : validateRequest() invoked
info: ===> TimeStamp : 2026-02-22 21:21:16===> API : null ===> Message : fetchDBSettings()
info: ===> TimeStamp : 2026-02-22 21:21:16===> API : null ===> Message : validateRequest() Invoked!
info: ===> TimeStamp : 2026-02-22 21:21:16===> API : null ===> Message : validRequest() :: Api validated Successfully
info: ===> TimeStamp : 2026-02-22 21:21:16===> API : /api/booking/newBooking ===> Message : newBooking() invoked!!
info: ===> TimeStamp : 2026-02-22 21:21:16===> API : /api/booking/newBooking ===> Message : newBooking() :: Request Object :: [object Object]
info: ===> TimeStamp : 2026-02-22 21:21:16===> API : /api/booking/newBooking ===> Message : getUserById() :: DB :: Invoked !
info: ===> TimeStamp : 2026-02-22 21:21:16===> API : /api/booking/newBooking ===> Message : newBooking() :: DB :: Invoked !
info: ===> TimeStamp : 2026-02-22 21:21:17===> API : /api/booking/newBooking ===> Message : newBookingResponse() invoked!
info: ===> TimeStamp : 2026-02-22 21:21:17===> API : /api/booking/newBooking ===> Message : newBookingResponse() completed
info: ===> TimeStamp : 2026-02-22 21:21:35===> API : null ===> Message : validateRequest() invoked
info: ===> TimeStamp : 2026-02-22 21:21:35===> API : null ===> Message : fetchDBSettings()
info: ===> TimeStamp : 2026-02-22 21:21:35===> API : null ===> Message : validateRequest() Invoked!
info: ===> TimeStamp : 2026-02-22 21:21:35===> API : null ===> Message : validRequest() :: Api validated Successfully
info: ===> TimeStamp : 2026-02-22 21:21:35===> API : /api/booking/displayPackages ===> Message : displayPackages() invoked!!
info: ===> TimeStamp : 2026-02-22 21:21:35===> API : /api/booking/displayPackages ===> Message : displayPackages() :: DB :: Invoked !
info: ===> TimeStamp : 2026-02-22 21:21:35===> API : /api/booking/displayPackages ===> Message : displayPackagesResponse() invoked!
info: ===> TimeStamp : 2026-02-22 21:21:35===> API : /api/booking/displayPackages ===> Message : displayPackagesResponse() completed
info: ===> TimeStamp : 2026-02-22 21:25:41===> API : null ===> Message : validateRequest() invoked
info: ===> TimeStamp : 2026-02-22 21:25:41===> API : null ===> Message : fetchDBSettings()
info: ===> TimeStamp : 2026-02-22 21:25:41===> API : null ===> Message : validateRequest() Invoked!
info: ===> TimeStamp : 2026-02-22 21:25:41===> API : null ===> Message : validRequest() :: Api validated Successfully
info: ===> TimeStamp : 2026-02-22 21:25:41===> API : /api/booking/displayPackages ===> Message : displayPackages() :: DB :: Invoked !
info: ===> TimeStamp : 2026-02-22 21:25:41===> API : /api/booking/displayPackages ===> Message : displayPackages() invoked!!
info: ===> TimeStamp : 2026-02-22 21:25:41===> API : /api/booking/displayPackages ===> Message : displayPackagesResponse() invoked!
info: ===> TimeStamp : 2026-02-22 21:25:41===> API : /api/booking/displayPackages ===> Message : displayPackagesResponse() completed
info: ===> TimeStamp : 2026-02-22 21:26:39===> API : null ===> Message : validateRequest() invoked
info: ===> TimeStamp : 2026-02-22 21:26:39===> API : null ===> Message : fetchDBSettings()
info: ===> TimeStamp : 2026-02-22 21:26:39===> API : null ===> Message : validateRequest() Invoked!
info: ===> TimeStamp : 2026-02-22 21:26:39===> API : null ===> Message : validRequest() :: Api validated Successfully
info: ===> TimeStamp : 2026-02-22 21:26:39===> API : /api/booking/newBooking ===> Message : newBooking() invoked!!
info: ===> TimeStamp : 2026-02-22 21:26:39===> API : /api/booking/newBooking ===> Message : newBooking() :: Request Object :: [object Object]
info: ===> TimeStamp : 2026-02-22 21:26:39===> API : /api/booking/newBooking ===> Message : getUserById() :: DB :: Invoked !
info: ===> TimeStamp : 2026-02-22 21:26:39===> API : /api/booking/newBooking ===> Message : newBooking() :: DB :: Invoked !
info: ===> TimeStamp : 2026-02-22 21:26:40===> API : /api/booking/newBooking ===> Message : newBookingResponse() invoked!
info: ===> TimeStamp : 2026-02-22 21:26:40===> API : /api/booking/newBooking ===> Message : newBookingResponse() completed
info: ===> TimeStamp : 2026-02-22 21:27:02===> API : null ===> Message : validateRequest() invoked
info: ===> TimeStamp : 2026-02-22 21:27:02===> API : null ===> Message : fetchDBSettings()
info: ===> TimeStamp : 2026-02-22 21:27:02===> API : null ===> Message : validateRequest() Invoked!
info: ===> TimeStamp : 2026-02-22 21:27:02===> API : null ===> Message : validRequest() :: Api validated Successfully
info: ===> TimeStamp : 2026-02-22 21:27:02===> API : /api/booking/getUserByPhone?phone=9908 ===> Message : getUserByPhone() invoked!!
info: ===> TimeStamp : 2026-02-22 21:27:02===> API : /api/booking/getUserByPhone?phone=9908 ===> Message : getUserByPhone() :: Request Object :: [object Object]
info: ===> TimeStamp : 2026-02-22 21:27:02===> API : /api/booking/getUserByPhone?phone=9908 ===> Message : getUserByPhone() :: DB :: Invoked !
info: ===> TimeStamp : 2026-02-22 21:27:03===> API : /api/booking/getUserByPhone?phone=9908 ===> Message : getUserByPhoneResponse() invoked!
info: ===> TimeStamp : 2026-02-22 21:27:03===> API : /api/booking/getUserByPhone?phone=9908 ===> Message : getUserByPhoneResponse() completed
info: ===> TimeStamp : 2026-02-22 21:27:03===> API : null ===> Message : validateRequest() invoked
info: ===> TimeStamp : 2026-02-22 21:27:03===> API : null ===> Message : fetchDBSettings()
info: ===> TimeStamp : 2026-02-22 21:27:03===> API : null ===> Message : validateRequest() Invoked!
info: ===> TimeStamp : 2026-02-22 21:27:03===> API : null ===> Message : validRequest() :: Api validated Successfully
info: ===> TimeStamp : 2026-02-22 21:27:03===> API : /api/booking/getUserByPhone?phone=990806 ===> Message : getUserByPhone() invoked!!
info: ===> TimeStamp : 2026-02-22 21:27:03===> API : /api/booking/getUserByPhone?phone=990806 ===> Message : getUserByPhone() :: Request Object :: [object Object]
info: ===> TimeStamp : 2026-02-22 21:27:03===> API : /api/booking/getUserByPhone?phone=990806 ===> Message : getUserByPhone() :: DB :: Invoked !
info: ===> TimeStamp : 2026-02-22 21:27:04===> API : /api/booking/getUserByPhone?phone=990806 ===> Message : getUserByPhoneResponse() invoked!
info: ===> TimeStamp : 2026-02-22 21:27:04===> API : /api/booking/getUserByPhone?phone=990806 ===> Message : getUserByPhoneResponse() completed
info: ===> TimeStamp : 2026-02-22 21:27:05===> API : null ===> Message : validateRequest() invoked
info: ===> TimeStamp : 2026-02-22 21:27:05===> API : null ===> Message : fetchDBSettings()
info: ===> TimeStamp : 2026-02-22 21:27:05===> API : null ===> Message : validateRequest() Invoked!
info: ===> TimeStamp : 2026-02-22 21:27:05===> API : null ===> Message : validRequest() :: Api validated Successfully
info: ===> TimeStamp : 2026-02-22 21:27:05===> API : /api/booking/getUserByPhone?phone=9908067414 ===> Message : getUserByPhone() invoked!!
info: ===> TimeStamp : 2026-02-22 21:27:05===> API : /api/booking/getUserByPhone?phone=9908067414 ===> Message : getUserByPhone() :: Request Object :: [object Object]
info: ===> TimeStamp : 2026-02-22 21:27:05===> API : /api/booking/getUserByPhone?phone=9908067414 ===> Message : getUserByPhone() :: DB :: Invoked !
info: ===> TimeStamp : 2026-02-22 21:27:06===> API : /api/booking/getUserByPhone?phone=9908067414 ===> Message : getUserByPhoneResponse() invoked!
info: ===> TimeStamp : 2026-02-22 21:27:06===> API : /api/booking/getUserByPhone?phone=9908067414 ===> Message : getUserByPhoneResponse() completed
info: ===> TimeStamp : 2026-02-22 21:27:17===> API : null ===> Message : fetchDBSettings()
info: ===> TimeStamp : 2026-02-22 21:27:17===> API : null ===> Message : validateRequest() invoked
info: ===> TimeStamp : 2026-02-22 21:27:17===> API : null ===> Message : validateRequest() Invoked!
info: ===> TimeStamp : 2026-02-22 21:27:17===> API : null ===> Message : validRequest() :: Api validated Successfully
info: ===> TimeStamp : 2026-02-22 21:27:17===> API : /api/booking/displayPackages ===> Message : displayPackages() invoked!!
info: ===> TimeStamp : 2026-02-22 21:27:17===> API : /api/booking/displayPackages ===> Message : displayPackages() :: DB :: Invoked !
info: ===> TimeStamp : 2026-02-22 21:27:17===> API : /api/booking/displayPackages ===> Message : displayPackagesResponse() invoked!
info: ===> TimeStamp : 2026-02-22 21:27:17===> API : /api/booking/displayPackages ===> Message : displayPackagesResponse() completed
info: ===> TimeStamp : 2026-02-22 21:28:12===> API : null ===> Message : validateRequest() invoked
info: ===> TimeStamp : 2026-02-22 21:28:12===> API : null ===> Message : fetchDBSettings()
info: ===> TimeStamp : 2026-02-22 21:28:12===> API : null ===> Message : validateRequest() Invoked!
info: ===> TimeStamp : 2026-02-22 21:28:12===> API : null ===> Message : validRequest() :: Api validated Successfully
info: ===> TimeStamp : 2026-02-22 21:28:12===> API : /api/booking/newBooking ===> Message : newBooking() invoked!!
info: ===> TimeStamp : 2026-02-22 21:28:12===> API : /api/booking/newBooking ===> Message : newBooking() :: Request Object :: [object Object]
info: ===> TimeStamp : 2026-02-22 21:28:12===> API : /api/booking/newBooking ===> Message : getUserById() :: DB :: Invoked !
info: ===> TimeStamp : 2026-02-22 21:28:12===> API : /api/booking/newBooking ===> Message : newBooking() :: DB :: Invoked !
info: ===> TimeStamp : 2026-02-22 21:28:13===> API : /api/booking/newBooking ===> Message : newBookingResponse() invoked!
info: ===> TimeStamp : 2026-02-22 21:28:13===> API : /api/booking/newBooking ===> Message : newBookingResponse() completed
info: ===> TimeStamp : 2026-02-22 21:28:36===> API : null ===> Message : validateRequest() invoked
info: ===> TimeStamp : 2026-02-22 21:28:36===> API : null ===> Message : fetchDBSettings()
info: ===> TimeStamp : 2026-02-22 21:28:36===> API : null ===> Message : validateRequest() Invoked!
info: ===> TimeStamp : 2026-02-22 21:28:36===> API : null ===> Message : validRequest() :: Api validated Successfully
info: ===> TimeStamp : 2026-02-22 21:28:36===> API : /api/booking/displayPackages ===> Message : displayPackages() invoked!!
info: ===> TimeStamp : 2026-02-22 21:28:36===> API : /api/booking/displayPackages ===> Message : displayPackages() :: DB :: Invoked !
info: ===> TimeStamp : 2026-02-22 21:28:36===> API : /api/booking/displayPackages ===> Message : displayPackagesResponse() invoked!
info: ===> TimeStamp : 2026-02-22 21:28:36===> API : /api/booking/displayPackages ===> Message : displayPackagesResponse() completed
info: ===> TimeStamp : 2026-02-22 21:42:24===> API : null ===> Message : validateRequest() invoked
info: ===> TimeStamp : 2026-02-22 21:42:24===> API : null ===> Message : fetchDBSettings()
info: ===> TimeStamp : 2026-02-22 21:42:24===> API : null ===> Message : validateRequest() Invoked!
info: ===> TimeStamp : 2026-02-22 21:42:24===> API : null ===> Message : validRequest() :: Api validated Successfully
info: ===> TimeStamp : 2026-02-22 21:42:24===> API : /api/booking/getUserByPhone?phone=77 ===> Message : getUserByPhone() invoked!!
info: ===> TimeStamp : 2026-02-22 21:42:24===> API : /api/booking/getUserByPhone?phone=77 ===> Message : getUserByPhone() :: Request Object :: [object Object]
info: ===> TimeStamp : 2026-02-22 21:42:24===> API : /api/booking/getUserByPhone?phone=77 ===> Message : getUserByPhone() :: DB :: Invoked !
info: ===> TimeStamp : 2026-02-22 21:42:26===> API : null ===> Message : validateRequest() invoked
info: ===> TimeStamp : 2026-02-22 21:42:26===> API : null ===> Message : fetchDBSettings()
info: ===> TimeStamp : 2026-02-22 21:42:26===> API : null ===> Message : validateRequest() Invoked!
info: ===> TimeStamp : 2026-02-22 21:42:26===> API : null ===> Message : validRequest() :: Api validated Successfully
info: ===> TimeStamp : 2026-02-22 21:42:26===> API : /api/booking/getUserByPhone?phone=7795 ===> Message : getUserByPhone() :: Request Object :: [object Object]
info: ===> TimeStamp : 2026-02-22 21:42:26===> API : /api/booking/getUserByPhone?phone=7795 ===> Message : getUserByPhone() invoked!!
info: ===> TimeStamp : 2026-02-22 21:42:26===> API : /api/booking/getUserByPhone?phone=7795 ===> Message : getUserByPhone() :: DB :: Invoked !
info: ===> TimeStamp : 2026-02-22 21:42:26===> API : /api/booking/getUserByPhone?phone=77 ===> Message : getUserByPhoneResponse() invoked!
info: ===> TimeStamp : 2026-02-22 21:42:26===> API : /api/booking/getUserByPhone?phone=77 ===> Message : getUserByPhoneResponse() completed
info: ===> TimeStamp : 2026-02-22 21:42:27===> API : /api/booking/getUserByPhone?phone=7795 ===> Message : getUserByPhoneResponse() invoked!
info: ===> TimeStamp : 2026-02-22 21:42:27===> API : /api/booking/getUserByPhone?phone=7795 ===> Message : getUserByPhoneResponse() completed
info: ===> TimeStamp : 2026-02-22 21:42:28===> API : null ===> Message : validateRequest() invoked
info: ===> TimeStamp : 2026-02-22 21:42:28===> API : null ===> Message : fetchDBSettings()
info: ===> TimeStamp : 2026-02-22 21:42:28===> API : null ===> Message : validateRequest() Invoked!
info: ===> TimeStamp : 2026-02-22 21:42:28===> API : null ===> Message : validRequest() :: Api validated Successfully
info: ===> TimeStamp : 2026-02-22 21:42:28===> API : /api/booking/getUserByPhone?phone=7795831 ===> Message : getUserByPhone() invoked!!
info: ===> TimeStamp : 2026-02-22 21:42:28===> API : /api/booking/getUserByPhone?phone=7795831 ===> Message : getUserByPhone() :: Request Object :: [object Object]
info: ===> TimeStamp : 2026-02-22 21:42:28===> API : /api/booking/getUserByPhone?phone=7795831 ===> Message : getUserByPhone() :: DB :: Invoked !
info: ===> TimeStamp : 2026-02-22 21:42:29===> API : /api/booking/getUserByPhone?phone=7795831 ===> Message : getUserByPhoneResponse() invoked!
info: ===> TimeStamp : 2026-02-22 21:42:29===> API : /api/booking/getUserByPhone?phone=7795831 ===> Message : getUserByPhoneResponse() completed
info: ===> TimeStamp : 2026-02-22 21:42:30===> API : null ===> Message : validateRequest() invoked
info: ===> TimeStamp : 2026-02-22 21:42:30===> API : null ===> Message : fetchDBSettings()
info: ===> TimeStamp : 2026-02-22 21:42:30===> API : null ===> Message : validateRequest() Invoked!
info: ===> TimeStamp : 2026-02-22 21:42:30===> API : null ===> Message : validRequest() :: Api validated Successfully
info: ===> TimeStamp : 2026-02-22 21:42:30===> API : /api/booking/getUserByPhone?phone=7795831546 ===> Message : getUserByPhone() invoked!!
info: ===> TimeStamp : 2026-02-22 21:42:30===> API : /api/booking/getUserByPhone?phone=7795831546 ===> Message : getUserByPhone() :: Request Object :: [object Object]
info: ===> TimeStamp : 2026-02-22 21:42:30===> API : /api/booking/getUserByPhone?phone=7795831546 ===> Message : getUserByPhone() :: DB :: Invoked !
info: ===> TimeStamp : 2026-02-22 21:42:30===> API : /api/booking/getUserByPhone?phone=7795831546 ===> Message : getUserByPhoneResponse() invoked!
info: ===> TimeStamp : 2026-02-22 21:42:30===> API : /api/booking/getUserByPhone?phone=7795831546 ===> Message : getUserByPhoneResponse() completed
info: ===> TimeStamp : 2026-02-22 21:43:04===> API : null ===> Message : validateRequest() invoked
info: ===> TimeStamp : 2026-02-22 21:43:04===> API : null ===> Message : fetchDBSettings()
info: ===> TimeStamp : 2026-02-22 21:43:04===> API : null ===> Message : validateRequest() invoked
info: ===> TimeStamp : 2026-02-22 21:43:04===> API : null ===> Message : fetchDBSettings()
info: ===> TimeStamp : 2026-02-22 21:43:04===> API : null ===> Message : validateRequest() Invoked!
info: ===> TimeStamp : 2026-02-22 21:43:04===> API : null ===> Message : validateRequest() Invoked!
info: ===> TimeStamp : 2026-02-22 21:43:04===> API : null ===> Message : validRequest() :: Api validated Successfully
info: ===> TimeStamp : 2026-02-22 21:43:04===> API : /api/booking/displayPackages ===> Message : displayPackages() invoked!!
info: ===> TimeStamp : 2026-02-22 21:43:04===> API : /api/booking/displayPackages ===> Message : displayPackages() :: DB :: Invoked !
info: ===> TimeStamp : 2026-02-22 21:43:04===> API : /api/booking/displayPackages ===> Message : displayPackagesResponse() invoked!
info: ===> TimeStamp : 2026-02-22 21:43:04===> API : /api/booking/displayPackages ===> Message : displayPackagesResponse() completed
info: ===> TimeStamp : 2026-02-22 21:43:04===> API : null ===> Message : validRequest() :: Api validated Successfully
info: ===> TimeStamp : 2026-02-22 21:43:04===> API : /api/booking/fetchBookings?futureDate=2026-02-22 ===> Message : fetchBookings() invoked!!
info: ===> TimeStamp : 2026-02-22 21:43:04===> API : /api/booking/fetchBookings?futureDate=2026-02-22 ===> Message : fetchBookings() :: Request Object :: [object Object]
info: ===> TimeStamp : 2026-02-22 21:43:04===> API : /api/booking/fetchBookings?futureDate=2026-02-22 ===> Message : fetchBookings() :: DB :: Invoked !
info: ===> TimeStamp : 2026-02-22 21:43:05===> API : /api/booking/fetchBookings?futureDate=2026-02-22 ===> Message : fetchBookingsResponse() invoked!
info: ===> TimeStamp : 2026-02-22 21:43:05===> API : /api/booking/fetchBookings?futureDate=2026-02-22 ===> Message : fetchBookingsResponse() completed
info: ===> TimeStamp : 2026-02-22 21:43:05===> API : null ===> Message : validateRequest() invoked
info: ===> TimeStamp : 2026-02-22 21:43:05===> API : null ===> Message : fetchDBSettings()
info: ===> TimeStamp : 2026-02-22 21:43:05===> API : null ===> Message : validateRequest() invoked
info: ===> TimeStamp : 2026-02-22 21:43:05===> API : null ===> Message : fetchDBSettings()
info: ===> TimeStamp : 2026-02-22 21:43:05===> API : null ===> Message : validateRequest() Invoked!
info: ===> TimeStamp : 2026-02-22 21:43:05===> API : null ===> Message : validateRequest() Invoked!
info: ===> TimeStamp : 2026-02-22 21:43:05===> API : null ===> Message : validRequest() :: Api validated Successfully
info: ===> TimeStamp : 2026-02-22 21:43:05===> API : /api/booking/displayPackages ===> Message : displayPackages() invoked!!
info: ===> TimeStamp : 2026-02-22 21:43:05===> API : /api/booking/displayPackages ===> Message : displayPackages() :: DB :: Invoked !
info: ===> TimeStamp : 2026-02-22 21:43:05===> API : /api/booking/displayPackages ===> Message : displayPackagesResponse() invoked!
info: ===> TimeStamp : 2026-02-22 21:43:05===> API : /api/booking/displayPackages ===> Message : displayPackagesResponse() completed
info: ===> TimeStamp : 2026-02-22 21:43:06===> API : null ===> Message : validRequest() :: Api validated Successfully
info: ===> TimeStamp : 2026-02-22 21:43:06===> API : /api/booking/fetchBookings?futureDate=2026-02-22 ===> Message : fetchBookings() invoked!!
info: ===> TimeStamp : 2026-02-22 21:43:06===> API : /api/booking/fetchBookings?futureDate=2026-02-22 ===> Message : fetchBookings() :: Request Object :: [object Object]
info: ===> TimeStamp : 2026-02-22 21:43:06===> API : /api/booking/fetchBookings?futureDate=2026-02-22 ===> Message : fetchBookings() :: DB :: Invoked !
info: ===> TimeStamp : 2026-02-22 21:43:06===> API : /api/booking/fetchBookings?futureDate=2026-02-22 ===> Message : fetchBookingsResponse() invoked!
info: ===> TimeStamp : 2026-02-22 21:43:06===> API : /api/booking/fetchBookings?futureDate=2026-02-22 ===> Message : fetchBookingsResponse() completed
info: ===> TimeStamp : 2026-02-22 21:43:10===> API : null ===> Message : validateRequest() invoked
info: ===> TimeStamp : 2026-02-22 21:43:10===> API : null ===> Message : fetchDBSettings()
info: ===> TimeStamp : 2026-02-22 21:43:10===> API : null ===> Message : validateRequest() Invoked!
info: ===> TimeStamp : 2026-02-22 21:43:10===> API : null ===> Message : validRequest() :: Api validated Successfully
info: ===> TimeStamp : 2026-02-22 21:43:10===> API : /api/booking/getUserByPhone?phone=94 ===> Message : getUserByPhone() invoked!!
info: ===> TimeStamp : 2026-02-22 21:43:10===> API : /api/booking/getUserByPhone?phone=94 ===> Message : getUserByPhone() :: Request Object :: [object Object]
info: ===> TimeStamp : 2026-02-22 21:43:10===> API : /api/booking/getUserByPhone?phone=94 ===> Message : getUserByPhone() :: DB :: Invoked !
info: ===> TimeStamp : 2026-02-22 21:43:11===> API : /api/booking/getUserByPhone?phone=94 ===> Message : getUserByPhoneResponse() invoked!
info: ===> TimeStamp : 2026-02-22 21:43:11===> API : /api/booking/getUserByPhone?phone=94 ===> Message : getUserByPhoneResponse() completed
info: ===> TimeStamp : 2026-02-22 21:43:11===> API : null ===> Message : validateRequest() invoked
info: ===> TimeStamp : 2026-02-22 21:43:11===> API : null ===> Message : fetchDBSettings()
info: ===> TimeStamp : 2026-02-22 21:43:11===> API : null ===> Message : validateRequest() Invoked!
info: ===> TimeStamp : 2026-02-22 21:43:12===> API : /api/booking/getUserByPhone?phone=94944 ===> Message : getUserByPhone() invoked!!
info: ===> TimeStamp : 2026-02-22 21:43:12===> API : /api/booking/getUserByPhone?phone=94944 ===> Message : getUserByPhone() :: Request Object :: [object Object]
info: ===> TimeStamp : 2026-02-22 21:43:12===> API : null ===> Message : validRequest() :: Api validated Successfully
info: ===> TimeStamp : 2026-02-22 21:43:12===> API : /api/booking/getUserByPhone?phone=94944 ===> Message : getUserByPhone() :: DB :: Invoked !
info: ===> TimeStamp : 2026-02-22 21:43:12===> API : /api/booking/getUserByPhone?phone=94944 ===> Message : getUserByPhoneResponse() invoked!
info: ===> TimeStamp : 2026-02-22 21:43:12===> API : /api/booking/getUserByPhone?phone=94944 ===> Message : getUserByPhoneResponse() completed
info: ===> TimeStamp : 2026-02-22 21:43:13===> API : null ===> Message : validateRequest() invoked
info: ===> TimeStamp : 2026-02-22 21:43:13===> API : null ===> Message : fetchDBSettings()
info: ===> TimeStamp : 2026-02-22 21:43:13===> API : null ===> Message : validateRequest() Invoked!
info: ===> TimeStamp : 2026-02-22 21:43:13===> API : null ===> Message : validRequest() :: Api validated Successfully
info: ===> TimeStamp : 2026-02-22 21:43:13===> API : /api/booking/getUserByPhone?phone=9494474 ===> Message : getUserByPhone() invoked!!
info: ===> TimeStamp : 2026-02-22 21:43:13===> API : /api/booking/getUserByPhone?phone=9494474 ===> Message : getUserByPhone() :: Request Object :: [object Object]
info: ===> TimeStamp : 2026-02-22 21:43:13===> API : /api/booking/getUserByPhone?phone=9494474 ===> Message : getUserByPhone() :: DB :: Invoked !
info: ===> TimeStamp : 2026-02-22 21:43:14===> API : /api/booking/getUserByPhone?phone=9494474 ===> Message : getUserByPhoneResponse() invoked!
info: ===> TimeStamp : 2026-02-22 21:43:14===> API : /api/booking/getUserByPhone?phone=9494474 ===> Message : getUserByPhoneResponse() completed
info: ===> TimeStamp : 2026-02-22 21:43:15===> API : null ===> Message : validateRequest() invoked
info: ===> TimeStamp : 2026-02-22 21:43:15===> API : null ===> Message : fetchDBSettings()
info: ===> TimeStamp : 2026-02-22 21:43:15===> API : null ===> Message : validateRequest() Invoked!
info: ===> TimeStamp : 2026-02-22 21:43:15===> API : null ===> Message : validRequest() :: Api validated Successfully
info: ===> TimeStamp : 2026-02-22 21:43:15===> API : /api/booking/getUserByPhone?phone=9494474140 ===> Message : getUserByPhone() invoked!!
info: ===> TimeStamp : 2026-02-22 21:43:15===> API : /api/booking/getUserByPhone?phone=9494474140 ===> Message : getUserByPhone() :: Request Object :: [object Object]
info: ===> TimeStamp : 2026-02-22 21:43:15===> API : /api/booking/getUserByPhone?phone=9494474140 ===> Message : getUserByPhone() :: DB :: Invoked !
info: ===> TimeStamp : 2026-02-22 21:43:15===> API : /api/booking/getUserByPhone?phone=9494474140 ===> Message : getUserByPhoneResponse() invoked!
info: ===> TimeStamp : 2026-02-22 21:43:15===> API : /api/booking/getUserByPhone?phone=9494474140 ===> Message : getUserByPhoneResponse() completed
info: ===> TimeStamp : 2026-02-22 21:43:25===> API : null ===> Message : validateRequest() invoked
info: ===> TimeStamp : 2026-02-22 21:43:25===> API : null ===> Message : fetchDBSettings()
info: ===> TimeStamp : 2026-02-22 21:43:25===> API : null ===> Message : validateRequest() Invoked!
info: ===> TimeStamp : 2026-02-22 21:43:25===> API : null ===> Message : validRequest() :: Api validated Successfully
info: ===> TimeStamp : 2026-02-22 21:43:25===> API : /api/booking/newBooking ===> Message : newBooking() invoked!!
info: ===> TimeStamp : 2026-02-22 21:43:25===> API : /api/booking/newBooking ===> Message : newBooking() :: Request Object :: [object Object]
info: ===> TimeStamp : 2026-02-22 21:43:25===> API : /api/booking/newBooking ===> Message : getUserById() :: DB :: Invoked !
info: ===> TimeStamp : 2026-02-22 21:43:25===> API : /api/booking/newBooking ===> Message : newBooking() :: DB :: Invoked !
info: ===> TimeStamp : 2026-02-22 21:43:26===> API : /api/booking/newBooking ===> Message : newBookingResponse() invoked!
info: ===> TimeStamp : 2026-02-22 21:43:26===> API : /api/booking/newBooking ===> Message : newBookingResponse() completed
info: ===> TimeStamp : 2026-02-22 21:43:41===> API : null ===> Message : validateRequest() invoked
info: ===> TimeStamp : 2026-02-22 21:43:41===> API : null ===> Message : fetchDBSettings()
info: ===> TimeStamp : 2026-02-22 21:43:41===> API : null ===> Message : validateRequest() Invoked!
info: ===> TimeStamp : 2026-02-22 21:43:41===> API : null ===> Message : validRequest() :: Api validated Successfully
info: ===> TimeStamp : 2026-02-22 21:43:41===> API : /api/booking/newBooking ===> Message : newBooking() invoked!!
info: ===> TimeStamp : 2026-02-22 21:43:41===> API : /api/booking/newBooking ===> Message : newBooking() :: Request Object :: [object Object]
info: ===> TimeStamp : 2026-02-22 21:43:41===> API : /api/booking/newBooking ===> Message : getUserById() :: DB :: Invoked !
info: ===> TimeStamp : 2026-02-22 21:43:41===> API : /api/booking/newBooking ===> Message : newBooking() :: DB :: Invoked !
info: ===> TimeStamp : 2026-02-22 21:43:42===> API : /api/booking/newBooking ===> Message : newBookingResponse() invoked!
info: ===> TimeStamp : 2026-02-22 21:43:42===> API : /api/booking/newBooking ===> Message : newBookingResponse() completed
info: ===> TimeStamp : 2026-02-22 21:43:43===> API : null ===> Message : validateRequest() invoked
info: ===> TimeStamp : 2026-02-22 21:43:43===> API : null ===> Message : fetchDBSettings()
info: ===> TimeStamp : 2026-02-22 21:43:43===> API : null ===> Message : validateRequest() Invoked!
info: ===> TimeStamp : 2026-02-22 21:43:43===> API : null ===> Message : validRequest() :: Api validated Successfully
info: ===> TimeStamp : 2026-02-22 21:43:43===> API : /api/booking/displayPackages ===> Message : displayPackages() invoked!!
info: ===> TimeStamp : 2026-02-22 21:43:43===> API : /api/booking/displayPackages ===> Message : displayPackages() :: DB :: Invoked !
info: ===> TimeStamp : 2026-02-22 21:43:43===> API : /api/booking/displayPackages ===> Message : displayPackagesResponse() invoked!
info: ===> TimeStamp : 2026-02-22 21:43:43===> API : /api/booking/displayPackages ===> Message : displayPackagesResponse() completed
info: ===> TimeStamp : 2026-02-22 21:43:58===> API : null ===> Message : validateRequest() invoked
info: ===> TimeStamp : 2026-02-22 21:43:58===> API : null ===> Message : fetchDBSettings()
info: ===> TimeStamp : 2026-02-22 21:43:58===> API : null ===> Message : validateRequest() Invoked!
info: ===> TimeStamp : 2026-02-22 21:43:58===> API : null ===> Message : validRequest() :: Api validated Successfully
info: ===> TimeStamp : 2026-02-22 21:43:58===> API : /api/booking/displayPackages ===> Message : displayPackages() invoked!!
info: ===> TimeStamp : 2026-02-22 21:43:58===> API : /api/booking/displayPackages ===> Message : displayPackages() :: DB :: Invoked !
info: ===> TimeStamp : 2026-02-22 21:43:58===> API : /api/booking/displayPackages ===> Message : displayPackagesResponse() invoked!
info: ===> TimeStamp : 2026-02-22 21:43:58===> API : /api/booking/displayPackages ===> Message : displayPackagesResponse() completed
info: ===> TimeStamp : 2026-02-22 21:45:15===> API : null ===> Message : validateRequest() invoked
info: ===> TimeStamp : 2026-02-22 21:45:15===> API : null ===> Message : fetchDBSettings()
info: ===> TimeStamp : 2026-02-22 21:45:15===> API : null ===> Message : validateRequest() Invoked!
info: ===> TimeStamp : 2026-02-22 21:45:15===> API : null ===> Message : validRequest() :: Api validated Successfully
info: ===> TimeStamp : 2026-02-22 21:45:15===> API : /api/booking/displayPackages ===> Message : displayPackages() invoked!!
info: ===> TimeStamp : 2026-02-22 21:45:15===> API : /api/booking/displayPackages ===> Message : displayPackages() :: DB :: Invoked !
info: ===> TimeStamp : 2026-02-22 21:45:15===> API : /api/booking/displayPackages ===> Message : displayPackagesResponse() invoked!
info: ===> TimeStamp : 2026-02-22 21:45:15===> API : /api/booking/displayPackages ===> Message : displayPackagesResponse() completed
info: ===> TimeStamp : 2026-02-22 21:45:48===> API : null ===> Message : validateRequest() invoked
info: ===> TimeStamp : 2026-02-22 21:45:48===> API : null ===> Message : fetchDBSettings()
info: ===> TimeStamp : 2026-02-22 21:45:48===> API : null ===> Message : validateRequest() Invoked!
info: ===> TimeStamp : 2026-02-22 21:45:48===> API : null ===> Message : validRequest() :: Api validated Successfully
info: ===> TimeStamp : 2026-02-22 21:45:48===> API : /api/booking/displayPackages ===> Message : displayPackages() invoked!!
info: ===> TimeStamp : 2026-02-22 21:45:48===> API : /api/booking/displayPackages ===> Message : displayPackages() :: DB :: Invoked !
info: ===> TimeStamp : 2026-02-22 21:45:48===> API : /api/booking/displayPackages ===> Message : displayPackagesResponse() invoked!
info: ===> TimeStamp : 2026-02-22 21:45:48===> API : /api/booking/displayPackages ===> Message : displayPackagesResponse() completed
info: ===> TimeStamp : 2026-02-22 21:46:06===> API : null ===> Message : validateRequest() invoked
info: ===> TimeStamp : 2026-02-22 21:46:06===> API : null ===> Message : fetchDBSettings()
info: ===> TimeStamp : 2026-02-22 21:46:06===> API : null ===> Message : validateRequest() Invoked!
info: ===> TimeStamp : 2026-02-22 21:46:06===> API : null ===> Message : validRequest() :: Api validated Successfully
info: ===> TimeStamp : 2026-02-22 21:46:06===> API : /api/booking/displayPackages ===> Message : displayPackages() invoked!!
info: ===> TimeStamp : 2026-02-22 21:46:06===> API : /api/booking/displayPackages ===> Message : displayPackages() :: DB :: Invoked !
info: ===> TimeStamp : 2026-02-22 21:46:06===> API : /api/booking/displayPackages ===> Message : displayPackagesResponse() invoked!
info: ===> TimeStamp : 2026-02-22 21:46:06===> API : /api/booking/displayPackages ===> Message : displayPackagesResponse() completed
info: ===> TimeStamp : 2026-02-22 21:46:23===> API : null ===> Message : validateRequest() invoked
info: ===> TimeStamp : 2026-02-22 21:46:23===> API : null ===> Message : fetchDBSettings()
info: ===> TimeStamp : 2026-02-22 21:46:23===> API : null ===> Message : validateRequest() Invoked!
info: ===> TimeStamp : 2026-02-22 21:46:23===> API : null ===> Message : validRequest() :: Api validated Successfully
info: ===> TimeStamp : 2026-02-22 21:46:23===> API : /api/booking/displayPackages ===> Message : displayPackages() :: DB :: Invoked !
info: ===> TimeStamp : 2026-02-22 21:46:23===> API : /api/booking/displayPackages ===> Message : displayPackages() invoked!!
info: ===> TimeStamp : 2026-02-22 21:46:23===> API : /api/booking/displayPackages ===> Message : displayPackagesResponse() invoked!
info: ===> TimeStamp : 2026-02-22 21:46:23===> API : /api/booking/displayPackages ===> Message : displayPackagesResponse() completed
info: ===> TimeStamp : 2026-02-22 21:47:04===> API : null ===> Message : validateRequest() invoked
info: ===> TimeStamp : 2026-02-22 21:47:04===> API : null ===> Message : fetchDBSettings()
info: ===> TimeStamp : 2026-02-22 21:47:04===> API : null ===> Message : validateRequest() Invoked!
info: ===> TimeStamp : 2026-02-22 21:47:04===> API : null ===> Message : validRequest() :: Api validated Successfully
info: ===> TimeStamp : 2026-02-22 21:47:04===> API : /api/booking/displayPackages ===> Message : displayPackages() invoked!!
info: ===> TimeStamp : 2026-02-22 21:47:04===> API : /api/booking/displayPackages ===> Message : displayPackages() :: DB :: Invoked !
info: ===> TimeStamp : 2026-02-22 21:47:04===> API : /api/booking/displayPackages ===> Message : displayPackagesResponse() invoked!
info: ===> TimeStamp : 2026-02-22 21:47:04===> API : /api/booking/displayPackages ===> Message : displayPackagesResponse() completed
info: ===> TimeStamp : 2026-02-22 21:47:06===> API : null ===> Message : validateRequest() invoked
info: ===> TimeStamp : 2026-02-22 21:47:06===> API : null ===> Message : fetchDBSettings()
info: ===> TimeStamp : 2026-02-22 21:47:06===> API : null ===> Message : validateRequest() Invoked!
info: ===> TimeStamp : 2026-02-22 21:47:06===> API : null ===> Message : validRequest() :: Api validated Successfully
info: ===> TimeStamp : 2026-02-22 21:47:06===> API : /api/booking/getUserByPhone?phone=98 ===> Message : getUserByPhone() invoked!!
info: ===> TimeStamp : 2026-02-22 21:47:06===> API : /api/booking/getUserByPhone?phone=98 ===> Message : getUserByPhone() :: Request Object :: [object Object]
info: ===> TimeStamp : 2026-02-22 21:47:06===> API : /api/booking/getUserByPhone?phone=98 ===> Message : getUserByPhone() :: DB :: Invoked !
info: ===> TimeStamp : 2026-02-22 21:47:07===> API : /api/booking/getUserByPhone?phone=98 ===> Message : getUserByPhoneResponse() invoked!
info: ===> TimeStamp : 2026-02-22 21:47:07===> API : /api/booking/getUserByPhone?phone=98 ===> Message : getUserByPhoneResponse() completed
info: ===> TimeStamp : 2026-02-22 21:47:08===> API : null ===> Message : validateRequest() invoked
info: ===> TimeStamp : 2026-02-22 21:47:08===> API : null ===> Message : fetchDBSettings()
info: ===> TimeStamp : 2026-02-22 21:47:08===> API : null ===> Message : validateRequest() Invoked!
info: ===> TimeStamp : 2026-02-22 21:47:08===> API : null ===> Message : validRequest() :: Api validated Successfully
info: ===> TimeStamp : 2026-02-22 21:47:08===> API : /api/booking/getUserByPhone?phone=98494 ===> Message : getUserByPhone() invoked!!
info: ===> TimeStamp : 2026-02-22 21:47:08===> API : /api/booking/getUserByPhone?phone=98494 ===> Message : getUserByPhone() :: Request Object :: [object Object]
info: ===> TimeStamp : 2026-02-22 21:47:08===> API : /api/booking/getUserByPhone?phone=98494 ===> Message : getUserByPhone() :: DB :: Invoked !
info: ===> TimeStamp : 2026-02-22 21:47:08===> API : /api/booking/getUserByPhone?phone=98494 ===> Message : getUserByPhoneResponse() invoked!
info: ===> TimeStamp : 2026-02-22 21:47:08===> API : /api/booking/getUserByPhone?phone=98494 ===> Message : getUserByPhoneResponse() completed
info: ===> TimeStamp : 2026-02-22 21:47:10===> API : null ===> Message : validateRequest() invoked
info: ===> TimeStamp : 2026-02-22 21:47:10===> API : null ===> Message : fetchDBSettings()
info: ===> TimeStamp : 2026-02-22 21:47:10===> API : null ===> Message : validateRequest() Invoked!
info: ===> TimeStamp : 2026-02-22 21:47:10===> API : null ===> Message : validRequest() :: Api validated Successfully
info: ===> TimeStamp : 2026-02-22 21:47:10===> API : /api/booking/getUserByPhone?phone=98494632 ===> Message : getUserByPhone() invoked!!
info: ===> TimeStamp : 2026-02-22 21:47:10===> API : /api/booking/getUserByPhone?phone=98494632 ===> Message : getUserByPhone() :: Request Object :: [object Object]
info: ===> TimeStamp : 2026-02-22 21:47:10===> API : /api/booking/getUserByPhone?phone=98494632 ===> Message : getUserByPhone() :: DB :: Invoked !
info: ===> TimeStamp : 2026-02-22 21:47:10===> API : /api/booking/getUserByPhone?phone=98494632 ===> Message : getUserByPhoneResponse() invoked!
info: ===> TimeStamp : 2026-02-22 21:47:10===> API : /api/booking/getUserByPhone?phone=98494632 ===> Message : getUserByPhoneResponse() completed
info: ===> TimeStamp : 2026-02-22 21:47:11===> API : null ===> Message : validateRequest() invoked
info: ===> TimeStamp : 2026-02-22 21:47:11===> API : null ===> Message : fetchDBSettings()
info: ===> TimeStamp : 2026-02-22 21:47:11===> API : null ===> Message : validateRequest() Invoked!
info: ===> TimeStamp : 2026-02-22 21:47:11===> API : null ===> Message : validRequest() :: Api validated Successfully
info: ===> TimeStamp : 2026-02-22 21:47:11===> API : /api/booking/getUserByPhone?phone=9849463239 ===> Message : getUserByPhone() :: Request Object :: [object Object]
info: ===> TimeStamp : 2026-02-22 21:47:11===> API : /api/booking/getUserByPhone?phone=9849463239 ===> Message : getUserByPhone() invoked!!
info: ===> TimeStamp : 2026-02-22 21:47:11===> API : /api/booking/getUserByPhone?phone=9849463239 ===> Message : getUserByPhone() :: DB :: Invoked !
info: ===> TimeStamp : 2026-02-22 21:47:12===> API : /api/booking/getUserByPhone?phone=9849463239 ===> Message : getUserByPhoneResponse() invoked!
info: ===> TimeStamp : 2026-02-22 21:47:12===> API : /api/booking/getUserByPhone?phone=9849463239 ===> Message : getUserByPhoneResponse() completed
info: ===> TimeStamp : 2026-02-22 21:47:53===> API : null ===> Message : validateRequest() invoked
info: ===> TimeStamp : 2026-02-22 21:47:53===> API : null ===> Message : fetchDBSettings()
info: ===> TimeStamp : 2026-02-22 21:47:53===> API : null ===> Message : validateRequest() Invoked!
info: ===> TimeStamp : 2026-02-22 21:47:53===> API : null ===> Message : validRequest() :: Api validated Successfully
info: ===> TimeStamp : 2026-02-22 21:47:53===> API : /api/booking/displayPackages ===> Message : displayPackages() invoked!!
info: ===> TimeStamp : 2026-02-22 21:47:53===> API : /api/booking/displayPackages ===> Message : displayPackages() :: DB :: Invoked !
info: ===> TimeStamp : 2026-02-22 21:47:53===> API : /api/booking/displayPackages ===> Message : displayPackagesResponse() invoked!
info: ===> TimeStamp : 2026-02-22 21:47:53===> API : /api/booking/displayPackages ===> Message : displayPackagesResponse() completed
info: ===> TimeStamp : 2026-02-22 21:49:04===> API : null ===> Message : validateRequest() invoked
info: ===> TimeStamp : 2026-02-22 21:49:04===> API : null ===> Message : fetchDBSettings()
info: ===> TimeStamp : 2026-02-22 21:49:04===> API : null ===> Message : validateRequest() Invoked!
info: ===> TimeStamp : 2026-02-22 21:49:04===> API : null ===> Message : validRequest() :: Api validated Successfully
info: ===> TimeStamp : 2026-02-22 21:49:04===> API : /api/booking/newBooking ===> Message : newBooking() invoked!!
info: ===> TimeStamp : 2026-02-22 21:49:04===> API : /api/booking/newBooking ===> Message : newBooking() :: Request Object :: [object Object]
info: ===> TimeStamp : 2026-02-22 21:49:04===> API : /api/booking/newBooking ===> Message : getUserById() :: DB :: Invoked !
info: ===> TimeStamp : 2026-02-22 21:49:04===> API : /api/booking/newBooking ===> Message : newBooking() :: DB :: Invoked !
info: ===> TimeStamp : 2026-02-22 21:49:05===> API : /api/booking/newBooking ===> Message : newBookingResponse() invoked!
info: ===> TimeStamp : 2026-02-22 21:49:05===> API : /api/booking/newBooking ===> Message : newBookingResponse() completed
info: ===> TimeStamp : 2026-02-22 21:49:22===> API : null ===> Message : validateRequest() invoked
info: ===> TimeStamp : 2026-02-22 21:49:22===> API : null ===> Message : fetchDBSettings()
info: ===> TimeStamp : 2026-02-22 21:49:22===> API : null ===> Message : validateRequest() Invoked!
info: ===> TimeStamp : 2026-02-22 21:49:22===> API : null ===> Message : validRequest() :: Api validated Successfully
info: ===> TimeStamp : 2026-02-22 21:49:22===> API : /api/booking/displayPackages ===> Message : displayPackages() invoked!!
info: ===> TimeStamp : 2026-02-22 21:49:22===> API : /api/booking/displayPackages ===> Message : displayPackages() :: DB :: Invoked !
info: ===> TimeStamp : 2026-02-22 21:49:22===> API : /api/booking/displayPackages ===> Message : displayPackagesResponse() invoked!
info: ===> TimeStamp : 2026-02-22 21:49:22===> API : /api/booking/displayPackages ===> Message : displayPackagesResponse() completed
info: ===> TimeStamp : 2026-02-22 22:03:54===> API : null ===> Message : validateRequest() invoked
info: ===> TimeStamp : 2026-02-22 22:03:54===> API : null ===> Message : fetchDBSettings()
info: ===> TimeStamp : 2026-02-22 22:03:54===> API : null ===> Message : validateRequest() Invoked!
info: ===> TimeStamp : 2026-02-22 22:03:54===> API : null ===> Message : validRequest() :: Api validated Successfully
info: ===> TimeStamp : 2026-02-22 22:03:54===> API : /api/booking/displayPackages ===> Message : displayPackages() invoked!!
info: ===> TimeStamp : 2026-02-22 22:03:54===> API : /api/booking/displayPackages ===> Message : displayPackages() :: DB :: Invoked !
info: ===> TimeStamp : 2026-02-22 22:03:54===> API : /api/booking/displayPackages ===> Message : displayPackagesResponse() invoked!
info: ===> TimeStamp : 2026-02-22 22:03:54===> API : /api/booking/displayPackages ===> Message : displayPackagesResponse() completed
info: ===> TimeStamp : 2026-02-22 22:04:07===> API : null ===> Message : validateRequest() invoked
info: ===> TimeStamp : 2026-02-22 22:04:07===> API : null ===> Message : fetchDBSettings()
info: ===> TimeStamp : 2026-02-22 22:04:07===> API : null ===> Message : validateRequest() Invoked!
info: ===> TimeStamp : 2026-02-22 22:04:07===> API : null ===> Message : validRequest() :: Api validated Successfully
info: ===> TimeStamp : 2026-02-22 22:04:07===> API : /api/booking/getUserByPhone?phone=9980 ===> Message : getUserByPhone() invoked!!
info: ===> TimeStamp : 2026-02-22 22:04:07===> API : /api/booking/getUserByPhone?phone=9980 ===> Message : getUserByPhone() :: Request Object :: [object Object]
info: ===> TimeStamp : 2026-02-22 22:04:07===> API : /api/booking/getUserByPhone?phone=9980 ===> Message : getUserByPhone() :: DB :: Invoked !
info: ===> TimeStamp : 2026-02-22 22:04:08===> API : /api/booking/getUserByPhone?phone=9980 ===> Message : getUserByPhoneResponse() invoked!
info: ===> TimeStamp : 2026-02-22 22:04:08===> API : /api/booking/getUserByPhone?phone=9980 ===> Message : getUserByPhoneResponse() completed
info: ===> TimeStamp : 2026-02-22 22:04:09===> API : null ===> Message : validateRequest() invoked
info: ===> TimeStamp : 2026-02-22 22:04:09===> API : null ===> Message : fetchDBSettings()
info: ===> TimeStamp : 2026-02-22 22:04:09===> API : null ===> Message : validateRequest() Invoked!
info: ===> TimeStamp : 2026-02-22 22:04:10===> API : null ===> Message : validRequest() :: Api validated Successfully
info: ===> TimeStamp : 2026-02-22 22:04:10===> API : /api/booking/getUserByPhone?phone=9980280 ===> Message : getUserByPhone() invoked!!
info: ===> TimeStamp : 2026-02-22 22:04:10===> API : /api/booking/getUserByPhone?phone=9980280 ===> Message : getUserByPhone() :: Request Object :: [object Object]
info: ===> TimeStamp : 2026-02-22 22:04:10===> API : /api/booking/getUserByPhone?phone=9980280 ===> Message : getUserByPhone() :: DB :: Invoked !
info: ===> TimeStamp : 2026-02-22 22:04:10===> API : /api/booking/getUserByPhone?phone=9980280 ===> Message : getUserByPhoneResponse() invoked!
info: ===> TimeStamp : 2026-02-22 22:04:10===> API : /api/booking/getUserByPhone?phone=9980280 ===> Message : getUserByPhoneResponse() completed
info: ===> TimeStamp : 2026-02-22 22:04:13===> API : null ===> Message : validateRequest() invoked
info: ===> TimeStamp : 2026-02-22 22:04:13===> API : null ===> Message : fetchDBSettings()
info: ===> TimeStamp : 2026-02-22 22:04:13===> API : null ===> Message : validateRequest() Invoked!
info: ===> TimeStamp : 2026-02-22 22:04:13===> API : null ===> Message : validRequest() :: Api validated Successfully
info: ===> TimeStamp : 2026-02-22 22:04:13===> API : /api/booking/getUserByPhone?phone=9980280904 ===> Message : getUserByPhone() invoked!!
info: ===> TimeStamp : 2026-02-22 22:04:13===> API : /api/booking/getUserByPhone?phone=9980280904 ===> Message : getUserByPhone() :: Request Object :: [object Object]
info: ===> TimeStamp : 2026-02-22 22:04:13===> API : /api/booking/getUserByPhone?phone=9980280904 ===> Message : getUserByPhone() :: DB :: Invoked !
info: ===> TimeStamp : 2026-02-22 22:04:13===> API : /api/booking/getUserByPhone?phone=9980280904 ===> Message : getUserByPhoneResponse() invoked!
info: ===> TimeStamp : 2026-02-22 22:04:13===> API : /api/booking/getUserByPhone?phone=9980280904 ===> Message : getUserByPhoneResponse() completed
info: ===> TimeStamp : 2026-02-22 22:04:21===> API : null ===> Message : validateRequest() invoked
info: ===> TimeStamp : 2026-02-22 22:04:21===> API : null ===> Message : fetchDBSettings()
info: ===> TimeStamp : 2026-02-22 22:04:21===> API : null ===> Message : validateRequest() Invoked!
info: ===> TimeStamp : 2026-02-22 22:04:21===> API : null ===> Message : validRequest() :: Api validated Successfully
info: ===> TimeStamp : 2026-02-22 22:04:21===> API : /api/booking/getUserByPhone?phone=998028090 ===> Message : getUserByPhone() :: Request Object :: [object Object]
info: ===> TimeStamp : 2026-02-22 22:04:21===> API : /api/booking/getUserByPhone?phone=998028090 ===> Message : getUserByPhone() invoked!!
info: ===> TimeStamp : 2026-02-22 22:04:21===> API : /api/booking/getUserByPhone?phone=998028090 ===> Message : getUserByPhone() :: DB :: Invoked !
info: ===> TimeStamp : 2026-02-22 22:04:21===> API : /api/booking/getUserByPhone?phone=998028090 ===> Message : getUserByPhoneResponse() invoked!
info: ===> TimeStamp : 2026-02-22 22:04:21===> API : /api/booking/getUserByPhone?phone=998028090 ===> Message : getUserByPhoneResponse() completed
info: ===> TimeStamp : 2026-02-22 22:04:21===> API : null ===> Message : validateRequest() invoked
info: ===> TimeStamp : 2026-02-22 22:04:21===> API : null ===> Message : fetchDBSettings()
info: ===> TimeStamp : 2026-02-22 22:04:21===> API : null ===> Message : validateRequest() Invoked!
info: ===> TimeStamp : 2026-02-22 22:04:21===> API : null ===> Message : validRequest() :: Api validated Successfully
info: ===> TimeStamp : 2026-02-22 22:04:21===> API : /api/booking/getUserByPhone?phone=744833347 ===> Message : getUserByPhone() invoked!!
info: ===> TimeStamp : 2026-02-22 22:04:21===> API : /api/booking/getUserByPhone?phone=744833347 ===> Message : getUserByPhone() :: Request Object :: [object Object]
info: ===> TimeStamp : 2026-02-22 22:04:21===> API : /api/booking/getUserByPhone?phone=744833347 ===> Message : getUserByPhone() :: DB :: Invoked !
info: ===> TimeStamp : 2026-02-22 22:04:22===> API : /api/booking/getUserByPhone?phone=744833347 ===> Message : getUserByPhoneResponse() invoked!
info: ===> TimeStamp : 2026-02-22 22:04:22===> API : /api/booking/getUserByPhone?phone=744833347 ===> Message : getUserByPhoneResponse() completed
info: ===> TimeStamp : 2026-02-22 22:04:22===> API : null ===> Message : validateRequest() invoked
info: ===> TimeStamp : 2026-02-22 22:04:22===> API : null ===> Message : fetchDBSettings()
info: ===> TimeStamp : 2026-02-22 22:04:22===> API : null ===> Message : validateRequest() Invoked!
info: ===> TimeStamp : 2026-02-22 22:04:22===> API : null ===> Message : validRequest() :: Api validated Successfully
info: ===> TimeStamp : 2026-02-22 22:04:22===> API : /api/booking/getUserByPhone?phone=9980280902 ===> Message : getUserByPhone() invoked!!
info: ===> TimeStamp : 2026-02-22 22:04:22===> API : /api/booking/getUserByPhone?phone=9980280902 ===> Message : getUserByPhone() :: Request Object :: [object Object]
info: ===> TimeStamp : 2026-02-22 22:04:22===> API : /api/booking/getUserByPhone?phone=9980280902 ===> Message : getUserByPhone() :: DB :: Invoked !
info: ===> TimeStamp : 2026-02-22 22:04:23===> API : /api/booking/getUserByPhone?phone=9980280902 ===> Message : getUserByPhoneResponse() invoked!
info: ===> TimeStamp : 2026-02-22 22:04:23===> API : /api/booking/getUserByPhone?phone=9980280902 ===> Message : getUserByPhoneResponse() completed
info: ===> TimeStamp : 2026-02-22 22:05:08===> API : null ===> Message : validateRequest() invoked
info: ===> TimeStamp : 2026-02-22 22:05:08===> API : null ===> Message : fetchDBSettings()
info: ===> TimeStamp : 2026-02-22 22:05:08===> API : null ===> Message : validateRequest() Invoked!
info: ===> TimeStamp : 2026-02-22 22:05:08===> API : null ===> Message : validRequest() :: Api validated Successfully
info: ===> TimeStamp : 2026-02-22 22:05:08===> API : /api/booking/getUserByPhone?phone=7411833347 ===> Message : getUserByPhone() invoked!!
info: ===> TimeStamp : 2026-02-22 22:05:08===> API : /api/booking/getUserByPhone?phone=7411833347 ===> Message : getUserByPhone() :: Request Object :: [object Object]
info: ===> TimeStamp : 2026-02-22 22:05:08===> API : /api/booking/getUserByPhone?phone=7411833347 ===> Message : getUserByPhone() :: DB :: Invoked !
info: ===> TimeStamp : 2026-02-22 22:05:08===> API : /api/booking/getUserByPhone?phone=7411833347 ===> Message : getUserByPhoneResponse() invoked!
info: ===> TimeStamp : 2026-02-22 22:05:08===> API : /api/booking/getUserByPhone?phone=7411833347 ===> Message : getUserByPhoneResponse() completed
info: ===> TimeStamp : 2026-02-22 22:05:43===> API : null ===> Message : validateRequest() invoked
info: ===> TimeStamp : 2026-02-22 22:05:43===> API : null ===> Message : fetchDBSettings()
info: ===> TimeStamp : 2026-02-22 22:05:43===> API : null ===> Message : validateRequest() Invoked!
info: ===> TimeStamp : 2026-02-22 22:05:43===> API : null ===> Message : validRequest() :: Api validated Successfully
info: ===> TimeStamp : 2026-02-22 22:05:43===> API : /api/booking/newBooking ===> Message : newBooking() invoked!!
info: ===> TimeStamp : 2026-02-22 22:05:43===> API : /api/booking/newBooking ===> Message : newBooking() :: Request Object :: [object Object]
info: ===> TimeStamp : 2026-02-22 22:05:43===> API : /api/booking/newBooking ===> Message : getUserById() :: DB :: Invoked !
info: ===> TimeStamp : 2026-02-22 22:05:43===> API : /api/booking/newBooking ===> Message : newBooking() :: DB :: Invoked !
info: ===> TimeStamp : 2026-02-22 22:05:44===> API : /api/booking/newBooking ===> Message : newBookingResponse() invoked!
info: ===> TimeStamp : 2026-02-22 22:05:44===> API : /api/booking/newBooking ===> Message : newBookingResponse() completed
info: ===> TimeStamp : 2026-02-22 22:06:25===> API : null ===> Message : validateRequest() invoked
info: ===> TimeStamp : 2026-02-22 22:06:25===> API : null ===> Message : fetchDBSettings()
info: ===> TimeStamp : 2026-02-22 22:06:25===> API : null ===> Message : validateRequest() Invoked!
info: ===> TimeStamp : 2026-02-22 22:06:25===> API : null ===> Message : validRequest() :: Api validated Successfully
info: ===> TimeStamp : 2026-02-22 22:06:25===> API : /api/booking/displayPackages ===> Message : displayPackages() invoked!!
info: ===> TimeStamp : 2026-02-22 22:06:25===> API : /api/booking/displayPackages ===> Message : displayPackages() :: DB :: Invoked !
info: ===> TimeStamp : 2026-02-22 22:06:25===> API : /api/booking/displayPackages ===> Message : displayPackagesResponse() invoked!
info: ===> TimeStamp : 2026-02-22 22:06:25===> API : /api/booking/displayPackages ===> Message : displayPackagesResponse() completed
info: ===> TimeStamp : 2026-02-22 22:06:57===> API : null ===> Message : validateRequest() invoked
info: ===> TimeStamp : 2026-02-22 22:06:57===> API : null ===> Message : fetchDBSettings()
info: ===> TimeStamp : 2026-02-22 22:06:57===> API : null ===> Message : validateRequest() Invoked!
info: ===> TimeStamp : 2026-02-22 22:06:57===> API : null ===> Message : validRequest() :: Api validated Successfully
info: ===> TimeStamp : 2026-02-22 22:06:57===> API : /api/booking/newBooking ===> Message : newBooking() invoked!!
info: ===> TimeStamp : 2026-02-22 22:06:57===> API : /api/booking/newBooking ===> Message : newBooking() :: Request Object :: [object Object]
info: ===> TimeStamp : 2026-02-22 22:06:57===> API : /api/booking/newBooking ===> Message : getUserById() :: DB :: Invoked !
info: ===> TimeStamp : 2026-02-22 22:06:57===> API : /api/booking/newBooking ===> Message : newBooking() :: DB :: Invoked !
info: ===> TimeStamp : 2026-02-22 22:06:58===> API : /api/booking/newBooking ===> Message : newBookingResponse() invoked!
info: ===> TimeStamp : 2026-02-22 22:06:58===> API : /api/booking/newBooking ===> Message : newBookingResponse() completed
info: ===> TimeStamp : 2026-02-22 22:07:14===> API : null ===> Message : validateRequest() invoked
info: ===> TimeStamp : 2026-02-22 22:07:14===> API : null ===> Message : fetchDBSettings()
info: ===> TimeStamp : 2026-02-22 22:07:14===> API : null ===> Message : validateRequest() Invoked!
info: ===> TimeStamp : 2026-02-22 22:07:14===> API : null ===> Message : validRequest() :: Api validated Successfully
info: ===> TimeStamp : 2026-02-22 22:07:14===> API : /api/booking/displayPackages ===> Message : displayPackages() invoked!!
info: ===> TimeStamp : 2026-02-22 22:07:14===> API : /api/booking/displayPackages ===> Message : displayPackages() :: DB :: Invoked !
info: ===> TimeStamp : 2026-02-22 22:07:14===> API : /api/booking/displayPackages ===> Message : displayPackagesResponse() invoked!
info: ===> TimeStamp : 2026-02-22 22:07:14===> API : /api/booking/displayPackages ===> Message : displayPackagesResponse() completed
info: ===> TimeStamp : 2026-02-22 22:07:30===> API : null ===> Message : validateRequest() invoked
info: ===> TimeStamp : 2026-02-22 22:07:30===> API : null ===> Message : fetchDBSettings()
info: ===> TimeStamp : 2026-02-22 22:07:30===> API : null ===> Message : validateRequest() Invoked!
info: ===> TimeStamp : 2026-02-22 22:07:30===> API : null ===> Message : validRequest() :: Api validated Successfully
info: ===> TimeStamp : 2026-02-22 22:07:30===> API : /api/booking/displayPackages ===> Message : displayPackages() invoked!!
info: ===> TimeStamp : 2026-02-22 22:07:30===> API : /api/booking/displayPackages ===> Message : displayPackages() :: DB :: Invoked !
info: ===> TimeStamp : 2026-02-22 22:07:30===> API : /api/booking/displayPackages ===> Message : displayPackagesResponse() invoked!
info: ===> TimeStamp : 2026-02-22 22:07:30===> API : /api/booking/displayPackages ===> Message : displayPackagesResponse() completed
info: ===> TimeStamp : 2026-02-22 22:12:18===> API : null ===> Message : validateRequest() invoked
info: ===> TimeStamp : 2026-02-22 22:12:18===> API : null ===> Message : fetchDBSettings()
info: ===> TimeStamp : 2026-02-22 22:12:18===> API : null ===> Message : validateRequest() Invoked!
info: ===> TimeStamp : 2026-02-22 22:12:18===> API : null ===> Message : validRequest() :: Api validated Successfully
info: ===> TimeStamp : 2026-02-22 22:12:18===> API : /api/booking/displayPackages ===> Message : displayPackages() invoked!!
info: ===> TimeStamp : 2026-02-22 22:12:18===> API : /api/booking/displayPackages ===> Message : displayPackages() :: DB :: Invoked !
info: ===> TimeStamp : 2026-02-22 22:12:18===> API : /api/booking/displayPackages ===> Message : displayPackagesResponse() invoked!
info: ===> TimeStamp : 2026-02-22 22:12:18===> API : /api/booking/displayPackages ===> Message : displayPackagesResponse() completed
info: ===> TimeStamp : 2026-02-22 22:20:55===> API : null ===> Message : validateRequest() invoked
info: ===> TimeStamp : 2026-02-22 22:20:55===> API : null ===> Message : fetchDBSettings()
info: ===> TimeStamp : 2026-02-22 22:20:55===> API : null ===> Message : validateRequest() Invoked!
info: ===> TimeStamp : 2026-02-22 22:20:55===> API : null ===> Message : validRequest() :: Api validated Successfully
info: ===> TimeStamp : 2026-02-22 22:20:55===> API : /api/booking/displayPackages ===> Message : displayPackages() invoked!!
info: ===> TimeStamp : 2026-02-22 22:20:55===> API : /api/booking/displayPackages ===> Message : displayPackages() :: DB :: Invoked !
info: ===> TimeStamp : 2026-02-22 22:20:55===> API : /api/booking/displayPackages ===> Message : displayPackagesResponse() invoked!
info: ===> TimeStamp : 2026-02-22 22:20:55===> API : /api/booking/displayPackages ===> Message : displayPackagesResponse() completed
info: ===> TimeStamp : 2026-02-22 22:22:33===> API : null ===> Message : validateRequest() invoked
info: ===> TimeStamp : 2026-02-22 22:22:33===> API : null ===> Message : fetchDBSettings()
info: ===> TimeStamp : 2026-02-22 22:22:33===> API : null ===> Message : validateRequest() Invoked!
info: ===> TimeStamp : 2026-02-22 22:22:33===> API : /api/booking/displayPackages ===> Message : displayPackages() invoked!!
info: ===> TimeStamp : 2026-02-22 22:22:33===> API : null ===> Message : validRequest() :: Api validated Successfully
info: ===> TimeStamp : 2026-02-22 22:22:33===> API : /api/booking/displayPackages ===> Message : displayPackages() :: DB :: Invoked !
info: ===> TimeStamp : 2026-02-22 22:22:33===> API : /api/booking/displayPackages ===> Message : displayPackagesResponse() invoked!
info: ===> TimeStamp : 2026-02-22 22:22:33===> API : /api/booking/displayPackages ===> Message : displayPackagesResponse() completed
info: ===> TimeStamp : 2026-02-22 22:25:08===> API : null ===> Message : validateRequest() invoked
info: ===> TimeStamp : 2026-02-22 22:25:08===> API : null ===> Message : fetchDBSettings()
info: ===> TimeStamp : 2026-02-22 22:25:08===> API : null ===> Message : validateRequest() Invoked!
info: ===> TimeStamp : 2026-02-22 22:25:08===> API : null ===> Message : validRequest() :: Api validated Successfully
info: ===> TimeStamp : 2026-02-22 22:25:08===> API : /api/booking/getUserByPhone?phone=98 ===> Message : getUserByPhone() :: Request Object :: [object Object]
info: ===> TimeStamp : 2026-02-22 22:25:08===> API : /api/booking/getUserByPhone?phone=98 ===> Message : getUserByPhone() :: DB :: Invoked !
info: ===> TimeStamp : 2026-02-22 22:25:08===> API : /api/booking/getUserByPhone?phone=98 ===> Message : getUserByPhone() invoked!!
info: ===> TimeStamp : 2026-02-22 22:25:09===> API : /api/booking/getUserByPhone?phone=98 ===> Message : getUserByPhoneResponse() invoked!
info: ===> TimeStamp : 2026-02-22 22:25:09===> API : /api/booking/getUserByPhone?phone=98 ===> Message : getUserByPhoneResponse() completed
info: ===> TimeStamp : 2026-02-22 22:25:10===> API : null ===> Message : validateRequest() invoked
info: ===> TimeStamp : 2026-02-22 22:25:10===> API : null ===> Message : fetchDBSettings()
info: ===> TimeStamp : 2026-02-22 22:25:10===> API : null ===> Message : validateRequest() Invoked!
info: ===> TimeStamp : 2026-02-22 22:25:10===> API : null ===> Message : validRequest() :: Api validated Successfully
info: ===> TimeStamp : 2026-02-22 22:25:10===> API : /api/booking/getUserByPhone?phone=98199 ===> Message : getUserByPhone() invoked!!
info: ===> TimeStamp : 2026-02-22 22:25:10===> API : /api/booking/getUserByPhone?phone=98199 ===> Message : getUserByPhone() :: Request Object :: [object Object]
info: ===> TimeStamp : 2026-02-22 22:25:10===> API : /api/booking/getUserByPhone?phone=98199 ===> Message : getUserByPhone() :: DB :: Invoked !
info: ===> TimeStamp : 2026-02-22 22:25:11===> API : /api/booking/getUserByPhone?phone=98199 ===> Message : getUserByPhoneResponse() invoked!
info: ===> TimeStamp : 2026-02-22 22:25:11===> API : /api/booking/getUserByPhone?phone=98199 ===> Message : getUserByPhoneResponse() completed
info: ===> TimeStamp : 2026-02-22 22:25:12===> API : null ===> Message : validateRequest() invoked
info: ===> TimeStamp : 2026-02-22 22:25:12===> API : null ===> Message : fetchDBSettings()
info: ===> TimeStamp : 2026-02-22 22:25:12===> API : null ===> Message : validateRequest() Invoked!
info: ===> TimeStamp : 2026-02-22 22:25:12===> API : null ===> Message : validRequest() :: Api validated Successfully
info: ===> TimeStamp : 2026-02-22 22:25:12===> API : /api/booking/getUserByPhone?phone=9819910 ===> Message : getUserByPhone() invoked!!
info: ===> TimeStamp : 2026-02-22 22:25:12===> API : /api/booking/getUserByPhone?phone=9819910 ===> Message : getUserByPhone() :: Request Object :: [object Object]
info: ===> TimeStamp : 2026-02-22 22:25:12===> API : /api/booking/getUserByPhone?phone=9819910 ===> Message : getUserByPhone() :: DB :: Invoked !
info: ===> TimeStamp : 2026-02-22 22:25:12===> API : /api/booking/getUserByPhone?phone=9819910 ===> Message : getUserByPhoneResponse() invoked!
info: ===> TimeStamp : 2026-02-22 22:25:12===> API : /api/booking/getUserByPhone?phone=9819910 ===> Message : getUserByPhoneResponse() completed
info: ===> TimeStamp : 2026-02-22 22:25:14===> API : null ===> Message : validateRequest() invoked
info: ===> TimeStamp : 2026-02-22 22:25:14===> API : null ===> Message : fetchDBSettings()
info: ===> TimeStamp : 2026-02-22 22:25:14===> API : null ===> Message : validateRequest() Invoked!
info: ===> TimeStamp : 2026-02-22 22:25:14===> API : null ===> Message : validRequest() :: Api validated Successfully
info: ===> TimeStamp : 2026-02-22 22:25:14===> API : /api/booking/getUserByPhone?phone=9819910447 ===> Message : getUserByPhone() invoked!!
info: ===> TimeStamp : 2026-02-22 22:25:14===> API : /api/booking/getUserByPhone?phone=9819910447 ===> Message : getUserByPhone() :: Request Object :: [object Object]
info: ===> TimeStamp : 2026-02-22 22:25:14===> API : /api/booking/getUserByPhone?phone=9819910447 ===> Message : getUserByPhone() :: DB :: Invoked !
info: ===> TimeStamp : 2026-02-22 22:25:15===> API : /api/booking/getUserByPhone?phone=9819910447 ===> Message : getUserByPhoneResponse() invoked!
info: ===> TimeStamp : 2026-02-22 22:25:15===> API : /api/booking/getUserByPhone?phone=9819910447 ===> Message : getUserByPhoneResponse() completed
info: ===> TimeStamp : 2026-02-22 22:26:56===> API : null ===> Message : validateRequest() invoked
info: ===> TimeStamp : 2026-02-22 22:26:56===> API : null ===> Message : fetchDBSettings()
info: ===> TimeStamp : 2026-02-22 22:26:56===> API : null ===> Message : validateRequest() Invoked!
info: ===> TimeStamp : 2026-02-22 22:26:56===> API : null ===> Message : validRequest() :: Api validated Successfully
info: ===> TimeStamp : 2026-02-22 22:26:56===> API : /api/booking/newBooking ===> Message : newBooking() invoked!!
info: ===> TimeStamp : 2026-02-22 22:26:56===> API : /api/booking/newBooking ===> Message : newBooking() :: Request Object :: [object Object]
info: ===> TimeStamp : 2026-02-22 22:26:56===> API : /api/booking/newBooking ===> Message : getUserById() :: DB :: Invoked !
info: ===> TimeStamp : 2026-02-22 22:26:56===> API : /api/booking/newBooking ===> Message : newBooking() :: DB :: Invoked !
info: ===> TimeStamp : 2026-02-22 22:26:57===> API : /api/booking/newBooking ===> Message : newBookingResponse() invoked!
info: ===> TimeStamp : 2026-02-22 22:26:57===> API : /api/booking/newBooking ===> Message : newBookingResponse() completed
info: ===> TimeStamp : 2026-02-22 22:27:12===> API : null ===> Message : validateRequest() invoked
info: ===> TimeStamp : 2026-02-22 22:27:12===> API : null ===> Message : fetchDBSettings()
info: ===> TimeStamp : 2026-02-22 22:27:12===> API : null ===> Message : validateRequest() Invoked!
info: ===> TimeStamp : 2026-02-22 22:27:12===> API : null ===> Message : validRequest() :: Api validated Successfully
info: ===> TimeStamp : 2026-02-22 22:27:12===> API : /api/booking/displayPackages ===> Message : displayPackages() invoked!!
info: ===> TimeStamp : 2026-02-22 22:27:12===> API : /api/booking/displayPackages ===> Message : displayPackages() :: DB :: Invoked !
info: ===> TimeStamp : 2026-02-22 22:27:12===> API : /api/booking/displayPackages ===> Message : displayPackagesResponse() invoked!
info: ===> TimeStamp : 2026-02-22 22:27:12===> API : /api/booking/displayPackages ===> Message : displayPackagesResponse() completed
info: ===> TimeStamp : 2026-02-22 22:27:42===> API : null ===> Message : validateRequest() invoked
info: ===> TimeStamp : 2026-02-22 22:27:42===> API : null ===> Message : fetchDBSettings()
info: ===> TimeStamp : 2026-02-22 22:27:42===> API : null ===> Message : validateRequest() Invoked!
info: ===> TimeStamp : 2026-02-22 22:27:42===> API : null ===> Message : validRequest() :: Api validated Successfully
info: ===> TimeStamp : 2026-02-22 22:27:42===> API : /api/booking/displayPackages ===> Message : displayPackages() invoked!!
info: ===> TimeStamp : 2026-02-22 22:27:42===> API : /api/booking/displayPackages ===> Message : displayPackages() :: DB :: Invoked !
info: ===> TimeStamp : 2026-02-22 22:27:42===> API : /api/booking/displayPackages ===> Message : displayPackagesResponse() invoked!
info: ===> TimeStamp : 2026-02-22 22:27:42===> API : /api/booking/displayPackages ===> Message : displayPackagesResponse() completed
info: ===> TimeStamp : 2026-02-22 22:30:02===> API : null ===> Message : validateRequest() invoked
info: ===> TimeStamp : 2026-02-22 22:30:02===> API : null ===> Message : fetchDBSettings()
info: ===> TimeStamp : 2026-02-22 22:30:02===> API : null ===> Message : validateRequest() Invoked!
info: ===> TimeStamp : 2026-02-22 22:30:02===> API : null ===> Message : validRequest() :: Api validated Successfully
info: ===> TimeStamp : 2026-02-22 22:30:02===> API : /api/booking/getUserByPhone?phone=9738 ===> Message : getUserByPhone() invoked!!
info: ===> TimeStamp : 2026-02-22 22:30:02===> API : /api/booking/getUserByPhone?phone=9738 ===> Message : getUserByPhone() :: Request Object :: [object Object]
info: ===> TimeStamp : 2026-02-22 22:30:02===> API : /api/booking/getUserByPhone?phone=9738 ===> Message : getUserByPhone() :: DB :: Invoked !
info: ===> TimeStamp : 2026-02-22 22:30:03===> API : /api/booking/getUserByPhone?phone=9738 ===> Message : getUserByPhoneResponse() invoked!
info: ===> TimeStamp : 2026-02-22 22:30:03===> API : /api/booking/getUserByPhone?phone=9738 ===> Message : getUserByPhoneResponse() completed
info: ===> TimeStamp : 2026-02-22 22:30:03===> API : null ===> Message : validateRequest() invoked
info: ===> TimeStamp : 2026-02-22 22:30:03===> API : null ===> Message : fetchDBSettings()
info: ===> TimeStamp : 2026-02-22 22:30:03===> API : null ===> Message : validateRequest() Invoked!
info: ===> TimeStamp : 2026-02-22 22:30:03===> API : null ===> Message : validRequest() :: Api validated Successfully
info: ===> TimeStamp : 2026-02-22 22:30:03===> API : /api/booking/getUserByPhone?phone=973895 ===> Message : getUserByPhone() invoked!!
info: ===> TimeStamp : 2026-02-22 22:30:03===> API : /api/booking/getUserByPhone?phone=973895 ===> Message : getUserByPhone() :: Request Object :: [object Object]
info: ===> TimeStamp : 2026-02-22 22:30:03===> API : /api/booking/getUserByPhone?phone=973895 ===> Message : getUserByPhone() :: DB :: Invoked !
info: ===> TimeStamp : 2026-02-22 22:30:04===> API : /api/booking/getUserByPhone?phone=973895 ===> Message : getUserByPhoneResponse() invoked!
info: ===> TimeStamp : 2026-02-22 22:30:04===> API : /api/booking/getUserByPhone?phone=973895 ===> Message : getUserByPhoneResponse() completed
info: ===> TimeStamp : 2026-02-22 22:30:05===> API : null ===> Message : validateRequest() invoked
info: ===> TimeStamp : 2026-02-22 22:30:05===> API : null ===> Message : fetchDBSettings()
info: ===> TimeStamp : 2026-02-22 22:30:05===> API : null ===> Message : validateRequest() Invoked!
info: ===> TimeStamp : 2026-02-22 22:30:05===> API : null ===> Message : validRequest() :: Api validated Successfully
info: ===> TimeStamp : 2026-02-22 22:30:05===> API : /api/booking/getUserByPhone?phone=97389584 ===> Message : getUserByPhone() :: Request Object :: [object Object]
info: ===> TimeStamp : 2026-02-22 22:30:05===> API : /api/booking/getUserByPhone?phone=97389584 ===> Message : getUserByPhone() :: DB :: Invoked !
info: ===> TimeStamp : 2026-02-22 22:30:05===> API : /api/booking/getUserByPhone?phone=97389584 ===> Message : getUserByPhone() invoked!!
info: ===> TimeStamp : 2026-02-22 22:30:06===> API : /api/booking/getUserByPhone?phone=97389584 ===> Message : getUserByPhoneResponse() invoked!
info: ===> TimeStamp : 2026-02-22 22:30:06===> API : /api/booking/getUserByPhone?phone=97389584 ===> Message : getUserByPhoneResponse() completed
info: ===> TimeStamp : 2026-02-22 22:30:07===> API : null ===> Message : validateRequest() invoked
info: ===> TimeStamp : 2026-02-22 22:30:07===> API : null ===> Message : fetchDBSettings()
info: ===> TimeStamp : 2026-02-22 22:30:07===> API : null ===> Message : validateRequest() Invoked!
info: ===> TimeStamp : 2026-02-22 22:30:07===> API : null ===> Message : validRequest() :: Api validated Successfully
info: ===> TimeStamp : 2026-02-22 22:30:07===> API : /api/booking/getUserByPhone?phone=9738958478 ===> Message : getUserByPhone() :: Request Object :: [object Object]
info: ===> TimeStamp : 2026-02-22 22:30:07===> API : /api/booking/getUserByPhone?phone=9738958478 ===> Message : getUserByPhone() invoked!!
info: ===> TimeStamp : 2026-02-22 22:30:07===> API : /api/booking/getUserByPhone?phone=9738958478 ===> Message : getUserByPhone() :: DB :: Invoked !
info: ===> TimeStamp : 2026-02-22 22:30:08===> API : /api/booking/getUserByPhone?phone=9738958478 ===> Message : getUserByPhoneResponse() invoked!
info: ===> TimeStamp : 2026-02-22 22:30:08===> API : /api/booking/getUserByPhone?phone=9738958478 ===> Message : getUserByPhoneResponse() completed
info: ===> TimeStamp : 2026-02-22 22:30:43===> API : null ===> Message : validateRequest() invoked
info: ===> TimeStamp : 2026-02-22 22:30:43===> API : null ===> Message : fetchDBSettings()
info: ===> TimeStamp : 2026-02-22 22:30:43===> API : null ===> Message : validateRequest() Invoked!
info: ===> TimeStamp : 2026-02-22 22:30:43===> API : null ===> Message : validRequest() :: Api validated Successfully
info: ===> TimeStamp : 2026-02-22 22:30:43===> API : /api/booking/newBooking ===> Message : newBooking() :: Request Object :: [object Object]
info: ===> TimeStamp : 2026-02-22 22:30:43===> API : /api/booking/newBooking ===> Message : newBooking() invoked!!
info: ===> TimeStamp : 2026-02-22 22:30:43===> API : /api/booking/newBooking ===> Message : getUserById() :: DB :: Invoked !
info: ===> TimeStamp : 2026-02-22 22:30:43===> API : /api/booking/newBooking ===> Message : newBooking() :: DB :: Invoked !
info: ===> TimeStamp : 2026-02-22 22:30:44===> API : /api/booking/newBooking ===> Message : newBookingResponse() invoked!
info: ===> TimeStamp : 2026-02-22 22:30:44===> API : /api/booking/newBooking ===> Message : newBookingResponse() completed
info: ===> TimeStamp : 2026-02-22 22:30:59===> API : null ===> Message : validateRequest() invoked
info: ===> TimeStamp : 2026-02-22 22:30:59===> API : null ===> Message : fetchDBSettings()
info: ===> TimeStamp : 2026-02-22 22:30:59===> API : null ===> Message : validateRequest() Invoked!
info: ===> TimeStamp : 2026-02-22 22:30:59===> API : null ===> Message : validRequest() :: Api validated Successfully
info: ===> TimeStamp : 2026-02-22 22:30:59===> API : /api/booking/displayPackages ===> Message : displayPackages() invoked!!
info: ===> TimeStamp : 2026-02-22 22:30:59===> API : /api/booking/displayPackages ===> Message : displayPackages() :: DB :: Invoked !
info: ===> TimeStamp : 2026-02-22 22:30:59===> API : /api/booking/displayPackages ===> Message : displayPackagesResponse() invoked!
info: ===> TimeStamp : 2026-02-22 22:30:59===> API : /api/booking/displayPackages ===> Message : displayPackagesResponse() completed
info: ===> TimeStamp : 2026-02-22 22:31:42===> API : null ===> Message : validateRequest() invoked
info: ===> TimeStamp : 2026-02-22 22:31:42===> API : null ===> Message : fetchDBSettings()
info: ===> TimeStamp : 2026-02-22 22:31:42===> API : null ===> Message : validateRequest() Invoked!
info: ===> TimeStamp : 2026-02-22 22:31:42===> API : null ===> Message : validRequest() :: Api validated Successfully
info: ===> TimeStamp : 2026-02-22 22:31:42===> API : /api/booking/displayPackages ===> Message : displayPackages() invoked!!
info: ===> TimeStamp : 2026-02-22 22:31:42===> API : /api/booking/displayPackages ===> Message : displayPackages() :: DB :: Invoked !
info: ===> TimeStamp : 2026-02-22 22:31:42===> API : /api/booking/displayPackages ===> Message : displayPackagesResponse() invoked!
info: ===> TimeStamp : 2026-02-22 22:31:42===> API : /api/booking/displayPackages ===> Message : displayPackagesResponse() completed
info: ===> TimeStamp : 2026-02-22 22:38:17===> API : null ===> Message : validateRequest() invoked
info: ===> TimeStamp : 2026-02-22 22:38:17===> API : null ===> Message : fetchDBSettings()
info: ===> TimeStamp : 2026-02-22 22:38:17===> API : null ===> Message : validateRequest() Invoked!
info: ===> TimeStamp : 2026-02-22 22:38:17===> API : null ===> Message : validRequest() :: Api validated Successfully
info: ===> TimeStamp : 2026-02-22 22:38:17===> API : /api/booking/displayPackages ===> Message : displayPackages() invoked!!
info: ===> TimeStamp : 2026-02-22 22:38:17===> API : /api/booking/displayPackages ===> Message : displayPackages() :: DB :: Invoked !
info: ===> TimeStamp : 2026-02-22 22:38:17===> API : /api/booking/displayPackages ===> Message : displayPackagesResponse() invoked!
info: ===> TimeStamp : 2026-02-22 22:38:17===> API : /api/booking/displayPackages ===> Message : displayPackagesResponse() completed
info: ===> TimeStamp : 2026-02-22 22:38:20===> API : null ===> Message : validateRequest() invoked
info: ===> TimeStamp : 2026-02-22 22:38:20===> API : null ===> Message : fetchDBSettings()
info: ===> TimeStamp : 2026-02-22 22:38:20===> API : null ===> Message : validateRequest() Invoked!
info: ===> TimeStamp : 2026-02-22 22:38:20===> API : null ===> Message : validRequest() :: Api validated Successfully
info: ===> TimeStamp : 2026-02-22 22:38:20===> API : /api/booking/displayPackages ===> Message : displayPackages() invoked!!
info: ===> TimeStamp : 2026-02-22 22:38:20===> API : /api/booking/displayPackages ===> Message : displayPackages() :: DB :: Invoked !
info: ===> TimeStamp : 2026-02-22 22:38:20===> API : /api/booking/displayPackages ===> Message : displayPackagesResponse() invoked!
info: ===> TimeStamp : 2026-02-22 22:38:20===> API : /api/booking/displayPackages ===> Message : displayPackagesResponse() completed
info: ===> TimeStamp : 2026-02-22 22:44:02===> API : null ===> Message : validateRequest() invoked
info: ===> TimeStamp : 2026-02-22 22:44:02===> API : null ===> Message : fetchDBSettings()
info: ===> TimeStamp : 2026-02-22 22:44:02===> API : null ===> Message : validateRequest() Invoked!
info: ===> TimeStamp : 2026-02-22 22:44:02===> API : null ===> Message : validRequest() :: Api validated Successfully
info: ===> TimeStamp : 2026-02-22 22:44:02===> API : /api/booking/displayPackages ===> Message : displayPackages() invoked!!
info: ===> TimeStamp : 2026-02-22 22:44:02===> API : /api/booking/displayPackages ===> Message : displayPackages() :: DB :: Invoked !
info: ===> TimeStamp : 2026-02-22 22:44:02===> API : /api/booking/displayPackages ===> Message : displayPackagesResponse() invoked!
info: ===> TimeStamp : 2026-02-22 22:44:02===> API : /api/booking/displayPackages ===> Message : displayPackagesResponse() completed
info: ===> TimeStamp : 2026-02-22 22:44:06===> API : null ===> Message : validateRequest() invoked
info: ===> TimeStamp : 2026-02-22 22:44:06===> API : null ===> Message : fetchDBSettings()
info: ===> TimeStamp : 2026-02-22 22:44:06===> API : null ===> Message : validateRequest() Invoked!
info: ===> TimeStamp : 2026-02-22 22:44:06===> API : null ===> Message : validRequest() :: Api validated Successfully
info: ===> TimeStamp : 2026-02-22 22:44:06===> API : /api/booking/displayPackages ===> Message : displayPackages() invoked!!
info: ===> TimeStamp : 2026-02-22 22:44:06===> API : /api/booking/displayPackages ===> Message : displayPackages() :: DB :: Invoked !
info: ===> TimeStamp : 2026-02-22 22:44:06===> API : /api/booking/displayPackages ===> Message : displayPackagesResponse() invoked!
info: ===> TimeStamp : 2026-02-22 22:44:06===> API : /api/booking/displayPackages ===> Message : displayPackagesResponse() completed
info: ===> TimeStamp : 2026-02-22 22:45:21===> API : null ===> Message : validateRequest() invoked
info: ===> TimeStamp : 2026-02-22 22:45:21===> API : null ===> Message : fetchDBSettings()
info: ===> TimeStamp : 2026-02-22 22:45:21===> API : null ===> Message : validateRequest() invoked
info: ===> TimeStamp : 2026-02-22 22:45:21===> API : null ===> Message : fetchDBSettings()
info: ===> TimeStamp : 2026-02-22 22:45:21===> API : null ===> Message : validateRequest() Invoked!
info: ===> TimeStamp : 2026-02-22 22:45:21===> API : null ===> Message : validateRequest() Invoked!
info: ===> TimeStamp : 2026-02-22 22:45:21===> API : null ===> Message : validRequest() :: Api validated Successfully
info: ===> TimeStamp : 2026-02-22 22:45:21===> API : /api/booking/displayPackages ===> Message : displayPackages() invoked!!
info: ===> TimeStamp : 2026-02-22 22:45:21===> API : /api/booking/displayPackages ===> Message : displayPackages() :: DB :: Invoked !
info: ===> TimeStamp : 2026-02-22 22:45:21===> API : /api/booking/displayPackages ===> Message : displayPackagesResponse() invoked!
info: ===> TimeStamp : 2026-02-22 22:45:21===> API : /api/booking/displayPackages ===> Message : displayPackagesResponse() completed
info: ===> TimeStamp : 2026-02-22 22:45:21===> API : null ===> Message : validRequest() :: Api validated Successfully
info: ===> TimeStamp : 2026-02-22 22:45:21===> API : /api/booking/fetchBookings?futureDate=2026-02-22 ===> Message : fetchBookings() invoked!!
info: ===> TimeStamp : 2026-02-22 22:45:21===> API : /api/booking/fetchBookings?futureDate=2026-02-22 ===> Message : fetchBookings() :: Request Object :: [object Object]
info: ===> TimeStamp : 2026-02-22 22:45:21===> API : /api/booking/fetchBookings?futureDate=2026-02-22 ===> Message : fetchBookings() :: DB :: Invoked !
info: ===> TimeStamp : 2026-02-22 22:45:22===> API : /api/booking/fetchBookings?futureDate=2026-02-22 ===> Message : fetchBookingsResponse() invoked!
info: ===> TimeStamp : 2026-02-22 22:45:22===> API : /api/booking/fetchBookings?futureDate=2026-02-22 ===> Message : fetchBookingsResponse() completed
info: ===> TimeStamp : 2026-02-22 22:45:22===> API : null ===> Message : validateRequest() invoked
info: ===> TimeStamp : 2026-02-22 22:45:22===> API : null ===> Message : fetchDBSettings()
info: ===> TimeStamp : 2026-02-22 22:45:22===> API : null ===> Message : validateRequest() Invoked!
info: ===> TimeStamp : 2026-02-22 22:45:22===> API : /api/booking/fetchBookings?futureDate=2026-02-22 ===> Message : fetchBookings() invoked!!
info: ===> TimeStamp : 2026-02-22 22:45:22===> API : /api/booking/fetchBookings?futureDate=2026-02-22 ===> Message : fetchBookings() :: Request Object :: [object Object]
info: ===> TimeStamp : 2026-02-22 22:45:22===> API : null ===> Message : validRequest() :: Api validated Successfully
info: ===> TimeStamp : 2026-02-22 22:45:22===> API : /api/booking/fetchBookings?futureDate=2026-02-22 ===> Message : fetchBookings() :: DB :: Invoked !
info: ===> TimeStamp : 2026-02-22 22:45:23===> API : /api/booking/fetchBookings?futureDate=2026-02-22 ===> Message : fetchBookingsResponse() invoked!
info: ===> TimeStamp : 2026-02-22 22:45:23===> API : /api/booking/fetchBookings?futureDate=2026-02-22 ===> Message : fetchBookingsResponse() completed
info: ===> TimeStamp : 2026-02-22 22:45:36===> API : null ===> Message : validateRequest() invoked
info: ===> TimeStamp : 2026-02-22 22:45:36===> API : null ===> Message : fetchDBSettings()
info: ===> TimeStamp : 2026-02-22 22:45:36===> API : null ===> Message : validateRequest() Invoked!
info: ===> TimeStamp : 2026-02-22 22:45:36===> API : null ===> Message : validRequest() :: Api validated Successfully
info: ===> TimeStamp : 2026-02-22 22:45:36===> API : /api/booking/updateBooking ===> Message : updateBooking() invoked!!
info: ===> TimeStamp : 2026-02-22 22:45:36===> API : /api/booking/updateBooking ===> Message : updateBooking() :: Request Object :: [object Object]
info: ===> TimeStamp : 2026-02-22 22:45:36===> API : /api/booking/updateBooking ===> Message : updateBooking() :: DB :: Invoked !
info: ===> TimeStamp : 2026-02-22 22:45:36===> API : /api/booking/updateBooking ===> Message : updateBookingResponse() invoked!
info: ===> TimeStamp : 2026-02-22 22:45:36===> API : /api/booking/updateBooking ===> Message : updateBookingResponse() completed
info: ===> TimeStamp : 2026-02-22 22:45:46===> API : null ===> Message : validateRequest() invoked
info: ===> TimeStamp : 2026-02-22 22:45:46===> API : null ===> Message : fetchDBSettings()
info: ===> TimeStamp : 2026-02-22 22:45:46===> API : null ===> Message : validateRequest() Invoked!
info: ===> TimeStamp : 2026-02-22 22:45:46===> API : null ===> Message : validRequest() :: Api validated Successfully
info: ===> TimeStamp : 2026-02-22 22:45:46===> API : /api/booking/displayPackages ===> Message : displayPackages() invoked!!
info: ===> TimeStamp : 2026-02-22 22:45:46===> API : /api/booking/displayPackages ===> Message : displayPackages() :: DB :: Invoked !
info: ===> TimeStamp : 2026-02-22 22:45:46===> API : /api/booking/displayPackages ===> Message : displayPackagesResponse() invoked!
info: ===> TimeStamp : 2026-02-22 22:45:46===> API : /api/booking/displayPackages ===> Message : displayPackagesResponse() completed
info: ===> TimeStamp : 2026-02-22 22:46:03===> API : null ===> Message : validateRequest() invoked
info: ===> TimeStamp : 2026-02-22 22:46:03===> API : null ===> Message : fetchDBSettings()
info: ===> TimeStamp : 2026-02-22 22:46:03===> API : null ===> Message : validateRequest() Invoked!
info: ===> TimeStamp : 2026-02-22 22:46:03===> API : null ===> Message : validRequest() :: Api validated Successfully
info: ===> TimeStamp : 2026-02-22 22:46:03===> API : /api/booking/displayPackages ===> Message : displayPackages() :: DB :: Invoked !
info: ===> TimeStamp : 2026-02-22 22:46:03===> API : /api/booking/displayPackages ===> Message : displayPackages() invoked!!
info: ===> TimeStamp : 2026-02-22 22:46:03===> API : /api/booking/displayPackages ===> Message : displayPackagesResponse() invoked!
info: ===> TimeStamp : 2026-02-22 22:46:03===> API : /api/booking/displayPackages ===> Message : displayPackagesResponse() completed
info: ===> TimeStamp : 2026-02-22 22:58:28===> API : null ===> Message : fetchDBSettings()
info: ===> TimeStamp : 2026-02-22 22:58:28===> API : null ===> Message : validateRequest() invoked
info: ===> TimeStamp : 2026-02-22 22:58:28===> API : null ===> Message : validateRequest() Invoked!
info: ===> TimeStamp : 2026-02-22 22:58:28===> API : null ===> Message : validRequest() :: Api validated Successfully
info: ===> TimeStamp : 2026-02-22 22:58:28===> API : /api/booking/getUserByPhone?phone=76 ===> Message : getUserByPhone() invoked!!
info: ===> TimeStamp : 2026-02-22 22:58:28===> API : /api/booking/getUserByPhone?phone=76 ===> Message : getUserByPhone() :: Request Object :: [object Object]
info: ===> TimeStamp : 2026-02-22 22:58:28===> API : /api/booking/getUserByPhone?phone=76 ===> Message : getUserByPhone() :: DB :: Invoked !
info: ===> TimeStamp : 2026-02-22 22:58:29===> API : /api/booking/getUserByPhone?phone=76 ===> Message : getUserByPhoneResponse() invoked!
info: ===> TimeStamp : 2026-02-22 22:58:29===> API : /api/booking/getUserByPhone?phone=76 ===> Message : getUserByPhoneResponse() completed
info: ===> TimeStamp : 2026-02-22 22:58:30===> API : null ===> Message : validateRequest() invoked
info: ===> TimeStamp : 2026-02-22 22:58:30===> API : null ===> Message : fetchDBSettings()
info: ===> TimeStamp : 2026-02-22 22:58:30===> API : null ===> Message : validateRequest() Invoked!
info: ===> TimeStamp : 2026-02-22 22:58:30===> API : null ===> Message : validRequest() :: Api validated Successfully
info: ===> TimeStamp : 2026-02-22 22:58:30===> API : /api/booking/getUserByPhone?phone=76249 ===> Message : getUserByPhone() invoked!!
info: ===> TimeStamp : 2026-02-22 22:58:30===> API : /api/booking/getUserByPhone?phone=76249 ===> Message : getUserByPhone() :: Request Object :: [object Object]
info: ===> TimeStamp : 2026-02-22 22:58:30===> API : /api/booking/getUserByPhone?phone=76249 ===> Message : getUserByPhone() :: DB :: Invoked !
info: ===> TimeStamp : 2026-02-22 22:58:30===> API : /api/booking/getUserByPhone?phone=76249 ===> Message : getUserByPhoneResponse() invoked!
info: ===> TimeStamp : 2026-02-22 22:58:30===> API : /api/booking/getUserByPhone?phone=76249 ===> Message : getUserByPhoneResponse() completed
info: ===> TimeStamp : 2026-02-22 22:58:31===> API : null ===> Message : validateRequest() invoked
info: ===> TimeStamp : 2026-02-22 22:58:31===> API : null ===> Message : fetchDBSettings()
info: ===> TimeStamp : 2026-02-22 22:58:31===> API : null ===> Message : validateRequest() Invoked!
info: ===> TimeStamp : 2026-02-22 22:58:31===> API : null ===> Message : validRequest() :: Api validated Successfully
info: ===> TimeStamp : 2026-02-22 22:58:31===> API : /api/booking/getUserByPhone?phone=7624941 ===> Message : getUserByPhone() :: Request Object :: [object Object]
info: ===> TimeStamp : 2026-02-22 22:58:31===> API : /api/booking/getUserByPhone?phone=7624941 ===> Message : getUserByPhone() invoked!!
info: ===> TimeStamp : 2026-02-22 22:58:31===> API : /api/booking/getUserByPhone?phone=7624941 ===> Message : getUserByPhone() :: DB :: Invoked !
info: ===> TimeStamp : 2026-02-22 22:58:32===> API : /api/booking/getUserByPhone?phone=7624941 ===> Message : getUserByPhoneResponse() invoked!
info: ===> TimeStamp : 2026-02-22 22:58:32===> API : /api/booking/getUserByPhone?phone=7624941 ===> Message : getUserByPhoneResponse() completed
info: ===> TimeStamp : 2026-02-22 22:58:33===> API : null ===> Message : validateRequest() invoked
info: ===> TimeStamp : 2026-02-22 22:58:33===> API : null ===> Message : fetchDBSettings()
info: ===> TimeStamp : 2026-02-22 22:58:33===> API : null ===> Message : validateRequest() Invoked!
info: ===> TimeStamp : 2026-02-22 22:58:33===> API : null ===> Message : validRequest() :: Api validated Successfully
info: ===> TimeStamp : 2026-02-22 22:58:33===> API : /api/booking/getUserByPhone?phone=7624941572 ===> Message : getUserByPhone() :: Request Object :: [object Object]
info: ===> TimeStamp : 2026-02-22 22:58:33===> API : /api/booking/getUserByPhone?phone=7624941572 ===> Message : getUserByPhone() invoked!!
info: ===> TimeStamp : 2026-02-22 22:58:33===> API : /api/booking/getUserByPhone?phone=7624941572 ===> Message : getUserByPhone() :: DB :: Invoked !
info: ===> TimeStamp : 2026-02-22 22:58:33===> API : /api/booking/getUserByPhone?phone=7624941572 ===> Message : getUserByPhoneResponse() invoked!
info: ===> TimeStamp : 2026-02-22 22:58:33===> API : /api/booking/getUserByPhone?phone=7624941572 ===> Message : getUserByPhoneResponse() completed
info: ===> TimeStamp : 2026-02-22 22:58:36===> API : null ===> Message : validateRequest() invoked
info: ===> TimeStamp : 2026-02-22 22:58:36===> API : null ===> Message : fetchDBSettings()
info: ===> TimeStamp : 2026-02-22 22:58:36===> API : null ===> Message : validateRequest() Invoked!
info: ===> TimeStamp : 2026-02-22 22:58:36===> API : null ===> Message : validRequest() :: Api validated Successfully
info: ===> TimeStamp : 2026-02-22 22:58:36===> API : /api/booking/newBooking ===> Message : newBooking() invoked!!
info: ===> TimeStamp : 2026-02-22 22:58:36===> API : /api/booking/newBooking ===> Message : newBooking() :: Request Object :: [object Object]
info: ===> TimeStamp : 2026-02-22 22:58:36===> API : /api/booking/newBooking ===> Message : getUserById() :: DB :: Invoked !
info: ===> TimeStamp : 2026-02-22 22:58:36===> API : /api/booking/newBooking ===> Message : newBooking() :: DB :: Invoked !
info: ===> TimeStamp : 2026-02-22 22:58:37===> API : /api/booking/newBooking ===> Message : newBookingResponse() invoked!
info: ===> TimeStamp : 2026-02-22 22:58:37===> API : /api/booking/newBooking ===> Message : newBookingResponse() completed
info: ===> TimeStamp : 2026-02-22 22:58:53===> API : null ===> Message : validateRequest() invoked
info: ===> TimeStamp : 2026-02-22 22:58:53===> API : null ===> Message : fetchDBSettings()
info: ===> TimeStamp : 2026-02-22 22:58:53===> API : null ===> Message : validateRequest() Invoked!
info: ===> TimeStamp : 2026-02-22 22:58:53===> API : null ===> Message : validRequest() :: Api validated Successfully
info: ===> TimeStamp : 2026-02-22 22:58:53===> API : /api/booking/displayPackages ===> Message : displayPackages() invoked!!
info: ===> TimeStamp : 2026-02-22 22:58:53===> API : /api/booking/displayPackages ===> Message : displayPackages() :: DB :: Invoked !
info: ===> TimeStamp : 2026-02-22 22:58:53===> API : /api/booking/displayPackages ===> Message : displayPackagesResponse() invoked!
info: ===> TimeStamp : 2026-02-22 22:58:53===> API : /api/booking/displayPackages ===> Message : displayPackagesResponse() completed
info: ===> TimeStamp : 2026-02-22 22:59:23===> API : null ===> Message : validateRequest() invoked
info: ===> TimeStamp : 2026-02-22 22:59:23===> API : null ===> Message : fetchDBSettings()
info: ===> TimeStamp : 2026-02-22 22:59:23===> API : null ===> Message : validateRequest() Invoked!
info: ===> TimeStamp : 2026-02-22 22:59:23===> API : null ===> Message : validRequest() :: Api validated Successfully
info: ===> TimeStamp : 2026-02-22 22:59:23===> API : /api/booking/getUserByPhone?phone=866 ===> Message : getUserByPhone() invoked!!
info: ===> TimeStamp : 2026-02-22 22:59:23===> API : /api/booking/getUserByPhone?phone=866 ===> Message : getUserByPhone() :: Request Object :: [object Object]
info: ===> TimeStamp : 2026-02-22 22:59:23===> API : /api/booking/getUserByPhone?phone=866 ===> Message : getUserByPhone() :: DB :: Invoked !
info: ===> TimeStamp : 2026-02-22 22:59:24===> API : /api/booking/getUserByPhone?phone=866 ===> Message : getUserByPhoneResponse() invoked!
info: ===> TimeStamp : 2026-02-22 22:59:24===> API : /api/booking/getUserByPhone?phone=866 ===> Message : getUserByPhoneResponse() completed
info: ===> TimeStamp : 2026-02-22 22:59:24===> API : null ===> Message : validateRequest() invoked
info: ===> TimeStamp : 2026-02-22 22:59:24===> API : null ===> Message : fetchDBSettings()
info: ===> TimeStamp : 2026-02-22 22:59:24===> API : null ===> Message : validateRequest() Invoked!
info: ===> TimeStamp : 2026-02-22 22:59:24===> API : null ===> Message : validRequest() :: Api validated Successfully
info: ===> TimeStamp : 2026-02-22 22:59:24===> API : /api/booking/getUserByPhone?phone=86686 ===> Message : getUserByPhone() invoked!!
info: ===> TimeStamp : 2026-02-22 22:59:24===> API : /api/booking/getUserByPhone?phone=86686 ===> Message : getUserByPhone() :: Request Object :: [object Object]
info: ===> TimeStamp : 2026-02-22 22:59:24===> API : /api/booking/getUserByPhone?phone=86686 ===> Message : getUserByPhone() :: DB :: Invoked !
info: ===> TimeStamp : 2026-02-22 22:59:25===> API : /api/booking/getUserByPhone?phone=86686 ===> Message : getUserByPhoneResponse() completed
info: ===> TimeStamp : 2026-02-22 22:59:25===> API : /api/booking/getUserByPhone?phone=86686 ===> Message : getUserByPhoneResponse() invoked!
info: ===> TimeStamp : 2026-02-22 22:59:26===> API : null ===> Message : validateRequest() invoked
info: ===> TimeStamp : 2026-02-22 22:59:26===> API : null ===> Message : fetchDBSettings()
info: ===> TimeStamp : 2026-02-22 22:59:26===> API : null ===> Message : validateRequest() Invoked!
info: ===> TimeStamp : 2026-02-22 22:59:26===> API : null ===> Message : validRequest() :: Api validated Successfully
info: ===> TimeStamp : 2026-02-22 22:59:26===> API : /api/booking/getUserByPhone?phone=86686322 ===> Message : getUserByPhone() invoked!!
info: ===> TimeStamp : 2026-02-22 22:59:26===> API : /api/booking/getUserByPhone?phone=86686322 ===> Message : getUserByPhone() :: Request Object :: [object Object]
info: ===> TimeStamp : 2026-02-22 22:59:26===> API : /api/booking/getUserByPhone?phone=86686322 ===> Message : getUserByPhone() :: DB :: Invoked !
info: ===> TimeStamp : 2026-02-22 22:59:27===> API : /api/booking/getUserByPhone?phone=86686322 ===> Message : getUserByPhoneResponse() invoked!
info: ===> TimeStamp : 2026-02-22 22:59:27===> API : /api/booking/getUserByPhone?phone=86686322 ===> Message : getUserByPhoneResponse() completed
info: ===> TimeStamp : 2026-02-22 22:59:27===> API : null ===> Message : fetchDBSettings()
info: ===> TimeStamp : 2026-02-22 22:59:27===> API : null ===> Message : validateRequest() invoked
info: ===> TimeStamp : 2026-02-22 22:59:27===> API : null ===> Message : validateRequest() Invoked!
info: ===> TimeStamp : 2026-02-22 22:59:27===> API : null ===> Message : validRequest() :: Api validated Successfully
info: ===> TimeStamp : 2026-02-22 22:59:27===> API : /api/booking/getUserByPhone?phone=8668632214 ===> Message : getUserByPhone() :: Request Object :: [object Object]
info: ===> TimeStamp : 2026-02-22 22:59:27===> API : /api/booking/getUserByPhone?phone=8668632214 ===> Message : getUserByPhone() invoked!!
info: ===> TimeStamp : 2026-02-22 22:59:27===> API : /api/booking/getUserByPhone?phone=8668632214 ===> Message : getUserByPhone() :: DB :: Invoked !
info: ===> TimeStamp : 2026-02-22 22:59:28===> API : /api/booking/getUserByPhone?phone=8668632214 ===> Message : getUserByPhoneResponse() invoked!
info: ===> TimeStamp : 2026-02-22 22:59:28===> API : /api/booking/getUserByPhone?phone=8668632214 ===> Message : getUserByPhoneResponse() completed
info: ===> TimeStamp : 2026-02-22 23:02:26===> API : null ===> Message : validateRequest() invoked
info: ===> TimeStamp : 2026-02-22 23:02:26===> API : null ===> Message : fetchDBSettings()
info: ===> TimeStamp : 2026-02-22 23:02:26===> API : null ===> Message : validateRequest() Invoked!
info: ===> TimeStamp : 2026-02-22 23:02:26===> API : null ===> Message : validRequest() :: Api validated Successfully
info: ===> TimeStamp : 2026-02-22 23:02:26===> API : /api/booking/newBooking ===> Message : newBooking() invoked!!
info: ===> TimeStamp : 2026-02-22 23:02:26===> API : /api/booking/newBooking ===> Message : newBooking() :: Request Object :: [object Object]
info: ===> TimeStamp : 2026-02-22 23:02:26===> API : /api/booking/newBooking ===> Message : getUserById() :: DB :: Invoked !
info: ===> TimeStamp : 2026-02-22 23:02:26===> API : /api/booking/newBooking ===> Message : newBooking() :: DB :: Invoked !
info: ===> TimeStamp : 2026-02-22 23:02:26===> API : /api/booking/newBooking ===> Message : newBookingResponse() invoked!
info: ===> TimeStamp : 2026-02-22 23:02:26===> API : /api/booking/newBooking ===> Message : newBookingResponse() completed
info: ===> TimeStamp : 2026-02-22 23:05:56===> API : null ===> Message : validateRequest() invoked
info: ===> TimeStamp : 2026-02-22 23:05:56===> API : null ===> Message : fetchDBSettings()
info: ===> TimeStamp : 2026-02-22 23:05:56===> API : null ===> Message : validateRequest() Invoked!
info: ===> TimeStamp : 2026-02-22 23:05:56===> API : null ===> Message : validRequest() :: Api validated Successfully
info: ===> TimeStamp : 2026-02-22 23:05:56===> API : /api/booking/displayPackages ===> Message : displayPackages() invoked!!
info: ===> TimeStamp : 2026-02-22 23:05:56===> API : /api/booking/displayPackages ===> Message : displayPackages() :: DB :: Invoked !
info: ===> TimeStamp : 2026-02-22 23:05:56===> API : /api/booking/displayPackages ===> Message : displayPackagesResponse() invoked!
info: ===> TimeStamp : 2026-02-22 23:05:56===> API : /api/booking/displayPackages ===> Message : displayPackagesResponse() completed
info: ===> TimeStamp : 2026-02-22 23:06:38===> API : null ===> Message : validateRequest() invoked
info: ===> TimeStamp : 2026-02-22 23:06:38===> API : null ===> Message : fetchDBSettings()
info: ===> TimeStamp : 2026-02-22 23:06:38===> API : null ===> Message : validateRequest() Invoked!
info: ===> TimeStamp : 2026-02-22 23:06:38===> API : null ===> Message : validRequest() :: Api validated Successfully
info: ===> TimeStamp : 2026-02-22 23:06:38===> API : /api/booking/displayPackages ===> Message : displayPackages() invoked!!
info: ===> TimeStamp : 2026-02-22 23:06:38===> API : /api/booking/displayPackages ===> Message : displayPackages() :: DB :: Invoked !
info: ===> TimeStamp : 2026-02-22 23:06:38===> API : /api/booking/displayPackages ===> Message : displayPackagesResponse() invoked!
info: ===> TimeStamp : 2026-02-22 23:06:38===> API : /api/booking/displayPackages ===> Message : displayPackagesResponse() completed
info: ===> TimeStamp : 2026-02-22 23:06:47===> API : null ===> Message : validateRequest() invoked
info: ===> TimeStamp : 2026-02-22 23:06:47===> API : null ===> Message : fetchDBSettings()
info: ===> TimeStamp : 2026-02-22 23:06:47===> API : null ===> Message : validateRequest() Invoked!
info: ===> TimeStamp : 2026-02-22 23:06:47===> API : null ===> Message : validRequest() :: Api validated Successfully
info: ===> TimeStamp : 2026-02-22 23:06:47===> API : /api/booking/displayPackages ===> Message : displayPackages() invoked!!
info: ===> TimeStamp : 2026-02-22 23:06:47===> API : /api/booking/displayPackages ===> Message : displayPackages() :: DB :: Invoked !
info: ===> TimeStamp : 2026-02-22 23:06:47===> API : /api/booking/displayPackages ===> Message : displayPackagesResponse() invoked!
info: ===> TimeStamp : 2026-02-22 23:06:47===> API : /api/booking/displayPackages ===> Message : displayPackagesResponse() completed
info: ===> TimeStamp : 2026-02-22 23:09:23===> API : null ===> Message : validateRequest() invoked
info: ===> TimeStamp : 2026-02-22 23:09:23===> API : null ===> Message : fetchDBSettings()
info: ===> TimeStamp : 2026-02-22 23:09:23===> API : null ===> Message : validateRequest() Invoked!
info: ===> TimeStamp : 2026-02-22 23:09:23===> API : null ===> Message : validRequest() :: Api validated Successfully
info: ===> TimeStamp : 2026-02-22 23:09:23===> API : /api/booking/displayPackages ===> Message : displayPackages() invoked!!
info: ===> TimeStamp : 2026-02-22 23:09:23===> API : /api/booking/displayPackages ===> Message : displayPackages() :: DB :: Invoked !
info: ===> TimeStamp : 2026-02-22 23:09:23===> API : /api/booking/displayPackages ===> Message : displayPackagesResponse() invoked!
info: ===> TimeStamp : 2026-02-22 23:09:23===> API : /api/booking/displayPackages ===> Message : displayPackagesResponse() completed
info: ===> TimeStamp : 2026-02-22 23:20:02===> API : null ===> Message : validateRequest() invoked
info: ===> TimeStamp : 2026-02-22 23:20:02===> API : null ===> Message : fetchDBSettings()
info: ===> TimeStamp : 2026-02-22 23:20:02===> API : null ===> Message : validateRequest() Invoked!
info: ===> TimeStamp : 2026-02-22 23:20:02===> API : null ===> Message : validRequest() :: Api validated Successfully
info: ===> TimeStamp : 2026-02-22 23:20:02===> API : /api/booking/displayPackages ===> Message : displayPackages() invoked!!
info: ===> TimeStamp : 2026-02-22 23:20:02===> API : /api/booking/displayPackages ===> Message : displayPackages() :: DB :: Invoked !
info: ===> TimeStamp : 2026-02-22 23:20:02===> API : /api/booking/displayPackages ===> Message : displayPackagesResponse() invoked!
info: ===> TimeStamp : 2026-02-22 23:20:02===> API : /api/booking/displayPackages ===> Message : displayPackagesResponse() completed
info: ===> TimeStamp : 2026-02-22 23:23:00===> API : null ===> Message : validateRequest() invoked
info: ===> TimeStamp : 2026-02-22 23:23:00===> API : null ===> Message : fetchDBSettings()
info: ===> TimeStamp : 2026-02-22 23:23:00===> API : null ===> Message : validateRequest() Invoked!
info: ===> TimeStamp : 2026-02-22 23:23:00===> API : null ===> Message : validRequest() :: Api validated Successfully
info: ===> TimeStamp : 2026-02-22 23:23:00===> API : /api/booking/displayPackages ===> Message : displayPackages() invoked!!
info: ===> TimeStamp : 2026-02-22 23:23:00===> API : /api/booking/displayPackages ===> Message : displayPackages() :: DB :: Invoked !
info: ===> TimeStamp : 2026-02-22 23:23:00===> API : /api/booking/displayPackages ===> Message : displayPackagesResponse() invoked!
info: ===> TimeStamp : 2026-02-22 23:23:00===> API : /api/booking/displayPackages ===> Message : displayPackagesResponse() completed
info: ===> TimeStamp : 2026-02-22 23:23:09===> API : null ===> Message : validateRequest() invoked
info: ===> TimeStamp : 2026-02-22 23:23:09===> API : null ===> Message : fetchDBSettings()
info: ===> TimeStamp : 2026-02-22 23:23:09===> API : null ===> Message : validateRequest() Invoked!
info: ===> TimeStamp : 2026-02-22 23:23:09===> API : null ===> Message : validRequest() :: Api validated Successfully
info: ===> TimeStamp : 2026-02-22 23:23:09===> API : /api/booking/getBookingDetails?bookingId=null ===> Message : getBookingDetails() invoked!!
info: ===> TimeStamp : 2026-02-22 23:23:09===> API : /api/booking/getBookingDetails?bookingId=null ===> Message : getBookingDetails() :: Request Object :: [object Object]
info: ===> TimeStamp : 2026-02-22 23:23:09===> API : /api/booking/getBookingDetails?bookingId=null ===> Message : getBookingDetails() Error:: Invalid Request :: {"value":{"bookingId":"null"},"error":{"_original":{"bookingId":"null"},"details":[{"message":"\"bookingId\" must be a number","path":["bookingId"],"type":"number.base","context":{"label":"bookingId","value":"null","key":"bookingId"}}]}}
info: ===> TimeStamp : 2026-02-22 23:23:09===> API : /api/booking/getBookingDetails?bookingId=null ===> Message : getBookingDetailsResponse() invoked!
info: ===> TimeStamp : 2026-02-22 23:23:09===> API : /api/booking/getBookingDetails?bookingId=null ===> Message : getBookingDetailsResponse() completed
info: ===> TimeStamp : 2026-02-22 23:23:58===> API : null ===> Message : validateRequest() invoked
info: ===> TimeStamp : 2026-02-22 23:23:58===> API : null ===> Message : fetchDBSettings()
info: ===> TimeStamp : 2026-02-22 23:23:58===> API : null ===> Message : validateRequest() Invoked!
info: ===> TimeStamp : 2026-02-22 23:23:58===> API : null ===> Message : validRequest() :: Api validated Successfully
info: ===> TimeStamp : 2026-02-22 23:23:58===> API : /api/booking/displayPackages ===> Message : displayPackages() :: DB :: Invoked !
info: ===> TimeStamp : 2026-02-22 23:23:58===> API : /api/booking/displayPackages ===> Message : displayPackages() invoked!!
info: ===> TimeStamp : 2026-02-22 23:23:58===> API : /api/booking/displayPackages ===> Message : displayPackagesResponse() invoked!
info: ===> TimeStamp : 2026-02-22 23:23:58===> API : /api/booking/displayPackages ===> Message : displayPackagesResponse() completed
info: ===> TimeStamp : 2026-02-22 23:32:32===> API : null ===> Message : validateRequest() invoked
info: ===> TimeStamp : 2026-02-22 23:32:32===> API : null ===> Message : fetchDBSettings()
info: ===> TimeStamp : 2026-02-22 23:32:32===> API : null ===> Message : validateRequest() Invoked!
info: ===> TimeStamp : 2026-02-22 23:32:32===> API : null ===> Message : validRequest() :: Api validated Successfully
info: ===> TimeStamp : 2026-02-22 23:32:32===> API : /api/booking/getUserByPhone?phone=855 ===> Message : getUserByPhone() :: Request Object :: [object Object]
info: ===> TimeStamp : 2026-02-22 23:32:32===> API : /api/booking/getUserByPhone?phone=855 ===> Message : getUserByPhone() invoked!!
info: ===> TimeStamp : 2026-02-22 23:32:32===> API : /api/booking/getUserByPhone?phone=855 ===> Message : getUserByPhone() :: DB :: Invoked !
info: ===> TimeStamp : 2026-02-22 23:32:34===> API : null ===> Message : validateRequest() invoked
info: ===> TimeStamp : 2026-02-22 23:32:34===> API : null ===> Message : fetchDBSettings()
info: ===> TimeStamp : 2026-02-22 23:32:34===> API : null ===> Message : validateRequest() Invoked!
info: ===> TimeStamp : 2026-02-22 23:32:34===> API : /api/booking/getUserByPhone?phone=855 ===> Message : getUserByPhoneResponse() invoked!
info: ===> TimeStamp : 2026-02-22 23:32:34===> API : /api/booking/getUserByPhone?phone=855 ===> Message : getUserByPhoneResponse() completed
info: ===> TimeStamp : 2026-02-22 23:32:34===> API : null ===> Message : validRequest() :: Api validated Successfully
info: ===> TimeStamp : 2026-02-22 23:32:34===> API : /api/booking/getUserByPhone?phone=85530 ===> Message : getUserByPhone() :: Request Object :: [object Object]
info: ===> TimeStamp : 2026-02-22 23:32:34===> API : /api/booking/getUserByPhone?phone=85530 ===> Message : getUserByPhone() invoked!!
info: ===> TimeStamp : 2026-02-22 23:32:34===> API : /api/booking/getUserByPhone?phone=85530 ===> Message : getUserByPhone() :: DB :: Invoked !
info: ===> TimeStamp : 2026-02-22 23:32:35===> API : /api/booking/getUserByPhone?phone=85530 ===> Message : getUserByPhoneResponse() invoked!
info: ===> TimeStamp : 2026-02-22 23:32:35===> API : /api/booking/getUserByPhone?phone=85530 ===> Message : getUserByPhoneResponse() completed
info: ===> TimeStamp : 2026-02-22 23:32:36===> API : null ===> Message : validateRequest() invoked
info: ===> TimeStamp : 2026-02-22 23:32:36===> API : null ===> Message : fetchDBSettings()
info: ===> TimeStamp : 2026-02-22 23:32:36===> API : null ===> Message : validateRequest() Invoked!
info: ===> TimeStamp : 2026-02-22 23:32:36===> API : null ===> Message : validRequest() :: Api validated Successfully
info: ===> TimeStamp : 2026-02-22 23:32:36===> API : /api/booking/getUserByPhone?phone=85530980 ===> Message : getUserByPhone() invoked!!
info: ===> TimeStamp : 2026-02-22 23:32:36===> API : /api/booking/getUserByPhone?phone=85530980 ===> Message : getUserByPhone() :: Request Object :: [object Object]
info: ===> TimeStamp : 2026-02-22 23:32:36===> API : /api/booking/getUserByPhone?phone=85530980 ===> Message : getUserByPhone() :: DB :: Invoked !
info: ===> TimeStamp : 2026-02-22 23:32:37===> API : /api/booking/getUserByPhone?phone=85530980 ===> Message : getUserByPhoneResponse() invoked!
info: ===> TimeStamp : 2026-02-22 23:32:37===> API : /api/booking/getUserByPhone?phone=85530980 ===> Message : getUserByPhoneResponse() completed
info: ===> TimeStamp : 2026-02-22 23:32:37===> API : null ===> Message : validateRequest() invoked
info: ===> TimeStamp : 2026-02-22 23:32:37===> API : null ===> Message : fetchDBSettings()
info: ===> TimeStamp : 2026-02-22 23:32:37===> API : null ===> Message : validateRequest() Invoked!
info: ===> TimeStamp : 2026-02-22 23:32:37===> API : null ===> Message : validRequest() :: Api validated Successfully
info: ===> TimeStamp : 2026-02-22 23:32:37===> API : /api/booking/getUserByPhone?phone=8553098064 ===> Message : getUserByPhone() invoked!!
info: ===> TimeStamp : 2026-02-22 23:32:37===> API : /api/booking/getUserByPhone?phone=8553098064 ===> Message : getUserByPhone() :: Request Object :: [object Object]
info: ===> TimeStamp : 2026-02-22 23:32:37===> API : /api/booking/getUserByPhone?phone=8553098064 ===> Message : getUserByPhone() :: DB :: Invoked !
info: ===> TimeStamp : 2026-02-22 23:32:38===> API : /api/booking/getUserByPhone?phone=8553098064 ===> Message : getUserByPhoneResponse() invoked!
info: ===> TimeStamp : 2026-02-22 23:32:38===> API : /api/booking/getUserByPhone?phone=8553098064 ===> Message : getUserByPhoneResponse() completed
info: ===> TimeStamp : 2026-02-22 23:32:42===> API : null ===> Message : validateRequest() invoked
info: ===> TimeStamp : 2026-02-22 23:32:42===> API : null ===> Message : fetchDBSettings()
info: ===> TimeStamp : 2026-02-22 23:32:42===> API : null ===> Message : validateRequest() Invoked!
info: ===> TimeStamp : 2026-02-22 23:32:42===> API : null ===> Message : validRequest() :: Api validated Successfully
info: ===> TimeStamp : 2026-02-22 23:32:42===> API : /api/booking/getUserByPhone?phone=8553098065 ===> Message : getUserByPhone() invoked!!
info: ===> TimeStamp : 2026-02-22 23:32:42===> API : /api/booking/getUserByPhone?phone=8553098065 ===> Message : getUserByPhone() :: Request Object :: [object Object]
info: ===> TimeStamp : 2026-02-22 23:32:42===> API : /api/booking/getUserByPhone?phone=8553098065 ===> Message : getUserByPhone() :: DB :: Invoked !
info: ===> TimeStamp : 2026-02-22 23:32:43===> API : /api/booking/getUserByPhone?phone=8553098065 ===> Message : getUserByPhoneResponse() invoked!
info: ===> TimeStamp : 2026-02-22 23:32:43===> API : /api/booking/getUserByPhone?phone=8553098065 ===> Message : getUserByPhoneResponse() completed
info: ===> TimeStamp : 2026-02-22 23:33:15===> API : null ===> Message : validateRequest() invoked
info: ===> TimeStamp : 2026-02-22 23:33:15===> API : null ===> Message : fetchDBSettings()
info: ===> TimeStamp : 2026-02-22 23:33:15===> API : null ===> Message : validateRequest() Invoked!
info: ===> TimeStamp : 2026-02-22 23:33:15===> API : null ===> Message : validRequest() :: Api validated Successfully
info: ===> TimeStamp : 2026-02-22 23:33:15===> API : /api/booking/newBooking ===> Message : newBooking() invoked!!
info: ===> TimeStamp : 2026-02-22 23:33:15===> API : /api/booking/newBooking ===> Message : newBooking() :: Request Object :: [object Object]
info: ===> TimeStamp : 2026-02-22 23:33:15===> API : /api/booking/newBooking ===> Message : getUserById() :: DB :: Invoked !
info: ===> TimeStamp : 2026-02-22 23:33:15===> API : /api/booking/newBooking ===> Message : newBooking() :: DB :: Invoked !
info: ===> TimeStamp : 2026-02-22 23:33:17===> API : /api/booking/newBooking ===> Message : newBookingResponse() invoked!
info: ===> TimeStamp : 2026-02-22 23:33:17===> API : /api/booking/newBooking ===> Message : newBookingResponse() completed
info: ===> TimeStamp : 2026-02-22 23:33:33===> API : null ===> Message : validateRequest() invoked
info: ===> TimeStamp : 2026-02-22 23:33:33===> API : null ===> Message : fetchDBSettings()
info: ===> TimeStamp : 2026-02-22 23:33:33===> API : null ===> Message : validateRequest() Invoked!
info: ===> TimeStamp : 2026-02-22 23:33:34===> API : null ===> Message : validRequest() :: Api validated Successfully
info: ===> TimeStamp : 2026-02-22 23:33:34===> API : /api/booking/displayPackages ===> Message : displayPackages() invoked!!
info: ===> TimeStamp : 2026-02-22 23:33:34===> API : /api/booking/displayPackages ===> Message : displayPackages() :: DB :: Invoked !
info: ===> TimeStamp : 2026-02-22 23:33:34===> API : /api/booking/displayPackages ===> Message : displayPackagesResponse() invoked!
info: ===> TimeStamp : 2026-02-22 23:33:34===> API : /api/booking/displayPackages ===> Message : displayPackagesResponse() completed
info: ===> TimeStamp : 2026-02-22 23:36:50===> API : null ===> Message : validateRequest() invoked
info: ===> TimeStamp : 2026-02-22 23:36:50===> API : null ===> Message : fetchDBSettings()
info: ===> TimeStamp : 2026-02-22 23:36:50===> API : null ===> Message : validateRequest() Invoked!
info: ===> TimeStamp : 2026-02-22 23:36:50===> API : null ===> Message : validRequest() :: Api validated Successfully
info: ===> TimeStamp : 2026-02-22 23:36:50===> API : /api/booking/displayPackages ===> Message : displayPackages() invoked!!
info: ===> TimeStamp : 2026-02-22 23:36:50===> API : /api/booking/displayPackages ===> Message : displayPackages() :: DB :: Invoked !
info: ===> TimeStamp : 2026-02-22 23:36:50===> API : /api/booking/displayPackages ===> Message : displayPackagesResponse() invoked!
info: ===> TimeStamp : 2026-02-22 23:36:50===> API : /api/booking/displayPackages ===> Message : displayPackagesResponse() completed
info: ===> TimeStamp : 2026-02-22 23:38:38===> API : null ===> Message : validateRequest() invoked
info: ===> TimeStamp : 2026-02-22 23:38:38===> API : null ===> Message : fetchDBSettings()
info: ===> TimeStamp : 2026-02-22 23:38:38===> API : null ===> Message : validateRequest() Invoked!
info: ===> TimeStamp : 2026-02-22 23:38:38===> API : null ===> Message : validRequest() :: Api validated Successfully
info: ===> TimeStamp : 2026-02-22 23:38:38===> API : /api/booking/getBookingDetails?bookingId=null ===> Message : getBookingDetails() invoked!!
info: ===> TimeStamp : 2026-02-22 23:38:38===> API : /api/booking/getBookingDetails?bookingId=null ===> Message : getBookingDetails() :: Request Object :: [object Object]
info: ===> TimeStamp : 2026-02-22 23:38:38===> API : /api/booking/getBookingDetails?bookingId=null ===> Message : getBookingDetails() Error:: Invalid Request :: {"value":{"bookingId":"null"},"error":{"_original":{"bookingId":"null"},"details":[{"message":"\"bookingId\" must be a number","path":["bookingId"],"type":"number.base","context":{"label":"bookingId","value":"null","key":"bookingId"}}]}}
info: ===> TimeStamp : 2026-02-22 23:38:38===> API : /api/booking/getBookingDetails?bookingId=null ===> Message : getBookingDetailsResponse() invoked!
info: ===> TimeStamp : 2026-02-22 23:38:38===> API : /api/booking/getBookingDetails?bookingId=null ===> Message : getBookingDetailsResponse() completed
info: ===> TimeStamp : 2026-02-22 23:40:37===> API : null ===> Message : validateRequest() invoked
info: ===> TimeStamp : 2026-02-22 23:40:37===> API : null ===> Message : fetchDBSettings()
info: ===> TimeStamp : 2026-02-22 23:40:37===> API : null ===> Message : validateRequest() Invoked!
info: ===> TimeStamp : 2026-02-22 23:40:37===> API : null ===> Message : validRequest() :: Api validated Successfully
info: ===> TimeStamp : 2026-02-22 23:40:37===> API : /api/booking/displayPackages ===> Message : displayPackages() :: DB :: Invoked !
info: ===> TimeStamp : 2026-02-22 23:40:37===> API : /api/booking/displayPackages ===> Message : displayPackages() invoked!!
info: ===> TimeStamp : 2026-02-22 23:40:37===> API : /api/booking/displayPackages ===> Message : displayPackagesResponse() invoked!
info: ===> TimeStamp : 2026-02-22 23:40:37===> API : /api/booking/displayPackages ===> Message : displayPackagesResponse() completed
info: ===> TimeStamp : 2026-02-22 23:41:00===> API : null ===> Message : validateRequest() invoked
info: ===> TimeStamp : 2026-02-22 23:41:00===> API : null ===> Message : fetchDBSettings()
info: ===> TimeStamp : 2026-02-22 23:41:00===> API : null ===> Message : validateRequest() Invoked!
info: ===> TimeStamp : 2026-02-22 23:41:00===> API : null ===> Message : validRequest() :: Api validated Successfully
info: ===> TimeStamp : 2026-02-22 23:41:00===> API : /api/booking/displayPackages ===> Message : displayPackages() invoked!!
info: ===> TimeStamp : 2026-02-22 23:41:00===> API : /api/booking/displayPackages ===> Message : displayPackages() :: DB :: Invoked !
info: ===> TimeStamp : 2026-02-22 23:41:00===> API : /api/booking/displayPackages ===> Message : displayPackagesResponse() invoked!
info: ===> TimeStamp : 2026-02-22 23:41:00===> API : /api/booking/displayPackages ===> Message : displayPackagesResponse() completed
info: ===> TimeStamp : 2026-02-22 23:48:23===> API : null ===> Message : validateRequest() invoked
info: ===> TimeStamp : 2026-02-22 23:48:23===> API : null ===> Message : fetchDBSettings()
info: ===> TimeStamp : 2026-02-22 23:48:23===> API : null ===> Message : validateRequest() Invoked!
info: ===> TimeStamp : 2026-02-22 23:48:23===> API : null ===> Message : validRequest() :: Api validated Successfully
info: ===> TimeStamp : 2026-02-22 23:48:23===> API : /api/booking/getUserByPhone?phone=866 ===> Message : getUserByPhone() invoked!!
info: ===> TimeStamp : 2026-02-22 23:48:23===> API : /api/booking/getUserByPhone?phone=866 ===> Message : getUserByPhone() :: Request Object :: [object Object]
info: ===> TimeStamp : 2026-02-22 23:48:23===> API : /api/booking/getUserByPhone?phone=866 ===> Message : getUserByPhone() :: DB :: Invoked !
info: ===> TimeStamp : 2026-02-22 23:48:24===> API : /api/booking/getUserByPhone?phone=866 ===> Message : getUserByPhoneResponse() invoked!
info: ===> TimeStamp : 2026-02-22 23:48:24===> API : /api/booking/getUserByPhone?phone=866 ===> Message : getUserByPhoneResponse() completed
info: ===> TimeStamp : 2026-02-22 23:48:25===> API : null ===> Message : validateRequest() invoked
info: ===> TimeStamp : 2026-02-22 23:48:25===> API : null ===> Message : fetchDBSettings()
info: ===> TimeStamp : 2026-02-22 23:48:25===> API : null ===> Message : validateRequest() Invoked!
info: ===> TimeStamp : 2026-02-22 23:48:25===> API : null ===> Message : validRequest() :: Api validated Successfully
info: ===> TimeStamp : 2026-02-22 23:48:25===> API : /api/booking/getUserByPhone?phone=86604 ===> Message : getUserByPhone() invoked!!
info: ===> TimeStamp : 2026-02-22 23:48:25===> API : /api/booking/getUserByPhone?phone=86604 ===> Message : getUserByPhone() :: Request Object :: [object Object]
info: ===> TimeStamp : 2026-02-22 23:48:25===> API : /api/booking/getUserByPhone?phone=86604 ===> Message : getUserByPhone() :: DB :: Invoked !
info: ===> TimeStamp : 2026-02-22 23:48:25===> API : /api/booking/getUserByPhone?phone=86604 ===> Message : getUserByPhoneResponse() invoked!
info: ===> TimeStamp : 2026-02-22 23:48:25===> API : /api/booking/getUserByPhone?phone=86604 ===> Message : getUserByPhoneResponse() completed
info: ===> TimeStamp : 2026-02-22 23:48:27===> API : null ===> Message : validateRequest() invoked
info: ===> TimeStamp : 2026-02-22 23:48:27===> API : null ===> Message : fetchDBSettings()
info: ===> TimeStamp : 2026-02-22 23:48:27===> API : null ===> Message : validateRequest() Invoked!
info: ===> TimeStamp : 2026-02-22 23:48:27===> API : null ===> Message : validRequest() :: Api validated Successfully
info: ===> TimeStamp : 2026-02-22 23:48:27===> API : /api/booking/getUserByPhone?phone=8660409 ===> Message : getUserByPhone() invoked!!
info: ===> TimeStamp : 2026-02-22 23:48:27===> API : /api/booking/getUserByPhone?phone=8660409 ===> Message : getUserByPhone() :: Request Object :: [object Object]
info: ===> TimeStamp : 2026-02-22 23:48:27===> API : /api/booking/getUserByPhone?phone=8660409 ===> Message : getUserByPhone() :: DB :: Invoked !
info: ===> TimeStamp : 2026-02-22 23:48:27===> API : /api/booking/getUserByPhone?phone=8660409 ===> Message : getUserByPhoneResponse() invoked!
info: ===> TimeStamp : 2026-02-22 23:48:27===> API : /api/booking/getUserByPhone?phone=8660409 ===> Message : getUserByPhoneResponse() completed
info: ===> TimeStamp : 2026-02-22 23:48:28===> API : null ===> Message : validateRequest() invoked
info: ===> TimeStamp : 2026-02-22 23:48:28===> API : null ===> Message : fetchDBSettings()
info: ===> TimeStamp : 2026-02-22 23:48:28===> API : null ===> Message : validateRequest() Invoked!
info: ===> TimeStamp : 2026-02-22 23:48:28===> API : null ===> Message : validRequest() :: Api validated Successfully
info: ===> TimeStamp : 2026-02-22 23:48:28===> API : /api/booking/getUserByPhone?phone=866040914 ===> Message : getUserByPhone() invoked!!
info: ===> TimeStamp : 2026-02-22 23:48:28===> API : /api/booking/getUserByPhone?phone=866040914 ===> Message : getUserByPhone() :: Request Object :: [object Object]
info: ===> TimeStamp : 2026-02-22 23:48:28===> API : /api/booking/getUserByPhone?phone=866040914 ===> Message : getUserByPhone() :: DB :: Invoked !
info: ===> TimeStamp : 2026-02-22 23:48:29===> API : /api/booking/getUserByPhone?phone=866040914 ===> Message : getUserByPhoneResponse() invoked!
info: ===> TimeStamp : 2026-02-22 23:48:29===> API : /api/booking/getUserByPhone?phone=866040914 ===> Message : getUserByPhoneResponse() completed
info: ===> TimeStamp : 2026-02-22 23:48:30===> API : null ===> Message : validateRequest() invoked
info: ===> TimeStamp : 2026-02-22 23:48:30===> API : null ===> Message : fetchDBSettings()
info: ===> TimeStamp : 2026-02-22 23:48:30===> API : null ===> Message : validateRequest() Invoked!
info: ===> TimeStamp : 2026-02-22 23:48:30===> API : /api/booking/getUserByPhone?phone=8660409147 ===> Message : getUserByPhone() invoked!!
info: ===> TimeStamp : 2026-02-22 23:48:30===> API : null ===> Message : validRequest() :: Api validated Successfully
info: ===> TimeStamp : 2026-02-22 23:48:30===> API : /api/booking/getUserByPhone?phone=8660409147 ===> Message : getUserByPhone() :: Request Object :: [object Object]
info: ===> TimeStamp : 2026-02-22 23:48:30===> API : /api/booking/getUserByPhone?phone=8660409147 ===> Message : getUserByPhone() :: DB :: Invoked !
info: ===> TimeStamp : 2026-02-22 23:48:31===> API : /api/booking/getUserByPhone?phone=8660409147 ===> Message : getUserByPhoneResponse() invoked!
info: ===> TimeStamp : 2026-02-22 23:48:31===> API : /api/booking/getUserByPhone?phone=8660409147 ===> Message : getUserByPhoneResponse() completed
info: ===> TimeStamp : 2026-02-22 23:51:53===> API : null ===> Message : validateRequest() invoked
info: ===> TimeStamp : 2026-02-22 23:51:53===> API : null ===> Message : fetchDBSettings()
info: ===> TimeStamp : 2026-02-22 23:51:53===> API : null ===> Message : validateRequest() invoked
info: ===> TimeStamp : 2026-02-22 23:51:53===> API : null ===> Message : fetchDBSettings()
info: ===> TimeStamp : 2026-02-22 23:51:53===> API : null ===> Message : validateRequest() Invoked!
info: ===> TimeStamp : 2026-02-22 23:51:53===> API : null ===> Message : validateRequest() Invoked!
info: ===> TimeStamp : 2026-02-22 23:51:53===> API : null ===> Message : validRequest() :: Api validated Successfully
info: ===> TimeStamp : 2026-02-22 23:51:53===> API : /api/booking/displayPackages ===> Message : displayPackages() :: DB :: Invoked !
info: ===> TimeStamp : 2026-02-22 23:51:53===> API : /api/booking/displayPackages ===> Message : displayPackages() invoked!!
info: ===> TimeStamp : 2026-02-22 23:51:53===> API : /api/booking/displayPackages ===> Message : displayPackagesResponse() invoked!
info: ===> TimeStamp : 2026-02-22 23:51:53===> API : /api/booking/displayPackages ===> Message : displayPackagesResponse() completed
info: ===> TimeStamp : 2026-02-22 23:51:54===> API : null ===> Message : validRequest() :: Api validated Successfully
info: ===> TimeStamp : 2026-02-22 23:51:54===> API : /api/booking/fetchBookings?futureDate=2026-02-22 ===> Message : fetchBookings() invoked!!
info: ===> TimeStamp : 2026-02-22 23:51:54===> API : /api/booking/fetchBookings?futureDate=2026-02-22 ===> Message : fetchBookings() :: Request Object :: [object Object]
info: ===> TimeStamp : 2026-02-22 23:51:54===> API : /api/booking/fetchBookings?futureDate=2026-02-22 ===> Message : fetchBookings() :: DB :: Invoked !
info: ===> TimeStamp : 2026-02-22 23:51:54===> API : null ===> Message : validateRequest() invoked
info: ===> TimeStamp : 2026-02-22 23:51:54===> API : null ===> Message : fetchDBSettings()
info: ===> TimeStamp : 2026-02-22 23:51:54===> API : null ===> Message : validateRequest() Invoked!
info: ===> TimeStamp : 2026-02-22 23:51:54===> API : null ===> Message : validRequest() :: Api validated Successfully
info: ===> TimeStamp : 2026-02-22 23:51:54===> API : /api/booking/displayPackages ===> Message : displayPackages() invoked!!
info: ===> TimeStamp : 2026-02-22 23:51:54===> API : /api/booking/displayPackages ===> Message : displayPackages() :: DB :: Invoked !
info: ===> TimeStamp : 2026-02-22 23:51:54===> API : /api/booking/displayPackages ===> Message : displayPackagesResponse() invoked!
info: ===> TimeStamp : 2026-02-22 23:51:54===> API : /api/booking/displayPackages ===> Message : displayPackagesResponse() completed
info: ===> TimeStamp : 2026-02-22 23:51:55===> API : /api/booking/fetchBookings?futureDate=2026-02-22 ===> Message : fetchBookingsResponse() invoked!
info: ===> TimeStamp : 2026-02-22 23:51:55===> API : /api/booking/fetchBookings?futureDate=2026-02-22 ===> Message : fetchBookingsResponse() completed
info: ===> TimeStamp : 2026-02-22 23:51:55===> API : null ===> Message : validateRequest() invoked
info: ===> TimeStamp : 2026-02-22 23:51:55===> API : null ===> Message : fetchDBSettings()
info: ===> TimeStamp : 2026-02-22 23:51:55===> API : null ===> Message : validateRequest() Invoked!
info: ===> TimeStamp : 2026-02-22 23:51:55===> API : null ===> Message : validRequest() :: Api validated Successfully
info: ===> TimeStamp : 2026-02-22 23:51:55===> API : /api/booking/fetchBookings?futureDate=2026-02-22 ===> Message : fetchBookings() invoked!!
info: ===> TimeStamp : 2026-02-22 23:51:55===> API : /api/booking/fetchBookings?futureDate=2026-02-22 ===> Message : fetchBookings() :: Request Object :: [object Object]
info: ===> TimeStamp : 2026-02-22 23:51:55===> API : /api/booking/fetchBookings?futureDate=2026-02-22 ===> Message : fetchBookings() :: DB :: Invoked !
info: ===> TimeStamp : 2026-02-22 23:51:56===> API : /api/booking/fetchBookings?futureDate=2026-02-22 ===> Message : fetchBookingsResponse() invoked!
info: ===> TimeStamp : 2026-02-22 23:51:56===> API : /api/booking/fetchBookings?futureDate=2026-02-22 ===> Message : fetchBookingsResponse() completed
info: ===> TimeStamp : 2026-02-22 23:52:01===> API : null ===> Message : validateRequest() invoked
info: ===> TimeStamp : 2026-02-22 23:52:01===> API : null ===> Message : fetchDBSettings()
info: ===> TimeStamp : 2026-02-22 23:52:02===> API : null ===> Message : validateRequest() Invoked!
info: ===> TimeStamp : 2026-02-22 23:52:02===> API : null ===> Message : validRequest() :: Api validated Successfully
info: ===> TimeStamp : 2026-02-22 23:52:02===> API : /api/booking/getUserByPhone?phone=9958 ===> Message : getUserByPhone() invoked!!
info: ===> TimeStamp : 2026-02-22 23:52:02===> API : /api/booking/getUserByPhone?phone=9958 ===> Message : getUserByPhone() :: Request Object :: [object Object]
info: ===> TimeStamp : 2026-02-22 23:52:02===> API : /api/booking/getUserByPhone?phone=9958 ===> Message : getUserByPhone() :: DB :: Invoked !
info: ===> TimeStamp : 2026-02-22 23:52:02===> API : /api/booking/getUserByPhone?phone=9958 ===> Message : getUserByPhoneResponse() invoked!
info: ===> TimeStamp : 2026-02-22 23:52:02===> API : /api/booking/getUserByPhone?phone=9958 ===> Message : getUserByPhoneResponse() completed
info: ===> TimeStamp : 2026-02-22 23:52:03===> API : null ===> Message : validateRequest() invoked
info: ===> TimeStamp : 2026-02-22 23:52:03===> API : null ===> Message : fetchDBSettings()
info: ===> TimeStamp : 2026-02-22 23:52:03===> API : null ===> Message : validateRequest() Invoked!
info: ===> TimeStamp : 2026-02-22 23:52:03===> API : null ===> Message : validRequest() :: Api validated Successfully
info: ===> TimeStamp : 2026-02-22 23:52:03===> API : /api/booking/getUserByPhone?phone=995851 ===> Message : getUserByPhone() :: Request Object :: [object Object]
info: ===> TimeStamp : 2026-02-22 23:52:03===> API : /api/booking/getUserByPhone?phone=995851 ===> Message : getUserByPhone() invoked!!
info: ===> TimeStamp : 2026-02-22 23:52:03===> API : /api/booking/getUserByPhone?phone=995851 ===> Message : getUserByPhone() :: DB :: Invoked !
info: ===> TimeStamp : 2026-02-22 23:52:04===> API : /api/booking/getUserByPhone?phone=995851 ===> Message : getUserByPhoneResponse() invoked!
info: ===> TimeStamp : 2026-02-22 23:52:04===> API : /api/booking/getUserByPhone?phone=995851 ===> Message : getUserByPhoneResponse() completed
info: ===> TimeStamp : 2026-02-22 23:52:04===> API : null ===> Message : validateRequest() invoked
info: ===> TimeStamp : 2026-02-22 23:52:04===> API : null ===> Message : fetchDBSettings()
info: ===> TimeStamp : 2026-02-22 23:52:04===> API : null ===> Message : validateRequest() Invoked!
info: ===> TimeStamp : 2026-02-22 23:52:05===> API : null ===> Message : validRequest() :: Api validated Successfully
info: ===> TimeStamp : 2026-02-22 23:52:05===> API : /api/booking/getUserByPhone?phone=99585166 ===> Message : getUserByPhone() invoked!!
info: ===> TimeStamp : 2026-02-22 23:52:05===> API : /api/booking/getUserByPhone?phone=99585166 ===> Message : getUserByPhone() :: Request Object :: [object Object]
info: ===> TimeStamp : 2026-02-22 23:52:05===> API : /api/booking/getUserByPhone?phone=99585166 ===> Message : getUserByPhone() :: DB :: Invoked !
info: ===> TimeStamp : 2026-02-22 23:52:05===> API : /api/booking/getUserByPhone?phone=99585166 ===> Message : getUserByPhoneResponse() invoked!
info: ===> TimeStamp : 2026-02-22 23:52:05===> API : /api/booking/getUserByPhone?phone=99585166 ===> Message : getUserByPhoneResponse() completed
info: ===> TimeStamp : 2026-02-22 23:52:09===> API : null ===> Message : validateRequest() invoked
info: ===> TimeStamp : 2026-02-22 23:52:09===> API : null ===> Message : fetchDBSettings()
info: ===> TimeStamp : 2026-02-22 23:52:09===> API : null ===> Message : validateRequest() Invoked!
info: ===> TimeStamp : 2026-02-22 23:52:09===> API : null ===> Message : validRequest() :: Api validated Successfully
info: ===> TimeStamp : 2026-02-22 23:52:09===> API : /api/booking/getUserByPhone?phone=9958518630 ===> Message : getUserByPhone() :: Request Object :: [object Object]
info: ===> TimeStamp : 2026-02-22 23:52:09===> API : /api/booking/getUserByPhone?phone=9958518630 ===> Message : getUserByPhone() :: DB :: Invoked !
info: ===> TimeStamp : 2026-02-22 23:52:09===> API : /api/booking/getUserByPhone?phone=9958518630 ===> Message : getUserByPhone() invoked!!
info: ===> TimeStamp : 2026-02-22 23:52:10===> API : /api/booking/getUserByPhone?phone=9958518630 ===> Message : getUserByPhoneResponse() invoked!
info: ===> TimeStamp : 2026-02-22 23:52:10===> API : /api/booking/getUserByPhone?phone=9958518630 ===> Message : getUserByPhoneResponse() completed
info: ===> TimeStamp : 2026-02-22 23:53:11===> API : null ===> Message : validateRequest() invoked
info: ===> TimeStamp : 2026-02-22 23:53:11===> API : null ===> Message : fetchDBSettings()
info: ===> TimeStamp : 2026-02-22 23:53:11===> API : null ===> Message : validateRequest() Invoked!
info: ===> TimeStamp : 2026-02-22 23:53:11===> API : null ===> Message : validRequest() :: Api validated Successfully
info: ===> TimeStamp : 2026-02-22 23:53:11===> API : /api/booking/newBooking ===> Message : newBooking() invoked!!
info: ===> TimeStamp : 2026-02-22 23:53:11===> API : /api/booking/newBooking ===> Message : newBooking() :: Request Object :: [object Object]
info: ===> TimeStamp : 2026-02-22 23:53:11===> API : /api/booking/newBooking ===> Message : getUserById() :: DB :: Invoked !
info: ===> TimeStamp : 2026-02-22 23:53:11===> API : /api/booking/newBooking ===> Message : newBooking() :: DB :: Invoked !
info: ===> TimeStamp : 2026-02-22 23:53:12===> API : /api/booking/newBooking ===> Message : newBookingResponse() invoked!
info: ===> TimeStamp : 2026-02-22 23:53:12===> API : /api/booking/newBooking ===> Message : newBookingResponse() completed
info: ===> TimeStamp : 2026-02-22 23:53:38===> API : null ===> Message : validateRequest() invoked
info: ===> TimeStamp : 2026-02-22 23:53:38===> API : null ===> Message : fetchDBSettings()
info: ===> TimeStamp : 2026-02-22 23:53:38===> API : null ===> Message : validateRequest() Invoked!
info: ===> TimeStamp : 2026-02-22 23:53:38===> API : null ===> Message : validRequest() :: Api validated Successfully
info: ===> TimeStamp : 2026-02-22 23:53:38===> API : /api/booking/displayPackages ===> Message : displayPackages() invoked!!
info: ===> TimeStamp : 2026-02-22 23:53:38===> API : /api/booking/displayPackages ===> Message : displayPackages() :: DB :: Invoked !
info: ===> TimeStamp : 2026-02-22 23:53:38===> API : /api/booking/displayPackages ===> Message : displayPackagesResponse() invoked!
info: ===> TimeStamp : 2026-02-22 23:53:38===> API : /api/booking/displayPackages ===> Message : displayPackagesResponse() completed
info: ===> TimeStamp : 2026-02-22 23:53:40===> API : null ===> Message : validateRequest() invoked
info: ===> TimeStamp : 2026-02-22 23:53:40===> API : null ===> Message : fetchDBSettings()
info: ===> TimeStamp : 2026-02-22 23:53:40===> API : null ===> Message : validateRequest() Invoked!
info: ===> TimeStamp : 2026-02-22 23:53:40===> API : null ===> Message : validRequest() :: Api validated Successfully
info: ===> TimeStamp : 2026-02-22 23:53:40===> API : /api/booking/displayPackages ===> Message : displayPackages() invoked!!
info: ===> TimeStamp : 2026-02-22 23:53:40===> API : /api/booking/displayPackages ===> Message : displayPackages() :: DB :: Invoked !
info: ===> TimeStamp : 2026-02-22 23:53:40===> API : /api/booking/displayPackages ===> Message : displayPackagesResponse() invoked!
info: ===> TimeStamp : 2026-02-22 23:53:40===> API : /api/booking/displayPackages ===> Message : displayPackagesResponse() completed
info: ===> TimeStamp : 2026-02-22 23:53:53===> API : null ===> Message : validateRequest() invoked
info: ===> TimeStamp : 2026-02-22 23:53:53===> API : null ===> Message : fetchDBSettings()
info: ===> TimeStamp : 2026-02-22 23:53:53===> API : null ===> Message : validateRequest() Invoked!
info: ===> TimeStamp : 2026-02-22 23:53:53===> API : null ===> Message : validRequest() :: Api validated Successfully
info: ===> TimeStamp : 2026-02-22 23:53:53===> API : /api/booking/displayPackages ===> Message : displayPackages() invoked!!
info: ===> TimeStamp : 2026-02-22 23:53:53===> API : /api/booking/displayPackages ===> Message : displayPackages() :: DB :: Invoked !
info: ===> TimeStamp : 2026-02-22 23:53:53===> API : /api/booking/displayPackages ===> Message : displayPackagesResponse() invoked!
info: ===> TimeStamp : 2026-02-22 23:53:53===> API : /api/booking/displayPackages ===> Message : displayPackagesResponse() completed
info: ===> TimeStamp : 2026-02-22 23:55:51===> API : null ===> Message : validateRequest() invoked
info: ===> TimeStamp : 2026-02-22 23:55:51===> API : null ===> Message : fetchDBSettings()
info: ===> TimeStamp : 2026-02-22 23:55:51===> API : null ===> Message : validateRequest() Invoked!
info: ===> TimeStamp : 2026-02-22 23:55:51===> API : null ===> Message : validRequest() :: Api validated Successfully
info: ===> TimeStamp : 2026-02-22 23:55:51===> API : /api/booking/newBooking ===> Message : newBooking() :: Request Object :: [object Object]
info: ===> TimeStamp : 2026-02-22 23:55:51===> API : /api/booking/newBooking ===> Message : newBooking() invoked!!
info: ===> TimeStamp : 2026-02-22 23:55:51===> API : /api/booking/newBooking ===> Message : getUserById() :: DB :: Invoked !
info: ===> TimeStamp : 2026-02-22 23:55:51===> API : /api/booking/newBooking ===> Message : newBooking() :: DB :: Invoked !
info: ===> TimeStamp : 2026-02-22 23:55:52===> API : /api/booking/newBooking ===> Message : newBookingResponse() invoked!
info: ===> TimeStamp : 2026-02-22 23:55:52===> API : /api/booking/newBooking ===> Message : newBookingResponse() completed
info: ===> TimeStamp : 2026-02-22 23:56:08===> API : null ===> Message : validateRequest() invoked
info: ===> TimeStamp : 2026-02-22 23:56:08===> API : null ===> Message : fetchDBSettings()
info: ===> TimeStamp : 2026-02-22 23:56:08===> API : null ===> Message : validateRequest() Invoked!
info: ===> TimeStamp : 2026-02-22 23:56:08===> API : null ===> Message : validRequest() :: Api validated Successfully
info: ===> TimeStamp : 2026-02-22 23:56:08===> API : /api/booking/displayPackages ===> Message : displayPackages() invoked!!
info: ===> TimeStamp : 2026-02-22 23:56:08===> API : /api/booking/displayPackages ===> Message : displayPackages() :: DB :: Invoked !
info: ===> TimeStamp : 2026-02-22 23:56:08===> API : /api/booking/displayPackages ===> Message : displayPackagesResponse() invoked!
info: ===> TimeStamp : 2026-02-22 23:56:08===> API : /api/booking/displayPackages ===> Message : displayPackagesResponse() completed
info: ===> TimeStamp : 2026-02-22 23:56:24===> API : null ===> Message : validateRequest() invoked
info: ===> TimeStamp : 2026-02-22 23:56:24===> API : null ===> Message : fetchDBSettings()
info: ===> TimeStamp : 2026-02-22 23:56:24===> API : null ===> Message : validateRequest() Invoked!
info: ===> TimeStamp : 2026-02-22 23:56:24===> API : null ===> Message : validRequest() :: Api validated Successfully
info: ===> TimeStamp : 2026-02-22 23:56:24===> API : /api/booking/displayPackages ===> Message : displayPackages() invoked!!
info: ===> TimeStamp : 2026-02-22 23:56:24===> API : /api/booking/displayPackages ===> Message : displayPackages() :: DB :: Invoked !
info: ===> TimeStamp : 2026-02-22 23:56:24===> API : /api/booking/displayPackages ===> Message : displayPackagesResponse() invoked!
info: ===> TimeStamp : 2026-02-22 23:56:24===> API : /api/booking/displayPackages ===> Message : displayPackagesResponse() completed
info: ===> TimeStamp : 2026-02-22 23:59:16===> API : null ===> Message : validateRequest() invoked
info: ===> TimeStamp : 2026-02-22 23:59:16===> API : null ===> Message : fetchDBSettings()
info: ===> TimeStamp : 2026-02-22 23:59:16===> API : null ===> Message : validateRequest() Invoked!
info: ===> TimeStamp : 2026-02-22 23:59:16===> API : null ===> Message : validRequest() :: Api validated Successfully
info: ===> TimeStamp : 2026-02-22 23:59:16===> API : /api/booking/displayPackages ===> Message : displayPackages() invoked!!
info: ===> TimeStamp : 2026-02-22 23:59:16===> API : /api/booking/displayPackages ===> Message : displayPackages() :: DB :: Invoked !
info: ===> TimeStamp : 2026-02-22 23:59:16===> API : /api/booking/displayPackages ===> Message : displayPackagesResponse() invoked!
info: ===> TimeStamp : 2026-02-22 23:59:16===> API : /api/booking/displayPackages ===> Message : displayPackagesResponse() completed
info: ===> TimeStamp : 2026-02-22 23:59:50===> API : null ===> Message : validateRequest() invoked
info: ===> TimeStamp : 2026-02-22 23:59:50===> API : null ===> Message : fetchDBSettings()
info: ===> TimeStamp : 2026-02-22 23:59:50===> API : null ===> Message : validateRequest() Invoked!
info: ===> TimeStamp : 2026-02-22 23:59:50===> API : null ===> Message : validRequest() :: Api validated Successfully
info: ===> TimeStamp : 2026-02-22 23:59:50===> API : /api/booking/displayPackages ===> Message : displayPackages() invoked!!
info: ===> TimeStamp : 2026-02-22 23:59:50===> API : /api/booking/displayPackages ===> Message : displayPackages() :: DB :: Invoked !
info: ===> TimeStamp : 2026-02-22 23:59:50===> API : /api/booking/displayPackages ===> Message : displayPackagesResponse() invoked!
info: ===> TimeStamp : 2026-02-22 23:59:50===> API : /api/booking/displayPackages ===> Message : displayPackagesResponse() completed
info: ===> TimeStamp : 2026-02-23 00:00:17===> API : null ===> Message : validateRequest() invoked
info: ===> TimeStamp : 2026-02-23 00:00:17===> API : null ===> Message : fetchDBSettings()
info: ===> TimeStamp : 2026-02-23 00:00:17===> API : null ===> Message : validateRequest() Invoked!
info: ===> TimeStamp : 2026-02-23 00:00:17===> API : null ===> Message : validRequest() :: Api validated Successfully
info: ===> TimeStamp : 2026-02-23 00:00:17===> API : /api/booking/getUserByPhone?phone=8477 ===> Message : getUserByPhone() invoked!!
info: ===> TimeStamp : 2026-02-23 00:00:17===> API : /api/booking/getUserByPhone?phone=8477 ===> Message : getUserByPhone() :: Request Object :: [object Object]
info: ===> TimeStamp : 2026-02-23 00:00:18===> API : /api/booking/getUserByPhone?phone=8477 ===> Message : getUserByPhone() :: DB :: Invoked !
info: ===> TimeStamp : 2026-02-23 00:00:19===> API : /api/booking/getUserByPhone?phone=8477 ===> Message : getUserByPhoneResponse() invoked!
info: ===> TimeStamp : 2026-02-23 00:00:19===> API : /api/booking/getUserByPhone?phone=8477 ===> Message : getUserByPhoneResponse() completed
info: ===> TimeStamp : 2026-02-23 00:00:22===> API : null ===> Message : validateRequest() invoked
info: ===> TimeStamp : 2026-02-23 00:00:22===> API : null ===> Message : fetchDBSettings()
info: ===> TimeStamp : 2026-02-23 00:00:22===> API : null ===> Message : validateRequest() Invoked!
info: ===> TimeStamp : 2026-02-23 00:00:22===> API : null ===> Message : validRequest() :: Api validated Successfully
info: ===> TimeStamp : 2026-02-23 00:00:22===> API : /api/booking/getUserByPhone?phone=847784777 ===> Message : getUserByPhone() invoked!!
info: ===> TimeStamp : 2026-02-23 00:00:22===> API : /api/booking/getUserByPhone?phone=847784777 ===> Message : getUserByPhone() :: Request Object :: [object Object]
info: ===> TimeStamp : 2026-02-23 00:00:22===> API : /api/booking/getUserByPhone?phone=847784777 ===> Message : getUserByPhone() :: DB :: Invoked !
info: ===> TimeStamp : 2026-02-23 00:00:23===> API : /api/booking/getUserByPhone?phone=847784777 ===> Message : getUserByPhoneResponse() invoked!
info: ===> TimeStamp : 2026-02-23 00:00:23===> API : /api/booking/getUserByPhone?phone=847784777 ===> Message : getUserByPhoneResponse() completed
info: ===> TimeStamp : 2026-02-23 00:00:23===> API : null ===> Message : validateRequest() invoked
info: ===> TimeStamp : 2026-02-23 00:00:23===> API : null ===> Message : fetchDBSettings()
info: ===> TimeStamp : 2026-02-23 00:00:23===> API : null ===> Message : validateRequest() Invoked!
info: ===> TimeStamp : 2026-02-23 00:00:23===> API : /api/booking/getUserByPhone?phone=8477847776 ===> Message : getUserByPhone() invoked!!
info: ===> TimeStamp : 2026-02-23 00:00:23===> API : /api/booking/getUserByPhone?phone=8477847776 ===> Message : getUserByPhone() :: Request Object :: [object Object]
info: ===> TimeStamp : 2026-02-23 00:00:23===> API : null ===> Message : validRequest() :: Api validated Successfully
info: ===> TimeStamp : 2026-02-23 00:00:23===> API : /api/booking/getUserByPhone?phone=8477847776 ===> Message : getUserByPhone() :: DB :: Invoked !
info: ===> TimeStamp : 2026-02-23 00:00:24===> API : /api/booking/getUserByPhone?phone=8477847776 ===> Message : getUserByPhoneResponse() invoked!
info: ===> TimeStamp : 2026-02-23 00:00:24===> API : /api/booking/getUserByPhone?phone=8477847776 ===> Message : getUserByPhoneResponse() completed
info: ===> TimeStamp : 2026-02-23 00:00:37===> API : null ===> Message : validateRequest() invoked
info: ===> TimeStamp : 2026-02-23 00:00:37===> API : null ===> Message : fetchDBSettings()
info: ===> TimeStamp : 2026-02-23 00:00:37===> API : null ===> Message : validateRequest() Invoked!
info: ===> TimeStamp : 2026-02-23 00:00:37===> API : null ===> Message : validRequest() :: Api validated Successfully
info: ===> TimeStamp : 2026-02-23 00:00:37===> API : /api/booking/newBooking ===> Message : newBooking() :: Request Object :: [object Object]
info: ===> TimeStamp : 2026-02-23 00:00:37===> API : /api/booking/newBooking ===> Message : newBooking() invoked!!
info: ===> TimeStamp : 2026-02-23 00:00:37===> API : /api/booking/newBooking ===> Message : getUserById() :: DB :: Invoked !
info: ===> TimeStamp : 2026-02-23 00:00:37===> API : /api/booking/newBooking ===> Message : newBooking() :: DB :: Invoked !
info: ===> TimeStamp : 2026-02-23 00:00:37===> API : /api/booking/newBooking ===> Message : newBookingResponse() invoked!
info: ===> TimeStamp : 2026-02-23 00:00:37===> API : /api/booking/newBooking ===> Message : newBookingResponse() completed
info: ===> TimeStamp : 2026-02-23 00:00:52===> API : null ===> Message : validateRequest() invoked
info: ===> TimeStamp : 2026-02-23 00:00:52===> API : null ===> Message : fetchDBSettings()
info: ===> TimeStamp : 2026-02-23 00:00:52===> API : null ===> Message : validateRequest() Invoked!
info: ===> TimeStamp : 2026-02-23 00:00:52===> API : null ===> Message : validRequest() :: Api validated Successfully
info: ===> TimeStamp : 2026-02-23 00:00:52===> API : /api/booking/displayPackages ===> Message : displayPackages() invoked!!
info: ===> TimeStamp : 2026-02-23 00:00:52===> API : /api/booking/displayPackages ===> Message : displayPackages() :: DB :: Invoked !
info: ===> TimeStamp : 2026-02-23 00:00:52===> API : /api/booking/displayPackages ===> Message : displayPackagesResponse() invoked!
info: ===> TimeStamp : 2026-02-23 00:00:52===> API : /api/booking/displayPackages ===> Message : displayPackagesResponse() completed
info: ===> TimeStamp : 2026-02-23 00:01:32===> API : null ===> Message : validateRequest() invoked
info: ===> TimeStamp : 2026-02-23 00:01:32===> API : null ===> Message : fetchDBSettings()
info: ===> TimeStamp : 2026-02-23 00:01:32===> API : null ===> Message : validateRequest() Invoked!
info: ===> TimeStamp : 2026-02-23 00:01:32===> API : null ===> Message : validRequest() :: Api validated Successfully
info: ===> TimeStamp : 2026-02-23 00:01:32===> API : /api/booking/displayPackages ===> Message : displayPackages() invoked!!
info: ===> TimeStamp : 2026-02-23 00:01:32===> API : /api/booking/displayPackages ===> Message : displayPackages() :: DB :: Invoked !
info: ===> TimeStamp : 2026-02-23 00:01:32===> API : /api/booking/displayPackages ===> Message : displayPackagesResponse() invoked!
info: ===> TimeStamp : 2026-02-23 00:01:32===> API : /api/booking/displayPackages ===> Message : displayPackagesResponse() completed
info: ===> TimeStamp : 2026-02-23 00:01:42===> API : null ===> Message : validateRequest() invoked
info: ===> TimeStamp : 2026-02-23 00:01:42===> API : null ===> Message : fetchDBSettings()
info: ===> TimeStamp : 2026-02-23 00:01:42===> API : null ===> Message : validateRequest() Invoked!
info: ===> TimeStamp : 2026-02-23 00:01:42===> API : null ===> Message : validRequest() :: Api validated Successfully
info: ===> TimeStamp : 2026-02-23 00:01:42===> API : /api/booking/getUserByPhone?phone=9 ===> Message : getUserByPhone() :: Request Object :: [object Object]
info: ===> TimeStamp : 2026-02-23 00:01:42===> API : /api/booking/getUserByPhone?phone=9 ===> Message : getUserByPhone() invoked!!
info: ===> TimeStamp : 2026-02-23 00:01:42===> API : /api/booking/getUserByPhone?phone=9 ===> Message : getUserByPhone() :: DB :: Invoked !
info: ===> TimeStamp : 2026-02-23 00:01:43===> API : /api/booking/getUserByPhone?phone=9 ===> Message : getUserByPhoneResponse() invoked!
info: ===> TimeStamp : 2026-02-23 00:01:43===> API : /api/booking/getUserByPhone?phone=9 ===> Message : getUserByPhoneResponse() completed
info: ===> TimeStamp : 2026-02-23 00:01:45===> API : null ===> Message : validateRequest() invoked
info: ===> TimeStamp : 2026-02-23 00:01:45===> API : null ===> Message : fetchDBSettings()
info: ===> TimeStamp : 2026-02-23 00:01:45===> API : null ===> Message : validateRequest() Invoked!
info: ===> TimeStamp : 2026-02-23 00:01:45===> API : /api/booking/getUserByPhone?phone=98440 ===> Message : getUserByPhone() invoked!!
info: ===> TimeStamp : 2026-02-23 00:01:45===> API : /api/booking/getUserByPhone?phone=98440 ===> Message : getUserByPhone() :: Request Object :: [object Object]
info: ===> TimeStamp : 2026-02-23 00:01:45===> API : null ===> Message : validRequest() :: Api validated Successfully
info: ===> TimeStamp : 2026-02-23 00:01:45===> API : /api/booking/getUserByPhone?phone=98440 ===> Message : getUserByPhone() :: DB :: Invoked !
info: ===> TimeStamp : 2026-02-23 00:01:46===> API : /api/booking/getUserByPhone?phone=98440 ===> Message : getUserByPhoneResponse() invoked!
info: ===> TimeStamp : 2026-02-23 00:01:46===> API : /api/booking/getUserByPhone?phone=98440 ===> Message : getUserByPhoneResponse() completed
info: ===> TimeStamp : 2026-02-23 00:01:47===> API : null ===> Message : validateRequest() invoked
info: ===> TimeStamp : 2026-02-23 00:01:47===> API : null ===> Message : fetchDBSettings()
info: ===> TimeStamp : 2026-02-23 00:01:47===> API : null ===> Message : validateRequest() Invoked!
info: ===> TimeStamp : 2026-02-23 00:01:47===> API : null ===> Message : validRequest() :: Api validated Successfully
info: ===> TimeStamp : 2026-02-23 00:01:47===> API : /api/booking/getUserByPhone?phone=9844079 ===> Message : getUserByPhone() invoked!!
info: ===> TimeStamp : 2026-02-23 00:01:47===> API : /api/booking/getUserByPhone?phone=9844079 ===> Message : getUserByPhone() :: Request Object :: [object Object]
info: ===> TimeStamp : 2026-02-23 00:01:47===> API : /api/booking/getUserByPhone?phone=9844079 ===> Message : getUserByPhone() :: DB :: Invoked !
info: ===> TimeStamp : 2026-02-23 00:01:48===> API : /api/booking/getUserByPhone?phone=9844079 ===> Message : getUserByPhoneResponse() invoked!
info: ===> TimeStamp : 2026-02-23 00:01:48===> API : /api/booking/getUserByPhone?phone=9844079 ===> Message : getUserByPhoneResponse() completed
info: ===> TimeStamp : 2026-02-23 00:01:50===> API : null ===> Message : validateRequest() invoked
info: ===> TimeStamp : 2026-02-23 00:01:50===> API : null ===> Message : fetchDBSettings()
info: ===> TimeStamp : 2026-02-23 00:01:50===> API : null ===> Message : validateRequest() Invoked!
info: ===> TimeStamp : 2026-02-23 00:01:50===> API : null ===> Message : validRequest() :: Api validated Successfully
info: ===> TimeStamp : 2026-02-23 00:01:50===> API : /api/booking/getUserByPhone?phone=9844079879 ===> Message : getUserByPhone() invoked!!
info: ===> TimeStamp : 2026-02-23 00:01:50===> API : /api/booking/getUserByPhone?phone=9844079879 ===> Message : getUserByPhone() :: Request Object :: [object Object]
info: ===> TimeStamp : 2026-02-23 00:01:50===> API : /api/booking/getUserByPhone?phone=9844079879 ===> Message : getUserByPhone() :: DB :: Invoked !
info: ===> TimeStamp : 2026-02-23 00:01:50===> API : /api/booking/getUserByPhone?phone=9844079879 ===> Message : getUserByPhoneResponse() invoked!
info: ===> TimeStamp : 2026-02-23 00:01:50===> API : /api/booking/getUserByPhone?phone=9844079879 ===> Message : getUserByPhoneResponse() completed
info: ===> TimeStamp : 2026-02-23 00:02:17===> API : null ===> Message : validateRequest() invoked
info: ===> TimeStamp : 2026-02-23 00:02:17===> API : null ===> Message : fetchDBSettings()
info: ===> TimeStamp : 2026-02-23 00:02:17===> API : null ===> Message : validateRequest() Invoked!
info: ===> TimeStamp : 2026-02-23 00:02:17===> API : null ===> Message : validRequest() :: Api validated Successfully
info: ===> TimeStamp : 2026-02-23 00:02:17===> API : /api/booking/newBooking ===> Message : newBooking() invoked!!
info: ===> TimeStamp : 2026-02-23 00:02:17===> API : /api/booking/newBooking ===> Message : newBooking() :: Request Object :: [object Object]
info: ===> TimeStamp : 2026-02-23 00:02:17===> API : /api/booking/newBooking ===> Message : getUserById() :: DB :: Invoked !
info: ===> TimeStamp : 2026-02-23 00:02:17===> API : /api/booking/newBooking ===> Message : newBooking() :: DB :: Invoked !
info: ===> TimeStamp : 2026-02-23 00:02:18===> API : /api/booking/newBooking ===> Message : newBookingResponse() invoked!
info: ===> TimeStamp : 2026-02-23 00:02:18===> API : /api/booking/newBooking ===> Message : newBookingResponse() completed
info: ===> TimeStamp : 2026-02-23 00:02:31===> API : null ===> Message : validateRequest() invoked
info: ===> TimeStamp : 2026-02-23 00:02:31===> API : null ===> Message : fetchDBSettings()
info: ===> TimeStamp : 2026-02-23 00:02:31===> API : null ===> Message : validateRequest() Invoked!
info: ===> TimeStamp : 2026-02-23 00:02:31===> API : null ===> Message : validRequest() :: Api validated Successfully
info: ===> TimeStamp : 2026-02-23 00:02:31===> API : /api/booking/displayPackages ===> Message : displayPackages() invoked!!
info: ===> TimeStamp : 2026-02-23 00:02:31===> API : /api/booking/displayPackages ===> Message : displayPackages() :: DB :: Invoked !
info: ===> TimeStamp : 2026-02-23 00:02:31===> API : /api/booking/displayPackages ===> Message : displayPackagesResponse() invoked!
info: ===> TimeStamp : 2026-02-23 00:02:31===> API : /api/booking/displayPackages ===> Message : displayPackagesResponse() completed
info: ===> TimeStamp : 2026-02-23 00:09:31===> API : null ===> Message : validateRequest() invoked
info: ===> TimeStamp : 2026-02-23 00:09:31===> API : null ===> Message : fetchDBSettings()
info: ===> TimeStamp : 2026-02-23 00:09:31===> API : null ===> Message : validateRequest() Invoked!
info: ===> TimeStamp : 2026-02-23 00:09:31===> API : null ===> Message : validRequest() :: Api validated Successfully
info: ===> TimeStamp : 2026-02-23 00:09:31===> API : /api/booking/displayPackages ===> Message : displayPackages() invoked!!
info: ===> TimeStamp : 2026-02-23 00:09:31===> API : /api/booking/displayPackages ===> Message : displayPackages() :: DB :: Invoked !
info: ===> TimeStamp : 2026-02-23 00:09:31===> API : /api/booking/displayPackages ===> Message : displayPackagesResponse() invoked!
info: ===> TimeStamp : 2026-02-23 00:09:31===> API : /api/booking/displayPackages ===> Message : displayPackagesResponse() completed
info: ===> TimeStamp : 2026-02-23 00:10:15===> API : null ===> Message : validateRequest() invoked
info: ===> TimeStamp : 2026-02-23 00:10:15===> API : null ===> Message : fetchDBSettings()
info: ===> TimeStamp : 2026-02-23 00:10:15===> API : null ===> Message : validateRequest() Invoked!
info: ===> TimeStamp : 2026-02-23 00:10:15===> API : null ===> Message : validRequest() :: Api validated Successfully
info: ===> TimeStamp : 2026-02-23 00:10:15===> API : /api/booking/displayPackages ===> Message : displayPackages() invoked!!
info: ===> TimeStamp : 2026-02-23 00:10:15===> API : /api/booking/displayPackages ===> Message : displayPackages() :: DB :: Invoked !
info: ===> TimeStamp : 2026-02-23 00:10:15===> API : /api/booking/displayPackages ===> Message : displayPackagesResponse() invoked!
info: ===> TimeStamp : 2026-02-23 00:10:15===> API : /api/booking/displayPackages ===> Message : displayPackagesResponse() completed
info: ===> TimeStamp : 2026-02-23 00:58:45===> API : null ===> Message : validateRequest() invoked
info: ===> TimeStamp : 2026-02-23 00:58:45===> API : null ===> Message : fetchDBSettings()
info: ===> TimeStamp : 2026-02-23 00:58:45===> API : null ===> Message : validateRequest() invoked
info: ===> TimeStamp : 2026-02-23 00:58:45===> API : null ===> Message : fetchDBSettings()
info: ===> TimeStamp : 2026-02-23 00:58:45===> API : null ===> Message : validateRequest() Invoked!
info: ===> TimeStamp : 2026-02-23 00:58:45===> API : null ===> Message : validateRequest() Invoked!
info: ===> TimeStamp : 2026-02-23 00:58:45===> API : null ===> Message : validRequest() :: Api validated Successfully
info: ===> TimeStamp : 2026-02-23 00:58:45===> API : /api/booking/displayPackages ===> Message : displayPackages() invoked!!
info: ===> TimeStamp : 2026-02-23 00:58:45===> API : /api/booking/displayPackages ===> Message : displayPackages() :: DB :: Invoked !
info: ===> TimeStamp : 2026-02-23 00:58:45===> API : /api/booking/displayPackages ===> Message : displayPackagesResponse() invoked!
info: ===> TimeStamp : 2026-02-23 00:58:45===> API : /api/booking/displayPackages ===> Message : displayPackagesResponse() completed
info: ===> TimeStamp : 2026-02-23 00:58:45===> API : null ===> Message : validRequest() :: Api validated Successfully
info: ===> TimeStamp : 2026-02-23 00:58:45===> API : /api/booking/fetchBookings?futureDate=2026-02-22 ===> Message : fetchBookings() invoked!!
info: ===> TimeStamp : 2026-02-23 00:58:45===> API : /api/booking/fetchBookings?futureDate=2026-02-22 ===> Message : fetchBookings() :: Request Object :: [object Object]
info: ===> TimeStamp : 2026-02-23 00:58:45===> API : /api/booking/fetchBookings?futureDate=2026-02-22 ===> Message : fetchBookings() :: DB :: Invoked !
info: ===> TimeStamp : 2026-02-23 00:58:46===> API : null ===> Message : validateRequest() invoked
info: ===> TimeStamp : 2026-02-23 00:58:46===> API : null ===> Message : fetchDBSettings()
info: ===> TimeStamp : 2026-02-23 00:58:46===> API : null ===> Message : validateRequest() Invoked!
info: ===> TimeStamp : 2026-02-23 00:58:46===> API : null ===> Message : validRequest() :: Api validated Successfully
info: ===> TimeStamp : 2026-02-23 00:58:46===> API : /api/booking/displayPackages ===> Message : displayPackages() invoked!!
info: ===> TimeStamp : 2026-02-23 00:58:46===> API : /api/booking/displayPackages ===> Message : displayPackages() :: DB :: Invoked !
info: ===> TimeStamp : 2026-02-23 00:58:46===> API : /api/booking/displayPackages ===> Message : displayPackagesResponse() invoked!
info: ===> TimeStamp : 2026-02-23 00:58:46===> API : /api/booking/displayPackages ===> Message : displayPackagesResponse() completed
info: ===> TimeStamp : 2026-02-23 00:58:47===> API : /api/booking/fetchBookings?futureDate=2026-02-22 ===> Message : fetchBookingsResponse() invoked!
info: ===> TimeStamp : 2026-02-23 00:58:47===> API : /api/booking/fetchBookings?futureDate=2026-02-22 ===> Message : fetchBookingsResponse() completed
info: ===> TimeStamp : 2026-02-23 00:58:47===> API : null ===> Message : validateRequest() invoked
info: ===> TimeStamp : 2026-02-23 00:58:47===> API : null ===> Message : fetchDBSettings()
info: ===> TimeStamp : 2026-02-23 00:58:47===> API : null ===> Message : validateRequest() Invoked!
info: ===> TimeStamp : 2026-02-23 00:58:47===> API : null ===> Message : validRequest() :: Api validated Successfully
info: ===> TimeStamp : 2026-02-23 00:58:47===> API : /api/booking/fetchBookings?futureDate=2026-02-22 ===> Message : fetchBookings() invoked!!
info: ===> TimeStamp : 2026-02-23 00:58:47===> API : /api/booking/fetchBookings?futureDate=2026-02-22 ===> Message : fetchBookings() :: Request Object :: [object Object]
info: ===> TimeStamp : 2026-02-23 00:58:47===> API : /api/booking/fetchBookings?futureDate=2026-02-22 ===> Message : fetchBookings() :: DB :: Invoked !
info: ===> TimeStamp : 2026-02-23 00:58:48===> API : /api/booking/fetchBookings?futureDate=2026-02-22 ===> Message : fetchBookingsResponse() invoked!
info: ===> TimeStamp : 2026-02-23 00:58:48===> API : /api/booking/fetchBookings?futureDate=2026-02-22 ===> Message : fetchBookingsResponse() completed
info: ===> TimeStamp : 2026-02-23 01:15:39===> API : null ===> Message : validateRequest() invoked
info: ===> TimeStamp : 2026-02-23 01:15:39===> API : null ===> Message : fetchDBSettings()
info: ===> TimeStamp : 2026-02-23 01:15:39===> API : null ===> Message : validateRequest() Invoked!
info: ===> TimeStamp : 2026-02-23 01:15:39===> API : null ===> Message : validRequest() :: Api validated Successfully
info: ===> TimeStamp : 2026-02-23 01:15:39===> API : /api/booking/getUserByPhone?phone=96 ===> Message : getUserByPhone() invoked!!
info: ===> TimeStamp : 2026-02-23 01:15:39===> API : /api/booking/getUserByPhone?phone=96 ===> Message : getUserByPhone() :: Request Object :: [object Object]
info: ===> TimeStamp : 2026-02-23 01:15:39===> API : /api/booking/getUserByPhone?phone=96 ===> Message : getUserByPhone() :: DB :: Invoked !
info: ===> TimeStamp : 2026-02-23 01:15:40===> API : /api/booking/getUserByPhone?phone=96 ===> Message : getUserByPhoneResponse() invoked!
info: ===> TimeStamp : 2026-02-23 01:15:40===> API : /api/booking/getUserByPhone?phone=96 ===> Message : getUserByPhoneResponse() completed
info: ===> TimeStamp : 2026-02-23 01:15:40===> API : null ===> Message : validateRequest() invoked
info: ===> TimeStamp : 2026-02-23 01:15:40===> API : null ===> Message : fetchDBSettings()
info: ===> TimeStamp : 2026-02-23 01:15:40===> API : null ===> Message : validateRequest() Invoked!
info: ===> TimeStamp : 2026-02-23 01:15:40===> API : null ===> Message : validRequest() :: Api validated Successfully
info: ===> TimeStamp : 2026-02-23 01:15:40===> API : /api/booking/getUserByPhone?phone=9611 ===> Message : getUserByPhone() invoked!!
info: ===> TimeStamp : 2026-02-23 01:15:40===> API : /api/booking/getUserByPhone?phone=9611 ===> Message : getUserByPhone() :: Request Object :: [object Object]
info: ===> TimeStamp : 2026-02-23 01:15:40===> API : /api/booking/getUserByPhone?phone=9611 ===> Message : getUserByPhone() :: DB :: Invoked !
info: ===> TimeStamp : 2026-02-23 01:15:40===> API : /api/booking/getUserByPhone?phone=9611 ===> Message : getUserByPhoneResponse() invoked!
info: ===> TimeStamp : 2026-02-23 01:15:40===> API : /api/booking/getUserByPhone?phone=9611 ===> Message : getUserByPhoneResponse() completed
info: ===> TimeStamp : 2026-02-23 01:15:42===> API : null ===> Message : validateRequest() invoked
info: ===> TimeStamp : 2026-02-23 01:15:42===> API : null ===> Message : fetchDBSettings()
info: ===> TimeStamp : 2026-02-23 01:15:42===> API : null ===> Message : validateRequest() Invoked!
info: ===> TimeStamp : 2026-02-23 01:15:42===> API : null ===> Message : validRequest() :: Api validated Successfully
info: ===> TimeStamp : 2026-02-23 01:15:42===> API : /api/booking/getUserByPhone?phone=961168 ===> Message : getUserByPhone() invoked!!
info: ===> TimeStamp : 2026-02-23 01:15:42===> API : /api/booking/getUserByPhone?phone=961168 ===> Message : getUserByPhone() :: Request Object :: [object Object]
info: ===> TimeStamp : 2026-02-23 01:15:42===> API : /api/booking/getUserByPhone?phone=961168 ===> Message : getUserByPhone() :: DB :: Invoked !
info: ===> TimeStamp : 2026-02-23 01:15:42===> API : /api/booking/getUserByPhone?phone=961168 ===> Message : getUserByPhoneResponse() invoked!
info: ===> TimeStamp : 2026-02-23 01:15:42===> API : /api/booking/getUserByPhone?phone=961168 ===> Message : getUserByPhoneResponse() completed
info: ===> TimeStamp : 2026-02-23 01:15:44===> API : null ===> Message : validateRequest() invoked
info: ===> TimeStamp : 2026-02-23 01:15:44===> API : null ===> Message : fetchDBSettings()
info: ===> TimeStamp : 2026-02-23 01:15:44===> API : null ===> Message : validateRequest() Invoked!
info: ===> TimeStamp : 2026-02-23 01:15:44===> API : null ===> Message : validRequest() :: Api validated Successfully
info: ===> TimeStamp : 2026-02-23 01:15:44===> API : /api/booking/getUserByPhone?phone=96116827 ===> Message : getUserByPhone() invoked!!
info: ===> TimeStamp : 2026-02-23 01:15:44===> API : /api/booking/getUserByPhone?phone=96116827 ===> Message : getUserByPhone() :: Request Object :: [object Object]
info: ===> TimeStamp : 2026-02-23 01:15:44===> API : /api/booking/getUserByPhone?phone=96116827 ===> Message : getUserByPhone() :: DB :: Invoked !
info: ===> TimeStamp : 2026-02-23 01:15:44===> API : /api/booking/getUserByPhone?phone=96116827 ===> Message : getUserByPhoneResponse() invoked!
info: ===> TimeStamp : 2026-02-23 01:15:44===> API : /api/booking/getUserByPhone?phone=96116827 ===> Message : getUserByPhoneResponse() completed
info: ===> TimeStamp : 2026-02-23 01:15:46===> API : null ===> Message : validateRequest() invoked
info: ===> TimeStamp : 2026-02-23 01:15:46===> API : null ===> Message : fetchDBSettings()
info: ===> TimeStamp : 2026-02-23 01:15:46===> API : null ===> Message : validateRequest() Invoked!
info: ===> TimeStamp : 2026-02-23 01:15:47===> API : null ===> Message : validRequest() :: Api validated Successfully
info: ===> TimeStamp : 2026-02-23 01:15:47===> API : /api/booking/getUserByPhone?phone=9611682784 ===> Message : getUserByPhone() invoked!!
info: ===> TimeStamp : 2026-02-23 01:15:47===> API : /api/booking/getUserByPhone?phone=9611682784 ===> Message : getUserByPhone() :: Request Object :: [object Object]
info: ===> TimeStamp : 2026-02-23 01:15:47===> API : /api/booking/getUserByPhone?phone=9611682784 ===> Message : getUserByPhone() :: DB :: Invoked !
info: ===> TimeStamp : 2026-02-23 01:15:47===> API : /api/booking/getUserByPhone?phone=9611682784 ===> Message : getUserByPhoneResponse() invoked!
info: ===> TimeStamp : 2026-02-23 01:15:47===> API : /api/booking/getUserByPhone?phone=9611682784 ===> Message : getUserByPhoneResponse() completed
info: ===> TimeStamp : 2026-02-23 01:18:58===> API : null ===> Message : validateRequest() invoked
info: ===> TimeStamp : 2026-02-23 01:18:58===> API : null ===> Message : fetchDBSettings()
info: ===> TimeStamp : 2026-02-23 01:18:58===> API : null ===> Message : validateRequest() Invoked!
info: ===> TimeStamp : 2026-02-23 01:18:58===> API : null ===> Message : validRequest() :: Api validated Successfully
info: ===> TimeStamp : 2026-02-23 01:18:58===> API : /api/booking/displayPackages ===> Message : displayPackages() invoked!!
info: ===> TimeStamp : 2026-02-23 01:18:58===> API : /api/booking/displayPackages ===> Message : displayPackages() :: DB :: Invoked !
info: ===> TimeStamp : 2026-02-23 01:18:58===> API : /api/booking/displayPackages ===> Message : displayPackagesResponse() invoked!
info: ===> TimeStamp : 2026-02-23 01:18:58===> API : /api/booking/displayPackages ===> Message : displayPackagesResponse() completed
info: ===> TimeStamp : 2026-02-23 01:19:07===> API : null ===> Message : validateRequest() invoked
info: ===> TimeStamp : 2026-02-23 01:19:07===> API : null ===> Message : fetchDBSettings()
info: ===> TimeStamp : 2026-02-23 01:19:07===> API : null ===> Message : validateRequest() Invoked!
info: ===> TimeStamp : 2026-02-23 01:19:07===> API : null ===> Message : validRequest() :: Api validated Successfully
info: ===> TimeStamp : 2026-02-23 01:19:07===> API : /api/booking/getUserByPhone?phone=81528801 ===> Message : getUserByPhone() invoked!!
info: ===> TimeStamp : 2026-02-23 01:19:07===> API : /api/booking/getUserByPhone?phone=81528801 ===> Message : getUserByPhone() :: Request Object :: [object Object]
info: ===> TimeStamp : 2026-02-23 01:19:07===> API : /api/booking/getUserByPhone?phone=81528801 ===> Message : getUserByPhone() :: DB :: Invoked !
info: ===> TimeStamp : 2026-02-23 01:19:08===> API : /api/booking/getUserByPhone?phone=81528801 ===> Message : getUserByPhoneResponse() invoked!
info: ===> TimeStamp : 2026-02-23 01:19:08===> API : /api/booking/getUserByPhone?phone=81528801 ===> Message : getUserByPhoneResponse() completed
info: ===> TimeStamp : 2026-02-23 01:19:09===> API : null ===> Message : validateRequest() invoked
info: ===> TimeStamp : 2026-02-23 01:19:09===> API : null ===> Message : fetchDBSettings()
info: ===> TimeStamp : 2026-02-23 01:19:09===> API : null ===> Message : validateRequest() Invoked!
info: ===> TimeStamp : 2026-02-23 01:19:09===> API : null ===> Message : validRequest() :: Api validated Successfully
info: ===> TimeStamp : 2026-02-23 01:19:09===> API : /api/booking/getUserByPhone?phone=8152880126 ===> Message : getUserByPhone() :: Request Object :: [object Object]
info: ===> TimeStamp : 2026-02-23 01:19:09===> API : /api/booking/getUserByPhone?phone=8152880126 ===> Message : getUserByPhone() invoked!!
info: ===> TimeStamp : 2026-02-23 01:19:09===> API : /api/booking/getUserByPhone?phone=8152880126 ===> Message : getUserByPhone() :: DB :: Invoked !
info: ===> TimeStamp : 2026-02-23 01:19:09===> API : /api/booking/getUserByPhone?phone=8152880126 ===> Message : getUserByPhoneResponse() invoked!
info: ===> TimeStamp : 2026-02-23 01:19:09===> API : /api/booking/getUserByPhone?phone=8152880126 ===> Message : getUserByPhoneResponse() completed
info: ===> TimeStamp : 2026-02-23 01:19:59===> API : null ===> Message : validateRequest() invoked
info: ===> TimeStamp : 2026-02-23 01:19:59===> API : null ===> Message : fetchDBSettings()
info: ===> TimeStamp : 2026-02-23 01:19:59===> API : null ===> Message : validateRequest() Invoked!
info: ===> TimeStamp : 2026-02-23 01:19:59===> API : null ===> Message : validRequest() :: Api validated Successfully
info: ===> TimeStamp : 2026-02-23 01:19:59===> API : /api/booking/newBooking ===> Message : newBooking() invoked!!
info: ===> TimeStamp : 2026-02-23 01:19:59===> API : /api/booking/newBooking ===> Message : newBooking() :: Request Object :: [object Object]
info: ===> TimeStamp : 2026-02-23 01:19:59===> API : /api/booking/newBooking ===> Message : getUserById() :: DB :: Invoked !
info: ===> TimeStamp : 2026-02-23 01:19:59===> API : /api/booking/newBooking ===> Message : newBooking() :: DB :: Invoked !
info: ===> TimeStamp : 2026-02-23 01:20:00===> API : /api/booking/newBooking ===> Message : newBookingResponse() invoked!
info: ===> TimeStamp : 2026-02-23 01:20:00===> API : /api/booking/newBooking ===> Message : newBookingResponse() completed
info: ===> TimeStamp : 2026-02-23 01:20:16===> API : null ===> Message : validateRequest() invoked
info: ===> TimeStamp : 2026-02-23 01:20:16===> API : null ===> Message : fetchDBSettings()
info: ===> TimeStamp : 2026-02-23 01:20:16===> API : null ===> Message : validateRequest() Invoked!
info: ===> TimeStamp : 2026-02-23 01:20:16===> API : null ===> Message : validRequest() :: Api validated Successfully
info: ===> TimeStamp : 2026-02-23 01:20:16===> API : /api/booking/displayPackages ===> Message : displayPackages() invoked!!
info: ===> TimeStamp : 2026-02-23 01:20:16===> API : /api/booking/displayPackages ===> Message : displayPackages() :: DB :: Invoked !
info: ===> TimeStamp : 2026-02-23 01:20:16===> API : /api/booking/displayPackages ===> Message : displayPackagesResponse() invoked!
info: ===> TimeStamp : 2026-02-23 01:20:16===> API : /api/booking/displayPackages ===> Message : displayPackagesResponse() completed
info: ===> TimeStamp : 2026-02-23 01:24:18===> API : null ===> Message : validateRequest() invoked
info: ===> TimeStamp : 2026-02-23 01:24:18===> API : null ===> Message : fetchDBSettings()
info: ===> TimeStamp : 2026-02-23 01:24:18===> API : null ===> Message : validateRequest() Invoked!
info: ===> TimeStamp : 2026-02-23 01:24:18===> API : null ===> Message : validRequest() :: Api validated Successfully
info: ===> TimeStamp : 2026-02-23 01:24:18===> API : /api/booking/getUserByPhone?phone=9611682784 ===> Message : getUserByPhone() invoked!!
info: ===> TimeStamp : 2026-02-23 01:24:18===> API : /api/booking/getUserByPhone?phone=9611682784 ===> Message : getUserByPhone() :: Request Object :: [object Object]
info: ===> TimeStamp : 2026-02-23 01:24:18===> API : /api/booking/getUserByPhone?phone=9611682784 ===> Message : getUserByPhone() :: DB :: Invoked !
info: ===> TimeStamp : 2026-02-23 01:24:19===> API : /api/booking/getUserByPhone?phone=9611682784 ===> Message : getUserByPhoneResponse() invoked!
info: ===> TimeStamp : 2026-02-23 01:24:19===> API : /api/booking/getUserByPhone?phone=9611682784 ===> Message : getUserByPhoneResponse() completed
info: ===> TimeStamp : 2026-02-23 01:24:30===> API : null ===> Message : validateRequest() invoked
info: ===> TimeStamp : 2026-02-23 01:24:30===> API : null ===> Message : fetchDBSettings()
info: ===> TimeStamp : 2026-02-23 01:24:30===> API : null ===> Message : validateRequest() Invoked!
info: ===> TimeStamp : 2026-02-23 01:24:30===> API : null ===> Message : validRequest() :: Api validated Successfully
info: ===> TimeStamp : 2026-02-23 01:24:30===> API : /api/booking/newBooking ===> Message : newBooking() invoked!!
info: ===> TimeStamp : 2026-02-23 01:24:30===> API : /api/booking/newBooking ===> Message : newBooking() :: Request Object :: [object Object]
info: ===> TimeStamp : 2026-02-23 01:24:30===> API : /api/booking/newBooking ===> Message : getUserById() :: DB :: Invoked !
info: ===> TimeStamp : 2026-02-23 01:24:30===> API : /api/booking/newBooking ===> Message : newBooking() :: DB :: Invoked !
info: ===> TimeStamp : 2026-02-23 01:24:30===> API : /api/booking/newBooking ===> Message : newBookingResponse() invoked!
info: ===> TimeStamp : 2026-02-23 01:24:30===> API : /api/booking/newBooking ===> Message : newBookingResponse() completed
info: ===> TimeStamp : 2026-02-23 01:24:47===> API : null ===> Message : validateRequest() invoked
info: ===> TimeStamp : 2026-02-23 01:24:47===> API : null ===> Message : fetchDBSettings()
info: ===> TimeStamp : 2026-02-23 01:24:47===> API : null ===> Message : validateRequest() Invoked!
info: ===> TimeStamp : 2026-02-23 01:24:47===> API : null ===> Message : validRequest() :: Api validated Successfully
info: ===> TimeStamp : 2026-02-23 01:24:47===> API : /api/booking/displayPackages ===> Message : displayPackages() invoked!!
info: ===> TimeStamp : 2026-02-23 01:24:47===> API : /api/booking/displayPackages ===> Message : displayPackages() :: DB :: Invoked !
info: ===> TimeStamp : 2026-02-23 01:24:47===> API : /api/booking/displayPackages ===> Message : displayPackagesResponse() invoked!
info: ===> TimeStamp : 2026-02-23 01:24:47===> API : /api/booking/displayPackages ===> Message : displayPackagesResponse() completed
info: ===> TimeStamp : 2026-02-23 01:26:33===> API : null ===> Message : validateRequest() invoked
info: ===> TimeStamp : 2026-02-23 01:26:33===> API : null ===> Message : fetchDBSettings()
info: ===> TimeStamp : 2026-02-23 01:26:33===> API : null ===> Message : validateRequest() Invoked!
info: ===> TimeStamp : 2026-02-23 01:26:33===> API : null ===> Message : validRequest() :: Api validated Successfully
info: ===> TimeStamp : 2026-02-23 01:26:33===> API : /api/booking/getUserByPhone?phone=988 ===> Message : getUserByPhone() invoked!!
info: ===> TimeStamp : 2026-02-23 01:26:33===> API : /api/booking/getUserByPhone?phone=988 ===> Message : getUserByPhone() :: Request Object :: [object Object]
info: ===> TimeStamp : 2026-02-23 01:26:33===> API : /api/booking/getUserByPhone?phone=988 ===> Message : getUserByPhone() :: DB :: Invoked !
info: ===> TimeStamp : 2026-02-23 01:26:34===> API : /api/booking/getUserByPhone?phone=988 ===> Message : getUserByPhoneResponse() invoked!
info: ===> TimeStamp : 2026-02-23 01:26:34===> API : /api/booking/getUserByPhone?phone=988 ===> Message : getUserByPhoneResponse() completed
info: ===> TimeStamp : 2026-02-23 01:26:35===> API : null ===> Message : validateRequest() invoked
info: ===> TimeStamp : 2026-02-23 01:26:35===> API : null ===> Message : fetchDBSettings()
info: ===> TimeStamp : 2026-02-23 01:26:35===> API : null ===> Message : validateRequest() Invoked!
info: ===> TimeStamp : 2026-02-23 01:26:35===> API : null ===> Message : validRequest() :: Api validated Successfully
info: ===> TimeStamp : 2026-02-23 01:26:35===> API : /api/booking/getUserByPhone?phone=988135 ===> Message : getUserByPhone() invoked!!
info: ===> TimeStamp : 2026-02-23 01:26:35===> API : /api/booking/getUserByPhone?phone=988135 ===> Message : getUserByPhone() :: Request Object :: [object Object]
info: ===> TimeStamp : 2026-02-23 01:26:35===> API : /api/booking/getUserByPhone?phone=988135 ===> Message : getUserByPhone() :: DB :: Invoked !
info: ===> TimeStamp : 2026-02-23 01:26:36===> API : /api/booking/getUserByPhone?phone=988135 ===> Message : getUserByPhoneResponse() invoked!
info: ===> TimeStamp : 2026-02-23 01:26:36===> API : /api/booking/getUserByPhone?phone=988135 ===> Message : getUserByPhoneResponse() completed
info: ===> TimeStamp : 2026-02-23 01:26:38===> API : null ===> Message : validateRequest() invoked
info: ===> TimeStamp : 2026-02-23 01:26:38===> API : null ===> Message : fetchDBSettings()
info: ===> TimeStamp : 2026-02-23 01:26:38===> API : null ===> Message : validateRequest() Invoked!
info: ===> TimeStamp : 2026-02-23 01:26:38===> API : null ===> Message : validRequest() :: Api validated Successfully
info: ===> TimeStamp : 2026-02-23 01:26:38===> API : /api/booking/getUserByPhone?phone=988135888 ===> Message : getUserByPhone() invoked!!
info: ===> TimeStamp : 2026-02-23 01:26:38===> API : /api/booking/getUserByPhone?phone=988135888 ===> Message : getUserByPhone() :: Request Object :: [object Object]
info: ===> TimeStamp : 2026-02-23 01:26:38===> API : /api/booking/getUserByPhone?phone=988135888 ===> Message : getUserByPhone() :: DB :: Invoked !
info: ===> TimeStamp : 2026-02-23 01:26:38===> API : /api/booking/getUserByPhone?phone=988135888 ===> Message : getUserByPhoneResponse() invoked!
info: ===> TimeStamp : 2026-02-23 01:26:38===> API : /api/booking/getUserByPhone?phone=988135888 ===> Message : getUserByPhoneResponse() completed
info: ===> TimeStamp : 2026-02-23 01:26:39===> API : null ===> Message : validateRequest() invoked
info: ===> TimeStamp : 2026-02-23 01:26:39===> API : null ===> Message : fetchDBSettings()
info: ===> TimeStamp : 2026-02-23 01:26:39===> API : null ===> Message : validateRequest() Invoked!
info: ===> TimeStamp : 2026-02-23 01:26:39===> API : null ===> Message : validRequest() :: Api validated Successfully
info: ===> TimeStamp : 2026-02-23 01:26:39===> API : /api/booking/getUserByPhone?phone=9881358880 ===> Message : getUserByPhone() invoked!!
info: ===> TimeStamp : 2026-02-23 01:26:39===> API : /api/booking/getUserByPhone?phone=9881358880 ===> Message : getUserByPhone() :: Request Object :: [object Object]
info: ===> TimeStamp : 2026-02-23 01:26:39===> API : /api/booking/getUserByPhone?phone=9881358880 ===> Message : getUserByPhone() :: DB :: Invoked !
info: ===> TimeStamp : 2026-02-23 01:26:39===> API : /api/booking/getUserByPhone?phone=9881358880 ===> Message : getUserByPhoneResponse() invoked!
info: ===> TimeStamp : 2026-02-23 01:26:39===> API : /api/booking/getUserByPhone?phone=9881358880 ===> Message : getUserByPhoneResponse() completed
info: ===> TimeStamp : 2026-02-23 01:27:03===> API : null ===> Message : validateRequest() invoked
info: ===> TimeStamp : 2026-02-23 01:27:03===> API : null ===> Message : fetchDBSettings()
info: ===> TimeStamp : 2026-02-23 01:27:03===> API : null ===> Message : validateRequest() Invoked!
info: ===> TimeStamp : 2026-02-23 01:27:03===> API : null ===> Message : validRequest() :: Api validated Successfully
info: ===> TimeStamp : 2026-02-23 01:27:03===> API : /api/booking/newBooking ===> Message : newBooking() :: Request Object :: [object Object]
info: ===> TimeStamp : 2026-02-23 01:27:03===> API : /api/booking/newBooking ===> Message : newBooking() invoked!!
info: ===> TimeStamp : 2026-02-23 01:27:03===> API : /api/booking/newBooking ===> Message : getUserById() :: DB :: Invoked !
info: ===> TimeStamp : 2026-02-23 01:27:03===> API : /api/booking/newBooking ===> Message : newBooking() :: DB :: Invoked !
info: ===> TimeStamp : 2026-02-23 01:27:03===> API : /api/booking/newBooking ===> Message : newBookingResponse() invoked!
info: ===> TimeStamp : 2026-02-23 01:27:03===> API : /api/booking/newBooking ===> Message : newBookingResponse() completed
info: ===> TimeStamp : 2026-02-23 01:27:20===> API : null ===> Message : validateRequest() invoked
info: ===> TimeStamp : 2026-02-23 01:27:20===> API : null ===> Message : fetchDBSettings()
info: ===> TimeStamp : 2026-02-23 01:27:20===> API : null ===> Message : validateRequest() Invoked!
info: ===> TimeStamp : 2026-02-23 01:27:20===> API : null ===> Message : validRequest() :: Api validated Successfully
info: ===> TimeStamp : 2026-02-23 01:27:20===> API : /api/booking/displayPackages ===> Message : displayPackages() invoked!!
info: ===> TimeStamp : 2026-02-23 01:27:20===> API : /api/booking/displayPackages ===> Message : displayPackages() :: DB :: Invoked !
info: ===> TimeStamp : 2026-02-23 01:27:20===> API : /api/booking/displayPackages ===> Message : displayPackagesResponse() invoked!
info: ===> TimeStamp : 2026-02-23 01:27:20===> API : /api/booking/displayPackages ===> Message : displayPackagesResponse() completed
info: ===> TimeStamp : 2026-02-23 01:35:01===> API : null ===> Message : validateRequest() invoked
info: ===> TimeStamp : 2026-02-23 01:35:01===> API : null ===> Message : fetchDBSettings()
info: ===> TimeStamp : 2026-02-23 01:35:01===> API : null ===> Message : validateRequest() Invoked!
info: ===> TimeStamp : 2026-02-23 01:35:02===> API : null ===> Message : validRequest() :: Api validated Successfully
info: ===> TimeStamp : 2026-02-23 01:35:02===> API : /api/booking/getUserByPhone?phone=904942 ===> Message : getUserByPhone() invoked!!
info: ===> TimeStamp : 2026-02-23 01:35:02===> API : /api/booking/getUserByPhone?phone=904942 ===> Message : getUserByPhone() :: Request Object :: [object Object]
info: ===> TimeStamp : 2026-02-23 01:35:02===> API : /api/booking/getUserByPhone?phone=904942 ===> Message : getUserByPhone() :: DB :: Invoked !
info: ===> TimeStamp : 2026-02-23 01:35:02===> API : /api/booking/getUserByPhone?phone=904942 ===> Message : getUserByPhoneResponse() invoked!
info: ===> TimeStamp : 2026-02-23 01:35:02===> API : /api/booking/getUserByPhone?phone=904942 ===> Message : getUserByPhoneResponse() completed
info: ===> TimeStamp : 2026-02-23 01:35:04===> API : null ===> Message : validateRequest() invoked
info: ===> TimeStamp : 2026-02-23 01:35:04===> API : null ===> Message : fetchDBSettings()
info: ===> TimeStamp : 2026-02-23 01:35:04===> API : null ===> Message : validateRequest() Invoked!
info: ===> TimeStamp : 2026-02-23 01:35:04===> API : null ===> Message : validRequest() :: Api validated Successfully
info: ===> TimeStamp : 2026-02-23 01:35:04===> API : /api/booking/getUserByPhone?phone=9049429963 ===> Message : getUserByPhone() invoked!!
info: ===> TimeStamp : 2026-02-23 01:35:04===> API : /api/booking/getUserByPhone?phone=9049429963 ===> Message : getUserByPhone() :: Request Object :: [object Object]
info: ===> TimeStamp : 2026-02-23 01:35:04===> API : /api/booking/getUserByPhone?phone=9049429963 ===> Message : getUserByPhone() :: DB :: Invoked !
info: ===> TimeStamp : 2026-02-23 01:35:05===> API : /api/booking/getUserByPhone?phone=9049429963 ===> Message : getUserByPhoneResponse() invoked!
info: ===> TimeStamp : 2026-02-23 01:35:05===> API : /api/booking/getUserByPhone?phone=9049429963 ===> Message : getUserByPhoneResponse() completed
info: ===> TimeStamp : 2026-02-23 01:35:08===> API : null ===> Message : validateRequest() invoked
info: ===> TimeStamp : 2026-02-23 01:35:08===> API : null ===> Message : fetchDBSettings()
info: ===> TimeStamp : 2026-02-23 01:35:08===> API : null ===> Message : validateRequest() Invoked!
info: ===> TimeStamp : 2026-02-23 01:35:08===> API : null ===> Message : validRequest() :: Api validated Successfully
info: ===> TimeStamp : 2026-02-23 01:35:08===> API : /api/booking/newBooking ===> Message : newBooking() invoked!!
info: ===> TimeStamp : 2026-02-23 01:35:08===> API : /api/booking/newBooking ===> Message : newBooking() :: Request Object :: [object Object]
info: ===> TimeStamp : 2026-02-23 01:35:08===> API : /api/booking/newBooking ===> Message : getUserById() :: DB :: Invoked !
info: ===> TimeStamp : 2026-02-23 01:35:08===> API : /api/booking/newBooking ===> Message : newBooking() :: DB :: Invoked !
info: ===> TimeStamp : 2026-02-23 01:35:09===> API : /api/booking/newBooking ===> Message : newBookingResponse() invoked!
info: ===> TimeStamp : 2026-02-23 01:35:09===> API : /api/booking/newBooking ===> Message : newBookingResponse() completed
info: ===> TimeStamp : 2026-02-23 01:35:33===> API : null ===> Message : validateRequest() invoked
info: ===> TimeStamp : 2026-02-23 01:35:33===> API : null ===> Message : fetchDBSettings()
info: ===> TimeStamp : 2026-02-23 01:35:33===> API : null ===> Message : validateRequest() Invoked!
info: ===> TimeStamp : 2026-02-23 01:35:33===> API : null ===> Message : validRequest() :: Api validated Successfully
info: ===> TimeStamp : 2026-02-23 01:35:33===> API : /api/booking/displayPackages ===> Message : displayPackages() invoked!!
info: ===> TimeStamp : 2026-02-23 01:35:33===> API : /api/booking/displayPackages ===> Message : displayPackages() :: DB :: Invoked !
info: ===> TimeStamp : 2026-02-23 01:35:33===> API : /api/booking/displayPackages ===> Message : displayPackagesResponse() invoked!
info: ===> TimeStamp : 2026-02-23 01:35:33===> API : /api/booking/displayPackages ===> Message : displayPackagesResponse() completed
info: ===> TimeStamp : 2026-02-23 01:39:49===> API : null ===> Message : validateRequest() invoked
info: ===> TimeStamp : 2026-02-23 01:39:49===> API : null ===> Message : fetchDBSettings()
info: ===> TimeStamp : 2026-02-23 01:39:49===> API : null ===> Message : validateRequest() Invoked!
info: ===> TimeStamp : 2026-02-23 01:39:49===> API : null ===> Message : validRequest() :: Api validated Successfully
info: ===> TimeStamp : 2026-02-23 01:39:49===> API : /api/booking/getUserByPhone?phone=98 ===> Message : getUserByPhone() invoked!!
info: ===> TimeStamp : 2026-02-23 01:39:49===> API : /api/booking/getUserByPhone?phone=98 ===> Message : getUserByPhone() :: Request Object :: [object Object]
info: ===> TimeStamp : 2026-02-23 01:39:49===> API : /api/booking/getUserByPhone?phone=98 ===> Message : getUserByPhone() :: DB :: Invoked !
info: ===> TimeStamp : 2026-02-23 01:39:49===> API : /api/booking/getUserByPhone?phone=98 ===> Message : getUserByPhoneResponse() invoked!
info: ===> TimeStamp : 2026-02-23 01:39:49===> API : /api/booking/getUserByPhone?phone=98 ===> Message : getUserByPhoneResponse() completed
info: ===> TimeStamp : 2026-02-23 01:39:50===> API : null ===> Message : validateRequest() invoked
info: ===> TimeStamp : 2026-02-23 01:39:50===> API : null ===> Message : fetchDBSettings()
info: ===> TimeStamp : 2026-02-23 01:39:50===> API : null ===> Message : validateRequest() Invoked!
info: ===> TimeStamp : 2026-02-23 01:39:50===> API : null ===> Message : validRequest() :: Api validated Successfully
info: ===> TimeStamp : 2026-02-23 01:39:50===> API : /api/booking/getUserByPhone?phone=98206 ===> Message : getUserByPhone() :: Request Object :: [object Object]
info: ===> TimeStamp : 2026-02-23 01:39:50===> API : /api/booking/getUserByPhone?phone=98206 ===> Message : getUserByPhone() invoked!!
info: ===> TimeStamp : 2026-02-23 01:39:50===> API : /api/booking/getUserByPhone?phone=98206 ===> Message : getUserByPhone() :: DB :: Invoked !
info: ===> TimeStamp : 2026-02-23 01:39:51===> API : /api/booking/getUserByPhone?phone=98206 ===> Message : getUserByPhoneResponse() invoked!
info: ===> TimeStamp : 2026-02-23 01:39:51===> API : /api/booking/getUserByPhone?phone=98206 ===> Message : getUserByPhoneResponse() completed
info: ===> TimeStamp : 2026-02-23 01:39:55===> API : null ===> Message : validateRequest() invoked
info: ===> TimeStamp : 2026-02-23 01:39:55===> API : null ===> Message : fetchDBSettings()
info: ===> TimeStamp : 2026-02-23 01:39:55===> API : null ===> Message : validateRequest() Invoked!
info: ===> TimeStamp : 2026-02-23 01:39:55===> API : null ===> Message : validRequest() :: Api validated Successfully
info: ===> TimeStamp : 2026-02-23 01:39:55===> API : /api/booking/getUserByPhone?phone=9820619633 ===> Message : getUserByPhone() invoked!!
info: ===> TimeStamp : 2026-02-23 01:39:55===> API : /api/booking/getUserByPhone?phone=9820619633 ===> Message : getUserByPhone() :: Request Object :: [object Object]
info: ===> TimeStamp : 2026-02-23 01:39:55===> API : /api/booking/getUserByPhone?phone=9820619633 ===> Message : getUserByPhone() :: DB :: Invoked !
info: ===> TimeStamp : 2026-02-23 01:39:56===> API : /api/booking/getUserByPhone?phone=9820619633 ===> Message : getUserByPhoneResponse() invoked!
info: ===> TimeStamp : 2026-02-23 01:39:56===> API : /api/booking/getUserByPhone?phone=9820619633 ===> Message : getUserByPhoneResponse() completed
info: ===> TimeStamp : 2026-02-23 01:40:31===> API : null ===> Message : validateRequest() invoked
info: ===> TimeStamp : 2026-02-23 01:40:31===> API : null ===> Message : fetchDBSettings()
info: ===> TimeStamp : 2026-02-23 01:40:31===> API : null ===> Message : validateRequest() Invoked!
info: ===> TimeStamp : 2026-02-23 01:40:31===> API : /api/booking/newBooking ===> Message : newBooking() invoked!!
info: ===> TimeStamp : 2026-02-23 01:40:31===> API : null ===> Message : validRequest() :: Api validated Successfully
info: ===> TimeStamp : 2026-02-23 01:40:31===> API : /api/booking/newBooking ===> Message : newBooking() :: Request Object :: [object Object]
info: ===> TimeStamp : 2026-02-23 01:40:31===> API : /api/booking/newBooking ===> Message : getUserById() :: DB :: Invoked !
info: ===> TimeStamp : 2026-02-23 01:40:31===> API : /api/booking/newBooking ===> Message : newBooking() :: DB :: Invoked !
info: ===> TimeStamp : 2026-02-23 01:40:32===> API : /api/booking/newBooking ===> Message : newBookingResponse() invoked!
info: ===> TimeStamp : 2026-02-23 01:40:32===> API : /api/booking/newBooking ===> Message : newBookingResponse() completed
info: ===> TimeStamp : 2026-02-23 01:40:52===> API : null ===> Message : validateRequest() invoked
info: ===> TimeStamp : 2026-02-23 01:40:52===> API : null ===> Message : fetchDBSettings()
info: ===> TimeStamp : 2026-02-23 01:40:52===> API : null ===> Message : validateRequest() Invoked!
info: ===> TimeStamp : 2026-02-23 01:40:52===> API : null ===> Message : validRequest() :: Api validated Successfully
info: ===> TimeStamp : 2026-02-23 01:40:52===> API : /api/booking/displayPackages ===> Message : displayPackages() invoked!!
info: ===> TimeStamp : 2026-02-23 01:40:52===> API : /api/booking/displayPackages ===> Message : displayPackages() :: DB :: Invoked !
info: ===> TimeStamp : 2026-02-23 01:40:52===> API : /api/booking/displayPackages ===> Message : displayPackagesResponse() invoked!
info: ===> TimeStamp : 2026-02-23 01:40:52===> API : /api/booking/displayPackages ===> Message : displayPackagesResponse() completed
info: ===> TimeStamp : 2026-02-23 02:01:23===> API : null ===> Message : validateRequest() invoked
info: ===> TimeStamp : 2026-02-23 02:01:23===> API : null ===> Message : fetchDBSettings()
info: ===> TimeStamp : 2026-02-23 02:01:23===> API : null ===> Message : validateRequest() Invoked!
info: ===> TimeStamp : 2026-02-23 02:01:23===> API : null ===> Message : validRequest() :: Api validated Successfully
info: ===> TimeStamp : 2026-02-23 02:01:23===> API : /api/booking/displayPackages ===> Message : displayPackages() invoked!!
info: ===> TimeStamp : 2026-02-23 02:01:23===> API : /api/booking/displayPackages ===> Message : displayPackages() :: DB :: Invoked !
info: ===> TimeStamp : 2026-02-23 02:01:23===> API : /api/booking/displayPackages ===> Message : displayPackagesResponse() invoked!
info: ===> TimeStamp : 2026-02-23 02:01:23===> API : /api/booking/displayPackages ===> Message : displayPackagesResponse() completed
info: ===> TimeStamp : 2026-02-23 02:11:47===> API : null ===> Message : validateRequest() invoked
info: ===> TimeStamp : 2026-02-23 02:11:47===> API : null ===> Message : fetchDBSettings()
info: ===> TimeStamp : 2026-02-23 02:11:47===> API : null ===> Message : validateRequest() Invoked!
info: ===> TimeStamp : 2026-02-23 02:11:47===> API : null ===> Message : validRequest() :: Api validated Successfully
info: ===> TimeStamp : 2026-02-23 02:11:47===> API : /api/booking/displayPackages ===> Message : displayPackages() invoked!!
info: ===> TimeStamp : 2026-02-23 02:11:47===> API : /api/booking/displayPackages ===> Message : displayPackages() :: DB :: Invoked !
info: ===> TimeStamp : 2026-02-23 02:11:47===> API : /api/booking/displayPackages ===> Message : displayPackagesResponse() invoked!
info: ===> TimeStamp : 2026-02-23 02:11:47===> API : /api/booking/displayPackages ===> Message : displayPackagesResponse() completed
info: ===> TimeStamp : 2026-02-23 02:21:21===> API : null ===> Message : validateRequest() invoked
info: ===> TimeStamp : 2026-02-23 02:21:21===> API : null ===> Message : fetchDBSettings()
info: ===> TimeStamp : 2026-02-23 02:21:21===> API : null ===> Message : validateRequest() Invoked!
info: ===> TimeStamp : 2026-02-23 02:21:21===> API : null ===> Message : validRequest() :: Api validated Successfully
info: ===> TimeStamp : 2026-02-23 02:21:21===> API : /api/booking/displayPackages ===> Message : displayPackages() invoked!!
info: ===> TimeStamp : 2026-02-23 02:21:21===> API : /api/booking/displayPackages ===> Message : displayPackages() :: DB :: Invoked !
info: ===> TimeStamp : 2026-02-23 02:21:21===> API : /api/booking/displayPackages ===> Message : displayPackagesResponse() invoked!
info: ===> TimeStamp : 2026-02-23 02:21:21===> API : /api/booking/displayPackages ===> Message : displayPackagesResponse() completed
info: ===> TimeStamp : 2026-02-23 02:21:31===> API : null ===> Message : validateRequest() invoked
info: ===> TimeStamp : 2026-02-23 02:21:31===> API : null ===> Message : fetchDBSettings()
info: ===> TimeStamp : 2026-02-23 02:21:31===> API : null ===> Message : validateRequest() Invoked!
info: ===> TimeStamp : 2026-02-23 02:21:31===> API : null ===> Message : validRequest() :: Api validated Successfully
info: ===> TimeStamp : 2026-02-23 02:21:31===> API : /api/booking/displayPackages ===> Message : displayPackages() invoked!!
info: ===> TimeStamp : 2026-02-23 02:21:31===> API : /api/booking/displayPackages ===> Message : displayPackages() :: DB :: Invoked !
info: ===> TimeStamp : 2026-02-23 02:21:31===> API : /api/booking/displayPackages ===> Message : displayPackagesResponse() invoked!
info: ===> TimeStamp : 2026-02-23 02:21:31===> API : /api/booking/displayPackages ===> Message : displayPackagesResponse() completed
info: ===> TimeStamp : 2026-02-23 02:23:31===> API : null ===> Message : validateRequest() invoked
info: ===> TimeStamp : 2026-02-23 02:23:31===> API : null ===> Message : fetchDBSettings()
info: ===> TimeStamp : 2026-02-23 02:23:31===> API : null ===> Message : validateRequest() Invoked!
info: ===> TimeStamp : 2026-02-23 02:23:31===> API : null ===> Message : validRequest() :: Api validated Successfully
info: ===> TimeStamp : 2026-02-23 02:23:31===> API : /api/booking/displayPackages ===> Message : displayPackages() invoked!!
info: ===> TimeStamp : 2026-02-23 02:23:31===> API : /api/booking/displayPackages ===> Message : displayPackages() :: DB :: Invoked !
info: ===> TimeStamp : 2026-02-23 02:23:31===> API : /api/booking/displayPackages ===> Message : displayPackagesResponse() invoked!
info: ===> TimeStamp : 2026-02-23 02:23:31===> API : /api/booking/displayPackages ===> Message : displayPackagesResponse() completed
info: ===> TimeStamp : 2026-02-23 02:24:44===> API : null ===> Message : validateRequest() invoked
info: ===> TimeStamp : 2026-02-23 02:24:44===> API : null ===> Message : fetchDBSettings()
info: ===> TimeStamp : 2026-02-23 02:24:44===> API : null ===> Message : validateRequest() Invoked!
info: ===> TimeStamp : 2026-02-23 02:24:44===> API : null ===> Message : validRequest() :: Api validated Successfully
info: ===> TimeStamp : 2026-02-23 02:24:44===> API : /api/booking/displayPackages ===> Message : displayPackages() invoked!!
info: ===> TimeStamp : 2026-02-23 02:24:44===> API : /api/booking/displayPackages ===> Message : displayPackages() :: DB :: Invoked !
info: ===> TimeStamp : 2026-02-23 02:24:44===> API : /api/booking/displayPackages ===> Message : displayPackagesResponse() invoked!
info: ===> TimeStamp : 2026-02-23 02:24:44===> API : /api/booking/displayPackages ===> Message : displayPackagesResponse() completed
info: ===> TimeStamp : 2026-02-23 02:25:40===> API : null ===> Message : validateRequest() invoked
info: ===> TimeStamp : 2026-02-23 02:25:40===> API : null ===> Message : fetchDBSettings()
info: ===> TimeStamp : 2026-02-23 02:25:40===> API : null ===> Message : validateRequest() Invoked!
info: ===> TimeStamp : 2026-02-23 02:25:40===> API : null ===> Message : validRequest() :: Api validated Successfully
info: ===> TimeStamp : 2026-02-23 02:25:40===> API : /api/booking/getUserByPhone?phone=820 ===> Message : getUserByPhone() invoked!!
info: ===> TimeStamp : 2026-02-23 02:25:40===> API : /api/booking/getUserByPhone?phone=820 ===> Message : getUserByPhone() :: Request Object :: [object Object]
info: ===> TimeStamp : 2026-02-23 02:25:40===> API : /api/booking/getUserByPhone?phone=820 ===> Message : getUserByPhone() :: DB :: Invoked !
info: ===> TimeStamp : 2026-02-23 02:25:41===> API : /api/booking/getUserByPhone?phone=820 ===> Message : getUserByPhoneResponse() invoked!
info: ===> TimeStamp : 2026-02-23 02:25:41===> API : /api/booking/getUserByPhone?phone=820 ===> Message : getUserByPhoneResponse() completed
info: ===> TimeStamp : 2026-02-23 02:25:48===> API : null ===> Message : validateRequest() invoked
info: ===> TimeStamp : 2026-02-23 02:25:48===> API : null ===> Message : fetchDBSettings()
info: ===> TimeStamp : 2026-02-23 02:25:48===> API : null ===> Message : validateRequest() Invoked!
info: ===> TimeStamp : 2026-02-23 02:25:48===> API : null ===> Message : validRequest() :: Api validated Successfully
info: ===> TimeStamp : 2026-02-23 02:25:48===> API : /api/booking/getUserByPhone?phone=8208027127 ===> Message : getUserByPhone() invoked!!
info: ===> TimeStamp : 2026-02-23 02:25:48===> API : /api/booking/getUserByPhone?phone=8208027127 ===> Message : getUserByPhone() :: Request Object :: [object Object]
info: ===> TimeStamp : 2026-02-23 02:25:48===> API : /api/booking/getUserByPhone?phone=8208027127 ===> Message : getUserByPhone() :: DB :: Invoked !
info: ===> TimeStamp : 2026-02-23 02:25:49===> API : /api/booking/getUserByPhone?phone=8208027127 ===> Message : getUserByPhoneResponse() invoked!
info: ===> TimeStamp : 2026-02-23 02:25:49===> API : /api/booking/getUserByPhone?phone=8208027127 ===> Message : getUserByPhoneResponse() completed
info: ===> TimeStamp : 2026-02-23 02:26:56===> API : null ===> Message : validateRequest() invoked
info: ===> TimeStamp : 2026-02-23 02:26:56===> API : null ===> Message : fetchDBSettings()
info: ===> TimeStamp : 2026-02-23 02:26:56===> API : null ===> Message : validateRequest() Invoked!
info: ===> TimeStamp : 2026-02-23 02:26:56===> API : null ===> Message : validRequest() :: Api validated Successfully
info: ===> TimeStamp : 2026-02-23 02:26:56===> API : /api/booking/newBooking ===> Message : newBooking() invoked!!
info: ===> TimeStamp : 2026-02-23 02:26:56===> API : /api/booking/newBooking ===> Message : newBooking() :: Request Object :: [object Object]
info: ===> TimeStamp : 2026-02-23 02:26:56===> API : /api/booking/newBooking ===> Message : getUserById() :: DB :: Invoked !
info: ===> TimeStamp : 2026-02-23 02:26:56===> API : /api/booking/newBooking ===> Message : newBooking() :: DB :: Invoked !
info: ===> TimeStamp : 2026-02-23 02:26:56===> API : /api/booking/newBooking ===> Message : newBookingResponse() invoked!
info: ===> TimeStamp : 2026-02-23 02:26:56===> API : /api/booking/newBooking ===> Message : newBookingResponse() completed
info: ===> TimeStamp : 2026-02-23 02:27:11===> API : null ===> Message : validateRequest() invoked
info: ===> TimeStamp : 2026-02-23 02:27:11===> API : null ===> Message : fetchDBSettings()
info: ===> TimeStamp : 2026-02-23 02:27:11===> API : null ===> Message : validateRequest() Invoked!
info: ===> TimeStamp : 2026-02-23 02:27:11===> API : null ===> Message : validRequest() :: Api validated Successfully
info: ===> TimeStamp : 2026-02-23 02:27:11===> API : /api/booking/displayPackages ===> Message : displayPackages() invoked!!
info: ===> TimeStamp : 2026-02-23 02:27:11===> API : /api/booking/displayPackages ===> Message : displayPackages() :: DB :: Invoked !
info: ===> TimeStamp : 2026-02-23 02:27:11===> API : /api/booking/displayPackages ===> Message : displayPackagesResponse() invoked!
info: ===> TimeStamp : 2026-02-23 02:27:11===> API : /api/booking/displayPackages ===> Message : displayPackagesResponse() completed
info: ===> TimeStamp : 2026-02-23 02:28:07===> API : null ===> Message : validateRequest() invoked
info: ===> TimeStamp : 2026-02-23 02:28:07===> API : null ===> Message : fetchDBSettings()
info: ===> TimeStamp : 2026-02-23 02:28:07===> API : null ===> Message : validateRequest() invoked
info: ===> TimeStamp : 2026-02-23 02:28:07===> API : null ===> Message : fetchDBSettings()
info: ===> TimeStamp : 2026-02-23 02:28:07===> API : null ===> Message : validateRequest() Invoked!
info: ===> TimeStamp : 2026-02-23 02:28:07===> API : null ===> Message : validateRequest() Invoked!
info: ===> TimeStamp : 2026-02-23 02:28:07===> API : null ===> Message : validRequest() :: Api validated Successfully
info: ===> TimeStamp : 2026-02-23 02:28:07===> API : /api/booking/displayPackages ===> Message : displayPackages() :: DB :: Invoked !
info: ===> TimeStamp : 2026-02-23 02:28:07===> API : /api/booking/displayPackages ===> Message : displayPackages() invoked!!
info: ===> TimeStamp : 2026-02-23 02:28:07===> API : /api/booking/displayPackages ===> Message : displayPackagesResponse() invoked!
info: ===> TimeStamp : 2026-02-23 02:28:07===> API : /api/booking/displayPackages ===> Message : displayPackagesResponse() completed
info: ===> TimeStamp : 2026-02-23 02:28:07===> API : null ===> Message : validRequest() :: Api validated Successfully
info: ===> TimeStamp : 2026-02-23 02:28:07===> API : /api/booking/fetchBookings?futureDate=2026-02-22 ===> Message : fetchBookings() invoked!!
info: ===> TimeStamp : 2026-02-23 02:28:07===> API : /api/booking/fetchBookings?futureDate=2026-02-22 ===> Message : fetchBookings() :: Request Object :: [object Object]
info: ===> TimeStamp : 2026-02-23 02:28:07===> API : /api/booking/fetchBookings?futureDate=2026-02-22 ===> Message : fetchBookings() :: DB :: Invoked !
info: ===> TimeStamp : 2026-02-23 02:28:08===> API : /api/booking/fetchBookings?futureDate=2026-02-22 ===> Message : fetchBookingsResponse() invoked!
info: ===> TimeStamp : 2026-02-23 02:28:08===> API : /api/booking/fetchBookings?futureDate=2026-02-22 ===> Message : fetchBookingsResponse() completed
info: ===> TimeStamp : 2026-02-23 02:28:08===> API : null ===> Message : validateRequest() invoked
info: ===> TimeStamp : 2026-02-23 02:28:08===> API : null ===> Message : fetchDBSettings()
info: ===> TimeStamp : 2026-02-23 02:28:08===> API : null ===> Message : validateRequest() Invoked!
info: ===> TimeStamp : 2026-02-23 02:28:08===> API : null ===> Message : validRequest() :: Api validated Successfully
info: ===> TimeStamp : 2026-02-23 02:28:08===> API : /api/booking/fetchBookings?futureDate=2026-02-22 ===> Message : fetchBookings() invoked!!
info: ===> TimeStamp : 2026-02-23 02:28:08===> API : /api/booking/fetchBookings?futureDate=2026-02-22 ===> Message : fetchBookings() :: Request Object :: [object Object]
info: ===> TimeStamp : 2026-02-23 02:28:08===> API : /api/booking/fetchBookings?futureDate=2026-02-22 ===> Message : fetchBookings() :: DB :: Invoked !
info: ===> TimeStamp : 2026-02-23 02:28:09===> API : /api/booking/fetchBookings?futureDate=2026-02-22 ===> Message : fetchBookingsResponse() invoked!
info: ===> TimeStamp : 2026-02-23 02:28:09===> API : /api/booking/fetchBookings?futureDate=2026-02-22 ===> Message : fetchBookingsResponse() completed
info: ===> TimeStamp : 2026-02-23 02:31:02===> API : null ===> Message : validateRequest() invoked
info: ===> TimeStamp : 2026-02-23 02:31:02===> API : null ===> Message : fetchDBSettings()
info: ===> TimeStamp : 2026-02-23 02:31:02===> API : null ===> Message : validateRequest() Invoked!
info: ===> TimeStamp : 2026-02-23 02:31:02===> API : null ===> Message : validRequest() :: Api validated Successfully
info: ===> TimeStamp : 2026-02-23 02:31:02===> API : /api/booking/displayPackages ===> Message : displayPackages() invoked!!
info: ===> TimeStamp : 2026-02-23 02:31:02===> API : /api/booking/displayPackages ===> Message : displayPackages() :: DB :: Invoked !
info: ===> TimeStamp : 2026-02-23 02:31:02===> API : /api/booking/displayPackages ===> Message : displayPackagesResponse() invoked!
info: ===> TimeStamp : 2026-02-23 02:31:02===> API : /api/booking/displayPackages ===> Message : displayPackagesResponse() completed
info: ===> TimeStamp : 2026-02-23 02:39:15===> API : null ===> Message : validateRequest() invoked
info: ===> TimeStamp : 2026-02-23 02:39:15===> API : null ===> Message : fetchDBSettings()
info: ===> TimeStamp : 2026-02-23 02:39:15===> API : null ===> Message : validateRequest() Invoked!
info: ===> TimeStamp : 2026-02-23 02:39:15===> API : null ===> Message : validRequest() :: Api validated Successfully
info: ===> TimeStamp : 2026-02-23 02:39:15===> API : /api/booking/displayPackages ===> Message : displayPackages() invoked!!
info: ===> TimeStamp : 2026-02-23 02:39:15===> API : /api/booking/displayPackages ===> Message : displayPackages() :: DB :: Invoked !
info: ===> TimeStamp : 2026-02-23 02:39:15===> API : /api/booking/displayPackages ===> Message : displayPackagesResponse() invoked!
info: ===> TimeStamp : 2026-02-23 02:39:15===> API : /api/booking/displayPackages ===> Message : displayPackagesResponse() completed
info: ===> TimeStamp : 2026-02-23 02:39:25===> API : null ===> Message : validateRequest() invoked
info: ===> TimeStamp : 2026-02-23 02:39:25===> API : null ===> Message : fetchDBSettings()
info: ===> TimeStamp : 2026-02-23 02:39:25===> API : null ===> Message : validateRequest() Invoked!
info: ===> TimeStamp : 2026-02-23 02:39:25===> API : null ===> Message : validRequest() :: Api validated Successfully
info: ===> TimeStamp : 2026-02-23 02:39:25===> API : /api/booking/displayPackages ===> Message : displayPackages() invoked!!
info: ===> TimeStamp : 2026-02-23 02:39:25===> API : /api/booking/displayPackages ===> Message : displayPackages() :: DB :: Invoked !
info: ===> TimeStamp : 2026-02-23 02:39:25===> API : /api/booking/displayPackages ===> Message : displayPackagesResponse() invoked!
info: ===> TimeStamp : 2026-02-23 02:39:25===> API : /api/booking/displayPackages ===> Message : displayPackagesResponse() completed
info: ===> TimeStamp : 2026-02-23 02:39:46===> API : null ===> Message : validateRequest() invoked
info: ===> TimeStamp : 2026-02-23 02:39:46===> API : null ===> Message : fetchDBSettings()
info: ===> TimeStamp : 2026-02-23 02:39:46===> API : null ===> Message : validateRequest() Invoked!
info: ===> TimeStamp : 2026-02-23 02:39:46===> API : null ===> Message : validRequest() :: Api validated Successfully
info: ===> TimeStamp : 2026-02-23 02:39:46===> API : /api/booking/getUserByPhone?phone=9686 ===> Message : getUserByPhone() invoked!!
info: ===> TimeStamp : 2026-02-23 02:39:46===> API : /api/booking/getUserByPhone?phone=9686 ===> Message : getUserByPhone() :: Request Object :: [object Object]
info: ===> TimeStamp : 2026-02-23 02:39:46===> API : /api/booking/getUserByPhone?phone=9686 ===> Message : getUserByPhone() :: DB :: Invoked !
info: ===> TimeStamp : 2026-02-23 02:39:47===> API : /api/booking/getUserByPhone?phone=9686 ===> Message : getUserByPhoneResponse() invoked!
info: ===> TimeStamp : 2026-02-23 02:39:47===> API : /api/booking/getUserByPhone?phone=9686 ===> Message : getUserByPhoneResponse() completed
info: ===> TimeStamp : 2026-02-23 02:39:48===> API : null ===> Message : validateRequest() invoked
info: ===> TimeStamp : 2026-02-23 02:39:48===> API : null ===> Message : fetchDBSettings()
info: ===> TimeStamp : 2026-02-23 02:39:48===> API : null ===> Message : validateRequest() Invoked!
info: ===> TimeStamp : 2026-02-23 02:39:48===> API : null ===> Message : validRequest() :: Api validated Successfully
info: ===> TimeStamp : 2026-02-23 02:39:48===> API : /api/booking/getUserByPhone?phone=9686009 ===> Message : getUserByPhone() invoked!!
info: ===> TimeStamp : 2026-02-23 02:39:48===> API : /api/booking/getUserByPhone?phone=9686009 ===> Message : getUserByPhone() :: Request Object :: [object Object]
info: ===> TimeStamp : 2026-02-23 02:39:48===> API : /api/booking/getUserByPhone?phone=9686009 ===> Message : getUserByPhone() :: DB :: Invoked !
info: ===> TimeStamp : 2026-02-23 02:39:49===> API : /api/booking/getUserByPhone?phone=9686009 ===> Message : getUserByPhoneResponse() invoked!
info: ===> TimeStamp : 2026-02-23 02:39:49===> API : /api/booking/getUserByPhone?phone=9686009 ===> Message : getUserByPhoneResponse() completed
info: ===> TimeStamp : 2026-02-23 02:39:50===> API : null ===> Message : validateRequest() invoked
info: ===> TimeStamp : 2026-02-23 02:39:50===> API : null ===> Message : fetchDBSettings()
info: ===> TimeStamp : 2026-02-23 02:39:50===> API : null ===> Message : validateRequest() Invoked!
info: ===> TimeStamp : 2026-02-23 02:39:50===> API : null ===> Message : validRequest() :: Api validated Successfully
info: ===> TimeStamp : 2026-02-23 02:39:50===> API : /api/booking/getUserByPhone?phone=968600900 ===> Message : getUserByPhone() :: Request Object :: [object Object]
info: ===> TimeStamp : 2026-02-23 02:39:50===> API : /api/booking/getUserByPhone?phone=968600900 ===> Message : getUserByPhone() invoked!!
info: ===> TimeStamp : 2026-02-23 02:39:50===> API : /api/booking/getUserByPhone?phone=968600900 ===> Message : getUserByPhone() :: DB :: Invoked !
info: ===> TimeStamp : 2026-02-23 02:39:50===> API : /api/booking/getUserByPhone?phone=968600900 ===> Message : getUserByPhoneResponse() invoked!
info: ===> TimeStamp : 2026-02-23 02:39:50===> API : /api/booking/getUserByPhone?phone=968600900 ===> Message : getUserByPhoneResponse() completed
info: ===> TimeStamp : 2026-02-23 02:39:51===> API : null ===> Message : validateRequest() invoked
info: ===> TimeStamp : 2026-02-23 02:39:51===> API : null ===> Message : fetchDBSettings()
info: ===> TimeStamp : 2026-02-23 02:39:51===> API : null ===> Message : validateRequest() Invoked!
info: ===> TimeStamp : 2026-02-23 02:39:51===> API : null ===> Message : validRequest() :: Api validated Successfully
info: ===> TimeStamp : 2026-02-23 02:39:51===> API : /api/booking/getUserByPhone?phone=9686009007 ===> Message : getUserByPhone() invoked!!
info: ===> TimeStamp : 2026-02-23 02:39:51===> API : /api/booking/getUserByPhone?phone=9686009007 ===> Message : getUserByPhone() :: Request Object :: [object Object]
info: ===> TimeStamp : 2026-02-23 02:39:51===> API : /api/booking/getUserByPhone?phone=9686009007 ===> Message : getUserByPhone() :: DB :: Invoked !
info: ===> TimeStamp : 2026-02-23 02:39:52===> API : /api/booking/getUserByPhone?phone=9686009007 ===> Message : getUserByPhoneResponse() invoked!
info: ===> TimeStamp : 2026-02-23 02:39:52===> API : /api/booking/getUserByPhone?phone=9686009007 ===> Message : getUserByPhoneResponse() completed
info: ===> TimeStamp : 2026-02-23 02:41:18===> API : null ===> Message : validateRequest() invoked
info: ===> TimeStamp : 2026-02-23 02:41:18===> API : null ===> Message : fetchDBSettings()
info: ===> TimeStamp : 2026-02-23 02:41:18===> API : null ===> Message : validateRequest() Invoked!
info: ===> TimeStamp : 2026-02-23 02:41:18===> API : null ===> Message : validRequest() :: Api validated Successfully
info: ===> TimeStamp : 2026-02-23 02:41:18===> API : /api/booking/newBooking ===> Message : newBooking() invoked!!
info: ===> TimeStamp : 2026-02-23 02:41:18===> API : /api/booking/newBooking ===> Message : newBooking() :: Request Object :: [object Object]
info: ===> TimeStamp : 2026-02-23 02:41:18===> API : /api/booking/newBooking ===> Message : getUserById() :: DB :: Invoked !
info: ===> TimeStamp : 2026-02-23 02:41:18===> API : /api/booking/newBooking ===> Message : newBooking() :: DB :: Invoked !
info: ===> TimeStamp : 2026-02-23 02:41:19===> API : /api/booking/newBooking ===> Message : newBookingResponse() invoked!
info: ===> TimeStamp : 2026-02-23 02:41:19===> API : /api/booking/newBooking ===> Message : newBookingResponse() completed
info: ===> TimeStamp : 2026-02-23 02:41:36===> API : null ===> Message : validateRequest() invoked
info: ===> TimeStamp : 2026-02-23 02:41:36===> API : null ===> Message : fetchDBSettings()
info: ===> TimeStamp : 2026-02-23 02:41:36===> API : null ===> Message : validateRequest() Invoked!
info: ===> TimeStamp : 2026-02-23 02:41:36===> API : null ===> Message : validRequest() :: Api validated Successfully
info: ===> TimeStamp : 2026-02-23 02:41:36===> API : /api/booking/displayPackages ===> Message : displayPackages() invoked!!
info: ===> TimeStamp : 2026-02-23 02:41:36===> API : /api/booking/displayPackages ===> Message : displayPackages() :: DB :: Invoked !
info: ===> TimeStamp : 2026-02-23 02:41:36===> API : /api/booking/displayPackages ===> Message : displayPackagesResponse() invoked!
info: ===> TimeStamp : 2026-02-23 02:41:36===> API : /api/booking/displayPackages ===> Message : displayPackagesResponse() completed
info: ===> TimeStamp : 2026-02-23 02:58:32===> API : null ===> Message : validateRequest() invoked
info: ===> TimeStamp : 2026-02-23 02:58:32===> API : null ===> Message : fetchDBSettings()
info: ===> TimeStamp : 2026-02-23 02:58:32===> API : null ===> Message : validateRequest() Invoked!
info: ===> TimeStamp : 2026-02-23 02:58:32===> API : null ===> Message : validRequest() :: Api validated Successfully
info: ===> TimeStamp : 2026-02-23 02:58:32===> API : /api/booking/displayPackages ===> Message : displayPackages() :: DB :: Invoked !
info: ===> TimeStamp : 2026-02-23 02:58:32===> API : /api/booking/displayPackages ===> Message : displayPackages() invoked!!
info: ===> TimeStamp : 2026-02-23 02:58:32===> API : /api/booking/displayPackages ===> Message : displayPackagesResponse() invoked!
info: ===> TimeStamp : 2026-02-23 02:58:32===> API : /api/booking/displayPackages ===> Message : displayPackagesResponse() completed
info: ===> TimeStamp : 2026-02-23 03:15:31===> API : null ===> Message : validateRequest() invoked
info: ===> TimeStamp : 2026-02-23 03:15:31===> API : null ===> Message : fetchDBSettings()
info: ===> TimeStamp : 2026-02-23 03:15:31===> API : null ===> Message : validateRequest() Invoked!
info: ===> TimeStamp : 2026-02-23 03:15:31===> API : null ===> Message : validRequest() :: Api validated Successfully
info: ===> TimeStamp : 2026-02-23 03:15:31===> API : /api/booking/displayPackages ===> Message : displayPackages() invoked!!
info: ===> TimeStamp : 2026-02-23 03:15:31===> API : /api/booking/displayPackages ===> Message : displayPackages() :: DB :: Invoked !
info: ===> TimeStamp : 2026-02-23 03:15:31===> API : /api/booking/displayPackages ===> Message : displayPackagesResponse() invoked!
info: ===> TimeStamp : 2026-02-23 03:15:31===> API : /api/booking/displayPackages ===> Message : displayPackagesResponse() completed
info: ===> TimeStamp : 2026-02-23 03:21:31===> API : null ===> Message : validateRequest() invoked
info: ===> TimeStamp : 2026-02-23 03:21:31===> API : null ===> Message : fetchDBSettings()
info: ===> TimeStamp : 2026-02-23 03:21:31===> API : null ===> Message : validateRequest() Invoked!
info: ===> TimeStamp : 2026-02-23 03:21:31===> API : null ===> Message : validRequest() :: Api validated Successfully
info: ===> TimeStamp : 2026-02-23 03:21:31===> API : /api/booking/displayPackages ===> Message : displayPackages() invoked!!
info: ===> TimeStamp : 2026-02-23 03:21:31===> API : /api/booking/displayPackages ===> Message : displayPackages() :: DB :: Invoked !
info: ===> TimeStamp : 2026-02-23 03:21:32===> API : /api/booking/displayPackages ===> Message : displayPackagesResponse() invoked!
info: ===> TimeStamp : 2026-02-23 03:21:32===> API : /api/booking/displayPackages ===> Message : displayPackagesResponse() completed
info: ===> TimeStamp : 2026-02-23 04:04:44===> API : null ===> Message : validateRequest() invoked
info: ===> TimeStamp : 2026-02-23 04:04:44===> API : null ===> Message : fetchDBSettings()
info: ===> TimeStamp : 2026-02-23 04:04:44===> API : null ===> Message : validateRequest() Invoked!
info: ===> TimeStamp : 2026-02-23 04:04:44===> API : null ===> Message : validRequest() :: Api validated Successfully
info: ===> TimeStamp : 2026-02-23 04:04:44===> API : /api/booking/displayPackages ===> Message : displayPackages() invoked!!
info: ===> TimeStamp : 2026-02-23 04:04:44===> API : /api/booking/displayPackages ===> Message : displayPackages() :: DB :: Invoked !
info: ===> TimeStamp : 2026-02-23 04:04:45===> API : /api/booking/displayPackages ===> Message : displayPackagesResponse() invoked!
info: ===> TimeStamp : 2026-02-23 04:04:45===> API : /api/booking/displayPackages ===> Message : displayPackagesResponse() completed
info: ===> TimeStamp : 2026-02-23 04:28:16===> API : null ===> Message : validateRequest() invoked
info: ===> TimeStamp : 2026-02-23 04:28:16===> API : null ===> Message : fetchDBSettings()
info: ===> TimeStamp : 2026-02-23 04:28:16===> API : null ===> Message : validateRequest() Invoked!
info: ===> TimeStamp : 2026-02-23 04:28:16===> API : null ===> Message : validRequest() :: Api validated Successfully
info: ===> TimeStamp : 2026-02-23 04:28:16===> API : /api/booking/displayPackages ===> Message : displayPackages() invoked!!
info: ===> TimeStamp : 2026-02-23 04:28:16===> API : /api/booking/displayPackages ===> Message : displayPackages() :: DB :: Invoked !
info: ===> TimeStamp : 2026-02-23 04:28:16===> API : /api/booking/displayPackages ===> Message : displayPackagesResponse() invoked!
info: ===> TimeStamp : 2026-02-23 04:28:16===> API : /api/booking/displayPackages ===> Message : displayPackagesResponse() completed
info: ===> TimeStamp : 2026-02-23 04:28:21===> API : null ===> Message : validateRequest() invoked
info: ===> TimeStamp : 2026-02-23 04:28:21===> API : null ===> Message : fetchDBSettings()
info: ===> TimeStamp : 2026-02-23 04:28:21===> API : null ===> Message : validateRequest() Invoked!
info: ===> TimeStamp : 2026-02-23 04:28:21===> API : null ===> Message : validRequest() :: Api validated Successfully
info: ===> TimeStamp : 2026-02-23 04:28:21===> API : /api/booking/displayPackages ===> Message : displayPackages() invoked!!
info: ===> TimeStamp : 2026-02-23 04:28:21===> API : /api/booking/displayPackages ===> Message : displayPackages() :: DB :: Invoked !
info: ===> TimeStamp : 2026-02-23 04:28:21===> API : /api/booking/displayPackages ===> Message : displayPackagesResponse() invoked!
info: ===> TimeStamp : 2026-02-23 04:28:21===> API : /api/booking/displayPackages ===> Message : displayPackagesResponse() completed
info: ===> TimeStamp : 2026-02-23 04:31:46===> API : null ===> Message : validateRequest() invoked
info: ===> TimeStamp : 2026-02-23 04:31:46===> API : null ===> Message : validateRequest() Error:: Invalid Request :: 
      {"apiUri":"/"}
info: ===> TimeStamp : 2026-02-23 04:36:23===> API : null ===> Message : validateRequest() invoked
info: ===> TimeStamp : 2026-02-23 04:36:23===> API : null ===> Message : validateRequest() Error:: Invalid Request :: 
      {"apiUri":"/"}
info: ===> TimeStamp : 2026-02-23 04:36:24===> API : null ===> Message : validateRequest() invoked
info: ===> TimeStamp : 2026-02-23 04:36:24===> API : null ===> Message : validateRequest() Error:: Invalid Request :: 
      {"apiUri":"/server"}
info: ===> TimeStamp : 2026-02-23 04:36:25===> API : null ===> Message : validateRequest() invoked
info: ===> TimeStamp : 2026-02-23 04:36:25===> API : null ===> Message : validateRequest() Error:: Invalid Request :: 
      {"apiUri":"/server-status"}
info: ===> TimeStamp : 2026-02-23 04:36:26===> API : null ===> Message : validateRequest() invoked
info: ===> TimeStamp : 2026-02-23 04:36:26===> API : null ===> Message : validateRequest() Error:: Invalid Request :: 
      {"apiUri":"/about"}
info: ===> TimeStamp : 2026-02-23 04:36:27===> API : null ===> Message : validateRequest() invoked
info: ===> TimeStamp : 2026-02-23 04:36:27===> API : null ===> Message : validateRequest() Error:: Invalid Request :: 
      {"apiUri":"/login.action"}
info: ===> TimeStamp : 2026-02-23 04:36:28===> API : null ===> Message : validateRequest() invoked
info: ===> TimeStamp : 2026-02-23 04:36:28===> API : null ===> Message : validateRequest() Error:: Invalid Request :: 
      {"apiUri":"/v2/_catalog"}
info: ===> TimeStamp : 2026-02-23 04:36:29===> API : null ===> Message : validateRequest() invoked
info: ===> TimeStamp : 2026-02-23 04:36:29===> API : null ===> Message : validateRequest() Error:: Invalid Request :: 
      {"apiUri":"/.DS_Store"}
info: ===> TimeStamp : 2026-02-23 04:36:30===> API : null ===> Message : validateRequest() Error:: Invalid Request :: 
      {"apiUri":"/.env"}
info: ===> TimeStamp : 2026-02-23 04:36:30===> API : null ===> Message : validateRequest() invoked
info: ===> TimeStamp : 2026-02-23 04:36:32===> API : null ===> Message : validateRequest() invoked
info: ===> TimeStamp : 2026-02-23 04:36:32===> API : null ===> Message : validateRequest() Error:: Invalid Request :: 
      {"apiUri":"/ecp/Current/exporttool/microsoft.exchange.ediscovery.exporttool.application"}
info: ===> TimeStamp : 2026-02-23 04:36:34===> API : null ===> Message : validateRequest() invoked
info: ===> TimeStamp : 2026-02-23 04:36:34===> API : null ===> Message : validateRequest() Error:: Invalid Request :: 
      {"apiUri":"/.git/config"}
info: ===> TimeStamp : 2026-02-23 04:36:35===> API : null ===> Message : validateRequest() invoked
info: ===> TimeStamp : 2026-02-23 04:36:35===> API : null ===> Message : validateRequest() Error:: Invalid Request :: 
      {"apiUri":"/graphql"}
info: ===> TimeStamp : 2026-02-23 04:36:35===> API : null ===> Message : validateRequest() invoked
info: ===> TimeStamp : 2026-02-23 04:36:35===> API : null ===> Message : validateRequest() Error:: Invalid Request :: 
      {"apiUri":"/api"}
info: ===> TimeStamp : 2026-02-23 04:36:36===> API : null ===> Message : validateRequest() invoked
info: ===> TimeStamp : 2026-02-23 04:36:36===> API : null ===> Message : validateRequest() Error:: Invalid Request :: 
      {"apiUri":"/api/graphql"}
info: ===> TimeStamp : 2026-02-23 04:36:36===> API : null ===> Message : validateRequest() invoked
info: ===> TimeStamp : 2026-02-23 04:36:36===> API : null ===> Message : validateRequest() Error:: Invalid Request :: 
      {"apiUri":"/graphql/api"}
info: ===> TimeStamp : 2026-02-23 04:36:36===> API : null ===> Message : validateRequest() invoked
info: ===> TimeStamp : 2026-02-23 04:36:36===> API : null ===> Message : validateRequest() Error:: Invalid Request :: 
      {"apiUri":"/api/gql"}
info: ===> TimeStamp : 2026-02-23 04:36:37===> API : null ===> Message : validateRequest() invoked
info: ===> TimeStamp : 2026-02-23 04:36:37===> API : null ===> Message : validateRequest() Error:: Invalid Request :: 
      {"apiUri":"/s/535313e27313e273e233/_/;/META-INF/maven/com.atlassian.jira/jira-webapp-dist/pom.properties"}
info: ===> TimeStamp : 2026-02-23 04:36:38===> API : null ===> Message : validateRequest() invoked
info: ===> TimeStamp : 2026-02-23 04:36:38===> API : null ===> Message : validateRequest() Error:: Invalid Request :: 
      {"apiUri":"/config.json"}
info: ===> TimeStamp : 2026-02-23 04:36:39===> API : null ===> Message : validateRequest() invoked
info: ===> TimeStamp : 2026-02-23 04:36:39===> API : null ===> Message : validateRequest() Error:: Invalid Request :: 
      {"apiUri":"/telescope/requests"}
info: ===> TimeStamp : 2026-02-23 04:36:40===> API : null ===> Message : validateRequest() invoked
info: ===> TimeStamp : 2026-02-23 04:36:40===> API : null ===> Message : validateRequest() Error:: Invalid Request :: 
      {"apiUri":"/php-cgi/php-cgi.exe"}
info: ===> TimeStamp : 2026-02-23 04:36:41===> API : null ===> Message : validateRequest() invoked
info: ===> TimeStamp : 2026-02-23 04:36:41===> API : null ===> Message : validateRequest() Error:: Invalid Request :: 
      {"apiUri":"/info.php"}
info: ===> TimeStamp : 2026-02-23 04:36:42===> API : null ===> Message : validateRequest() invoked
info: ===> TimeStamp : 2026-02-23 04:36:42===> API : null ===> Message : validateRequest() Error:: Invalid Request :: 
      {"apiUri":"/.well-known/security.txt"}
info: ===> TimeStamp : 2026-02-23 04:36:43===> API : null ===> Message : validateRequest() invoked
info: ===> TimeStamp : 2026-02-23 04:36:43===> API : null ===> Message : validateRequest() Error:: Invalid Request :: 
      {"apiUri":"/actuator/env"}
info: ===> TimeStamp : 2026-02-23 04:36:45===> API : null ===> Message : validateRequest() invoked
info: ===> TimeStamp : 2026-02-23 04:36:45===> API : null ===> Message : validateRequest() Error:: Invalid Request :: 
      {"apiUri":"/swagger-ui.html"}
info: ===> TimeStamp : 2026-02-23 04:36:46===> API : null ===> Message : validateRequest() invoked
info: ===> TimeStamp : 2026-02-23 04:36:46===> API : null ===> Message : validateRequest() Error:: Invalid Request :: 
      {"apiUri":"/swagger/index.html"}
info: ===> TimeStamp : 2026-02-23 04:36:47===> API : null ===> Message : validateRequest() invoked
info: ===> TimeStamp : 2026-02-23 04:36:47===> API : null ===> Message : validateRequest() Error:: Invalid Request :: 
      {"apiUri":"/swagger/swagger-ui.html"}
info: ===> TimeStamp : 2026-02-23 04:36:48===> API : null ===> Message : validateRequest() invoked
info: ===> TimeStamp : 2026-02-23 04:36:48===> API : null ===> Message : validateRequest() Error:: Invalid Request :: 
      {"apiUri":"/webjars/swagger-ui/index.html"}
info: ===> TimeStamp : 2026-02-23 04:36:49===> API : null ===> Message : validateRequest() invoked
info: ===> TimeStamp : 2026-02-23 04:36:49===> API : null ===> Message : validateRequest() Error:: Invalid Request :: 
      {"apiUri":"/swagger.json"}
info: ===> TimeStamp : 2026-02-23 04:36:50===> API : null ===> Message : validateRequest() invoked
info: ===> TimeStamp : 2026-02-23 04:36:50===> API : null ===> Message : validateRequest() Error:: Invalid Request :: 
      {"apiUri":"/swagger/v1/swagger.json"}
info: ===> TimeStamp : 2026-02-23 04:36:51===> API : null ===> Message : validateRequest() invoked
info: ===> TimeStamp : 2026-02-23 04:36:51===> API : null ===> Message : validateRequest() Error:: Invalid Request :: 
      {"apiUri":"/v2/api-docs"}
info: ===> TimeStamp : 2026-02-23 04:36:52===> API : null ===> Message : validateRequest() invoked
info: ===> TimeStamp : 2026-02-23 04:36:52===> API : null ===> Message : validateRequest() Error:: Invalid Request :: 
      {"apiUri":"/v3/api-docs"}
info: ===> TimeStamp : 2026-02-23 04:36:53===> API : null ===> Message : validateRequest() invoked
info: ===> TimeStamp : 2026-02-23 04:36:53===> API : null ===> Message : validateRequest() Error:: Invalid Request :: 
      {"apiUri":"/api-docs/swagger.json"}
info: ===> TimeStamp : 2026-02-23 04:36:54===> API : null ===> Message : validateRequest() invoked
info: ===> TimeStamp : 2026-02-23 04:36:54===> API : null ===> Message : validateRequest() Error:: Invalid Request :: 
      {"apiUri":"/api/swagger.json"}
info: ===> TimeStamp : 2026-02-23 04:36:55===> API : null ===> Message : validateRequest() invoked
info: ===> TimeStamp : 2026-02-23 04:36:55===> API : null ===> Message : validateRequest() Error:: Invalid Request :: 
      {"apiUri":"/@vite/env"}
info: ===> TimeStamp : 2026-02-23 04:36:56===> API : null ===> Message : validateRequest() invoked
info: ===> TimeStamp : 2026-02-23 04:36:56===> API : null ===> Message : validateRequest() Error:: Invalid Request :: 
      {"apiUri":"/.vscode/sftp.json"}
info: ===> TimeStamp : 2026-02-23 04:36:58===> API : null ===> Message : validateRequest() invoked
info: ===> TimeStamp : 2026-02-23 04:36:58===> API : null ===> Message : validateRequest() Error:: Invalid Request :: 
      {"apiUri":"/"}
info: ===> TimeStamp : 2026-02-23 04:36:59===> API : null ===> Message : validateRequest() invoked
info: ===> TimeStamp : 2026-02-23 04:36:59===> API : null ===> Message : validateRequest() Error:: Invalid Request :: 
      {"apiUri":"/debug/default/view"}
